year,race_name,race_id,result_type,url,position,driver_number,driver_code,driver_name,team,laps,q1_time,q2_time,q3_time
2021,FORMULA 1 GULF AIR BAHRAIN,1064,qualifying,https://www.formula1.com/en/results.html/2021/races/1064/bahrain/qualifying.html,1,33,VER,Max Verstappen,Red Bull Racing Honda,15,1:30.499,1:30.318,1:28.997
2021,FORMULA 1 GULF AIR BAHRAIN,1064,qualifying,https://www.formula1.com/en/results.html/2021/races/1064/bahrain/qualifying.html,2,44,HAM,Lewis Hamilton,Mercedes,18,1:30.617,1:30.085,1:29.385
2021,FORMULA 1 GULF AIR BAHRAIN,1064,qualifying,https://www.formula1.com/en/results.html/2021/races/1064/bahrain/qualifying.html,3,77,BOT,Valtteri Bottas,Mercedes,17,1:31.200,1:30.186,1:29.586
2021,FORMULA 1 GULF AIR BAHRAIN,1064,qualifying,https://www.formula1.com/en/results.html/2021/races/1064/bahrain/qualifying.html,4,16,LEC,Charles Leclerc,Ferrari,15,1:30.691,1:30.010,1:29.678
2021,FORMULA 1 GULF AIR BAHRAIN,1064,qualifying,https://www.formula1.com/en/results.html/2021/races/1064/bahrain/qualifying.html,5,10,GAS,Pierre Gasly,AlphaTauri Honda,15,1:30.848,1:30.513,1:29.809
2021,FORMULA 1 GULF AIR BAHRAIN,1064,qualifying,https://www.formula1.com/en/results.html/2021/races/1064/bahrain/qualifying.html,6,3,RIC,Daniel Ricciardo,McLaren Mercedes,18,1:30.795,1:30.222,1:29.927
2021,FORMULA 1 GULF AIR BAHRAIN,1064,qualifying,https://www.formula1.com/en/results.html/2021/races/1064/bahrain/qualifying.html,7,4,NOR,Lando Norris,McLaren Mercedes,18,1:30.902,1:30.099,1:29.974
2021,FORMULA 1 GULF AIR BAHRAIN,1064,qualifying,https://www.formula1.com/en/results.html/2021/races/1064/bahrain/qualifying.html,8,55,SAI,Carlos Sainz,Ferrari,17,1:31.653,1:30.009,1:30.215
2021,FORMULA 1 GULF AIR BAHRAIN,1064,qualifying,https://www.formula1.com/en/results.html/2021/races/1064/bahrain/qualifying.html,9,14,ALO,Fernando Alonso,Alpine Renault,15,1:30.863,1:30.595,1:30.249
2021,FORMULA 1 GULF AIR BAHRAIN,1064,qualifying,https://www.formula1.com/en/results.html/2021/races/1064/bahrain/qualifying.html,10,18,STR,Lance Stroll,Aston Martin Mercedes,15,1:31.261,1:30.624,1:30.601
2021,FORMULA 1 GULF AIR BAHRAIN,1064,qualifying,https://www.formula1.com/en/results.html/2021/races/1064/bahrain/qualifying.html,11,11,PER,Sergio Perez,Red Bull Racing Honda,11,1:31.165,1:30.659,
2021,FORMULA 1 GULF AIR BAHRAIN,1064,qualifying,https://www.formula1.com/en/results.html/2021/races/1064/bahrain/qualifying.html,12,99,GIO,Antonio Giovinazzi,Alfa Romeo Racing Ferrari,12,1:30.998,1:30.708,
2021,FORMULA 1 GULF AIR BAHRAIN,1064,qualifying,https://www.formula1.com/en/results.html/2021/races/1064/bahrain/qualifying.html,13,22,TSU,Yuki Tsunoda,AlphaTauri Honda,9,1:30.607,1:31.203,
2021,FORMULA 1 GULF AIR BAHRAIN,1064,qualifying,https://www.formula1.com/en/results.html/2021/races/1064/bahrain/qualifying.html,14,7,RAI,Kimi Räikkönen,Alfa Romeo Racing Ferrari,12,1:31.547,1:31.238,
2021,FORMULA 1 GULF AIR BAHRAIN,1064,qualifying,https://www.formula1.com/en/results.html/2021/races/1064/bahrain/qualifying.html,15,63,RUS,George Russell,Williams Mercedes,11,1:31.316,1:33.430,
2021,FORMULA 1 GULF AIR BAHRAIN,1064,qualifying,https://www.formula1.com/en/results.html/2021/races/1064/bahrain/qualifying.html,16,31,OCO,Esteban Ocon,Alpine Renault,6,1:31.724,,
2021,FORMULA 1 GULF AIR BAHRAIN,1064,qualifying,https://www.formula1.com/en/results.html/2021/races/1064/bahrain/qualifying.html,17,6,LAT,Nicholas Latifi,Williams Mercedes,8,1:31.936,,
2021,FORMULA 1 GULF AIR BAHRAIN,1064,qualifying,https://www.formula1.com/en/results.html/2021/races/1064/bahrain/qualifying.html,18,5,VET,Sebastian Vettel,Aston Martin Mercedes,6,1:32.056,,
2021,FORMULA 1 GULF AIR BAHRAIN,1064,qualifying,https://www.formula1.com/en/results.html/2021/races/1064/bahrain/qualifying.html,19,47,MSC,Mick Schumacher,Haas Ferrari,6,1:32.449,,
2021,FORMULA 1 GULF AIR BAHRAIN,1064,qualifying,https://www.formula1.com/en/results.html/2021/races/1064/bahrain/qualifying.html,20,9,MAZ,Nikita Mazepin,Haas Ferrari,7,1:33.273,,
2021,EMILIA ROMAGNA,1065,qualifying,https://www.formula1.com/en/results.html/2021/races/1065/emilia-romagna/qualifying.html,1,44,HAM,Lewis Hamilton,Mercedes,23,1:14.823,1:14.817,1:14.411
2021,EMILIA ROMAGNA,1065,qualifying,https://www.formula1.com/en/results.html/2021/races/1065/emilia-romagna/qualifying.html,2,11,PER,Sergio Perez,Red Bull Racing Honda,18,1:15.395,1:14.716,1:14.446
2021,EMILIA ROMAGNA,1065,qualifying,https://www.formula1.com/en/results.html/2021/races/1065/emilia-romagna/qualifying.html,3,33,VER,Max Verstappen,Red Bull Racing Honda,20,1:15.109,1:14.884,1:14.498
2021,EMILIA ROMAGNA,1065,qualifying,https://www.formula1.com/en/results.html/2021/races/1065/emilia-romagna/qualifying.html,4,16,LEC,Charles Leclerc,Ferrari,19,1:15.413,1:14.808,1:14.740
2021,EMILIA ROMAGNA,1065,qualifying,https://www.formula1.com/en/results.html/2021/races/1065/emilia-romagna/qualifying.html,5,10,GAS,Pierre Gasly,AlphaTauri Honda,21,1:15.548,1:14.927,1:14.790
2021,EMILIA ROMAGNA,1065,qualifying,https://www.formula1.com/en/results.html/2021/races/1065/emilia-romagna/qualifying.html,6,3,RIC,Daniel Ricciardo,McLaren Mercedes,21,1:15.669,1:15.033,1:14.826
2021,EMILIA ROMAGNA,1065,qualifying,https://www.formula1.com/en/results.html/2021/races/1065/emilia-romagna/qualifying.html,7,4,NOR,Lando Norris,McLaren Mercedes,15,1:15.009,1:14.718,1:14.875
2021,EMILIA ROMAGNA,1065,qualifying,https://www.formula1.com/en/results.html/2021/races/1065/emilia-romagna/qualifying.html,8,77,BOT,Valtteri Bottas,Mercedes,22,1:14.672,1:14.905,1:14.898
2021,EMILIA ROMAGNA,1065,qualifying,https://www.formula1.com/en/results.html/2021/races/1065/emilia-romagna/qualifying.html,9,31,OCO,Esteban Ocon,Alpine Renault,20,1:15.385,1:15.117,1:15.210
2021,EMILIA ROMAGNA,1065,qualifying,https://www.formula1.com/en/results.html/2021/races/1065/emilia-romagna/qualifying.html,10,18,STR,Lance Stroll,Aston Martin Mercedes,20,1:15.522,1:15.138,DNF
2021,EMILIA ROMAGNA,1065,qualifying,https://www.formula1.com/en/results.html/2021/races/1065/emilia-romagna/qualifying.html,11,55,SAI,Carlos Sainz,Ferrari,16,1:15.406,1:15.199,
2021,EMILIA ROMAGNA,1065,qualifying,https://www.formula1.com/en/results.html/2021/races/1065/emilia-romagna/qualifying.html,12,63,RUS,George Russell,Williams Mercedes,16,1:15.826,1:15.261,
2021,EMILIA ROMAGNA,1065,qualifying,https://www.formula1.com/en/results.html/2021/races/1065/emilia-romagna/qualifying.html,13,5,VET,Sebastian Vettel,Aston Martin Mercedes,14,1:15.459,1:15.394,
2021,EMILIA ROMAGNA,1065,qualifying,https://www.formula1.com/en/results.html/2021/races/1065/emilia-romagna/qualifying.html,14,6,LAT,Nicholas Latifi,Williams Mercedes,14,1:15.653,1:15.593,
2021,EMILIA ROMAGNA,1065,qualifying,https://www.formula1.com/en/results.html/2021/races/1065/emilia-romagna/qualifying.html,15,14,ALO,Fernando Alonso,Alpine Renault,14,1:15.832,1:15.593,
2021,EMILIA ROMAGNA,1065,qualifying,https://www.formula1.com/en/results.html/2021/races/1065/emilia-romagna/qualifying.html,16,7,RAI,Kimi Räikkönen,Alfa Romeo Racing Ferrari,10,1:15.974,,
2021,EMILIA ROMAGNA,1065,qualifying,https://www.formula1.com/en/results.html/2021/races/1065/emilia-romagna/qualifying.html,17,99,GIO,Antonio Giovinazzi,Alfa Romeo Racing Ferrari,9,1:16.122,,
2021,EMILIA ROMAGNA,1065,qualifying,https://www.formula1.com/en/results.html/2021/races/1065/emilia-romagna/qualifying.html,18,47,MSC,Mick Schumacher,Haas Ferrari,12,1:16.279,,
2021,EMILIA ROMAGNA,1065,qualifying,https://www.formula1.com/en/results.html/2021/races/1065/emilia-romagna/qualifying.html,19,9,MAZ,Nikita Mazepin,Haas Ferrari,12,1:16.797,,
2021,EMILIA ROMAGNA,1065,qualifying,https://www.formula1.com/en/results.html/2021/races/1065/emilia-romagna/qualifying.html,RT,22,TSU,Yuki Tsunoda,AlphaTauri Honda,2,DNF,,
2021,FORMULA 1 HEINEKEN GRANDE PRÉMIO DE PORTUGAL,1066,qualifying,https://www.formula1.com/en/results.html/2021/races/1066/portugal/qualifying.html,1,77,BOT,Valtteri Bottas,Mercedes,23,1:18.722,1:18.458,1:18.348
2021,FORMULA 1 HEINEKEN GRANDE PRÉMIO DE PORTUGAL,1066,qualifying,https://www.formula1.com/en/results.html/2021/races/1066/portugal/qualifying.html,2,44,HAM,Lewis Hamilton,Mercedes,24,1:18.857,1:17.968,1:18.355
2021,FORMULA 1 HEINEKEN GRANDE PRÉMIO DE PORTUGAL,1066,qualifying,https://www.formula1.com/en/results.html/2021/races/1066/portugal/qualifying.html,3,33,VER,Max Verstappen,Red Bull Racing Honda,20,1:19.485,1:18.650,1:18.746
2021,FORMULA 1 HEINEKEN GRANDE PRÉMIO DE PORTUGAL,1066,qualifying,https://www.formula1.com/en/results.html/2021/races/1066/portugal/qualifying.html,4,11,PER,Sergio Perez,Red Bull Racing Honda,22,1:19.337,1:18.845,1:18.890
2021,FORMULA 1 HEINEKEN GRANDE PRÉMIO DE PORTUGAL,1066,qualifying,https://www.formula1.com/en/results.html/2021/races/1066/portugal/qualifying.html,5,55,SAI,Carlos Sainz,Ferrari,23,1:19.309,1:18.813,1:19.039
2021,FORMULA 1 HEINEKEN GRANDE PRÉMIO DE PORTUGAL,1066,qualifying,https://www.formula1.com/en/results.html/2021/races/1066/portugal/qualifying.html,6,31,OCO,Esteban Ocon,Alpine Renault,17,1:19.092,1:18.586,1:19.042
2021,FORMULA 1 HEINEKEN GRANDE PRÉMIO DE PORTUGAL,1066,qualifying,https://www.formula1.com/en/results.html/2021/races/1066/portugal/qualifying.html,7,4,NOR,Lando Norris,McLaren Mercedes,24,1:18.794,1:18.481,1:19.116
2021,FORMULA 1 HEINEKEN GRANDE PRÉMIO DE PORTUGAL,1066,qualifying,https://www.formula1.com/en/results.html/2021/races/1066/portugal/qualifying.html,8,16,LEC,Charles Leclerc,Ferrari,29,1:19.373,1:18.769,1:19.306
2021,FORMULA 1 HEINEKEN GRANDE PRÉMIO DE PORTUGAL,1066,qualifying,https://www.formula1.com/en/results.html/2021/races/1066/portugal/qualifying.html,9,10,GAS,Pierre Gasly,AlphaTauri Honda,26,1:19.464,1:19.052,1:19.475
2021,FORMULA 1 HEINEKEN GRANDE PRÉMIO DE PORTUGAL,1066,qualifying,https://www.formula1.com/en/results.html/2021/races/1066/portugal/qualifying.html,10,5,VET,Sebastian Vettel,Aston Martin Mercedes,22,1:19.403,1:18.970,1:19.659
2021,FORMULA 1 HEINEKEN GRANDE PRÉMIO DE PORTUGAL,1066,qualifying,https://www.formula1.com/en/results.html/2021/races/1066/portugal/qualifying.html,11,63,RUS,George Russell,Williams Mercedes,15,1:19.797,1:19.109,
2021,FORMULA 1 HEINEKEN GRANDE PRÉMIO DE PORTUGAL,1066,qualifying,https://www.formula1.com/en/results.html/2021/races/1066/portugal/qualifying.html,12,99,GIO,Antonio Giovinazzi,Alfa Romeo Racing Ferrari,19,1:19.410,1:19.216,
2021,FORMULA 1 HEINEKEN GRANDE PRÉMIO DE PORTUGAL,1066,qualifying,https://www.formula1.com/en/results.html/2021/races/1066/portugal/qualifying.html,13,14,ALO,Fernando Alonso,Alpine Renault,12,1:19.728,1:19.456,
2021,FORMULA 1 HEINEKEN GRANDE PRÉMIO DE PORTUGAL,1066,qualifying,https://www.formula1.com/en/results.html/2021/races/1066/portugal/qualifying.html,14,22,TSU,Yuki Tsunoda,AlphaTauri Honda,17,1:19.684,1:19.463,
2021,FORMULA 1 HEINEKEN GRANDE PRÉMIO DE PORTUGAL,1066,qualifying,https://www.formula1.com/en/results.html/2021/races/1066/portugal/qualifying.html,15,7,RAI,Kimi Räikkönen,Alfa Romeo Racing Ferrari,19,1:19.748,1:19.812,
2021,FORMULA 1 HEINEKEN GRANDE PRÉMIO DE PORTUGAL,1066,qualifying,https://www.formula1.com/en/results.html/2021/races/1066/portugal/qualifying.html,16,3,RIC,Daniel Ricciardo,McLaren Mercedes,11,1:19.839,,
2021,FORMULA 1 HEINEKEN GRANDE PRÉMIO DE PORTUGAL,1066,qualifying,https://www.formula1.com/en/results.html/2021/races/1066/portugal/qualifying.html,17,18,STR,Lance Stroll,Aston Martin Mercedes,10,1:19.913,,
2021,FORMULA 1 HEINEKEN GRANDE PRÉMIO DE PORTUGAL,1066,qualifying,https://www.formula1.com/en/results.html/2021/races/1066/portugal/qualifying.html,18,6,LAT,Nicholas Latifi,Williams Mercedes,9,1:20.285,,
2021,FORMULA 1 HEINEKEN GRANDE PRÉMIO DE PORTUGAL,1066,qualifying,https://www.formula1.com/en/results.html/2021/races/1066/portugal/qualifying.html,19,47,MSC,Mick Schumacher,Haas Ferrari,11,1:20.452,,
2021,FORMULA 1 HEINEKEN GRANDE PRÉMIO DE PORTUGAL,1066,qualifying,https://www.formula1.com/en/results.html/2021/races/1066/portugal/qualifying.html,20,9,MAZ,Nikita Mazepin,Haas Ferrari,11,1:20.912,,
2021,FORMULA 1 GRAND PRIX DE MONACO,1067,qualifying,https://www.formula1.com/en/results.html/2021/races/1067/monaco/qualifying.html,1,16,LEC,Charles Leclerc,Ferrari,27,1:11.113,1:10.597,1:10.346
2021,FORMULA 1 GRAND PRIX DE MONACO,1067,qualifying,https://www.formula1.com/en/results.html/2021/races/1067/monaco/qualifying.html,2,33,VER,Max Verstappen,Red Bull Racing Honda,23,1:11.124,1:10.650,1:10.576
2021,FORMULA 1 GRAND PRIX DE MONACO,1067,qualifying,https://www.formula1.com/en/results.html/2021/races/1067/monaco/qualifying.html,3,77,BOT,Valtteri Bottas,Mercedes,28,1:10.938,1:10.695,1:10.601
2021,FORMULA 1 GRAND PRIX DE MONACO,1067,qualifying,https://www.formula1.com/en/results.html/2021/races/1067/monaco/qualifying.html,4,55,SAI,Carlos Sainz,Ferrari,25,1:11.324,1:10.806,1:10.611
2021,FORMULA 1 GRAND PRIX DE MONACO,1067,qualifying,https://www.formula1.com/en/results.html/2021/races/1067/monaco/qualifying.html,5,4,NOR,Lando Norris,McLaren Mercedes,23,1:11.321,1:11.031,1:10.620
2021,FORMULA 1 GRAND PRIX DE MONACO,1067,qualifying,https://www.formula1.com/en/results.html/2021/races/1067/monaco/qualifying.html,6,10,GAS,Pierre Gasly,AlphaTauri Honda,30,1:11.560,1:11.179,1:10.900
2021,FORMULA 1 GRAND PRIX DE MONACO,1067,qualifying,https://www.formula1.com/en/results.html/2021/races/1067/monaco/qualifying.html,7,44,HAM,Lewis Hamilton,Mercedes,30,1:11.622,1:11.116,1:11.095
2021,FORMULA 1 GRAND PRIX DE MONACO,1067,qualifying,https://www.formula1.com/en/results.html/2021/races/1067/monaco/qualifying.html,8,5,VET,Sebastian Vettel,Aston Martin Mercedes,26,1:12.078,1:11.309,1:11.419
2021,FORMULA 1 GRAND PRIX DE MONACO,1067,qualifying,https://www.formula1.com/en/results.html/2021/races/1067/monaco/qualifying.html,9,11,PER,Sergio Perez,Red Bull Racing Honda,26,1:11.644,1:11.019,1:11.573
2021,FORMULA 1 GRAND PRIX DE MONACO,1067,qualifying,https://www.formula1.com/en/results.html/2021/races/1067/monaco/qualifying.html,10,99,GIO,Antonio Giovinazzi,Alfa Romeo Racing Ferrari,28,1:11.658,1:11.409,1:11.779
2021,FORMULA 1 GRAND PRIX DE MONACO,1067,qualifying,https://www.formula1.com/en/results.html/2021/races/1067/monaco/qualifying.html,11,31,OCO,Esteban Ocon,Alpine Renault,22,1:11.740,1:11.486,
2021,FORMULA 1 GRAND PRIX DE MONACO,1067,qualifying,https://www.formula1.com/en/results.html/2021/races/1067/monaco/qualifying.html,12,3,RIC,Daniel Ricciardo,McLaren Mercedes,21,1:11.747,1:11.598,
2021,FORMULA 1 GRAND PRIX DE MONACO,1067,qualifying,https://www.formula1.com/en/results.html/2021/races/1067/monaco/qualifying.html,13,18,STR,Lance Stroll,Aston Martin Mercedes,20,1:11.979,1:11.600,
2021,FORMULA 1 GRAND PRIX DE MONACO,1067,qualifying,https://www.formula1.com/en/results.html/2021/races/1067/monaco/qualifying.html,14,7,RAI,Kimi Räikkönen,Alfa Romeo Racing Ferrari,21,1:11.899,1:11.642,
2021,FORMULA 1 GRAND PRIX DE MONACO,1067,qualifying,https://www.formula1.com/en/results.html/2021/races/1067/monaco/qualifying.html,15,63,RUS,George Russell,Williams Mercedes,24,1:12.016,1:11.830,
2021,FORMULA 1 GRAND PRIX DE MONACO,1067,qualifying,https://www.formula1.com/en/results.html/2021/races/1067/monaco/qualifying.html,16,22,TSU,Yuki Tsunoda,AlphaTauri Honda,13,1:12.096,,
2021,FORMULA 1 GRAND PRIX DE MONACO,1067,qualifying,https://www.formula1.com/en/results.html/2021/races/1067/monaco/qualifying.html,17,14,ALO,Fernando Alonso,Alpine Renault,12,1:12.205,,
2021,FORMULA 1 GRAND PRIX DE MONACO,1067,qualifying,https://www.formula1.com/en/results.html/2021/races/1067/monaco/qualifying.html,18,6,LAT,Nicholas Latifi,Williams Mercedes,14,1:12.366,,
2021,FORMULA 1 GRAND PRIX DE MONACO,1067,qualifying,https://www.formula1.com/en/results.html/2021/races/1067/monaco/qualifying.html,19,9,MAZ,Nikita Mazepin,Haas Ferrari,12,1:12.958,,
2021,FORMULA 1 AZERBAIJAN,1068,qualifying,https://www.formula1.com/en/results.html/2021/races/1068/azerbaijan/qualifying.html,1,16,LEC,Charles Leclerc,Ferrari,19,1:42.241,1:41.659,1:41.218
2021,FORMULA 1 AZERBAIJAN,1068,qualifying,https://www.formula1.com/en/results.html/2021/races/1068/azerbaijan/qualifying.html,2,44,HAM,Lewis Hamilton,Mercedes,21,1:41.545,1:41.634,1:41.450
2021,FORMULA 1 AZERBAIJAN,1068,qualifying,https://www.formula1.com/en/results.html/2021/races/1068/azerbaijan/qualifying.html,3,33,VER,Max Verstappen,Red Bull Racing Honda,19,1:41.760,1:41.625,1:41.563
2021,FORMULA 1 AZERBAIJAN,1068,qualifying,https://www.formula1.com/en/results.html/2021/races/1068/azerbaijan/qualifying.html,4,10,GAS,Pierre Gasly,AlphaTauri Honda,18,1:42.288,1:41.932,1:41.565
2021,FORMULA 1 AZERBAIJAN,1068,qualifying,https://www.formula1.com/en/results.html/2021/races/1068/azerbaijan/qualifying.html,5,55,SAI,Carlos Sainz,Ferrari,18,1:42.121,1:41.740,1:41.576
2021,FORMULA 1 AZERBAIJAN,1068,qualifying,https://www.formula1.com/en/results.html/2021/races/1068/azerbaijan/qualifying.html,6,4,NOR,Lando Norris,McLaren Mercedes,20,1:42.167,1:41.813,1:41.747
2021,FORMULA 1 AZERBAIJAN,1068,qualifying,https://www.formula1.com/en/results.html/2021/races/1068/azerbaijan/qualifying.html,7,11,PER,Sergio Perez,Red Bull Racing Honda,18,1:41.968,1:41.630,1:41.917
2021,FORMULA 1 AZERBAIJAN,1068,qualifying,https://www.formula1.com/en/results.html/2021/races/1068/azerbaijan/qualifying.html,8,22,TSU,Yuki Tsunoda,AlphaTauri Honda,19,1:42.521,1:41.654,1:42.211
2021,FORMULA 1 AZERBAIJAN,1068,qualifying,https://www.formula1.com/en/results.html/2021/races/1068/azerbaijan/qualifying.html,9,14,ALO,Fernando Alonso,Alpine Renault,20,1:42.934,1:42.195,1:42.327
2021,FORMULA 1 AZERBAIJAN,1068,qualifying,https://www.formula1.com/en/results.html/2021/races/1068/azerbaijan/qualifying.html,10,77,BOT,Valtteri Bottas,Mercedes,21,1:42.701,1:42.106,1:42.659
2021,FORMULA 1 AZERBAIJAN,1068,qualifying,https://www.formula1.com/en/results.html/2021/races/1068/azerbaijan/qualifying.html,11,5,VET,Sebastian Vettel,Aston Martin Mercedes,15,1:42.460,1:42.224,
2021,FORMULA 1 AZERBAIJAN,1068,qualifying,https://www.formula1.com/en/results.html/2021/races/1068/azerbaijan/qualifying.html,12,31,OCO,Esteban Ocon,Alpine Renault,11,1:42.426,1:42.273,
2021,FORMULA 1 AZERBAIJAN,1068,qualifying,https://www.formula1.com/en/results.html/2021/races/1068/azerbaijan/qualifying.html,13,3,RIC,Daniel Ricciardo,McLaren Mercedes,14,1:42.304,1:42.558,
2021,FORMULA 1 AZERBAIJAN,1068,qualifying,https://www.formula1.com/en/results.html/2021/races/1068/azerbaijan/qualifying.html,14,7,RAI,Kimi Räikkönen,Alfa Romeo Racing Ferrari,15,1:42.923,1:42.587,
2021,FORMULA 1 AZERBAIJAN,1068,qualifying,https://www.formula1.com/en/results.html/2021/races/1068/azerbaijan/qualifying.html,15,63,RUS,George Russell,Williams Mercedes,12,1:42.728,1:42.758,
2021,FORMULA 1 AZERBAIJAN,1068,qualifying,https://www.formula1.com/en/results.html/2021/races/1068/azerbaijan/qualifying.html,16,6,LAT,Nicholas Latifi,Williams Mercedes,8,1:43.128,,
2021,FORMULA 1 AZERBAIJAN,1068,qualifying,https://www.formula1.com/en/results.html/2021/races/1068/azerbaijan/qualifying.html,17,47,MSC,Mick Schumacher,Haas Ferrari,10,1:44.158,,
2021,FORMULA 1 AZERBAIJAN,1068,qualifying,https://www.formula1.com/en/results.html/2021/races/1068/azerbaijan/qualifying.html,18,9,MAZ,Nikita Mazepin,Haas Ferrari,9,1:44.238,,
2021,FORMULA 1 AZERBAIJAN,1068,qualifying,https://www.formula1.com/en/results.html/2021/races/1068/azerbaijan/qualifying.html,RT,18,STR,Lance Stroll,Aston Martin Mercedes,2,DNF,,
2021,FORMULA 1 AZERBAIJAN,1068,qualifying,https://www.formula1.com/en/results.html/2021/races/1068/azerbaijan/qualifying.html,RT,99,GIO,Antonio Giovinazzi,Alfa Romeo Racing Ferrari,4,DNF,,
2021,FORMULA 1 EMIRATES GRAND PRIX DE FRANCE,1070,qualifying,https://www.formula1.com/en/results.html/2021/races/1070/france/qualifying.html,1,33,VER,Max Verstappen,Red Bull Racing Honda,16,1:31.001,1:31.080,1:29.990
2021,FORMULA 1 EMIRATES GRAND PRIX DE FRANCE,1070,qualifying,https://www.formula1.com/en/results.html/2021/races/1070/france/qualifying.html,2,44,HAM,Lewis Hamilton,Mercedes,20,1:31.237,1:30.788,1:30.248
2021,FORMULA 1 EMIRATES GRAND PRIX DE FRANCE,1070,qualifying,https://www.formula1.com/en/results.html/2021/races/1070/france/qualifying.html,3,77,BOT,Valtteri Bottas,Mercedes,16,1:31.669,1:30.735,1:30.376
2021,FORMULA 1 EMIRATES GRAND PRIX DE FRANCE,1070,qualifying,https://www.formula1.com/en/results.html/2021/races/1070/france/qualifying.html,4,11,PER,Sergio Perez,Red Bull Racing Honda,16,1:31.560,1:30.971,1:30.445
2021,FORMULA 1 EMIRATES GRAND PRIX DE FRANCE,1070,qualifying,https://www.formula1.com/en/results.html/2021/races/1070/france/qualifying.html,5,55,SAI,Carlos Sainz,Ferrari,19,1:32.079,1:31.146,1:30.840
2021,FORMULA 1 EMIRATES GRAND PRIX DE FRANCE,1070,qualifying,https://www.formula1.com/en/results.html/2021/races/1070/france/qualifying.html,6,10,GAS,Pierre Gasly,AlphaTauri Honda,22,1:31.898,1:31.353,1:30.868
2021,FORMULA 1 EMIRATES GRAND PRIX DE FRANCE,1070,qualifying,https://www.formula1.com/en/results.html/2021/races/1070/france/qualifying.html,7,16,LEC,Charles Leclerc,Ferrari,20,1:32.209,1:31.567,1:30.987
2021,FORMULA 1 EMIRATES GRAND PRIX DE FRANCE,1070,qualifying,https://www.formula1.com/en/results.html/2021/races/1070/france/qualifying.html,8,4,NOR,Lando Norris,McLaren Mercedes,18,1:31.733,1:31.542,1:31.252
2021,FORMULA 1 EMIRATES GRAND PRIX DE FRANCE,1070,qualifying,https://www.formula1.com/en/results.html/2021/races/1070/france/qualifying.html,9,14,ALO,Fernando Alonso,Alpine Renault,17,1:32.158,1:31.549,1:31.340
2021,FORMULA 1 EMIRATES GRAND PRIX DE FRANCE,1070,qualifying,https://www.formula1.com/en/results.html/2021/races/1070/france/qualifying.html,10,3,RIC,Daniel Ricciardo,McLaren Mercedes,21,1:32.181,1:31.615,1:31.382
2021,FORMULA 1 EMIRATES GRAND PRIX DE FRANCE,1070,qualifying,https://www.formula1.com/en/results.html/2021/races/1070/france/qualifying.html,11,31,OCO,Esteban Ocon,Alpine Renault,10,1:32.139,1:31.736,
2021,FORMULA 1 EMIRATES GRAND PRIX DE FRANCE,1070,qualifying,https://www.formula1.com/en/results.html/2021/races/1070/france/qualifying.html,12,5,VET,Sebastian Vettel,Aston Martin Mercedes,12,1:32.132,1:31.767,
2021,FORMULA 1 EMIRATES GRAND PRIX DE FRANCE,1070,qualifying,https://www.formula1.com/en/results.html/2021/races/1070/france/qualifying.html,13,99,GIO,Antonio Giovinazzi,Alfa Romeo Racing Ferrari,13,1:32.722,1:31.813,
2021,FORMULA 1 EMIRATES GRAND PRIX DE FRANCE,1070,qualifying,https://www.formula1.com/en/results.html/2021/races/1070/france/qualifying.html,14,63,RUS,George Russell,Williams Mercedes,13,1:33.060,1:32.065,
2021,FORMULA 1 EMIRATES GRAND PRIX DE FRANCE,1070,qualifying,https://www.formula1.com/en/results.html/2021/races/1070/france/qualifying.html,15,47,MSC,Mick Schumacher,Haas Ferrari,7,1:32.942,,
2021,FORMULA 1 EMIRATES GRAND PRIX DE FRANCE,1070,qualifying,https://www.formula1.com/en/results.html/2021/races/1070/france/qualifying.html,16,6,LAT,Nicholas Latifi,Williams Mercedes,7,1:33.062,,
2021,FORMULA 1 EMIRATES GRAND PRIX DE FRANCE,1070,qualifying,https://www.formula1.com/en/results.html/2021/races/1070/france/qualifying.html,17,7,RAI,Kimi Räikkönen,Alfa Romeo Racing Ferrari,7,1:33.354,,
2021,FORMULA 1 EMIRATES GRAND PRIX DE FRANCE,1070,qualifying,https://www.formula1.com/en/results.html/2021/races/1070/france/qualifying.html,18,9,MAZ,Nikita Mazepin,Haas Ferrari,7,1:33.554,,
2021,FORMULA 1 EMIRATES GRAND PRIX DE FRANCE,1070,qualifying,https://www.formula1.com/en/results.html/2021/races/1070/france/qualifying.html,NC,18,STR,Lance Stroll,Aston Martin Mercedes,7,2:12.584,,
2021,FORMULA 1 EMIRATES GRAND PRIX DE FRANCE,1070,qualifying,https://www.formula1.com/en/results.html/2021/races/1070/france/qualifying.html,RT,22,TSU,Yuki Tsunoda,AlphaTauri Honda,2,DNF,,
2021,FORMULA 1 BWT GROSSER PREIS VON ÖSTERREICH,1071,qualifying,https://www.formula1.com/en/results.html/2021/races/1071/austria/qualifying.html,1,33,VER,Max Verstappen,Red Bull Racing Honda,16,1:04.249,1:03.927,1:03.720
2021,FORMULA 1 BWT GROSSER PREIS VON ÖSTERREICH,1071,qualifying,https://www.formula1.com/en/results.html/2021/races/1071/austria/qualifying.html,2,4,NOR,Lando Norris,McLaren Mercedes,19,1:04.345,1:04.415,1:03.768
2021,FORMULA 1 BWT GROSSER PREIS VON ÖSTERREICH,1071,qualifying,https://www.formula1.com/en/results.html/2021/races/1071/austria/qualifying.html,3,11,PER,Sergio Perez,Red Bull Racing Honda,24,1:04.833,1:04.483,1:03.990
2021,FORMULA 1 BWT GROSSER PREIS VON ÖSTERREICH,1071,qualifying,https://www.formula1.com/en/results.html/2021/races/1071/austria/qualifying.html,4,44,HAM,Lewis Hamilton,Mercedes,18,1:04.506,1:04.258,1:04.014
2021,FORMULA 1 BWT GROSSER PREIS VON ÖSTERREICH,1071,qualifying,https://www.formula1.com/en/results.html/2021/races/1071/austria/qualifying.html,5,77,BOT,Valtteri Bottas,Mercedes,19,1:04.563,1:04.376,1:04.049
2021,FORMULA 1 BWT GROSSER PREIS VON ÖSTERREICH,1071,qualifying,https://www.formula1.com/en/results.html/2021/races/1071/austria/qualifying.html,6,10,GAS,Pierre Gasly,AlphaTauri Honda,21,1:04.841,1:04.412,1:04.107
2021,FORMULA 1 BWT GROSSER PREIS VON ÖSTERREICH,1071,qualifying,https://www.formula1.com/en/results.html/2021/races/1071/austria/qualifying.html,7,22,TSU,Yuki Tsunoda,AlphaTauri Honda,21,1:04.967,1:04.518,1:04.273
2021,FORMULA 1 BWT GROSSER PREIS VON ÖSTERREICH,1071,qualifying,https://www.formula1.com/en/results.html/2021/races/1071/austria/qualifying.html,8,5,VET,Sebastian Vettel,Aston Martin Mercedes,20,1:04.846,1:04.493,1:04.570
2021,FORMULA 1 BWT GROSSER PREIS VON ÖSTERREICH,1071,qualifying,https://www.formula1.com/en/results.html/2021/races/1071/austria/qualifying.html,9,63,RUS,George Russell,Williams Mercedes,15,1:04.907,1:04.553,1:04.591
2021,FORMULA 1 BWT GROSSER PREIS VON ÖSTERREICH,1071,qualifying,https://www.formula1.com/en/results.html/2021/races/1071/austria/qualifying.html,10,18,STR,Lance Stroll,Aston Martin Mercedes,21,1:04.927,1:04.547,1:04.618
2021,FORMULA 1 BWT GROSSER PREIS VON ÖSTERREICH,1071,qualifying,https://www.formula1.com/en/results.html/2021/races/1071/austria/qualifying.html,11,55,SAI,Carlos Sainz,Ferrari,15,1:04.596,1:04.559,
2021,FORMULA 1 BWT GROSSER PREIS VON ÖSTERREICH,1071,qualifying,https://www.formula1.com/en/results.html/2021/races/1071/austria/qualifying.html,12,16,LEC,Charles Leclerc,Ferrari,15,1:04.906,1:04.600,
2021,FORMULA 1 BWT GROSSER PREIS VON ÖSTERREICH,1071,qualifying,https://www.formula1.com/en/results.html/2021/races/1071/austria/qualifying.html,13,3,RIC,Daniel Ricciardo,McLaren Mercedes,15,1:04.977,1:04.719,
2021,FORMULA 1 BWT GROSSER PREIS VON ÖSTERREICH,1071,qualifying,https://www.formula1.com/en/results.html/2021/races/1071/austria/qualifying.html,14,14,ALO,Fernando Alonso,Alpine Renault,9,1:04.472,1:04.856,
2021,FORMULA 1 BWT GROSSER PREIS VON ÖSTERREICH,1071,qualifying,https://www.formula1.com/en/results.html/2021/races/1071/austria/qualifying.html,15,99,GIO,Antonio Giovinazzi,Alfa Romeo Racing Ferrari,15,1:04.782,1:05.083,
2021,FORMULA 1 BWT GROSSER PREIS VON ÖSTERREICH,1071,qualifying,https://www.formula1.com/en/results.html/2021/races/1071/austria/qualifying.html,16,7,RAI,Kimi Räikkönen,Alfa Romeo Racing Ferrari,9,1:05.009,,
2021,FORMULA 1 BWT GROSSER PREIS VON ÖSTERREICH,1071,qualifying,https://www.formula1.com/en/results.html/2021/races/1071/austria/qualifying.html,17,31,OCO,Esteban Ocon,Alpine Renault,6,1:05.051,,
2021,FORMULA 1 BWT GROSSER PREIS VON ÖSTERREICH,1071,qualifying,https://www.formula1.com/en/results.html/2021/races/1071/austria/qualifying.html,18,6,LAT,Nicholas Latifi,Williams Mercedes,6,1:05.195,,
2021,FORMULA 1 BWT GROSSER PREIS VON ÖSTERREICH,1071,qualifying,https://www.formula1.com/en/results.html/2021/races/1071/austria/qualifying.html,19,47,MSC,Mick Schumacher,Haas Ferrari,9,1:05.427,,
2021,FORMULA 1 BWT GROSSER PREIS VON ÖSTERREICH,1071,qualifying,https://www.formula1.com/en/results.html/2021/races/1071/austria/qualifying.html,20,9,MAZ,Nikita Mazepin,Haas Ferrari,9,1:05.951,,
2021,FORMULA 1 PIRELLI BRITISH,1072,qualifying,https://www.formula1.com/en/results.html/2021/races/1072/great-britain/qualifying.html,1,44,HAM,Lewis Hamilton,Mercedes,23,1:26.786,1:26.023,1:26.134
2021,FORMULA 1 PIRELLI BRITISH,1072,qualifying,https://www.formula1.com/en/results.html/2021/races/1072/great-britain/qualifying.html,2,33,VER,Max Verstappen,Red Bull Racing Honda,16,1:26.751,1:26.315,1:26.209
2021,FORMULA 1 PIRELLI BRITISH,1072,qualifying,https://www.formula1.com/en/results.html/2021/races/1072/great-britain/qualifying.html,3,77,BOT,Valtteri Bottas,Mercedes,22,1:27.487,1:26.764,1:26.328
2021,FORMULA 1 PIRELLI BRITISH,1072,qualifying,https://www.formula1.com/en/results.html/2021/races/1072/great-britain/qualifying.html,4,16,LEC,Charles Leclerc,Ferrari,20,1:27.051,1:26.919,1:26.828
2021,FORMULA 1 PIRELLI BRITISH,1072,qualifying,https://www.formula1.com/en/results.html/2021/races/1072/great-britain/qualifying.html,5,11,PER,Sergio Perez,Red Bull Racing Honda,17,1:27.121,1:27.073,1:26.844
2021,FORMULA 1 PIRELLI BRITISH,1072,qualifying,https://www.formula1.com/en/results.html/2021/races/1072/great-britain/qualifying.html,6,4,NOR,Lando Norris,McLaren Mercedes,20,1:27.444,1:27.220,1:26.897
2021,FORMULA 1 PIRELLI BRITISH,1072,qualifying,https://www.formula1.com/en/results.html/2021/races/1072/great-britain/qualifying.html,7,3,RIC,Daniel Ricciardo,McLaren Mercedes,22,1:27.323,1:27.125,1:26.899
2021,FORMULA 1 PIRELLI BRITISH,1072,qualifying,https://www.formula1.com/en/results.html/2021/races/1072/great-britain/qualifying.html,8,63,RUS,George Russell,Williams Mercedes,17,1:27.671,1:27.080,1:26.971
2021,FORMULA 1 PIRELLI BRITISH,1072,qualifying,https://www.formula1.com/en/results.html/2021/races/1072/great-britain/qualifying.html,9,55,SAI,Carlos Sainz,Ferrari,21,1:27.337,1:26.848,1:27.007
2021,FORMULA 1 PIRELLI BRITISH,1072,qualifying,https://www.formula1.com/en/results.html/2021/races/1072/great-britain/qualifying.html,10,5,VET,Sebastian Vettel,Aston Martin Mercedes,15,1:27.493,1:27.103,1:27.179
2021,FORMULA 1 PIRELLI BRITISH,1072,qualifying,https://www.formula1.com/en/results.html/2021/races/1072/great-britain/qualifying.html,11,14,ALO,Fernando Alonso,Alpine Renault,12,1:27.580,1:27.245,
2021,FORMULA 1 PIRELLI BRITISH,1072,qualifying,https://www.formula1.com/en/results.html/2021/races/1072/great-britain/qualifying.html,12,10,GAS,Pierre Gasly,AlphaTauri Honda,14,1:27.600,1:27.273,
2021,FORMULA 1 PIRELLI BRITISH,1072,qualifying,https://www.formula1.com/en/results.html/2021/races/1072/great-britain/qualifying.html,13,31,OCO,Esteban Ocon,Alpine Renault,12,1:27.415,1:27.340,
2021,FORMULA 1 PIRELLI BRITISH,1072,qualifying,https://www.formula1.com/en/results.html/2021/races/1072/great-britain/qualifying.html,14,99,GIO,Antonio Giovinazzi,Alfa Romeo Racing Ferrari,15,1:27.595,1:27.617,
2021,FORMULA 1 PIRELLI BRITISH,1072,qualifying,https://www.formula1.com/en/results.html/2021/races/1072/great-britain/qualifying.html,15,18,STR,Lance Stroll,Aston Martin Mercedes,12,1:28.017,1:27.665,
2021,FORMULA 1 PIRELLI BRITISH,1072,qualifying,https://www.formula1.com/en/results.html/2021/races/1072/great-britain/qualifying.html,16,22,TSU,Yuki Tsunoda,AlphaTauri Honda,10,1:28.043,,
2021,FORMULA 1 PIRELLI BRITISH,1072,qualifying,https://www.formula1.com/en/results.html/2021/races/1072/great-britain/qualifying.html,17,7,RAI,Kimi Räikkönen,Alfa Romeo Racing Ferrari,9,1:28.062,,
2021,FORMULA 1 PIRELLI BRITISH,1072,qualifying,https://www.formula1.com/en/results.html/2021/races/1072/great-britain/qualifying.html,18,6,LAT,Nicholas Latifi,Williams Mercedes,8,1:28.254,,
2021,FORMULA 1 PIRELLI BRITISH,1072,qualifying,https://www.formula1.com/en/results.html/2021/races/1072/great-britain/qualifying.html,19,47,MSC,Mick Schumacher,Haas Ferrari,10,1:28.738,,
2021,FORMULA 1 PIRELLI BRITISH,1072,qualifying,https://www.formula1.com/en/results.html/2021/races/1072/great-britain/qualifying.html,20,9,MAZ,Nikita Mazepin,Haas Ferrari,9,1:29.051,,
2021,FORMULA 1 ROLEX MAGYAR NAGYDÍJ,1073,qualifying,https://www.formula1.com/en/results.html/2021/races/1073/hungary/qualifying.html,1,44,HAM,Lewis Hamilton,Mercedes,19,1:16.424,1:16.553,1:15.419
2021,FORMULA 1 ROLEX MAGYAR NAGYDÍJ,1073,qualifying,https://www.formula1.com/en/results.html/2021/races/1073/hungary/qualifying.html,2,77,BOT,Valtteri Bottas,Mercedes,18,1:16.569,1:16.702,1:15.734
2021,FORMULA 1 ROLEX MAGYAR NAGYDÍJ,1073,qualifying,https://www.formula1.com/en/results.html/2021/races/1073/hungary/qualifying.html,3,33,VER,Max Verstappen,Red Bull Racing Honda,17,1:16.214,1:15.650,1:15.840
2021,FORMULA 1 ROLEX MAGYAR NAGYDÍJ,1073,qualifying,https://www.formula1.com/en/results.html/2021/races/1073/hungary/qualifying.html,4,11,PER,Sergio Perez,Red Bull Racing Honda,16,1:17.233,1:16.443,1:16.421
2021,FORMULA 1 ROLEX MAGYAR NAGYDÍJ,1073,qualifying,https://www.formula1.com/en/results.html/2021/races/1073/hungary/qualifying.html,5,10,GAS,Pierre Gasly,AlphaTauri Honda,15,1:16.874,1:16.394,1:16.483
2021,FORMULA 1 ROLEX MAGYAR NAGYDÍJ,1073,qualifying,https://www.formula1.com/en/results.html/2021/races/1073/hungary/qualifying.html,6,4,NOR,Lando Norris,McLaren Mercedes,17,1:17.081,1:16.385,1:16.489
2021,FORMULA 1 ROLEX MAGYAR NAGYDÍJ,1073,qualifying,https://www.formula1.com/en/results.html/2021/races/1073/hungary/qualifying.html,7,16,LEC,Charles Leclerc,Ferrari,17,1:17.084,1:16.574,1:16.496
2021,FORMULA 1 ROLEX MAGYAR NAGYDÍJ,1073,qualifying,https://www.formula1.com/en/results.html/2021/races/1073/hungary/qualifying.html,8,31,OCO,Esteban Ocon,Alpine Renault,15,1:17.367,1:16.766,1:16.653
2021,FORMULA 1 ROLEX MAGYAR NAGYDÍJ,1073,qualifying,https://www.formula1.com/en/results.html/2021/races/1073/hungary/qualifying.html,9,14,ALO,Fernando Alonso,Alpine Renault,15,1:17.123,1:16.541,1:16.715
2021,FORMULA 1 ROLEX MAGYAR NAGYDÍJ,1073,qualifying,https://www.formula1.com/en/results.html/2021/races/1073/hungary/qualifying.html,10,5,VET,Sebastian Vettel,Aston Martin Mercedes,15,1:17.105,1:16.794,1:16.750
2021,FORMULA 1 ROLEX MAGYAR NAGYDÍJ,1073,qualifying,https://www.formula1.com/en/results.html/2021/races/1073/hungary/qualifying.html,11,3,RIC,Daniel Ricciardo,McLaren Mercedes,13,1:17.664,1:16.871,
2021,FORMULA 1 ROLEX MAGYAR NAGYDÍJ,1073,qualifying,https://www.formula1.com/en/results.html/2021/races/1073/hungary/qualifying.html,12,18,STR,Lance Stroll,Aston Martin Mercedes,12,1:17.038,1:16.893,
2021,FORMULA 1 ROLEX MAGYAR NAGYDÍJ,1073,qualifying,https://www.formula1.com/en/results.html/2021/races/1073/hungary/qualifying.html,13,7,RAI,Kimi Räikkönen,Alfa Romeo Racing Ferrari,15,1:17.553,1:17.564,
2021,FORMULA 1 ROLEX MAGYAR NAGYDÍJ,1073,qualifying,https://www.formula1.com/en/results.html/2021/races/1073/hungary/qualifying.html,14,99,GIO,Antonio Giovinazzi,Alfa Romeo Racing Ferrari,12,1:17.776,1:17.583,
2021,FORMULA 1 ROLEX MAGYAR NAGYDÍJ,1073,qualifying,https://www.formula1.com/en/results.html/2021/races/1073/hungary/qualifying.html,15,55,SAI,Carlos Sainz,Ferrari,5,1:16.649,DNF,
2021,FORMULA 1 ROLEX MAGYAR NAGYDÍJ,1073,qualifying,https://www.formula1.com/en/results.html/2021/races/1073/hungary/qualifying.html,16,22,TSU,Yuki Tsunoda,AlphaTauri Honda,8,1:17.919,,
2021,FORMULA 1 ROLEX MAGYAR NAGYDÍJ,1073,qualifying,https://www.formula1.com/en/results.html/2021/races/1073/hungary/qualifying.html,17,63,RUS,George Russell,Williams Mercedes,8,1:17.944,,
2021,FORMULA 1 ROLEX MAGYAR NAGYDÍJ,1073,qualifying,https://www.formula1.com/en/results.html/2021/races/1073/hungary/qualifying.html,18,6,LAT,Nicholas Latifi,Williams Mercedes,8,1:18.036,,
2021,FORMULA 1 ROLEX MAGYAR NAGYDÍJ,1073,qualifying,https://www.formula1.com/en/results.html/2021/races/1073/hungary/qualifying.html,19,9,MAZ,Nikita Mazepin,Haas Ferrari,9,1:18.922,,
2021,FORMULA 1 ROLEX BELGIAN,1074,qualifying,https://www.formula1.com/en/results.html/2021/races/1074/belgium/qualifying.html,1,33,VER,Max Verstappen,Red Bull Racing Honda,20,1:58.717,1:56.559,1:59.765
2021,FORMULA 1 ROLEX BELGIAN,1074,qualifying,https://www.formula1.com/en/results.html/2021/races/1074/belgium/qualifying.html,2,63,RUS,George Russell,Williams Mercedes,24,1:59.864,1:56.950,2:00.086
2021,FORMULA 1 ROLEX BELGIAN,1074,qualifying,https://www.formula1.com/en/results.html/2021/races/1074/belgium/qualifying.html,3,44,HAM,Lewis Hamilton,Mercedes,22,1:59.218,1:56.229,2:00.099
2021,FORMULA 1 ROLEX BELGIAN,1074,qualifying,https://www.formula1.com/en/results.html/2021/races/1074/belgium/qualifying.html,4,3,RIC,Daniel Ricciardo,McLaren Mercedes,22,2:01.583,1:57.127,2:00.864
2021,FORMULA 1 ROLEX BELGIAN,1074,qualifying,https://www.formula1.com/en/results.html/2021/races/1074/belgium/qualifying.html,5,5,VET,Sebastian Vettel,Aston Martin Mercedes,23,2:00.175,1:56.814,2:00.935
2021,FORMULA 1 ROLEX BELGIAN,1074,qualifying,https://www.formula1.com/en/results.html/2021/races/1074/belgium/qualifying.html,6,10,GAS,Pierre Gasly,AlphaTauri Honda,23,2:00.387,1:56.440,2:01.164
2021,FORMULA 1 ROLEX BELGIAN,1074,qualifying,https://www.formula1.com/en/results.html/2021/races/1074/belgium/qualifying.html,7,11,PER,Sergio Perez,Red Bull Racing Honda,22,1:59.334,1:56.886,2:02.112
2021,FORMULA 1 ROLEX BELGIAN,1074,qualifying,https://www.formula1.com/en/results.html/2021/races/1074/belgium/qualifying.html,8,77,BOT,Valtteri Bottas,Mercedes,22,1:59.870,1:56.295,2:02.502
2021,FORMULA 1 ROLEX BELGIAN,1074,qualifying,https://www.formula1.com/en/results.html/2021/races/1074/belgium/qualifying.html,9,31,OCO,Esteban Ocon,Alpine Renault,23,2:01.824,1:57.354,2:03.513
2021,FORMULA 1 ROLEX BELGIAN,1074,qualifying,https://www.formula1.com/en/results.html/2021/races/1074/belgium/qualifying.html,10,4,NOR,Lando Norris,McLaren Mercedes,19,1:58.301,1:56.025,DNF
2021,FORMULA 1 ROLEX BELGIAN,1074,qualifying,https://www.formula1.com/en/results.html/2021/races/1074/belgium/qualifying.html,11,16,LEC,Charles Leclerc,Ferrari,16,2:00.728,1:57.721,
2021,FORMULA 1 ROLEX BELGIAN,1074,qualifying,https://www.formula1.com/en/results.html/2021/races/1074/belgium/qualifying.html,12,6,LAT,Nicholas Latifi,Williams Mercedes,17,2:00.966,1:58.056,
2021,FORMULA 1 ROLEX BELGIAN,1074,qualifying,https://www.formula1.com/en/results.html/2021/races/1074/belgium/qualifying.html,13,55,SAI,Carlos Sainz,Ferrari,15,2:01.184,1:58.137,
2021,FORMULA 1 ROLEX BELGIAN,1074,qualifying,https://www.formula1.com/en/results.html/2021/races/1074/belgium/qualifying.html,14,14,ALO,Fernando Alonso,Alpine Renault,16,2:01.653,1:58.205,
2021,FORMULA 1 ROLEX BELGIAN,1074,qualifying,https://www.formula1.com/en/results.html/2021/races/1074/belgium/qualifying.html,15,18,STR,Lance Stroll,Aston Martin Mercedes,16,2:01.597,1:58.231,
2021,FORMULA 1 ROLEX BELGIAN,1074,qualifying,https://www.formula1.com/en/results.html/2021/races/1074/belgium/qualifying.html,16,99,GIO,Antonio Giovinazzi,Alfa Romeo Racing Ferrari,9,2:02.306,,
2021,FORMULA 1 ROLEX BELGIAN,1074,qualifying,https://www.formula1.com/en/results.html/2021/races/1074/belgium/qualifying.html,17,22,TSU,Yuki Tsunoda,AlphaTauri Honda,9,2:02.413,,
2021,FORMULA 1 ROLEX BELGIAN,1074,qualifying,https://www.formula1.com/en/results.html/2021/races/1074/belgium/qualifying.html,18,47,MSC,Mick Schumacher,Haas Ferrari,9,2:03.973,,
2021,FORMULA 1 ROLEX BELGIAN,1074,qualifying,https://www.formula1.com/en/results.html/2021/races/1074/belgium/qualifying.html,19,7,RAI,Kimi Räikkönen,Alfa Romeo Racing Ferrari,9,2:04.452,,
2021,FORMULA 1 ROLEX BELGIAN,1074,qualifying,https://www.formula1.com/en/results.html/2021/races/1074/belgium/qualifying.html,20,9,MAZ,Nikita Mazepin,Haas Ferrari,8,2:04.939,,
2021,FORMULA 1 HEINEKEN DUTCH,1075,qualifying,https://www.formula1.com/en/results.html/2021/races/1075/netherlands/qualifying.html,1,33,VER,Max Verstappen,Red Bull Racing Honda,15,1:10.036,1:09.071,1:08.885
2021,FORMULA 1 HEINEKEN DUTCH,1075,qualifying,https://www.formula1.com/en/results.html/2021/races/1075/netherlands/qualifying.html,2,44,HAM,Lewis Hamilton,Mercedes,17,1:10.114,1:09.726,1:08.923
2021,FORMULA 1 HEINEKEN DUTCH,1075,qualifying,https://www.formula1.com/en/results.html/2021/races/1075/netherlands/qualifying.html,3,77,BOT,Valtteri Bottas,Mercedes,17,1:10.219,1:09.769,1:09.222
2021,FORMULA 1 HEINEKEN DUTCH,1075,qualifying,https://www.formula1.com/en/results.html/2021/races/1075/netherlands/qualifying.html,4,10,GAS,Pierre Gasly,AlphaTauri Honda,17,1:10.274,1:09.541,1:09.478
2021,FORMULA 1 HEINEKEN DUTCH,1075,qualifying,https://www.formula1.com/en/results.html/2021/races/1075/netherlands/qualifying.html,5,16,LEC,Charles Leclerc,Ferrari,18,1:09.829,1:09.437,1:09.527
2021,FORMULA 1 HEINEKEN DUTCH,1075,qualifying,https://www.formula1.com/en/results.html/2021/races/1075/netherlands/qualifying.html,6,55,SAI,Carlos Sainz,Ferrari,19,1:10.022,1:09.870,1:09.537
2021,FORMULA 1 HEINEKEN DUTCH,1075,qualifying,https://www.formula1.com/en/results.html/2021/races/1075/netherlands/qualifying.html,7,99,GIO,Antonio Giovinazzi,Alfa Romeo Racing Ferrari,17,1:10.050,1:10.033,1:09.590
2021,FORMULA 1 HEINEKEN DUTCH,1075,qualifying,https://www.formula1.com/en/results.html/2021/races/1075/netherlands/qualifying.html,8,31,OCO,Esteban Ocon,Alpine Renault,17,1:10.179,1:09.919,1:09.933
2021,FORMULA 1 HEINEKEN DUTCH,1075,qualifying,https://www.formula1.com/en/results.html/2021/races/1075/netherlands/qualifying.html,9,14,ALO,Fernando Alonso,Alpine Renault,13,1:10.435,1:10.020,1:09.956
2021,FORMULA 1 HEINEKEN DUTCH,1075,qualifying,https://www.formula1.com/en/results.html/2021/races/1075/netherlands/qualifying.html,10,3,RIC,Daniel Ricciardo,McLaren Mercedes,17,1:10.255,1:09.865,1:10.166
2021,FORMULA 1 HEINEKEN DUTCH,1075,qualifying,https://www.formula1.com/en/results.html/2021/races/1075/netherlands/qualifying.html,11,63,RUS,George Russell,Williams Mercedes,13,1:10.382,1:10.332,
2021,FORMULA 1 HEINEKEN DUTCH,1075,qualifying,https://www.formula1.com/en/results.html/2021/races/1075/netherlands/qualifying.html,12,18,STR,Lance Stroll,Aston Martin Mercedes,13,1:10.438,1:10.367,
2021,FORMULA 1 HEINEKEN DUTCH,1075,qualifying,https://www.formula1.com/en/results.html/2021/races/1075/netherlands/qualifying.html,13,4,NOR,Lando Norris,McLaren Mercedes,13,1:10.489,1:10.406,
2021,FORMULA 1 HEINEKEN DUTCH,1075,qualifying,https://www.formula1.com/en/results.html/2021/races/1075/netherlands/qualifying.html,14,6,LAT,Nicholas Latifi,Williams Mercedes,16,1:10.093,1:11.161,
2021,FORMULA 1 HEINEKEN DUTCH,1075,qualifying,https://www.formula1.com/en/results.html/2021/races/1075/netherlands/qualifying.html,15,22,TSU,Yuki Tsunoda,AlphaTauri Honda,15,1:10.462,1:11.314,
2021,FORMULA 1 HEINEKEN DUTCH,1075,qualifying,https://www.formula1.com/en/results.html/2021/races/1075/netherlands/qualifying.html,16,11,PER,Sergio Perez,Red Bull Racing Honda,9,1:10.530,,
2021,FORMULA 1 HEINEKEN DUTCH,1075,qualifying,https://www.formula1.com/en/results.html/2021/races/1075/netherlands/qualifying.html,17,5,VET,Sebastian Vettel,Aston Martin Mercedes,7,1:10.731,,
2021,FORMULA 1 HEINEKEN DUTCH,1075,qualifying,https://www.formula1.com/en/results.html/2021/races/1075/netherlands/qualifying.html,18,88,KUB,Robert Kubica,Alfa Romeo Racing Ferrari,9,1:11.301,,
2021,FORMULA 1 HEINEKEN DUTCH,1075,qualifying,https://www.formula1.com/en/results.html/2021/races/1075/netherlands/qualifying.html,19,47,MSC,Mick Schumacher,Haas Ferrari,11,1:11.387,,
2021,FORMULA 1 HEINEKEN DUTCH,1075,qualifying,https://www.formula1.com/en/results.html/2021/races/1075/netherlands/qualifying.html,20,9,MAZ,Nikita Mazepin,Haas Ferrari,10,1:11.875,,
2021,ITALIA,1076,qualifying,https://www.formula1.com/en/results.html/2021/races/1076/italy/qualifying.html,1,77,BOT,Valtteri Bottas,Mercedes,18,1:20.685,1:20.032,1:19.555
2021,ITALIA,1076,qualifying,https://www.formula1.com/en/results.html/2021/races/1076/italy/qualifying.html,2,44,HAM,Lewis Hamilton,Mercedes,18,1:20.543,1:19.936,1:19.651
2021,ITALIA,1076,qualifying,https://www.formula1.com/en/results.html/2021/races/1076/italy/qualifying.html,3,33,VER,Max Verstappen,Red Bull Racing Honda,19,1:21.035,1:20.229,1:19.966
2021,ITALIA,1076,qualifying,https://www.formula1.com/en/results.html/2021/races/1076/italy/qualifying.html,4,4,NOR,Lando Norris,McLaren Mercedes,21,1:20.916,1:20.059,1:19.989
2021,ITALIA,1076,qualifying,https://www.formula1.com/en/results.html/2021/races/1076/italy/qualifying.html,5,3,RIC,Daniel Ricciardo,McLaren Mercedes,17,1:21.292,1:20.435,1:19.995
2021,ITALIA,1076,qualifying,https://www.formula1.com/en/results.html/2021/races/1076/italy/qualifying.html,6,10,GAS,Pierre Gasly,AlphaTauri Honda,16,1:21.440,1:20.556,1:20.260
2021,ITALIA,1076,qualifying,https://www.formula1.com/en/results.html/2021/races/1076/italy/qualifying.html,7,55,SAI,Carlos Sainz,Ferrari,18,1:21.118,1:20.750,1:20.462
2021,ITALIA,1076,qualifying,https://www.formula1.com/en/results.html/2021/races/1076/italy/qualifying.html,8,16,LEC,Charles Leclerc,Ferrari,18,1:21.219,1:20.767,1:20.510
2021,ITALIA,1076,qualifying,https://www.formula1.com/en/results.html/2021/races/1076/italy/qualifying.html,9,11,PER,Sergio Perez,Red Bull Racing Honda,20,1:21.308,1:20.882,1:20.611
2021,ITALIA,1076,qualifying,https://www.formula1.com/en/results.html/2021/races/1076/italy/qualifying.html,10,99,GIO,Antonio Giovinazzi,Alfa Romeo Racing Ferrari,16,1:21.197,1:20.726,1:20.808
2021,ITALIA,1076,qualifying,https://www.formula1.com/en/results.html/2021/races/1076/italy/qualifying.html,11,5,VET,Sebastian Vettel,Aston Martin Mercedes,14,1:21.394,1:20.913,
2021,ITALIA,1076,qualifying,https://www.formula1.com/en/results.html/2021/races/1076/italy/qualifying.html,12,18,STR,Lance Stroll,Aston Martin Mercedes,13,1:21.415,1:21.020,
2021,ITALIA,1076,qualifying,https://www.formula1.com/en/results.html/2021/races/1076/italy/qualifying.html,13,14,ALO,Fernando Alonso,Alpine Renault,11,1:21.487,1:21.069,
2021,ITALIA,1076,qualifying,https://www.formula1.com/en/results.html/2021/races/1076/italy/qualifying.html,14,31,OCO,Esteban Ocon,Alpine Renault,12,1:21.500,1:21.103,
2021,ITALIA,1076,qualifying,https://www.formula1.com/en/results.html/2021/races/1076/italy/qualifying.html,15,63,RUS,George Russell,Williams Mercedes,16,1:21.890,1:21.392,
2021,ITALIA,1076,qualifying,https://www.formula1.com/en/results.html/2021/races/1076/italy/qualifying.html,16,6,LAT,Nicholas Latifi,Williams Mercedes,10,1:21.925,,
2021,ITALIA,1076,qualifying,https://www.formula1.com/en/results.html/2021/races/1076/italy/qualifying.html,17,22,TSU,Yuki Tsunoda,AlphaTauri Honda,9,1:21.973,,
2021,ITALIA,1076,qualifying,https://www.formula1.com/en/results.html/2021/races/1076/italy/qualifying.html,18,47,MSC,Mick Schumacher,Haas Ferrari,8,1:22.248,,
2021,ITALIA,1076,qualifying,https://www.formula1.com/en/results.html/2021/races/1076/italy/qualifying.html,19,88,KUB,Robert Kubica,Alfa Romeo Racing Ferrari,7,1:22.530,,
2021,ITALIA,1076,qualifying,https://www.formula1.com/en/results.html/2021/races/1076/italy/qualifying.html,20,9,MAZ,Nikita Mazepin,Haas Ferrari,9,1:22.716,,
2021,FORMULA 1 VTB RUSSIAN,1077,qualifying,https://www.formula1.com/en/results.html/2021/races/1077/russia/qualifying.html,1,4,NOR,Lando Norris,McLaren Mercedes,23,1:47.238,1:45.827,1:41.993
2021,FORMULA 1 VTB RUSSIAN,1077,qualifying,https://www.formula1.com/en/results.html/2021/races/1077/russia/qualifying.html,2,55,SAI,Carlos Sainz,Ferrari,25,1:47.924,1:46.521,1:42.510
2021,FORMULA 1 VTB RUSSIAN,1077,qualifying,https://www.formula1.com/en/results.html/2021/races/1077/russia/qualifying.html,3,63,RUS,George Russell,Williams Mercedes,26,1:48.303,1:46.435,1:42.983
2021,FORMULA 1 VTB RUSSIAN,1077,qualifying,https://www.formula1.com/en/results.html/2021/races/1077/russia/qualifying.html,4,44,HAM,Lewis Hamilton,Mercedes,24,1:45.992,1:45.129,1:44.050
2021,FORMULA 1 VTB RUSSIAN,1077,qualifying,https://www.formula1.com/en/results.html/2021/races/1077/russia/qualifying.html,5,3,RIC,Daniel Ricciardo,McLaren Mercedes,23,1:48.345,1:46.361,1:44.156
2021,FORMULA 1 VTB RUSSIAN,1077,qualifying,https://www.formula1.com/en/results.html/2021/races/1077/russia/qualifying.html,6,14,ALO,Fernando Alonso,Alpine Renault,25,1:47.877,1:45.514,1:44.204
2021,FORMULA 1 VTB RUSSIAN,1077,qualifying,https://www.formula1.com/en/results.html/2021/races/1077/russia/qualifying.html,7,77,BOT,Valtteri Bottas,Mercedes,24,1:46.396,1:45.306,1:44.710
2021,FORMULA 1 VTB RUSSIAN,1077,qualifying,https://www.formula1.com/en/results.html/2021/races/1077/russia/qualifying.html,8,18,STR,Lance Stroll,Aston Martin Mercedes,23,1:48.322,1:46.360,1:44.956
2021,FORMULA 1 VTB RUSSIAN,1077,qualifying,https://www.formula1.com/en/results.html/2021/races/1077/russia/qualifying.html,9,11,PER,Sergio Perez,Red Bull Racing Honda,24,1:46.455,1:45.834,1:45.337
2021,FORMULA 1 VTB RUSSIAN,1077,qualifying,https://www.formula1.com/en/results.html/2021/races/1077/russia/qualifying.html,10,31,OCO,Esteban Ocon,Alpine Renault,25,1:48.099,1:46.070,1:45.865
2021,FORMULA 1 VTB RUSSIAN,1077,qualifying,https://www.formula1.com/en/results.html/2021/races/1077/russia/qualifying.html,11,5,VET,Sebastian Vettel,Aston Martin Mercedes,18,1:47.205,1:46.573,
2021,FORMULA 1 VTB RUSSIAN,1077,qualifying,https://www.formula1.com/en/results.html/2021/races/1077/russia/qualifying.html,12,10,GAS,Pierre Gasly,AlphaTauri Honda,18,1:47.828,1:46.641,
2021,FORMULA 1 VTB RUSSIAN,1077,qualifying,https://www.formula1.com/en/results.html/2021/races/1077/russia/qualifying.html,13,22,TSU,Yuki Tsunoda,AlphaTauri Honda,20,1:48.854,1:46.751,
2021,FORMULA 1 VTB RUSSIAN,1077,qualifying,https://www.formula1.com/en/results.html/2021/races/1077/russia/qualifying.html,14,6,LAT,Nicholas Latifi,Williams Mercedes,12,1:48.252,DNS,
2021,FORMULA 1 VTB RUSSIAN,1077,qualifying,https://www.formula1.com/en/results.html/2021/races/1077/russia/qualifying.html,15,16,LEC,Charles Leclerc,Ferrari,10,1:48.470,,
2021,FORMULA 1 VTB RUSSIAN,1077,qualifying,https://www.formula1.com/en/results.html/2021/races/1077/russia/qualifying.html,16,7,RAI,Kimi Räikkönen,Alfa Romeo Racing Ferrari,10,1:49.586,,
2021,FORMULA 1 VTB RUSSIAN,1077,qualifying,https://www.formula1.com/en/results.html/2021/races/1077/russia/qualifying.html,17,47,MSC,Mick Schumacher,Haas Ferrari,10,1:49.830,,
2021,FORMULA 1 VTB RUSSIAN,1077,qualifying,https://www.formula1.com/en/results.html/2021/races/1077/russia/qualifying.html,18,99,GIO,Antonio Giovinazzi,Alfa Romeo Racing Ferrari,9,1:51.023,,
2021,FORMULA 1 VTB RUSSIAN,1077,qualifying,https://www.formula1.com/en/results.html/2021/races/1077/russia/qualifying.html,19,9,MAZ,Nikita Mazepin,Haas Ferrari,10,1:53.764,,
2021,FORMULA 1 VTB RUSSIAN,1077,qualifying,https://www.formula1.com/en/results.html/2021/races/1077/russia/qualifying.html,20,33,VER,Max Verstappen,Red Bull Racing Honda,2,DNF,,
2021,FORMULA 1 ROLEX TURKISH,1078,qualifying,https://www.formula1.com/en/results.html/2021/races/1078/turkey/qualifying.html,1,44,HAM,Lewis Hamilton,Mercedes,28,1:24.585,1:23.082,1:22.868
2021,FORMULA 1 ROLEX TURKISH,1078,qualifying,https://www.formula1.com/en/results.html/2021/races/1078/turkey/qualifying.html,2,77,BOT,Valtteri Bottas,Mercedes,27,1:25.047,1:23.579,1:22.998
2021,FORMULA 1 ROLEX TURKISH,1078,qualifying,https://www.formula1.com/en/results.html/2021/races/1078/turkey/qualifying.html,3,33,VER,Max Verstappen,Red Bull Racing Honda,25,1:24.592,1:23.732,1:23.196
2021,FORMULA 1 ROLEX TURKISH,1078,qualifying,https://www.formula1.com/en/results.html/2021/races/1078/turkey/qualifying.html,4,16,LEC,Charles Leclerc,Ferrari,30,1:24.869,1:24.015,1:23.265
2021,FORMULA 1 ROLEX TURKISH,1078,qualifying,https://www.formula1.com/en/results.html/2021/races/1078/turkey/qualifying.html,5,10,GAS,Pierre Gasly,AlphaTauri Honda,24,1:24.704,1:23.817,1:23.326
2021,FORMULA 1 ROLEX TURKISH,1078,qualifying,https://www.formula1.com/en/results.html/2021/races/1078/turkey/qualifying.html,6,14,ALO,Fernando Alonso,Alpine Renault,24,1:25.174,1:23.914,1:23.477
2021,FORMULA 1 ROLEX TURKISH,1078,qualifying,https://www.formula1.com/en/results.html/2021/races/1078/turkey/qualifying.html,7,11,PER,Sergio Perez,Red Bull Racing Honda,24,1:24.963,1:23.961,1:23.706
2021,FORMULA 1 ROLEX TURKISH,1078,qualifying,https://www.formula1.com/en/results.html/2021/races/1078/turkey/qualifying.html,8,4,NOR,Lando Norris,McLaren Mercedes,25,1:25.138,1:24.642,1:23.954
2021,FORMULA 1 ROLEX TURKISH,1078,qualifying,https://www.formula1.com/en/results.html/2021/races/1078/turkey/qualifying.html,9,18,STR,Lance Stroll,Aston Martin Mercedes,23,1:25.511,1:24.601,1:24.305
2021,FORMULA 1 ROLEX TURKISH,1078,qualifying,https://www.formula1.com/en/results.html/2021/races/1078/turkey/qualifying.html,10,22,TSU,Yuki Tsunoda,AlphaTauri Honda,24,1:25.409,1:24.054,1:24.368
2021,FORMULA 1 ROLEX TURKISH,1078,qualifying,https://www.formula1.com/en/results.html/2021/races/1078/turkey/qualifying.html,11,5,VET,Sebastian Vettel,Aston Martin Mercedes,19,1:25.787,1:24.795,
2021,FORMULA 1 ROLEX TURKISH,1078,qualifying,https://www.formula1.com/en/results.html/2021/races/1078/turkey/qualifying.html,12,31,OCO,Esteban Ocon,Alpine Renault,18,1:25.422,1:24.842,
2021,FORMULA 1 ROLEX TURKISH,1078,qualifying,https://www.formula1.com/en/results.html/2021/races/1078/turkey/qualifying.html,13,63,RUS,George Russell,Williams Mercedes,20,1:25.417,1:25.007,
2021,FORMULA 1 ROLEX TURKISH,1078,qualifying,https://www.formula1.com/en/results.html/2021/races/1078/turkey/qualifying.html,14,47,MSC,Mick Schumacher,Haas Ferrari,19,1:25.555,1:25.200,
2021,FORMULA 1 ROLEX TURKISH,1078,qualifying,https://www.formula1.com/en/results.html/2021/races/1078/turkey/qualifying.html,15,55,SAI,Carlos Sainz,Ferrari,13,1:25.177,DNS,
2021,FORMULA 1 ROLEX TURKISH,1078,qualifying,https://www.formula1.com/en/results.html/2021/races/1078/turkey/qualifying.html,16,3,RIC,Daniel Ricciardo,McLaren Mercedes,10,1:25.881,,
2021,FORMULA 1 ROLEX TURKISH,1078,qualifying,https://www.formula1.com/en/results.html/2021/races/1078/turkey/qualifying.html,17,6,LAT,Nicholas Latifi,Williams Mercedes,10,1:26.086,,
2021,FORMULA 1 ROLEX TURKISH,1078,qualifying,https://www.formula1.com/en/results.html/2021/races/1078/turkey/qualifying.html,18,99,GIO,Antonio Giovinazzi,Alfa Romeo Racing Ferrari,11,1:26.430,,
2021,FORMULA 1 ROLEX TURKISH,1078,qualifying,https://www.formula1.com/en/results.html/2021/races/1078/turkey/qualifying.html,19,7,RAI,Kimi Räikkönen,Alfa Romeo Racing Ferrari,11,1:27.525,,
2021,FORMULA 1 ROLEX TURKISH,1078,qualifying,https://www.formula1.com/en/results.html/2021/races/1078/turkey/qualifying.html,20,9,MAZ,Nikita Mazepin,Haas Ferrari,10,1:28.449,,
2021,FORMULA 1 ARAMCO GRAN PREMIO DE ESPAÑA,1086,qualifying,https://www.formula1.com/en/results.html/2021/races/1086/spain/qualifying.html,1,44,HAM,Lewis Hamilton,Mercedes,19,1:18.245,1:17.166,1:16.741
2021,FORMULA 1 ARAMCO GRAN PREMIO DE ESPAÑA,1086,qualifying,https://www.formula1.com/en/results.html/2021/races/1086/spain/qualifying.html,2,33,VER,Max Verstappen,Red Bull Racing Honda,14,1:18.090,1:16.922,1:16.777
2021,FORMULA 1 ARAMCO GRAN PREMIO DE ESPAÑA,1086,qualifying,https://www.formula1.com/en/results.html/2021/races/1086/spain/qualifying.html,3,77,BOT,Valtteri Bottas,Mercedes,16,1:18.005,1:17.142,1:16.873
2021,FORMULA 1 ARAMCO GRAN PREMIO DE ESPAÑA,1086,qualifying,https://www.formula1.com/en/results.html/2021/races/1086/spain/qualifying.html,4,16,LEC,Charles Leclerc,Ferrari,18,1:18.041,1:17.717,1:17.510
2021,FORMULA 1 ARAMCO GRAN PREMIO DE ESPAÑA,1086,qualifying,https://www.formula1.com/en/results.html/2021/races/1086/spain/qualifying.html,5,31,OCO,Esteban Ocon,Alpine Renault,15,1:18.281,1:17.743,1:17.580
2021,FORMULA 1 ARAMCO GRAN PREMIO DE ESPAÑA,1086,qualifying,https://www.formula1.com/en/results.html/2021/races/1086/spain/qualifying.html,6,55,SAI,Carlos Sainz,Ferrari,15,1:18.205,1:17.656,1:17.620
2021,FORMULA 1 ARAMCO GRAN PREMIO DE ESPAÑA,1086,qualifying,https://www.formula1.com/en/results.html/2021/races/1086/spain/qualifying.html,7,3,RIC,Daniel Ricciardo,McLaren Mercedes,14,1:18.264,1:17.719,1:17.622
2021,FORMULA 1 ARAMCO GRAN PREMIO DE ESPAÑA,1086,qualifying,https://www.formula1.com/en/results.html/2021/races/1086/spain/qualifying.html,8,11,PER,Sergio Perez,Red Bull Racing Honda,17,1:18.203,1:17.669,1:17.701
2021,FORMULA 1 ARAMCO GRAN PREMIO DE ESPAÑA,1086,qualifying,https://www.formula1.com/en/results.html/2021/races/1086/spain/qualifying.html,9,4,NOR,Lando Norris,McLaren Mercedes,17,1:17.821,1:17.696,1:18.010
2021,FORMULA 1 ARAMCO GRAN PREMIO DE ESPAÑA,1086,qualifying,https://www.formula1.com/en/results.html/2021/races/1086/spain/qualifying.html,10,14,ALO,Fernando Alonso,Alpine Renault,17,1:18.281,1:17.966,1:18.147
2021,FORMULA 1 ARAMCO GRAN PREMIO DE ESPAÑA,1086,qualifying,https://www.formula1.com/en/results.html/2021/races/1086/spain/qualifying.html,11,18,STR,Lance Stroll,Aston Martin Mercedes,12,1:18.241,1:17.974,
2021,FORMULA 1 ARAMCO GRAN PREMIO DE ESPAÑA,1086,qualifying,https://www.formula1.com/en/results.html/2021/races/1086/spain/qualifying.html,12,10,GAS,Pierre Gasly,AlphaTauri Honda,9,1:18.190,1:17.982,
2021,FORMULA 1 ARAMCO GRAN PREMIO DE ESPAÑA,1086,qualifying,https://www.formula1.com/en/results.html/2021/races/1086/spain/qualifying.html,13,5,VET,Sebastian Vettel,Aston Martin Mercedes,12,1:18.289,1:18.079,
2021,FORMULA 1 ARAMCO GRAN PREMIO DE ESPAÑA,1086,qualifying,https://www.formula1.com/en/results.html/2021/races/1086/spain/qualifying.html,14,99,GIO,Antonio Giovinazzi,Alfa Romeo Racing Ferrari,12,1:18.549,1:18.356,
2021,FORMULA 1 ARAMCO GRAN PREMIO DE ESPAÑA,1086,qualifying,https://www.formula1.com/en/results.html/2021/races/1086/spain/qualifying.html,15,63,RUS,George Russell,Williams Mercedes,11,1:18.445,1:19.154,
2021,FORMULA 1 ARAMCO GRAN PREMIO DE ESPAÑA,1086,qualifying,https://www.formula1.com/en/results.html/2021/races/1086/spain/qualifying.html,16,22,TSU,Yuki Tsunoda,AlphaTauri Honda,6,1:18.556,,
2021,FORMULA 1 ARAMCO GRAN PREMIO DE ESPAÑA,1086,qualifying,https://www.formula1.com/en/results.html/2021/races/1086/spain/qualifying.html,17,7,RAI,Kimi Räikkönen,Alfa Romeo Racing Ferrari,6,1:18.917,,
2021,FORMULA 1 ARAMCO GRAN PREMIO DE ESPAÑA,1086,qualifying,https://www.formula1.com/en/results.html/2021/races/1086/spain/qualifying.html,18,47,MSC,Mick Schumacher,Haas Ferrari,9,1:19.117,,
2021,FORMULA 1 ARAMCO GRAN PREMIO DE ESPAÑA,1086,qualifying,https://www.formula1.com/en/results.html/2021/races/1086/spain/qualifying.html,19,6,LAT,Nicholas Latifi,Williams Mercedes,9,1:19.219,,
2021,FORMULA 1 ARAMCO GRAN PREMIO DE ESPAÑA,1086,qualifying,https://www.formula1.com/en/results.html/2021/races/1086/spain/qualifying.html,20,9,MAZ,Nikita Mazepin,Haas Ferrari,9,1:19.807,,
2021,FORMULA 1 BWT GROSSER PREIS DER STEIERMARK,1092,qualifying,https://www.formula1.com/en/results.html/2021/races/1092/styria/qualifying.html,1,33,VER,Max Verstappen,Red Bull Racing Honda,20,1:04.489,1:04.433,1:03.841
2021,FORMULA 1 BWT GROSSER PREIS DER STEIERMARK,1092,qualifying,https://www.formula1.com/en/results.html/2021/races/1092/styria/qualifying.html,2,77,BOT,Valtteri Bottas,Mercedes,23,1:04.537,1:04.443,1:04.035
2021,FORMULA 1 BWT GROSSER PREIS DER STEIERMARK,1092,qualifying,https://www.formula1.com/en/results.html/2021/races/1092/styria/qualifying.html,3,44,HAM,Lewis Hamilton,Mercedes,25,1:04.672,1:04.512,1:04.067
2021,FORMULA 1 BWT GROSSER PREIS DER STEIERMARK,1092,qualifying,https://www.formula1.com/en/results.html/2021/races/1092/styria/qualifying.html,4,4,NOR,Lando Norris,McLaren Mercedes,17,1:04.584,1:04.298,1:04.120
2021,FORMULA 1 BWT GROSSER PREIS DER STEIERMARK,1092,qualifying,https://www.formula1.com/en/results.html/2021/races/1092/styria/qualifying.html,5,11,PER,Sergio Perez,Red Bull Racing Honda,21,1:04.638,1:04.197,1:04.168
2021,FORMULA 1 BWT GROSSER PREIS DER STEIERMARK,1092,qualifying,https://www.formula1.com/en/results.html/2021/races/1092/styria/qualifying.html,6,10,GAS,Pierre Gasly,AlphaTauri Honda,18,1:04.765,1:04.429,1:04.236
2021,FORMULA 1 BWT GROSSER PREIS DER STEIERMARK,1092,qualifying,https://www.formula1.com/en/results.html/2021/races/1092/styria/qualifying.html,7,16,LEC,Charles Leclerc,Ferrari,21,1:04.745,1:04.646,1:04.472
2021,FORMULA 1 BWT GROSSER PREIS DER STEIERMARK,1092,qualifying,https://www.formula1.com/en/results.html/2021/races/1092/styria/qualifying.html,8,22,TSU,Yuki Tsunoda,AlphaTauri Honda,21,1:04.608,1:04.631,1:04.514
2021,FORMULA 1 BWT GROSSER PREIS DER STEIERMARK,1092,qualifying,https://www.formula1.com/en/results.html/2021/races/1092/styria/qualifying.html,9,14,ALO,Fernando Alonso,Alpine Renault,18,1:04.971,1:04.582,1:04.574
2021,FORMULA 1 BWT GROSSER PREIS DER STEIERMARK,1092,qualifying,https://www.formula1.com/en/results.html/2021/races/1092/styria/qualifying.html,10,18,STR,Lance Stroll,Aston Martin Mercedes,18,1:04.821,1:04.663,1:04.708
2021,FORMULA 1 BWT GROSSER PREIS DER STEIERMARK,1092,qualifying,https://www.formula1.com/en/results.html/2021/races/1092/styria/qualifying.html,11,63,RUS,George Russell,Williams Mercedes,14,1:05.033,1:04.671,
2021,FORMULA 1 BWT GROSSER PREIS DER STEIERMARK,1092,qualifying,https://www.formula1.com/en/results.html/2021/races/1092/styria/qualifying.html,12,55,SAI,Carlos Sainz,Ferrari,15,1:04.859,1:04.800,
2021,FORMULA 1 BWT GROSSER PREIS DER STEIERMARK,1092,qualifying,https://www.formula1.com/en/results.html/2021/races/1092/styria/qualifying.html,13,3,RIC,Daniel Ricciardo,McLaren Mercedes,14,1:05.142,1:04.808,
2021,FORMULA 1 BWT GROSSER PREIS DER STEIERMARK,1092,qualifying,https://www.formula1.com/en/results.html/2021/races/1092/styria/qualifying.html,14,5,VET,Sebastian Vettel,Aston Martin Mercedes,15,1:05.051,1:04.875,
2021,FORMULA 1 BWT GROSSER PREIS DER STEIERMARK,1092,qualifying,https://www.formula1.com/en/results.html/2021/races/1092/styria/qualifying.html,15,99,GIO,Antonio Giovinazzi,Alfa Romeo Racing Ferrari,17,1:05.092,1:04.913,
2021,FORMULA 1 BWT GROSSER PREIS DER STEIERMARK,1092,qualifying,https://www.formula1.com/en/results.html/2021/races/1092/styria/qualifying.html,16,6,LAT,Nicholas Latifi,Williams Mercedes,9,1:05.175,,
2021,FORMULA 1 BWT GROSSER PREIS DER STEIERMARK,1092,qualifying,https://www.formula1.com/en/results.html/2021/races/1092/styria/qualifying.html,17,31,OCO,Esteban Ocon,Alpine Renault,6,1:05.217,,
2021,FORMULA 1 BWT GROSSER PREIS DER STEIERMARK,1092,qualifying,https://www.formula1.com/en/results.html/2021/races/1092/styria/qualifying.html,18,7,RAI,Kimi Räikkönen,Alfa Romeo Racing Ferrari,8,1:05.429,,
2021,FORMULA 1 BWT GROSSER PREIS DER STEIERMARK,1092,qualifying,https://www.formula1.com/en/results.html/2021/races/1092/styria/qualifying.html,19,47,MSC,Mick Schumacher,Haas Ferrari,8,1:06.041,,
2021,FORMULA 1 BWT GROSSER PREIS DER STEIERMARK,1092,qualifying,https://www.formula1.com/en/results.html/2021/races/1092/styria/qualifying.html,20,9,MAZ,Nikita Mazepin,Haas Ferrari,9,1:06.192,,
2021,FORMULA 1 ARAMCO UNITED STATES,1102,qualifying,https://www.formula1.com/en/results.html/2021/races/1102/united-states/qualifying.html,1,33,VER,Max Verstappen,Red Bull Racing Honda,16,1:34.352,1:33.464,1:32.910
2021,FORMULA 1 ARAMCO UNITED STATES,1102,qualifying,https://www.formula1.com/en/results.html/2021/races/1102/united-states/qualifying.html,2,44,HAM,Lewis Hamilton,Mercedes,16,1:34.579,1:33.797,1:33.119
2021,FORMULA 1 ARAMCO UNITED STATES,1102,qualifying,https://www.formula1.com/en/results.html/2021/races/1102/united-states/qualifying.html,3,11,PER,Sergio Perez,Red Bull Racing Honda,19,1:34.369,1:34.178,1:33.134
2021,FORMULA 1 ARAMCO UNITED STATES,1102,qualifying,https://www.formula1.com/en/results.html/2021/races/1102/united-states/qualifying.html,4,77,BOT,Valtteri Bottas,Mercedes,15,1:34.590,1:33.959,1:33.475
2021,FORMULA 1 ARAMCO UNITED STATES,1102,qualifying,https://www.formula1.com/en/results.html/2021/races/1102/united-states/qualifying.html,5,16,LEC,Charles Leclerc,Ferrari,17,1:34.153,1:33.928,1:33.606
2021,FORMULA 1 ARAMCO UNITED STATES,1102,qualifying,https://www.formula1.com/en/results.html/2021/races/1102/united-states/qualifying.html,6,55,SAI,Carlos Sainz,Ferrari,15,1:34.558,1:34.126,1:33.792
2021,FORMULA 1 ARAMCO UNITED STATES,1102,qualifying,https://www.formula1.com/en/results.html/2021/races/1102/united-states/qualifying.html,7,3,RIC,Daniel Ricciardo,McLaren Mercedes,15,1:34.407,1:34.643,1:33.808
2021,FORMULA 1 ARAMCO UNITED STATES,1102,qualifying,https://www.formula1.com/en/results.html/2021/races/1102/united-states/qualifying.html,8,4,NOR,Lando Norris,McLaren Mercedes,14,1:34.551,1:33.880,1:33.887
2021,FORMULA 1 ARAMCO UNITED STATES,1102,qualifying,https://www.formula1.com/en/results.html/2021/races/1102/united-states/qualifying.html,9,10,GAS,Pierre Gasly,AlphaTauri Honda,17,1:34.567,1:34.583,1:34.118
2021,FORMULA 1 ARAMCO UNITED STATES,1102,qualifying,https://www.formula1.com/en/results.html/2021/races/1102/united-states/qualifying.html,10,22,TSU,Yuki Tsunoda,AlphaTauri Honda,18,1:35.360,1:35.137,1:34.918
2021,FORMULA 1 ARAMCO UNITED STATES,1102,qualifying,https://www.formula1.com/en/results.html/2021/races/1102/united-states/qualifying.html,11,31,OCO,Esteban Ocon,Alpine Renault,12,1:35.747,1:35.377,
2021,FORMULA 1 ARAMCO UNITED STATES,1102,qualifying,https://www.formula1.com/en/results.html/2021/races/1102/united-states/qualifying.html,12,5,VET,Sebastian Vettel,Aston Martin Mercedes,9,1:35.281,1:35.500,
2021,FORMULA 1 ARAMCO UNITED STATES,1102,qualifying,https://www.formula1.com/en/results.html/2021/races/1102/united-states/qualifying.html,13,99,GIO,Antonio Giovinazzi,Alfa Romeo Racing Ferrari,8,1:35.920,1:35.794,
2021,FORMULA 1 ARAMCO UNITED STATES,1102,qualifying,https://www.formula1.com/en/results.html/2021/races/1102/united-states/qualifying.html,14,14,ALO,Fernando Alonso,Alpine Renault,12,1:35.756,1:44.549,
2021,FORMULA 1 ARAMCO UNITED STATES,1102,qualifying,https://www.formula1.com/en/results.html/2021/races/1102/united-states/qualifying.html,15,63,RUS,George Russell,Williams Mercedes,11,1:35.746,DNF,
2021,FORMULA 1 ARAMCO UNITED STATES,1102,qualifying,https://www.formula1.com/en/results.html/2021/races/1102/united-states/qualifying.html,16,18,STR,Lance Stroll,Aston Martin Mercedes,7,1:35.983,,
2021,FORMULA 1 ARAMCO UNITED STATES,1102,qualifying,https://www.formula1.com/en/results.html/2021/races/1102/united-states/qualifying.html,17,6,LAT,Nicholas Latifi,Williams Mercedes,6,1:35.995,,
2021,FORMULA 1 ARAMCO UNITED STATES,1102,qualifying,https://www.formula1.com/en/results.html/2021/races/1102/united-states/qualifying.html,18,7,RAI,Kimi Räikkönen,Alfa Romeo Racing Ferrari,7,1:36.311,,
2021,FORMULA 1 ARAMCO UNITED STATES,1102,qualifying,https://www.formula1.com/en/results.html/2021/races/1102/united-states/qualifying.html,19,47,MSC,Mick Schumacher,Haas Ferrari,9,1:36.499,,
2021,FORMULA 1 ARAMCO UNITED STATES,1102,qualifying,https://www.formula1.com/en/results.html/2021/races/1102/united-states/qualifying.html,20,9,MAZ,Nikita Mazepin,Haas Ferrari,8,1:36.796,,
2021,FORMULA 1 GRAN PREMIO DE LA CIUDAD DE MÉXICO,1103,qualifying,https://www.formula1.com/en/results.html/2021/races/1103/mexico/qualifying.html,1,77,BOT,Valtteri Bottas,Mercedes,23,1:16.727,1:16.864,1:15.875
2021,FORMULA 1 GRAN PREMIO DE LA CIUDAD DE MÉXICO,1103,qualifying,https://www.formula1.com/en/results.html/2021/races/1103/mexico/qualifying.html,2,44,HAM,Lewis Hamilton,Mercedes,22,1:17.207,1:16.474,1:16.020
2021,FORMULA 1 GRAN PREMIO DE LA CIUDAD DE MÉXICO,1103,qualifying,https://www.formula1.com/en/results.html/2021/races/1103/mexico/qualifying.html,3,33,VER,Max Verstappen,Red Bull Racing Honda,18,1:16.788,1:16.483,1:16.225
2021,FORMULA 1 GRAN PREMIO DE LA CIUDAD DE MÉXICO,1103,qualifying,https://www.formula1.com/en/results.html/2021/races/1103/mexico/qualifying.html,4,11,PER,Sergio Perez,Red Bull Racing Honda,18,1:17.003,1:17.055,1:16.342
2021,FORMULA 1 GRAN PREMIO DE LA CIUDAD DE MÉXICO,1103,qualifying,https://www.formula1.com/en/results.html/2021/races/1103/mexico/qualifying.html,5,10,GAS,Pierre Gasly,AlphaTauri Honda,22,1:16.908,1:16.955,1:16.456
2021,FORMULA 1 GRAN PREMIO DE LA CIUDAD DE MÉXICO,1103,qualifying,https://www.formula1.com/en/results.html/2021/races/1103/mexico/qualifying.html,6,55,SAI,Carlos Sainz,Ferrari,23,1:17.517,1:17.248,1:16.761
2021,FORMULA 1 GRAN PREMIO DE LA CIUDAD DE MÉXICO,1103,qualifying,https://www.formula1.com/en/results.html/2021/races/1103/mexico/qualifying.html,7,3,RIC,Daniel Ricciardo,McLaren Mercedes,17,1:17.719,1:17.092,1:16.763
2021,FORMULA 1 GRAN PREMIO DE LA CIUDAD DE MÉXICO,1103,qualifying,https://www.formula1.com/en/results.html/2021/races/1103/mexico/qualifying.html,8,16,LEC,Charles Leclerc,Ferrari,22,1:16.748,1:17.034,1:16.837
2021,FORMULA 1 GRAN PREMIO DE LA CIUDAD DE MÉXICO,1103,qualifying,https://www.formula1.com/en/results.html/2021/races/1103/mexico/qualifying.html,9,22,TSU,Yuki Tsunoda,AlphaTauri Honda,19,1:17.330,1:16.701,1:17.158
2021,FORMULA 1 GRAN PREMIO DE LA CIUDAD DE MÉXICO,1103,qualifying,https://www.formula1.com/en/results.html/2021/races/1103/mexico/qualifying.html,10,4,NOR,Lando Norris,McLaren Mercedes,19,1:17.569,1:17.473,1:36.830
2021,FORMULA 1 GRAN PREMIO DE LA CIUDAD DE MÉXICO,1103,qualifying,https://www.formula1.com/en/results.html/2021/races/1103/mexico/qualifying.html,11,5,VET,Sebastian Vettel,Aston Martin Mercedes,16,1:17.502,1:17.746,
2021,FORMULA 1 GRAN PREMIO DE LA CIUDAD DE MÉXICO,1103,qualifying,https://www.formula1.com/en/results.html/2021/races/1103/mexico/qualifying.html,12,7,RAI,Kimi Räikkönen,Alfa Romeo Racing Ferrari,18,1:17.606,1:17.958,
2021,FORMULA 1 GRAN PREMIO DE LA CIUDAD DE MÉXICO,1103,qualifying,https://www.formula1.com/en/results.html/2021/races/1103/mexico/qualifying.html,13,63,RUS,George Russell,Williams Mercedes,13,1:17.958,1:18.172,
2021,FORMULA 1 GRAN PREMIO DE LA CIUDAD DE MÉXICO,1103,qualifying,https://www.formula1.com/en/results.html/2021/races/1103/mexico/qualifying.html,14,99,GIO,Antonio Giovinazzi,Alfa Romeo Racing Ferrari,15,1:17.897,1:18.290,
2021,FORMULA 1 GRAN PREMIO DE LA CIUDAD DE MÉXICO,1103,qualifying,https://www.formula1.com/en/results.html/2021/races/1103/mexico/qualifying.html,15,31,OCO,Esteban Ocon,Alpine Renault,13,1:18.126,1:18.405,
2021,FORMULA 1 GRAN PREMIO DE LA CIUDAD DE MÉXICO,1103,qualifying,https://www.formula1.com/en/results.html/2021/races/1103/mexico/qualifying.html,16,14,ALO,Fernando Alonso,Alpine Renault,7,1:18.452,,
2021,FORMULA 1 GRAN PREMIO DE LA CIUDAD DE MÉXICO,1103,qualifying,https://www.formula1.com/en/results.html/2021/races/1103/mexico/qualifying.html,17,6,LAT,Nicholas Latifi,Williams Mercedes,8,1:18.756,,
2021,FORMULA 1 GRAN PREMIO DE LA CIUDAD DE MÉXICO,1103,qualifying,https://www.formula1.com/en/results.html/2021/races/1103/mexico/qualifying.html,18,47,MSC,Mick Schumacher,Haas Ferrari,9,1:18.858,,
2021,FORMULA 1 GRAN PREMIO DE LA CIUDAD DE MÉXICO,1103,qualifying,https://www.formula1.com/en/results.html/2021/races/1103/mexico/qualifying.html,19,9,MAZ,Nikita Mazepin,Haas Ferrari,9,1:19.303,,
2021,FORMULA 1 GRAN PREMIO DE LA CIUDAD DE MÉXICO,1103,qualifying,https://www.formula1.com/en/results.html/2021/races/1103/mexico/qualifying.html,20,18,STR,Lance Stroll,Aston Martin Mercedes,3,1:20.873,,
2021,FORMULA 1 HEINEKEN GRANDE PRÊMIO DE SÃO PAULO,1104,qualifying,https://www.formula1.com/en/results.html/2021/races/1104/brazil/qualifying.html,DQ,44,HAM,Lewis Hamilton,Mercedes,23,1:08.733,1:08.068,1:07.934
2021,FORMULA 1 HEINEKEN GRANDE PRÊMIO DE SÃO PAULO,1104,qualifying,https://www.formula1.com/en/results.html/2021/races/1104/brazil/qualifying.html,1,33,VER,Max Verstappen,Red Bull Racing Honda,17,1:09.329,1:08.499,1:08.372
2021,FORMULA 1 HEINEKEN GRANDE PRÊMIO DE SÃO PAULO,1104,qualifying,https://www.formula1.com/en/results.html/2021/races/1104/brazil/qualifying.html,2,77,BOT,Valtteri Bottas,Mercedes,23,1:09.040,1:08.426,1:08.469
2021,FORMULA 1 HEINEKEN GRANDE PRÊMIO DE SÃO PAULO,1104,qualifying,https://www.formula1.com/en/results.html/2021/races/1104/brazil/qualifying.html,3,11,PER,Sergio Perez,Red Bull Racing Honda,22,1:09.172,1:08.973,1:08.483
2021,FORMULA 1 HEINEKEN GRANDE PRÊMIO DE SÃO PAULO,1104,qualifying,https://www.formula1.com/en/results.html/2021/races/1104/brazil/qualifying.html,4,10,GAS,Pierre Gasly,AlphaTauri Honda,18,1:09.347,1:08.903,1:08.777
2021,FORMULA 1 HEINEKEN GRANDE PRÊMIO DE SÃO PAULO,1104,qualifying,https://www.formula1.com/en/results.html/2021/races/1104/brazil/qualifying.html,5,55,SAI,Carlos Sainz,Ferrari,19,1:09.046,1:09.031,1:08.826
2021,FORMULA 1 HEINEKEN GRANDE PRÊMIO DE SÃO PAULO,1104,qualifying,https://www.formula1.com/en/results.html/2021/races/1104/brazil/qualifying.html,6,16,LEC,Charles Leclerc,Ferrari,22,1:09.155,1:08.859,1:08.960
2021,FORMULA 1 HEINEKEN GRANDE PRÊMIO DE SÃO PAULO,1104,qualifying,https://www.formula1.com/en/results.html/2021/races/1104/brazil/qualifying.html,7,4,NOR,Lando Norris,McLaren Mercedes,22,1:09.365,1:09.030,1:08.980
2021,FORMULA 1 HEINEKEN GRANDE PRÊMIO DE SÃO PAULO,1104,qualifying,https://www.formula1.com/en/results.html/2021/races/1104/brazil/qualifying.html,8,3,RIC,Daniel Ricciardo,McLaren Mercedes,22,1:09.374,1:09.093,1:09.039
2021,FORMULA 1 HEINEKEN GRANDE PRÊMIO DE SÃO PAULO,1104,qualifying,https://www.formula1.com/en/results.html/2021/races/1104/brazil/qualifying.html,9,14,ALO,Fernando Alonso,Alpine Renault,19,1:09.391,1:09.137,1:09.113
2021,FORMULA 1 HEINEKEN GRANDE PRÊMIO DE SÃO PAULO,1104,qualifying,https://www.formula1.com/en/results.html/2021/races/1104/brazil/qualifying.html,10,31,OCO,Esteban Ocon,Alpine Renault,14,1:09.430,1:09.189,
2021,FORMULA 1 HEINEKEN GRANDE PRÊMIO DE SÃO PAULO,1104,qualifying,https://www.formula1.com/en/results.html/2021/races/1104/brazil/qualifying.html,11,5,VET,Sebastian Vettel,Aston Martin Mercedes,15,1:09.451,1:09.399,
2021,FORMULA 1 HEINEKEN GRANDE PRÊMIO DE SÃO PAULO,1104,qualifying,https://www.formula1.com/en/results.html/2021/races/1104/brazil/qualifying.html,12,22,TSU,Yuki Tsunoda,AlphaTauri Honda,9,1:09.350,1:09.483,
2021,FORMULA 1 HEINEKEN GRANDE PRÊMIO DE SÃO PAULO,1104,qualifying,https://www.formula1.com/en/results.html/2021/races/1104/brazil/qualifying.html,13,7,RAI,Kimi Räikkönen,Alfa Romeo Racing Ferrari,15,1:09.598,1:09.503,
2021,FORMULA 1 HEINEKEN GRANDE PRÊMIO DE SÃO PAULO,1104,qualifying,https://www.formula1.com/en/results.html/2021/races/1104/brazil/qualifying.html,14,99,GIO,Antonio Giovinazzi,Alfa Romeo Racing Ferrari,14,1:09.342,1:10.227,
2021,FORMULA 1 HEINEKEN GRANDE PRÊMIO DE SÃO PAULO,1104,qualifying,https://www.formula1.com/en/results.html/2021/races/1104/brazil/qualifying.html,15,18,STR,Lance Stroll,Aston Martin Mercedes,9,1:09.663,,
2021,FORMULA 1 HEINEKEN GRANDE PRÊMIO DE SÃO PAULO,1104,qualifying,https://www.formula1.com/en/results.html/2021/races/1104/brazil/qualifying.html,16,6,LAT,Nicholas Latifi,Williams Mercedes,9,1:09.897,,
2021,FORMULA 1 HEINEKEN GRANDE PRÊMIO DE SÃO PAULO,1104,qualifying,https://www.formula1.com/en/results.html/2021/races/1104/brazil/qualifying.html,17,63,RUS,George Russell,Williams Mercedes,10,1:09.953,,
2021,FORMULA 1 HEINEKEN GRANDE PRÊMIO DE SÃO PAULO,1104,qualifying,https://www.formula1.com/en/results.html/2021/races/1104/brazil/qualifying.html,18,47,MSC,Mick Schumacher,Haas Ferrari,11,1:10.329,,
2021,FORMULA 1 HEINEKEN GRANDE PRÊMIO DE SÃO PAULO,1104,qualifying,https://www.formula1.com/en/results.html/2021/races/1104/brazil/qualifying.html,19,9,MAZ,Nikita Mazepin,Haas Ferrari,10,1:10.589,,
2021,FORMULA 1 OOREDOO QATAR,1105,qualifying,https://www.formula1.com/en/results.html/2021/races/1105/qatar/qualifying.html,1,44,HAM,Lewis Hamilton,Mercedes,18,1:21.901,1:21.682,1:20.827
2021,FORMULA 1 OOREDOO QATAR,1105,qualifying,https://www.formula1.com/en/results.html/2021/races/1105/qatar/qualifying.html,2,33,VER,Max Verstappen,Red Bull Racing Honda,18,1:21.996,1:21.984,1:21.424
2021,FORMULA 1 OOREDOO QATAR,1105,qualifying,https://www.formula1.com/en/results.html/2021/races/1105/qatar/qualifying.html,3,77,BOT,Valtteri Bottas,Mercedes,20,1:22.016,1:21.991,1:21.478
2021,FORMULA 1 OOREDOO QATAR,1105,qualifying,https://www.formula1.com/en/results.html/2021/races/1105/qatar/qualifying.html,4,10,GAS,Pierre Gasly,AlphaTauri Honda,19,1:22.535,1:21.728,1:21.640
2021,FORMULA 1 OOREDOO QATAR,1105,qualifying,https://www.formula1.com/en/results.html/2021/races/1105/qatar/qualifying.html,5,14,ALO,Fernando Alonso,Alpine Renault,18,1:22.422,1:21.894,1:21.670
2021,FORMULA 1 OOREDOO QATAR,1105,qualifying,https://www.formula1.com/en/results.html/2021/races/1105/qatar/qualifying.html,6,4,NOR,Lando Norris,McLaren Mercedes,21,1:22.839,1:22.216,1:21.731
2021,FORMULA 1 OOREDOO QATAR,1105,qualifying,https://www.formula1.com/en/results.html/2021/races/1105/qatar/qualifying.html,7,55,SAI,Carlos Sainz,Ferrari,21,1:22.304,1:22.241,1:21.840
2021,FORMULA 1 OOREDOO QATAR,1105,qualifying,https://www.formula1.com/en/results.html/2021/races/1105/qatar/qualifying.html,8,22,TSU,Yuki Tsunoda,AlphaTauri Honda,18,1:22.458,1:22.058,1:21.881
2021,FORMULA 1 OOREDOO QATAR,1105,qualifying,https://www.formula1.com/en/results.html/2021/races/1105/qatar/qualifying.html,9,31,OCO,Esteban Ocon,Alpine Renault,18,1:22.565,1:22.012,1:22.028
2021,FORMULA 1 OOREDOO QATAR,1105,qualifying,https://www.formula1.com/en/results.html/2021/races/1105/qatar/qualifying.html,10,5,VET,Sebastian Vettel,Aston Martin Mercedes,21,1:22.549,1:22.146,1:22.785
2021,FORMULA 1 OOREDOO QATAR,1105,qualifying,https://www.formula1.com/en/results.html/2021/races/1105/qatar/qualifying.html,11,11,PER,Sergio Perez,Red Bull Racing Honda,12,1:22.398,1:22.346,
2021,FORMULA 1 OOREDOO QATAR,1105,qualifying,https://www.formula1.com/en/results.html/2021/races/1105/qatar/qualifying.html,12,18,STR,Lance Stroll,Aston Martin Mercedes,15,1:22.551,1:22.460,
2021,FORMULA 1 OOREDOO QATAR,1105,qualifying,https://www.formula1.com/en/results.html/2021/races/1105/qatar/qualifying.html,13,16,LEC,Charles Leclerc,Ferrari,15,1:22.742,1:22.463,
2021,FORMULA 1 OOREDOO QATAR,1105,qualifying,https://www.formula1.com/en/results.html/2021/races/1105/qatar/qualifying.html,14,3,RIC,Daniel Ricciardo,McLaren Mercedes,15,1:22.688,1:22.597,
2021,FORMULA 1 OOREDOO QATAR,1105,qualifying,https://www.formula1.com/en/results.html/2021/races/1105/qatar/qualifying.html,15,63,RUS,George Russell,Williams Mercedes,16,1:22.863,1:22.756,
2021,FORMULA 1 OOREDOO QATAR,1105,qualifying,https://www.formula1.com/en/results.html/2021/races/1105/qatar/qualifying.html,16,7,RAI,Kimi Räikkönen,Alfa Romeo Racing Ferrari,9,1:23.156,,
2021,FORMULA 1 OOREDOO QATAR,1105,qualifying,https://www.formula1.com/en/results.html/2021/races/1105/qatar/qualifying.html,17,6,LAT,Nicholas Latifi,Williams Mercedes,10,1:23.213,,
2021,FORMULA 1 OOREDOO QATAR,1105,qualifying,https://www.formula1.com/en/results.html/2021/races/1105/qatar/qualifying.html,18,99,GIO,Antonio Giovinazzi,Alfa Romeo Racing Ferrari,8,1:23.262,,
2021,FORMULA 1 OOREDOO QATAR,1105,qualifying,https://www.formula1.com/en/results.html/2021/races/1105/qatar/qualifying.html,19,47,MSC,Mick Schumacher,Haas Ferrari,9,1:23.407,,
2021,FORMULA 1 OOREDOO QATAR,1105,qualifying,https://www.formula1.com/en/results.html/2021/races/1105/qatar/qualifying.html,20,9,MAZ,Nikita Mazepin,Haas Ferrari,9,1:25.859,,
2021,FORMULA 1 STC SAUDI ARABIAN,1106,qualifying,https://www.formula1.com/en/results.html/2021/races/1106/saudi-arabia/qualifying.html,1,44,HAM,Lewis Hamilton,Mercedes,23,1:28.466,1:27.712,1:27.511
2021,FORMULA 1 STC SAUDI ARABIAN,1106,qualifying,https://www.formula1.com/en/results.html/2021/races/1106/saudi-arabia/qualifying.html,2,77,BOT,Valtteri Bottas,Mercedes,25,1:28.057,1:28.054,1:27.622
2021,FORMULA 1 STC SAUDI ARABIAN,1106,qualifying,https://www.formula1.com/en/results.html/2021/races/1106/saudi-arabia/qualifying.html,3,33,VER,Max Verstappen,Red Bull Racing Honda,19,1:28.285,1:27.953,1:27.653
2021,FORMULA 1 STC SAUDI ARABIAN,1106,qualifying,https://www.formula1.com/en/results.html/2021/races/1106/saudi-arabia/qualifying.html,4,16,LEC,Charles Leclerc,Ferrari,24,1:28.310,1:28.459,1:28.054
2021,FORMULA 1 STC SAUDI ARABIAN,1106,qualifying,https://www.formula1.com/en/results.html/2021/races/1106/saudi-arabia/qualifying.html,5,11,PER,Sergio Perez,Red Bull Racing Honda,23,1:28.021,1:27.946,1:28.123
2021,FORMULA 1 STC SAUDI ARABIAN,1106,qualifying,https://www.formula1.com/en/results.html/2021/races/1106/saudi-arabia/qualifying.html,6,10,GAS,Pierre Gasly,AlphaTauri Honda,26,1:28.401,1:28.314,1:28.125
2021,FORMULA 1 STC SAUDI ARABIAN,1106,qualifying,https://www.formula1.com/en/results.html/2021/races/1106/saudi-arabia/qualifying.html,7,4,NOR,Lando Norris,McLaren Mercedes,21,1:28.338,1:28.344,1:28.180
2021,FORMULA 1 STC SAUDI ARABIAN,1106,qualifying,https://www.formula1.com/en/results.html/2021/races/1106/saudi-arabia/qualifying.html,8,22,TSU,Yuki Tsunoda,AlphaTauri Honda,26,1:28.503,1:28.222,1:28.442
2021,FORMULA 1 STC SAUDI ARABIAN,1106,qualifying,https://www.formula1.com/en/results.html/2021/races/1106/saudi-arabia/qualifying.html,9,31,OCO,Esteban Ocon,Alpine Renault,22,1:28.752,1:28.574,1:28.647
2021,FORMULA 1 STC SAUDI ARABIAN,1106,qualifying,https://www.formula1.com/en/results.html/2021/races/1106/saudi-arabia/qualifying.html,10,99,GIO,Antonio Giovinazzi,Alfa Romeo Racing Ferrari,21,1:28.899,1:28.616,1:28.754
2021,FORMULA 1 STC SAUDI ARABIAN,1106,qualifying,https://www.formula1.com/en/results.html/2021/races/1106/saudi-arabia/qualifying.html,11,3,RIC,Daniel Ricciardo,McLaren Mercedes,17,1:28.216,1:28.668,
2021,FORMULA 1 STC SAUDI ARABIAN,1106,qualifying,https://www.formula1.com/en/results.html/2021/races/1106/saudi-arabia/qualifying.html,12,7,RAI,Kimi Räikkönen,Alfa Romeo Racing Ferrari,18,1:28.856,1:28.885,
2021,FORMULA 1 STC SAUDI ARABIAN,1106,qualifying,https://www.formula1.com/en/results.html/2021/races/1106/saudi-arabia/qualifying.html,13,14,ALO,Fernando Alonso,Alpine Renault,17,1:28.944,1:28.920,
2021,FORMULA 1 STC SAUDI ARABIAN,1106,qualifying,https://www.formula1.com/en/results.html/2021/races/1106/saudi-arabia/qualifying.html,14,63,RUS,George Russell,Williams Mercedes,17,1:28.926,1:29.054,
2021,FORMULA 1 STC SAUDI ARABIAN,1106,qualifying,https://www.formula1.com/en/results.html/2021/races/1106/saudi-arabia/qualifying.html,15,55,SAI,Carlos Sainz,Ferrari,16,1:28.237,1:53.652,
2021,FORMULA 1 STC SAUDI ARABIAN,1106,qualifying,https://www.formula1.com/en/results.html/2021/races/1106/saudi-arabia/qualifying.html,16,6,LAT,Nicholas Latifi,Williams Mercedes,9,1:29.177,,
2021,FORMULA 1 STC SAUDI ARABIAN,1106,qualifying,https://www.formula1.com/en/results.html/2021/races/1106/saudi-arabia/qualifying.html,17,5,VET,Sebastian Vettel,Aston Martin Mercedes,10,1:29.198,,
2021,FORMULA 1 STC SAUDI ARABIAN,1106,qualifying,https://www.formula1.com/en/results.html/2021/races/1106/saudi-arabia/qualifying.html,18,18,STR,Lance Stroll,Aston Martin Mercedes,9,1:29.368,,
2021,FORMULA 1 STC SAUDI ARABIAN,1106,qualifying,https://www.formula1.com/en/results.html/2021/races/1106/saudi-arabia/qualifying.html,19,47,MSC,Mick Schumacher,Haas Ferrari,9,1:29.464,,
2021,FORMULA 1 STC SAUDI ARABIAN,1106,qualifying,https://www.formula1.com/en/results.html/2021/races/1106/saudi-arabia/qualifying.html,20,9,MAZ,Nikita Mazepin,Haas Ferrari,8,1:30.473,,
2021,FORMULA 1 ETIHAD AIRWAYS ABU DHABI,1107,qualifying,https://www.formula1.com/en/results.html/2021/races/1107/abu-dhabi/qualifying.html,1,33,VER,Max Verstappen,Red Bull Racing Honda,20,1:23.322,1:22.800,1:22.109
2021,FORMULA 1 ETIHAD AIRWAYS ABU DHABI,1107,qualifying,https://www.formula1.com/en/results.html/2021/races/1107/abu-dhabi/qualifying.html,2,44,HAM,Lewis Hamilton,Mercedes,19,1:22.845,1:23.145,1:22.480
2021,FORMULA 1 ETIHAD AIRWAYS ABU DHABI,1107,qualifying,https://www.formula1.com/en/results.html/2021/races/1107/abu-dhabi/qualifying.html,3,4,NOR,Lando Norris,McLaren Mercedes,20,1:23.553,1:23.256,1:22.931
2021,FORMULA 1 ETIHAD AIRWAYS ABU DHABI,1107,qualifying,https://www.formula1.com/en/results.html/2021/races/1107/abu-dhabi/qualifying.html,4,11,PER,Sergio Perez,Red Bull Racing Honda,24,1:23.350,1:23.135,1:22.947
2021,FORMULA 1 ETIHAD AIRWAYS ABU DHABI,1107,qualifying,https://www.formula1.com/en/results.html/2021/races/1107/abu-dhabi/qualifying.html,5,55,SAI,Carlos Sainz,Ferrari,22,1:23.624,1:23.174,1:22.992
2021,FORMULA 1 ETIHAD AIRWAYS ABU DHABI,1107,qualifying,https://www.formula1.com/en/results.html/2021/races/1107/abu-dhabi/qualifying.html,6,77,BOT,Valtteri Bottas,Mercedes,20,1:23.117,1:23.246,1:23.036
2021,FORMULA 1 ETIHAD AIRWAYS ABU DHABI,1107,qualifying,https://www.formula1.com/en/results.html/2021/races/1107/abu-dhabi/qualifying.html,7,16,LEC,Charles Leclerc,Ferrari,23,1:23.467,1:23.202,1:23.122
2021,FORMULA 1 ETIHAD AIRWAYS ABU DHABI,1107,qualifying,https://www.formula1.com/en/results.html/2021/races/1107/abu-dhabi/qualifying.html,8,22,TSU,Yuki Tsunoda,AlphaTauri Honda,22,1:23.428,1:23.404,1:23.220
2021,FORMULA 1 ETIHAD AIRWAYS ABU DHABI,1107,qualifying,https://www.formula1.com/en/results.html/2021/races/1107/abu-dhabi/qualifying.html,9,31,OCO,Esteban Ocon,Alpine Renault,20,1:23.764,1:23.420,1:23.389
2021,FORMULA 1 ETIHAD AIRWAYS ABU DHABI,1107,qualifying,https://www.formula1.com/en/results.html/2021/races/1107/abu-dhabi/qualifying.html,10,3,RIC,Daniel Ricciardo,McLaren Mercedes,19,1:23.829,1:23.448,1:23.409
2021,FORMULA 1 ETIHAD AIRWAYS ABU DHABI,1107,qualifying,https://www.formula1.com/en/results.html/2021/races/1107/abu-dhabi/qualifying.html,11,14,ALO,Fernando Alonso,Alpine Renault,12,1:23.846,1:23.460,
2021,FORMULA 1 ETIHAD AIRWAYS ABU DHABI,1107,qualifying,https://www.formula1.com/en/results.html/2021/races/1107/abu-dhabi/qualifying.html,12,10,GAS,Pierre Gasly,AlphaTauri Honda,16,1:23.489,1:24.043,
2021,FORMULA 1 ETIHAD AIRWAYS ABU DHABI,1107,qualifying,https://www.formula1.com/en/results.html/2021/races/1107/abu-dhabi/qualifying.html,13,18,STR,Lance Stroll,Aston Martin Mercedes,17,1:24.061,1:24.066,
2021,FORMULA 1 ETIHAD AIRWAYS ABU DHABI,1107,qualifying,https://www.formula1.com/en/results.html/2021/races/1107/abu-dhabi/qualifying.html,14,99,GIO,Antonio Giovinazzi,Alfa Romeo Racing Ferrari,17,1:24.118,1:24.251,
2021,FORMULA 1 ETIHAD AIRWAYS ABU DHABI,1107,qualifying,https://www.formula1.com/en/results.html/2021/races/1107/abu-dhabi/qualifying.html,15,5,VET,Sebastian Vettel,Aston Martin Mercedes,18,1:24.225,1:24.305,
2021,FORMULA 1 ETIHAD AIRWAYS ABU DHABI,1107,qualifying,https://www.formula1.com/en/results.html/2021/races/1107/abu-dhabi/qualifying.html,16,6,LAT,Nicholas Latifi,Williams Mercedes,8,1:24.338,,
2021,FORMULA 1 ETIHAD AIRWAYS ABU DHABI,1107,qualifying,https://www.formula1.com/en/results.html/2021/races/1107/abu-dhabi/qualifying.html,17,63,RUS,George Russell,Williams Mercedes,7,1:24.423,,
2021,FORMULA 1 ETIHAD AIRWAYS ABU DHABI,1107,qualifying,https://www.formula1.com/en/results.html/2021/races/1107/abu-dhabi/qualifying.html,18,7,RAI,Kimi Räikkönen,Alfa Romeo Racing Ferrari,8,1:24.779,,
2021,FORMULA 1 ETIHAD AIRWAYS ABU DHABI,1107,qualifying,https://www.formula1.com/en/results.html/2021/races/1107/abu-dhabi/qualifying.html,19,47,MSC,Mick Schumacher,Haas Ferrari,9,1:24.906,,
2021,FORMULA 1 ETIHAD AIRWAYS ABU DHABI,1107,qualifying,https://www.formula1.com/en/results.html/2021/races/1107/abu-dhabi/qualifying.html,20,9,MAZ,Nikita Mazepin,Haas Ferrari,9,1:25.685,,
