year,race_name,race_id,result_type,url,position,driver_number,driver_code,driver_name,team,laps,lap_time,gap
2023,FORMULA 1 GULF AIR BAHRAIN,1141,practice_2,https://www.formula1.com/en/results.html/2023/races/1141/bahrain/practice-2.html,1,14,ALO,Fernando Alonso,Aston Martin Aramco Mercedes,25,1:30.907,
2023,FORMULA 1 GULF AIR BAHRAIN,1141,practice_2,https://www.formula1.com/en/results.html/2023/races/1141/bahrain/practice-2.html,2,1,VER,Max Verstappen,Red Bull Racing Honda RBPT,24,1:31.076,+0.169s
2023,FORMULA 1 GULF AIR BAHRAIN,1141,practice_2,https://www.formula1.com/en/results.html/2023/races/1141/bahrain/practice-2.html,3,11,PER,Sergio Perez,Red Bull Racing Honda RBPT,26,1:31.078,+0.171s
2023,FORMULA 1 GULF AIR BAHRAIN,1141,practice_2,https://www.formula1.com/en/results.html/2023/races/1141/bahrain/practice-2.html,4,16,LEC,Charles Leclerc,Ferrari,26,1:31.367,+0.460s
2023,FORMULA 1 GULF AIR BAHRAIN,1141,practice_2,https://www.formula1.com/en/results.html/2023/races/1141/bahrain/practice-2.html,5,27,HUL,Nico Hulkenberg,Haas Ferrari,25,1:31.376,+0.469s
2023,FORMULA 1 GULF AIR BAHRAIN,1141,practice_2,https://www.formula1.com/en/results.html/2023/races/1141/bahrain/practice-2.html,6,18,STR,Lance Stroll,Aston Martin Aramco Mercedes,28,1:31.450,+0.543s
2023,FORMULA 1 GULF AIR BAHRAIN,1141,practice_2,https://www.formula1.com/en/results.html/2023/races/1141/bahrain/practice-2.html,7,10,GAS,Pierre Gasly,Alpine Renault,24,1:31.475,+0.568s
2023,FORMULA 1 GULF AIR BAHRAIN,1141,practice_2,https://www.formula1.com/en/results.html/2023/races/1141/bahrain/practice-2.html,8,44,HAM,Lewis Hamilton,Mercedes,27,1:31.543,+0.636s
2023,FORMULA 1 GULF AIR BAHRAIN,1141,practice_2,https://www.formula1.com/en/results.html/2023/races/1141/bahrain/practice-2.html,9,4,NOR,Lando Norris,McLaren Mercedes,27,1:31.570,+0.663s
2023,FORMULA 1 GULF AIR BAHRAIN,1141,practice_2,https://www.formula1.com/en/results.html/2023/races/1141/bahrain/practice-2.html,10,24,ZHO,Zhou Guanyu,Alfa Romeo Ferrari,27,1:31.586,+0.679s
2023,FORMULA 1 GULF AIR BAHRAIN,1141,practice_2,https://www.formula1.com/en/results.html/2023/races/1141/bahrain/practice-2.html,11,31,OCO,Esteban Ocon,Alpine Renault,25,1:31.608,+0.701s
2023,FORMULA 1 GULF AIR BAHRAIN,1141,practice_2,https://www.formula1.com/en/results.html/2023/races/1141/bahrain/practice-2.html,12,77,BOT,Valtteri Bottas,Alfa Romeo Ferrari,28,1:31.793,+0.886s
2023,FORMULA 1 GULF AIR BAHRAIN,1141,practice_2,https://www.formula1.com/en/results.html/2023/races/1141/bahrain/practice-2.html,13,63,RUS,George Russell,Mercedes,25,1:31.882,+0.975s
2023,FORMULA 1 GULF AIR BAHRAIN,1141,practice_2,https://www.formula1.com/en/results.html/2023/races/1141/bahrain/practice-2.html,14,55,SAI,Carlos Sainz,Ferrari,28,1:31.956,+1.049s
2023,FORMULA 1 GULF AIR BAHRAIN,1141,practice_2,https://www.formula1.com/en/results.html/2023/races/1141/bahrain/practice-2.html,15,81,PIA,Oscar Piastri,McLaren Mercedes,27,1:32.024,+1.117s
2023,FORMULA 1 GULF AIR BAHRAIN,1141,practice_2,https://www.formula1.com/en/results.html/2023/races/1141/bahrain/practice-2.html,16,20,MAG,Kevin Magnussen,Haas Ferrari,18,1:32.110,+1.203s
2023,FORMULA 1 GULF AIR BAHRAIN,1141,practice_2,https://www.formula1.com/en/results.html/2023/races/1141/bahrain/practice-2.html,17,23,ALB,Alexander Albon,Williams Mercedes,28,1:32.440,+1.533s
2023,FORMULA 1 GULF AIR BAHRAIN,1141,practice_2,https://www.formula1.com/en/results.html/2023/races/1141/bahrain/practice-2.html,18,22,TSU,Yuki Tsunoda,AlphaTauri Honda RBPT,27,1:32.525,+1.618s
2023,FORMULA 1 GULF AIR BAHRAIN,1141,practice_2,https://www.formula1.com/en/results.html/2023/races/1141/bahrain/practice-2.html,19,21,DEV,Nyck De Vries,AlphaTauri Honda RBPT,28,1:32.605,+1.698s
2023,FORMULA 1 GULF AIR BAHRAIN,1141,practice_2,https://www.formula1.com/en/results.html/2023/races/1141/bahrain/practice-2.html,20,2,SAR,Logan Sargeant,Williams Mercedes,29,1:32.749,+1.842s
2023,FORMULA 1 STC SAUDI ARABIAN,1142,practice_2,https://www.formula1.com/en/results.html/2023/races/1142/saudi-arabia/practice-2.html,1,1,VER,Max Verstappen,Red Bull Racing Honda RBPT,29,1:29.603,
2023,FORMULA 1 STC SAUDI ARABIAN,1142,practice_2,https://www.formula1.com/en/results.html/2023/races/1142/saudi-arabia/practice-2.html,2,14,ALO,Fernando Alonso,Aston Martin Aramco Mercedes,26,1:29.811,+0.208s
2023,FORMULA 1 STC SAUDI ARABIAN,1142,practice_2,https://www.formula1.com/en/results.html/2023/races/1142/saudi-arabia/practice-2.html,3,11,PER,Sergio Perez,Red Bull Racing Honda RBPT,26,1:29.902,+0.299s
2023,FORMULA 1 STC SAUDI ARABIAN,1142,practice_2,https://www.formula1.com/en/results.html/2023/races/1142/saudi-arabia/practice-2.html,4,31,OCO,Esteban Ocon,Alpine Renault,27,1:30.039,+0.436s
2023,FORMULA 1 STC SAUDI ARABIAN,1142,practice_2,https://www.formula1.com/en/results.html/2023/races/1142/saudi-arabia/practice-2.html,5,63,RUS,George Russell,Mercedes,27,1:30.070,+0.467s
2023,FORMULA 1 STC SAUDI ARABIAN,1142,practice_2,https://www.formula1.com/en/results.html/2023/races/1142/saudi-arabia/practice-2.html,6,10,GAS,Pierre Gasly,Alpine Renault,28,1:30.100,+0.497s
2023,FORMULA 1 STC SAUDI ARABIAN,1142,practice_2,https://www.formula1.com/en/results.html/2023/races/1142/saudi-arabia/practice-2.html,7,18,STR,Lance Stroll,Aston Martin Aramco Mercedes,27,1:30.110,+0.507s
2023,FORMULA 1 STC SAUDI ARABIAN,1142,practice_2,https://www.formula1.com/en/results.html/2023/races/1142/saudi-arabia/practice-2.html,8,27,HUL,Nico Hulkenberg,Haas Ferrari,27,1:30.181,+0.578s
2023,FORMULA 1 STC SAUDI ARABIAN,1142,practice_2,https://www.formula1.com/en/results.html/2023/races/1142/saudi-arabia/practice-2.html,9,16,LEC,Charles Leclerc,Ferrari,28,1:30.341,+0.738s
2023,FORMULA 1 STC SAUDI ARABIAN,1142,practice_2,https://www.formula1.com/en/results.html/2023/races/1142/saudi-arabia/practice-2.html,10,55,SAI,Carlos Sainz,Ferrari,29,1:30.592,+0.989s
2023,FORMULA 1 STC SAUDI ARABIAN,1142,practice_2,https://www.formula1.com/en/results.html/2023/races/1142/saudi-arabia/practice-2.html,11,44,HAM,Lewis Hamilton,Mercedes,27,1:30.599,+0.996s
2023,FORMULA 1 STC SAUDI ARABIAN,1142,practice_2,https://www.formula1.com/en/results.html/2023/races/1142/saudi-arabia/practice-2.html,12,4,NOR,Lando Norris,McLaren Mercedes,27,1:30.721,+1.118s
2023,FORMULA 1 STC SAUDI ARABIAN,1142,practice_2,https://www.formula1.com/en/results.html/2023/races/1142/saudi-arabia/practice-2.html,13,22,TSU,Yuki Tsunoda,AlphaTauri Honda RBPT,30,1:30.776,+1.173s
2023,FORMULA 1 STC SAUDI ARABIAN,1142,practice_2,https://www.formula1.com/en/results.html/2023/races/1142/saudi-arabia/practice-2.html,14,23,ALB,Alexander Albon,Williams Mercedes,27,1:30.810,+1.207s
2023,FORMULA 1 STC SAUDI ARABIAN,1142,practice_2,https://www.formula1.com/en/results.html/2023/races/1142/saudi-arabia/practice-2.html,15,20,MAG,Kevin Magnussen,Haas Ferrari,25,1:30.820,+1.217s
2023,FORMULA 1 STC SAUDI ARABIAN,1142,practice_2,https://www.formula1.com/en/results.html/2023/races/1142/saudi-arabia/practice-2.html,16,24,ZHO,Zhou Guanyu,Alfa Romeo Ferrari,27,1:30.837,+1.234s
2023,FORMULA 1 STC SAUDI ARABIAN,1142,practice_2,https://www.formula1.com/en/results.html/2023/races/1142/saudi-arabia/practice-2.html,17,21,DEV,Nyck De Vries,AlphaTauri Honda RBPT,29,1:30.921,+1.318s
2023,FORMULA 1 STC SAUDI ARABIAN,1142,practice_2,https://www.formula1.com/en/results.html/2023/races/1142/saudi-arabia/practice-2.html,18,2,SAR,Logan Sargeant,Williams Mercedes,30,1:30.959,+1.356s
2023,FORMULA 1 STC SAUDI ARABIAN,1142,practice_2,https://www.formula1.com/en/results.html/2023/races/1142/saudi-arabia/practice-2.html,19,81,PIA,Oscar Piastri,McLaren Mercedes,26,1:30.964,+1.361s
2023,FORMULA 1 STC SAUDI ARABIAN,1142,practice_2,https://www.formula1.com/en/results.html/2023/races/1142/saudi-arabia/practice-2.html,20,77,BOT,Valtteri Bottas,Alfa Romeo Ferrari,30,1:31.052,+1.449s
2023,FORMULA 1 ROLEX AUSTRALIAN,1143,practice_2,https://www.formula1.com/en/results.html/2023/races/1143/australia/practice-2.html,1,14,ALO,Fernando Alonso,Aston Martin Aramco Mercedes,13,1:18.887,
2023,FORMULA 1 ROLEX AUSTRALIAN,1143,practice_2,https://www.formula1.com/en/results.html/2023/races/1143/australia/practice-2.html,2,16,LEC,Charles Leclerc,Ferrari,10,1:19.332,+0.445s
2023,FORMULA 1 ROLEX AUSTRALIAN,1143,practice_2,https://www.formula1.com/en/results.html/2023/races/1143/australia/practice-2.html,3,1,VER,Max Verstappen,Red Bull Racing Honda RBPT,12,1:19.502,+0.615s
2023,FORMULA 1 ROLEX AUSTRALIAN,1143,practice_2,https://www.formula1.com/en/results.html/2023/races/1143/australia/practice-2.html,4,63,RUS,George Russell,Mercedes,20,1:19.672,+0.785s
2023,FORMULA 1 ROLEX AUSTRALIAN,1143,practice_2,https://www.formula1.com/en/results.html/2023/races/1143/australia/practice-2.html,5,55,SAI,Carlos Sainz,Ferrari,12,1:19.695,+0.808s
2023,FORMULA 1 ROLEX AUSTRALIAN,1143,practice_2,https://www.formula1.com/en/results.html/2023/races/1143/australia/practice-2.html,6,31,OCO,Esteban Ocon,Alpine Renault,12,1:19.725,+0.838s
2023,FORMULA 1 ROLEX AUSTRALIAN,1143,practice_2,https://www.formula1.com/en/results.html/2023/races/1143/australia/practice-2.html,7,11,PER,Sergio Perez,Red Bull Racing Honda RBPT,15,1:20.083,+1.196s
2023,FORMULA 1 ROLEX AUSTRALIAN,1143,practice_2,https://www.formula1.com/en/results.html/2023/races/1143/australia/practice-2.html,8,4,NOR,Lando Norris,McLaren Mercedes,20,1:20.176,+1.289s
2023,FORMULA 1 ROLEX AUSTRALIAN,1143,practice_2,https://www.formula1.com/en/results.html/2023/races/1143/australia/practice-2.html,9,27,HUL,Nico Hulkenberg,Haas Ferrari,19,1:20.194,+1.307s
2023,FORMULA 1 ROLEX AUSTRALIAN,1143,practice_2,https://www.formula1.com/en/results.html/2023/races/1143/australia/practice-2.html,10,10,GAS,Pierre Gasly,Alpine Renault,12,1:20.206,+1.319s
2023,FORMULA 1 ROLEX AUSTRALIAN,1143,practice_2,https://www.formula1.com/en/results.html/2023/races/1143/australia/practice-2.html,11,22,TSU,Yuki Tsunoda,AlphaTauri Honda RBPT,18,1:20.220,+1.333s
2023,FORMULA 1 ROLEX AUSTRALIAN,1143,practice_2,https://www.formula1.com/en/results.html/2023/races/1143/australia/practice-2.html,12,77,BOT,Valtteri Bottas,Alfa Romeo Ferrari,22,1:20.312,+1.425s
2023,FORMULA 1 ROLEX AUSTRALIAN,1143,practice_2,https://www.formula1.com/en/results.html/2023/races/1143/australia/practice-2.html,13,44,HAM,Lewis Hamilton,Mercedes,17,1:20.323,+1.436s
2023,FORMULA 1 ROLEX AUSTRALIAN,1143,practice_2,https://www.formula1.com/en/results.html/2023/races/1143/australia/practice-2.html,14,81,PIA,Oscar Piastri,McLaren Mercedes,24,1:20.380,+1.493s
2023,FORMULA 1 ROLEX AUSTRALIAN,1143,practice_2,https://www.formula1.com/en/results.html/2023/races/1143/australia/practice-2.html,15,24,ZHO,Zhou Guanyu,Alfa Romeo Ferrari,22,1:20.470,+1.583s
2023,FORMULA 1 ROLEX AUSTRALIAN,1143,practice_2,https://www.formula1.com/en/results.html/2023/races/1143/australia/practice-2.html,16,18,STR,Lance Stroll,Aston Martin Aramco Mercedes,15,1:20.579,+1.692s
2023,FORMULA 1 ROLEX AUSTRALIAN,1143,practice_2,https://www.formula1.com/en/results.html/2023/races/1143/australia/practice-2.html,17,21,DEV,Nyck De Vries,AlphaTauri Honda RBPT,8,1:20.600,+1.713s
2023,FORMULA 1 ROLEX AUSTRALIAN,1143,practice_2,https://www.formula1.com/en/results.html/2023/races/1143/australia/practice-2.html,18,23,ALB,Alexander Albon,Williams Mercedes,18,1:21.182,+2.295s
2023,FORMULA 1 ROLEX AUSTRALIAN,1143,practice_2,https://www.formula1.com/en/results.html/2023/races/1143/australia/practice-2.html,19,20,MAG,Kevin Magnussen,Haas Ferrari,18,1:21.266,+2.379s
2023,COM MIAMI,1208,practice_2,https://www.formula1.com/en/results.html/2023/races/1208/miami/practice-2.html,1,1,VER,Max Verstappen,Red Bull Racing Honda RBPT,23,1:27.930,
2023,COM MIAMI,1208,practice_2,https://www.formula1.com/en/results.html/2023/races/1208/miami/practice-2.html,2,55,SAI,Carlos Sainz,Ferrari,26,1:28.315,+0.385s
2023,COM MIAMI,1208,practice_2,https://www.formula1.com/en/results.html/2023/races/1208/miami/practice-2.html,3,16,LEC,Charles Leclerc,Ferrari,20,1:28.398,+0.468s
2023,COM MIAMI,1208,practice_2,https://www.formula1.com/en/results.html/2023/races/1208/miami/practice-2.html,4,11,PER,Sergio Perez,Red Bull Racing Honda RBPT,24,1:28.419,+0.489s
2023,COM MIAMI,1208,practice_2,https://www.formula1.com/en/results.html/2023/races/1208/miami/practice-2.html,5,14,ALO,Fernando Alonso,Aston Martin Aramco Mercedes,25,1:28.660,+0.730s
2023,COM MIAMI,1208,practice_2,https://www.formula1.com/en/results.html/2023/races/1208/miami/practice-2.html,6,4,NOR,Lando Norris,McLaren Mercedes,24,1:28.741,+0.811s
2023,COM MIAMI,1208,practice_2,https://www.formula1.com/en/results.html/2023/races/1208/miami/practice-2.html,7,44,HAM,Lewis Hamilton,Mercedes,23,1:28.858,+0.928s
2023,COM MIAMI,1208,practice_2,https://www.formula1.com/en/results.html/2023/races/1208/miami/practice-2.html,8,18,STR,Lance Stroll,Aston Martin Aramco Mercedes,23,1:28.930,+1.000s
2023,COM MIAMI,1208,practice_2,https://www.formula1.com/en/results.html/2023/races/1208/miami/practice-2.html,9,31,OCO,Esteban Ocon,Alpine Renault,25,1:28.937,+1.007s
2023,COM MIAMI,1208,practice_2,https://www.formula1.com/en/results.html/2023/races/1208/miami/practice-2.html,10,23,ALB,Alexander Albon,Williams Mercedes,26,1:29.046,+1.116s
2023,COM MIAMI,1208,practice_2,https://www.formula1.com/en/results.html/2023/races/1208/miami/practice-2.html,11,10,GAS,Pierre Gasly,Alpine Renault,22,1:29.098,+1.168s
2023,COM MIAMI,1208,practice_2,https://www.formula1.com/en/results.html/2023/races/1208/miami/practice-2.html,12,20,MAG,Kevin Magnussen,Haas Ferrari,22,1:29.171,+1.241s
2023,COM MIAMI,1208,practice_2,https://www.formula1.com/en/results.html/2023/races/1208/miami/practice-2.html,13,24,ZHO,Zhou Guanyu,Alfa Romeo Ferrari,27,1:29.181,+1.251s
2023,COM MIAMI,1208,practice_2,https://www.formula1.com/en/results.html/2023/races/1208/miami/practice-2.html,14,77,BOT,Valtteri Bottas,Alfa Romeo Ferrari,26,1:29.189,+1.259s
2023,COM MIAMI,1208,practice_2,https://www.formula1.com/en/results.html/2023/races/1208/miami/practice-2.html,15,63,RUS,George Russell,Mercedes,21,1:29.216,+1.286s
2023,COM MIAMI,1208,practice_2,https://www.formula1.com/en/results.html/2023/races/1208/miami/practice-2.html,16,81,PIA,Oscar Piastri,McLaren Mercedes,24,1:29.339,+1.409s
2023,COM MIAMI,1208,practice_2,https://www.formula1.com/en/results.html/2023/races/1208/miami/practice-2.html,17,27,HUL,Nico Hulkenberg,Haas Ferrari,22,1:29.393,+1.463s
2023,COM MIAMI,1208,practice_2,https://www.formula1.com/en/results.html/2023/races/1208/miami/practice-2.html,18,22,TSU,Yuki Tsunoda,AlphaTauri Honda RBPT,25,1:29.613,+1.683s
2023,COM MIAMI,1208,practice_2,https://www.formula1.com/en/results.html/2023/races/1208/miami/practice-2.html,19,21,DEV,Nyck De Vries,AlphaTauri Honda RBPT,25,1:29.928,+1.998s
2023,COM MIAMI,1208,practice_2,https://www.formula1.com/en/results.html/2023/races/1208/miami/practice-2.html,20,2,SAR,Logan Sargeant,Williams Mercedes,27,1:30.038,+2.108s
2023,FORMULA 1 GRAND PRIX DE MONACO,1210,practice_2,https://www.formula1.com/en/results.html/2023/races/1210/monaco/practice-2.html,1,1,VER,Max Verstappen,Red Bull Racing Honda RBPT,30,1:12.462,
2023,FORMULA 1 GRAND PRIX DE MONACO,1210,practice_2,https://www.formula1.com/en/results.html/2023/races/1210/monaco/practice-2.html,2,16,LEC,Charles Leclerc,Ferrari,33,1:12.527,+0.065s
2023,FORMULA 1 GRAND PRIX DE MONACO,1210,practice_2,https://www.formula1.com/en/results.html/2023/races/1210/monaco/practice-2.html,3,55,SAI,Carlos Sainz,Ferrari,22,1:12.569,+0.107s
2023,FORMULA 1 GRAND PRIX DE MONACO,1210,practice_2,https://www.formula1.com/en/results.html/2023/races/1210/monaco/practice-2.html,4,14,ALO,Fernando Alonso,Aston Martin Aramco Mercedes,32,1:12.682,+0.220s
2023,FORMULA 1 GRAND PRIX DE MONACO,1210,practice_2,https://www.formula1.com/en/results.html/2023/races/1210/monaco/practice-2.html,5,4,NOR,Lando Norris,McLaren Mercedes,18,1:12.906,+0.444s
2023,FORMULA 1 GRAND PRIX DE MONACO,1210,practice_2,https://www.formula1.com/en/results.html/2023/races/1210/monaco/practice-2.html,6,44,HAM,Lewis Hamilton,Mercedes,29,1:12.960,+0.498s
2023,FORMULA 1 GRAND PRIX DE MONACO,1210,practice_2,https://www.formula1.com/en/results.html/2023/races/1210/monaco/practice-2.html,7,11,PER,Sergio Perez,Red Bull Racing Honda RBPT,30,1:12.991,+0.529s
2023,FORMULA 1 GRAND PRIX DE MONACO,1210,practice_2,https://www.formula1.com/en/results.html/2023/races/1210/monaco/practice-2.html,8,77,BOT,Valtteri Bottas,Alfa Romeo Ferrari,33,1:13.050,+0.588s
2023,FORMULA 1 GRAND PRIX DE MONACO,1210,practice_2,https://www.formula1.com/en/results.html/2023/races/1210/monaco/practice-2.html,9,10,GAS,Pierre Gasly,Alpine Renault,28,1:13.089,+0.627s
2023,FORMULA 1 GRAND PRIX DE MONACO,1210,practice_2,https://www.formula1.com/en/results.html/2023/races/1210/monaco/practice-2.html,10,31,OCO,Esteban Ocon,Alpine Renault,30,1:13.162,+0.700s
2023,FORMULA 1 GRAND PRIX DE MONACO,1210,practice_2,https://www.formula1.com/en/results.html/2023/races/1210/monaco/practice-2.html,11,18,STR,Lance Stroll,Aston Martin Aramco Mercedes,31,1:13.185,+0.723s
2023,FORMULA 1 GRAND PRIX DE MONACO,1210,practice_2,https://www.formula1.com/en/results.html/2023/races/1210/monaco/practice-2.html,12,63,RUS,George Russell,Mercedes,32,1:13.191,+0.729s
2023,FORMULA 1 GRAND PRIX DE MONACO,1210,practice_2,https://www.formula1.com/en/results.html/2023/races/1210/monaco/practice-2.html,13,24,ZHO,Zhou Guanyu,Alfa Romeo Ferrari,32,1:13.354,+0.892s
2023,FORMULA 1 GRAND PRIX DE MONACO,1210,practice_2,https://www.formula1.com/en/results.html/2023/races/1210/monaco/practice-2.html,14,20,MAG,Kevin Magnussen,Haas Ferrari,28,1:13.457,+0.995s
2023,FORMULA 1 GRAND PRIX DE MONACO,1210,practice_2,https://www.formula1.com/en/results.html/2023/races/1210/monaco/practice-2.html,15,27,HUL,Nico Hulkenberg,Haas Ferrari,33,1:13.520,+1.058s
2023,FORMULA 1 GRAND PRIX DE MONACO,1210,practice_2,https://www.formula1.com/en/results.html/2023/races/1210/monaco/practice-2.html,16,22,TSU,Yuki Tsunoda,AlphaTauri Honda RBPT,22,1:13.641,+1.179s
2023,FORMULA 1 GRAND PRIX DE MONACO,1210,practice_2,https://www.formula1.com/en/results.html/2023/races/1210/monaco/practice-2.html,17,21,DEV,Nyck De Vries,AlphaTauri Honda RBPT,34,1:13.663,+1.201s
2023,FORMULA 1 GRAND PRIX DE MONACO,1210,practice_2,https://www.formula1.com/en/results.html/2023/races/1210/monaco/practice-2.html,18,81,PIA,Oscar Piastri,McLaren Mercedes,30,1:13.673,+1.211s
2023,FORMULA 1 GRAND PRIX DE MONACO,1210,practice_2,https://www.formula1.com/en/results.html/2023/races/1210/monaco/practice-2.html,19,23,ALB,Alexander Albon,Williams Mercedes,10,1:14.217,+1.755s
2023,FORMULA 1 GRAND PRIX DE MONACO,1210,practice_2,https://www.formula1.com/en/results.html/2023/races/1210/monaco/practice-2.html,20,2,SAR,Logan Sargeant,Williams Mercedes,33,1:14.238,+1.776s
2023,FORMULA 1 AWS GRAN PREMIO DE ESPAÑA,1211,practice_2,https://www.formula1.com/en/results.html/2023/races/1211/spain/practice-2.html,1,1,VER,Max Verstappen,Red Bull Racing Honda RBPT,34,1:13.907,
2023,FORMULA 1 AWS GRAN PREMIO DE ESPAÑA,1211,practice_2,https://www.formula1.com/en/results.html/2023/races/1211/spain/practice-2.html,2,14,ALO,Fernando Alonso,Aston Martin Aramco Mercedes,30,1:14.077,+0.170s
2023,FORMULA 1 AWS GRAN PREMIO DE ESPAÑA,1211,practice_2,https://www.formula1.com/en/results.html/2023/races/1211/spain/practice-2.html,3,27,HUL,Nico Hulkenberg,Haas Ferrari,31,1:14.177,+0.270s
2023,FORMULA 1 AWS GRAN PREMIO DE ESPAÑA,1211,practice_2,https://www.formula1.com/en/results.html/2023/races/1211/spain/practice-2.html,4,11,PER,Sergio Perez,Red Bull Racing Honda RBPT,30,1:14.219,+0.312s
2023,FORMULA 1 AWS GRAN PREMIO DE ESPAÑA,1211,practice_2,https://www.formula1.com/en/results.html/2023/races/1211/spain/practice-2.html,5,31,OCO,Esteban Ocon,Alpine Renault,30,1:14.242,+0.335s
2023,FORMULA 1 AWS GRAN PREMIO DE ESPAÑA,1211,practice_2,https://www.formula1.com/en/results.html/2023/races/1211/spain/practice-2.html,6,16,LEC,Charles Leclerc,Ferrari,32,1:14.246,+0.339s
2023,FORMULA 1 AWS GRAN PREMIO DE ESPAÑA,1211,practice_2,https://www.formula1.com/en/results.html/2023/races/1211/spain/practice-2.html,7,55,SAI,Carlos Sainz,Ferrari,32,1:14.274,+0.367s
2023,FORMULA 1 AWS GRAN PREMIO DE ESPAÑA,1211,practice_2,https://www.formula1.com/en/results.html/2023/races/1211/spain/practice-2.html,8,63,RUS,George Russell,Mercedes,31,1:14.392,+0.485s
2023,FORMULA 1 AWS GRAN PREMIO DE ESPAÑA,1211,practice_2,https://www.formula1.com/en/results.html/2023/races/1211/spain/practice-2.html,9,77,BOT,Valtteri Bottas,Alfa Romeo Ferrari,32,1:14.448,+0.541s
2023,FORMULA 1 AWS GRAN PREMIO DE ESPAÑA,1211,practice_2,https://www.formula1.com/en/results.html/2023/races/1211/spain/practice-2.html,10,10,GAS,Pierre Gasly,Alpine Renault,29,1:14.457,+0.550s
2023,FORMULA 1 AWS GRAN PREMIO DE ESPAÑA,1211,practice_2,https://www.formula1.com/en/results.html/2023/races/1211/spain/practice-2.html,11,44,HAM,Lewis Hamilton,Mercedes,31,1:14.549,+0.642s
2023,FORMULA 1 AWS GRAN PREMIO DE ESPAÑA,1211,practice_2,https://www.formula1.com/en/results.html/2023/races/1211/spain/practice-2.html,12,81,PIA,Oscar Piastri,McLaren Mercedes,30,1:14.583,+0.676s
2023,FORMULA 1 AWS GRAN PREMIO DE ESPAÑA,1211,practice_2,https://www.formula1.com/en/results.html/2023/races/1211/spain/practice-2.html,13,24,ZHO,Zhou Guanyu,Alfa Romeo Ferrari,29,1:14.585,+0.678s
2023,FORMULA 1 AWS GRAN PREMIO DE ESPAÑA,1211,practice_2,https://www.formula1.com/en/results.html/2023/races/1211/spain/practice-2.html,14,4,NOR,Lando Norris,McLaren Mercedes,30,1:14.694,+0.787s
2023,FORMULA 1 AWS GRAN PREMIO DE ESPAÑA,1211,practice_2,https://www.formula1.com/en/results.html/2023/races/1211/spain/practice-2.html,15,20,MAG,Kevin Magnussen,Haas Ferrari,24,1:14.713,+0.806s
2023,FORMULA 1 AWS GRAN PREMIO DE ESPAÑA,1211,practice_2,https://www.formula1.com/en/results.html/2023/races/1211/spain/practice-2.html,16,21,DEV,Nyck De Vries,AlphaTauri Honda RBPT,33,1:14.785,+0.878s
2023,FORMULA 1 AWS GRAN PREMIO DE ESPAÑA,1211,practice_2,https://www.formula1.com/en/results.html/2023/races/1211/spain/practice-2.html,17,22,TSU,Yuki Tsunoda,AlphaTauri Honda RBPT,34,1:14.840,+0.933s
2023,FORMULA 1 AWS GRAN PREMIO DE ESPAÑA,1211,practice_2,https://www.formula1.com/en/results.html/2023/races/1211/spain/practice-2.html,18,18,STR,Lance Stroll,Aston Martin Aramco Mercedes,31,1:15.010,+1.103s
2023,FORMULA 1 AWS GRAN PREMIO DE ESPAÑA,1211,practice_2,https://www.formula1.com/en/results.html/2023/races/1211/spain/practice-2.html,19,23,ALB,Alexander Albon,Williams Mercedes,32,1:15.056,+1.149s
2023,FORMULA 1 AWS GRAN PREMIO DE ESPAÑA,1211,practice_2,https://www.formula1.com/en/results.html/2023/races/1211/spain/practice-2.html,20,2,SAR,Logan Sargeant,Williams Mercedes,33,1:15.415,+1.508s
2023,FORMULA 1 PIRELLI GRAND PRIX DU CANADA,1212,practice_2,https://www.formula1.com/en/results.html/2023/races/1212/canada/practice-2.html,1,44,HAM,Lewis Hamilton,Mercedes,30,1:13.718,
2023,FORMULA 1 PIRELLI GRAND PRIX DU CANADA,1212,practice_2,https://www.formula1.com/en/results.html/2023/races/1212/canada/practice-2.html,2,63,RUS,George Russell,Mercedes,31,1:13.745,+0.027s
2023,FORMULA 1 PIRELLI GRAND PRIX DU CANADA,1212,practice_2,https://www.formula1.com/en/results.html/2023/races/1212/canada/practice-2.html,3,55,SAI,Carlos Sainz,Ferrari,39,1:13.844,+0.126s
2023,FORMULA 1 PIRELLI GRAND PRIX DU CANADA,1212,practice_2,https://www.formula1.com/en/results.html/2023/races/1212/canada/practice-2.html,4,14,ALO,Fernando Alonso,Aston Martin Aramco Mercedes,38,1:14.044,+0.326s
2023,FORMULA 1 PIRELLI GRAND PRIX DU CANADA,1212,practice_2,https://www.formula1.com/en/results.html/2023/races/1212/canada/practice-2.html,5,16,LEC,Charles Leclerc,Ferrari,38,1:14.094,+0.376s
2023,FORMULA 1 PIRELLI GRAND PRIX DU CANADA,1212,practice_2,https://www.formula1.com/en/results.html/2023/races/1212/canada/practice-2.html,6,1,VER,Max Verstappen,Red Bull Racing Honda RBPT,34,1:14.142,+0.424s
2023,FORMULA 1 PIRELLI GRAND PRIX DU CANADA,1212,practice_2,https://www.formula1.com/en/results.html/2023/races/1212/canada/practice-2.html,7,77,BOT,Valtteri Bottas,Alfa Romeo Ferrari,40,1:14.220,+0.502s
2023,FORMULA 1 PIRELLI GRAND PRIX DU CANADA,1212,practice_2,https://www.formula1.com/en/results.html/2023/races/1212/canada/practice-2.html,8,11,PER,Sergio Perez,Red Bull Racing Honda RBPT,29,1:14.250,+0.532s
2023,FORMULA 1 PIRELLI GRAND PRIX DU CANADA,1212,practice_2,https://www.formula1.com/en/results.html/2023/races/1212/canada/practice-2.html,9,18,STR,Lance Stroll,Aston Martin Aramco Mercedes,31,1:14.419,+0.701s
2023,FORMULA 1 PIRELLI GRAND PRIX DU CANADA,1212,practice_2,https://www.formula1.com/en/results.html/2023/races/1212/canada/practice-2.html,10,10,GAS,Pierre Gasly,Alpine Renault,39,1:14.477,+0.759s
2023,FORMULA 1 PIRELLI GRAND PRIX DU CANADA,1212,practice_2,https://www.formula1.com/en/results.html/2023/races/1212/canada/practice-2.html,11,81,PIA,Oscar Piastri,McLaren Mercedes,38,1:14.533,+0.815s
2023,FORMULA 1 PIRELLI GRAND PRIX DU CANADA,1212,practice_2,https://www.formula1.com/en/results.html/2023/races/1212/canada/practice-2.html,12,20,MAG,Kevin Magnussen,Haas Ferrari,36,1:14.544,+0.826s
2023,FORMULA 1 PIRELLI GRAND PRIX DU CANADA,1212,practice_2,https://www.formula1.com/en/results.html/2023/races/1212/canada/practice-2.html,13,4,NOR,Lando Norris,McLaren Mercedes,40,1:14.617,+0.899s
2023,FORMULA 1 PIRELLI GRAND PRIX DU CANADA,1212,practice_2,https://www.formula1.com/en/results.html/2023/races/1212/canada/practice-2.html,14,24,ZHO,Zhou Guanyu,Alfa Romeo Ferrari,37,1:14.811,+1.093s
2023,FORMULA 1 PIRELLI GRAND PRIX DU CANADA,1212,practice_2,https://www.formula1.com/en/results.html/2023/races/1212/canada/practice-2.html,15,22,TSU,Yuki Tsunoda,AlphaTauri Honda RBPT,43,1:14.941,+1.223s
2023,FORMULA 1 PIRELLI GRAND PRIX DU CANADA,1212,practice_2,https://www.formula1.com/en/results.html/2023/races/1212/canada/practice-2.html,16,21,DEV,Nyck De Vries,AlphaTauri Honda RBPT,38,1:15.002,+1.284s
2023,FORMULA 1 PIRELLI GRAND PRIX DU CANADA,1212,practice_2,https://www.formula1.com/en/results.html/2023/races/1212/canada/practice-2.html,17,23,ALB,Alexander Albon,Williams Mercedes,33,1:15.003,+1.285s
2023,FORMULA 1 PIRELLI GRAND PRIX DU CANADA,1212,practice_2,https://www.formula1.com/en/results.html/2023/races/1212/canada/practice-2.html,18,31,OCO,Esteban Ocon,Alpine Renault,17,1:15.092,+1.374s
2023,FORMULA 1 PIRELLI GRAND PRIX DU CANADA,1212,practice_2,https://www.formula1.com/en/results.html/2023/races/1212/canada/practice-2.html,19,2,SAR,Logan Sargeant,Williams Mercedes,38,1:15.426,+1.708s
2023,FORMULA 1 PIRELLI GRAND PRIX DU CANADA,1212,practice_2,https://www.formula1.com/en/results.html/2023/races/1212/canada/practice-2.html,20,27,HUL,Nico Hulkenberg,Haas Ferrari,11,1:16.369,+2.651s
2023,FORMULA 1 QATAR AIRWAYS HUNGARIAN,1215,practice_2,https://www.formula1.com/en/results.html/2023/races/1215/hungary/practice-2.html,1,16,LEC,Charles Leclerc,Ferrari,20,1:17.686,
2023,FORMULA 1 QATAR AIRWAYS HUNGARIAN,1215,practice_2,https://www.formula1.com/en/results.html/2023/races/1215/hungary/practice-2.html,2,4,NOR,Lando Norris,McLaren Mercedes,30,1:17.701,+0.015s
2023,FORMULA 1 QATAR AIRWAYS HUNGARIAN,1215,practice_2,https://www.formula1.com/en/results.html/2023/races/1215/hungary/practice-2.html,3,10,GAS,Pierre Gasly,Alpine Renault,26,1:17.918,+0.232s
2023,FORMULA 1 QATAR AIRWAYS HUNGARIAN,1215,practice_2,https://www.formula1.com/en/results.html/2023/races/1215/hungary/practice-2.html,4,22,TSU,Yuki Tsunoda,AlphaTauri Honda RBPT,31,1:17.934,+0.248s
2023,FORMULA 1 QATAR AIRWAYS HUNGARIAN,1215,practice_2,https://www.formula1.com/en/results.html/2023/races/1215/hungary/practice-2.html,5,31,OCO,Esteban Ocon,Alpine Renault,30,1:18.045,+0.359s
2023,FORMULA 1 QATAR AIRWAYS HUNGARIAN,1215,practice_2,https://www.formula1.com/en/results.html/2023/races/1215/hungary/practice-2.html,6,27,HUL,Nico Hulkenberg,Haas Ferrari,29,1:18.058,+0.372s
2023,FORMULA 1 QATAR AIRWAYS HUNGARIAN,1215,practice_2,https://www.formula1.com/en/results.html/2023/races/1215/hungary/practice-2.html,7,77,BOT,Valtteri Bottas,Alfa Romeo Ferrari,29,1:18.085,+0.399s
2023,FORMULA 1 QATAR AIRWAYS HUNGARIAN,1215,practice_2,https://www.formula1.com/en/results.html/2023/races/1215/hungary/practice-2.html,8,14,ALO,Fernando Alonso,Aston Martin Aramco Mercedes,32,1:18.105,+0.419s
2023,FORMULA 1 QATAR AIRWAYS HUNGARIAN,1215,practice_2,https://www.formula1.com/en/results.html/2023/races/1215/hungary/practice-2.html,9,24,ZHO,Zhou Guanyu,Alfa Romeo Ferrari,31,1:18.108,+0.422s
2023,FORMULA 1 QATAR AIRWAYS HUNGARIAN,1215,practice_2,https://www.formula1.com/en/results.html/2023/races/1215/hungary/practice-2.html,10,55,SAI,Carlos Sainz,Ferrari,20,1:18.182,+0.496s
2023,FORMULA 1 QATAR AIRWAYS HUNGARIAN,1215,practice_2,https://www.formula1.com/en/results.html/2023/races/1215/hungary/practice-2.html,11,1,VER,Max Verstappen,Red Bull Racing Honda RBPT,18,1:18.279,+0.593s
2023,FORMULA 1 QATAR AIRWAYS HUNGARIAN,1215,practice_2,https://www.formula1.com/en/results.html/2023/races/1215/hungary/practice-2.html,12,18,STR,Lance Stroll,Aston Martin Aramco Mercedes,33,1:18.319,+0.633s
2023,FORMULA 1 QATAR AIRWAYS HUNGARIAN,1215,practice_2,https://www.formula1.com/en/results.html/2023/races/1215/hungary/practice-2.html,13,23,ALB,Alexander Albon,Williams Mercedes,32,1:18.377,+0.691s
2023,FORMULA 1 QATAR AIRWAYS HUNGARIAN,1215,practice_2,https://www.formula1.com/en/results.html/2023/races/1215/hungary/practice-2.html,14,3,RIC,Daniel Ricciardo,AlphaTauri Honda RBPT,30,1:18.385,+0.699s
2023,FORMULA 1 QATAR AIRWAYS HUNGARIAN,1215,practice_2,https://www.formula1.com/en/results.html/2023/races/1215/hungary/practice-2.html,15,20,MAG,Kevin Magnussen,Haas Ferrari,27,1:18.504,+0.818s
2023,FORMULA 1 QATAR AIRWAYS HUNGARIAN,1215,practice_2,https://www.formula1.com/en/results.html/2023/races/1215/hungary/practice-2.html,16,44,HAM,Lewis Hamilton,Mercedes,28,1:18.746,+1.060s
2023,FORMULA 1 QATAR AIRWAYS HUNGARIAN,1215,practice_2,https://www.formula1.com/en/results.html/2023/races/1215/hungary/practice-2.html,17,2,SAR,Logan Sargeant,Williams Mercedes,30,1:18.836,+1.150s
2023,FORMULA 1 QATAR AIRWAYS HUNGARIAN,1215,practice_2,https://www.formula1.com/en/results.html/2023/races/1215/hungary/practice-2.html,18,11,PER,Sergio Perez,Red Bull Racing Honda RBPT,14,1:18.978,+1.292s
2023,FORMULA 1 QATAR AIRWAYS HUNGARIAN,1215,practice_2,https://www.formula1.com/en/results.html/2023/races/1215/hungary/practice-2.html,19,81,PIA,Oscar Piastri,McLaren Mercedes,18,1:19.117,+1.431s
2023,FORMULA 1 QATAR AIRWAYS HUNGARIAN,1215,practice_2,https://www.formula1.com/en/results.html/2023/races/1215/hungary/practice-2.html,20,63,RUS,George Russell,Mercedes,23,1:19.175,+1.489s
2023,FORMULA 1 HEINEKEN DUTCH,1217,practice_2,https://www.formula1.com/en/results.html/2023/races/1217/netherlands/practice-2.html,1,4,NOR,Lando Norris,McLaren Mercedes,30,1:11.330,
2023,FORMULA 1 HEINEKEN DUTCH,1217,practice_2,https://www.formula1.com/en/results.html/2023/races/1217/netherlands/practice-2.html,2,1,VER,Max Verstappen,Red Bull Racing Honda RBPT,26,1:11.353,+0.023s
2023,FORMULA 1 HEINEKEN DUTCH,1217,practice_2,https://www.formula1.com/en/results.html/2023/races/1217/netherlands/practice-2.html,3,23,ALB,Alexander Albon,Williams Mercedes,31,1:11.599,+0.269s
2023,FORMULA 1 HEINEKEN DUTCH,1217,practice_2,https://www.formula1.com/en/results.html/2023/races/1217/netherlands/practice-2.html,4,44,HAM,Lewis Hamilton,Mercedes,27,1:11.638,+0.308s
2023,FORMULA 1 HEINEKEN DUTCH,1217,practice_2,https://www.formula1.com/en/results.html/2023/races/1217/netherlands/practice-2.html,5,22,TSU,Yuki Tsunoda,AlphaTauri Honda RBPT,31,1:11.720,+0.390s
2023,FORMULA 1 HEINEKEN DUTCH,1217,practice_2,https://www.formula1.com/en/results.html/2023/races/1217/netherlands/practice-2.html,6,10,GAS,Pierre Gasly,Alpine Renault,30,1:11.766,+0.436s
2023,FORMULA 1 HEINEKEN DUTCH,1217,practice_2,https://www.formula1.com/en/results.html/2023/races/1217/netherlands/practice-2.html,7,11,PER,Sergio Perez,Red Bull Racing Honda RBPT,29,1:11.817,+0.487s
2023,FORMULA 1 HEINEKEN DUTCH,1217,practice_2,https://www.formula1.com/en/results.html/2023/races/1217/netherlands/practice-2.html,8,18,STR,Lance Stroll,Aston Martin Aramco Mercedes,31,1:11.835,+0.505s
2023,FORMULA 1 HEINEKEN DUTCH,1217,practice_2,https://www.formula1.com/en/results.html/2023/races/1217/netherlands/practice-2.html,9,77,BOT,Valtteri Bottas,Alfa Romeo Ferrari,31,1:11.857,+0.527s
2023,FORMULA 1 HEINEKEN DUTCH,1217,practice_2,https://www.formula1.com/en/results.html/2023/races/1217/netherlands/practice-2.html,10,14,ALO,Fernando Alonso,Aston Martin Aramco Mercedes,31,1:11.863,+0.533s
2023,FORMULA 1 HEINEKEN DUTCH,1217,practice_2,https://www.formula1.com/en/results.html/2023/races/1217/netherlands/practice-2.html,11,16,LEC,Charles Leclerc,Ferrari,30,1:11.915,+0.585s
2023,FORMULA 1 HEINEKEN DUTCH,1217,practice_2,https://www.formula1.com/en/results.html/2023/races/1217/netherlands/practice-2.html,12,2,SAR,Logan Sargeant,Williams Mercedes,32,1:11.934,+0.604s
2023,FORMULA 1 HEINEKEN DUTCH,1217,practice_2,https://www.formula1.com/en/results.html/2023/races/1217/netherlands/practice-2.html,13,31,OCO,Esteban Ocon,Alpine Renault,30,1:12.001,+0.671s
2023,FORMULA 1 HEINEKEN DUTCH,1217,practice_2,https://www.formula1.com/en/results.html/2023/races/1217/netherlands/practice-2.html,14,63,RUS,George Russell,Mercedes,28,1:12.009,+0.679s
2023,FORMULA 1 HEINEKEN DUTCH,1217,practice_2,https://www.formula1.com/en/results.html/2023/races/1217/netherlands/practice-2.html,15,24,ZHO,Zhou Guanyu,Alfa Romeo Ferrari,30,1:12.074,+0.744s
2023,FORMULA 1 HEINEKEN DUTCH,1217,practice_2,https://www.formula1.com/en/results.html/2023/races/1217/netherlands/practice-2.html,16,55,SAI,Carlos Sainz,Ferrari,31,1:12.093,+0.763s
2023,FORMULA 1 HEINEKEN DUTCH,1217,practice_2,https://www.formula1.com/en/results.html/2023/races/1217/netherlands/practice-2.html,17,20,MAG,Kevin Magnussen,Haas Ferrari,28,1:12.404,+1.074s
2023,FORMULA 1 HEINEKEN DUTCH,1217,practice_2,https://www.formula1.com/en/results.html/2023/races/1217/netherlands/practice-2.html,18,27,HUL,Nico Hulkenberg,Haas Ferrari,31,1:12.693,+1.363s
2023,FORMULA 1 HEINEKEN DUTCH,1217,practice_2,https://www.formula1.com/en/results.html/2023/races/1217/netherlands/practice-2.html,19,81,PIA,Oscar Piastri,McLaren Mercedes,6,1:12.901,+1.571s
2023,FORMULA 1 HEINEKEN DUTCH,1217,practice_2,https://www.formula1.com/en/results.html/2023/races/1217/netherlands/practice-2.html,20,3,RIC,Daniel Ricciardo,AlphaTauri Honda RBPT,7,1:13.096,+1.766s
2023,ITALIA,1218,practice_2,https://www.formula1.com/en/results.html/2023/races/1218/italy/practice-2.html,1,55,SAI,Carlos Sainz,Ferrari,23,1:21.355,
2023,ITALIA,1218,practice_2,https://www.formula1.com/en/results.html/2023/races/1218/italy/practice-2.html,2,4,NOR,Lando Norris,McLaren Mercedes,20,1:21.374,+0.019s
2023,ITALIA,1218,practice_2,https://www.formula1.com/en/results.html/2023/races/1218/italy/practice-2.html,3,11,PER,Sergio Perez,Red Bull Racing Honda RBPT,17,1:21.540,+0.185s
2023,ITALIA,1218,practice_2,https://www.formula1.com/en/results.html/2023/races/1218/italy/practice-2.html,4,81,PIA,Oscar Piastri,McLaren Mercedes,21,1:21.545,+0.190s
2023,ITALIA,1218,practice_2,https://www.formula1.com/en/results.html/2023/races/1218/italy/practice-2.html,5,1,VER,Max Verstappen,Red Bull Racing Honda RBPT,20,1:21.631,+0.276s
2023,ITALIA,1218,practice_2,https://www.formula1.com/en/results.html/2023/races/1218/italy/practice-2.html,6,16,LEC,Charles Leclerc,Ferrari,23,1:21.716,+0.361s
2023,ITALIA,1218,practice_2,https://www.formula1.com/en/results.html/2023/races/1218/italy/practice-2.html,7,23,ALB,Alexander Albon,Williams Mercedes,19,1:21.979,+0.624s
2023,ITALIA,1218,practice_2,https://www.formula1.com/en/results.html/2023/races/1218/italy/practice-2.html,8,14,ALO,Fernando Alonso,Aston Martin Aramco Mercedes,16,1:22.071,+0.716s
2023,ITALIA,1218,practice_2,https://www.formula1.com/en/results.html/2023/races/1218/italy/practice-2.html,9,63,RUS,George Russell,Mercedes,20,1:22.176,+0.821s
2023,ITALIA,1218,practice_2,https://www.formula1.com/en/results.html/2023/races/1218/italy/practice-2.html,10,27,HUL,Nico Hulkenberg,Haas Ferrari,19,1:22.291,+0.936s
2023,ITALIA,1218,practice_2,https://www.formula1.com/en/results.html/2023/races/1218/italy/practice-2.html,11,20,MAG,Kevin Magnussen,Haas Ferrari,21,1:22.574,+1.219s
2023,ITALIA,1218,practice_2,https://www.formula1.com/en/results.html/2023/races/1218/italy/practice-2.html,12,77,BOT,Valtteri Bottas,Alfa Romeo Ferrari,19,1:22.595,+1.240s
2023,ITALIA,1218,practice_2,https://www.formula1.com/en/results.html/2023/races/1218/italy/practice-2.html,13,10,GAS,Pierre Gasly,Alpine Renault,22,1:22.651,+1.296s
2023,ITALIA,1218,practice_2,https://www.formula1.com/en/results.html/2023/races/1218/italy/practice-2.html,14,22,TSU,Yuki Tsunoda,AlphaTauri Honda RBPT,23,1:22.696,+1.341s
2023,ITALIA,1218,practice_2,https://www.formula1.com/en/results.html/2023/races/1218/italy/practice-2.html,15,31,OCO,Esteban Ocon,Alpine Renault,22,1:22.716,+1.361s
2023,ITALIA,1218,practice_2,https://www.formula1.com/en/results.html/2023/races/1218/italy/practice-2.html,16,2,SAR,Logan Sargeant,Williams Mercedes,24,1:22.755,+1.400s
2023,ITALIA,1218,practice_2,https://www.formula1.com/en/results.html/2023/races/1218/italy/practice-2.html,17,44,HAM,Lewis Hamilton,Mercedes,23,1:22.783,+1.428s
2023,ITALIA,1218,practice_2,https://www.formula1.com/en/results.html/2023/races/1218/italy/practice-2.html,18,40,LAW,Liam Lawson,AlphaTauri Honda RBPT,23,1:23.167,+1.812s
2023,ITALIA,1218,practice_2,https://www.formula1.com/en/results.html/2023/races/1218/italy/practice-2.html,19,24,ZHO,Zhou Guanyu,Alfa Romeo Ferrari,20,1:23.346,+1.991s
2023,ITALIA,1218,practice_2,https://www.formula1.com/en/results.html/2023/races/1218/italy/practice-2.html,20,18,STR,Lance Stroll,Aston Martin Aramco Mercedes,2,,
2023,FORMULA 1 SINGAPORE AIRLINES SINGAPORE,1219,practice_2,https://www.formula1.com/en/results.html/2023/races/1219/singapore/practice-2.html,1,55,SAI,Carlos Sainz,Ferrari,26,1:32.120,
2023,FORMULA 1 SINGAPORE AIRLINES SINGAPORE,1219,practice_2,https://www.formula1.com/en/results.html/2023/races/1219/singapore/practice-2.html,2,16,LEC,Charles Leclerc,Ferrari,27,1:32.138,+0.018s
2023,FORMULA 1 SINGAPORE AIRLINES SINGAPORE,1219,practice_2,https://www.formula1.com/en/results.html/2023/races/1219/singapore/practice-2.html,3,63,RUS,George Russell,Mercedes,25,1:32.355,+0.235s
2023,FORMULA 1 SINGAPORE AIRLINES SINGAPORE,1219,practice_2,https://www.formula1.com/en/results.html/2023/races/1219/singapore/practice-2.html,4,14,ALO,Fernando Alonso,Aston Martin Aramco Mercedes,25,1:32.478,+0.358s
2023,FORMULA 1 SINGAPORE AIRLINES SINGAPORE,1219,practice_2,https://www.formula1.com/en/results.html/2023/races/1219/singapore/practice-2.html,5,44,HAM,Lewis Hamilton,Mercedes,23,1:32.585,+0.465s
2023,FORMULA 1 SINGAPORE AIRLINES SINGAPORE,1219,practice_2,https://www.formula1.com/en/results.html/2023/races/1219/singapore/practice-2.html,6,4,NOR,Lando Norris,McLaren Mercedes,23,1:32.711,+0.591s
2023,FORMULA 1 SINGAPORE AIRLINES SINGAPORE,1219,practice_2,https://www.formula1.com/en/results.html/2023/races/1219/singapore/practice-2.html,7,11,PER,Sergio Perez,Red Bull Racing Honda RBPT,23,1:32.812,+0.692s
2023,FORMULA 1 SINGAPORE AIRLINES SINGAPORE,1219,practice_2,https://www.formula1.com/en/results.html/2023/races/1219/singapore/practice-2.html,8,1,VER,Max Verstappen,Red Bull Racing Honda RBPT,23,1:32.852,+0.732s
2023,FORMULA 1 SINGAPORE AIRLINES SINGAPORE,1219,practice_2,https://www.formula1.com/en/results.html/2023/races/1219/singapore/practice-2.html,9,20,MAG,Kevin Magnussen,Haas Ferrari,25,1:33.017,+0.897s
2023,FORMULA 1 SINGAPORE AIRLINES SINGAPORE,1219,practice_2,https://www.formula1.com/en/results.html/2023/races/1219/singapore/practice-2.html,10,77,BOT,Valtteri Bottas,Alfa Romeo Ferrari,24,1:33.105,+0.985s
2023,FORMULA 1 SINGAPORE AIRLINES SINGAPORE,1219,practice_2,https://www.formula1.com/en/results.html/2023/races/1219/singapore/practice-2.html,11,27,HUL,Nico Hulkenberg,Haas Ferrari,22,1:33.139,+1.019s
2023,FORMULA 1 SINGAPORE AIRLINES SINGAPORE,1219,practice_2,https://www.formula1.com/en/results.html/2023/races/1219/singapore/practice-2.html,12,40,LAW,Liam Lawson,AlphaTauri Honda RBPT,27,1:33.285,+1.165s
2023,FORMULA 1 SINGAPORE AIRLINES SINGAPORE,1219,practice_2,https://www.formula1.com/en/results.html/2023/races/1219/singapore/practice-2.html,13,31,OCO,Esteban Ocon,Alpine Renault,25,1:33.361,+1.241s
2023,FORMULA 1 SINGAPORE AIRLINES SINGAPORE,1219,practice_2,https://www.formula1.com/en/results.html/2023/races/1219/singapore/practice-2.html,14,18,STR,Lance Stroll,Aston Martin Aramco Mercedes,25,1:33.390,+1.270s
2023,FORMULA 1 SINGAPORE AIRLINES SINGAPORE,1219,practice_2,https://www.formula1.com/en/results.html/2023/races/1219/singapore/practice-2.html,15,81,PIA,Oscar Piastri,McLaren Mercedes,23,1:33.461,+1.341s
2023,FORMULA 1 SINGAPORE AIRLINES SINGAPORE,1219,practice_2,https://www.formula1.com/en/results.html/2023/races/1219/singapore/practice-2.html,16,22,TSU,Yuki Tsunoda,AlphaTauri Honda RBPT,27,1:33.477,+1.357s
2023,FORMULA 1 SINGAPORE AIRLINES SINGAPORE,1219,practice_2,https://www.formula1.com/en/results.html/2023/races/1219/singapore/practice-2.html,17,24,ZHO,Zhou Guanyu,Alfa Romeo Ferrari,25,1:33.575,+1.455s
2023,FORMULA 1 SINGAPORE AIRLINES SINGAPORE,1219,practice_2,https://www.formula1.com/en/results.html/2023/races/1219/singapore/practice-2.html,18,10,GAS,Pierre Gasly,Alpine Renault,24,1:33.824,+1.704s
2023,FORMULA 1 SINGAPORE AIRLINES SINGAPORE,1219,practice_2,https://www.formula1.com/en/results.html/2023/races/1219/singapore/practice-2.html,19,2,SAR,Logan Sargeant,Williams Mercedes,28,1:34.327,+2.207s
2023,FORMULA 1 SINGAPORE AIRLINES SINGAPORE,1219,practice_2,https://www.formula1.com/en/results.html/2023/races/1219/singapore/practice-2.html,20,23,ALB,Alexander Albon,Williams Mercedes,5,1:35.558,+3.438s
2023,FORMULA 1 LENOVO JAPANESE,1220,practice_2,https://www.formula1.com/en/results.html/2023/races/1220/japan/practice-2.html,1,1,VER,Max Verstappen,Red Bull Racing Honda RBPT,19,1:30.688,
2023,FORMULA 1 LENOVO JAPANESE,1220,practice_2,https://www.formula1.com/en/results.html/2023/races/1220/japan/practice-2.html,2,16,LEC,Charles Leclerc,Ferrari,23,1:31.008,+0.320s
2023,FORMULA 1 LENOVO JAPANESE,1220,practice_2,https://www.formula1.com/en/results.html/2023/races/1220/japan/practice-2.html,3,4,NOR,Lando Norris,McLaren Mercedes,22,1:31.152,+0.464s
2023,FORMULA 1 LENOVO JAPANESE,1220,practice_2,https://www.formula1.com/en/results.html/2023/races/1220/japan/practice-2.html,4,55,SAI,Carlos Sainz,Ferrari,22,1:31.237,+0.549s
2023,FORMULA 1 LENOVO JAPANESE,1220,practice_2,https://www.formula1.com/en/results.html/2023/races/1220/japan/practice-2.html,5,63,RUS,George Russell,Mercedes,22,1:31.328,+0.640s
2023,FORMULA 1 LENOVO JAPANESE,1220,practice_2,https://www.formula1.com/en/results.html/2023/races/1220/japan/practice-2.html,6,14,ALO,Fernando Alonso,Aston Martin Aramco Mercedes,22,1:31.492,+0.804s
2023,FORMULA 1 LENOVO JAPANESE,1220,practice_2,https://www.formula1.com/en/results.html/2023/races/1220/japan/practice-2.html,7,23,ALB,Alexander Albon,Williams Mercedes,23,1:31.555,+0.867s
2023,FORMULA 1 LENOVO JAPANESE,1220,practice_2,https://www.formula1.com/en/results.html/2023/races/1220/japan/practice-2.html,8,81,PIA,Oscar Piastri,McLaren Mercedes,22,1:31.662,+0.974s
2023,FORMULA 1 LENOVO JAPANESE,1220,practice_2,https://www.formula1.com/en/results.html/2023/races/1220/japan/practice-2.html,9,11,PER,Sergio Perez,Red Bull Racing Honda RBPT,24,1:31.710,+1.022s
2023,FORMULA 1 LENOVO JAPANESE,1220,practice_2,https://www.formula1.com/en/results.html/2023/races/1220/japan/practice-2.html,10,77,BOT,Valtteri Bottas,Alfa Romeo Ferrari,22,1:31.739,+1.051s
2023,FORMULA 1 LENOVO JAPANESE,1220,practice_2,https://www.formula1.com/en/results.html/2023/races/1220/japan/practice-2.html,11,18,STR,Lance Stroll,Aston Martin Aramco Mercedes,22,1:31.771,+1.083s
2023,FORMULA 1 LENOVO JAPANESE,1220,practice_2,https://www.formula1.com/en/results.html/2023/races/1220/japan/practice-2.html,12,31,OCO,Esteban Ocon,Alpine Renault,22,1:31.794,+1.106s
2023,FORMULA 1 LENOVO JAPANESE,1220,practice_2,https://www.formula1.com/en/results.html/2023/races/1220/japan/practice-2.html,13,27,HUL,Nico Hulkenberg,Haas Ferrari,24,1:31.797,+1.109s
2023,FORMULA 1 LENOVO JAPANESE,1220,practice_2,https://www.formula1.com/en/results.html/2023/races/1220/japan/practice-2.html,14,44,HAM,Lewis Hamilton,Mercedes,21,1:31.829,+1.141s
2023,FORMULA 1 LENOVO JAPANESE,1220,practice_2,https://www.formula1.com/en/results.html/2023/races/1220/japan/practice-2.html,15,40,LAW,Liam Lawson,AlphaTauri Honda RBPT,23,1:32.141,+1.453s
2023,FORMULA 1 LENOVO JAPANESE,1220,practice_2,https://www.formula1.com/en/results.html/2023/races/1220/japan/practice-2.html,16,24,ZHO,Zhou Guanyu,Alfa Romeo Ferrari,16,1:32.165,+1.477s
2023,FORMULA 1 LENOVO JAPANESE,1220,practice_2,https://www.formula1.com/en/results.html/2023/races/1220/japan/practice-2.html,17,20,MAG,Kevin Magnussen,Haas Ferrari,23,1:32.169,+1.481s
2023,FORMULA 1 LENOVO JAPANESE,1220,practice_2,https://www.formula1.com/en/results.html/2023/races/1220/japan/practice-2.html,18,22,TSU,Yuki Tsunoda,AlphaTauri Honda RBPT,26,1:32.178,+1.490s
2023,FORMULA 1 LENOVO JAPANESE,1220,practice_2,https://www.formula1.com/en/results.html/2023/races/1220/japan/practice-2.html,19,10,GAS,Pierre Gasly,Alpine Renault,22,1:32.179,+1.491s
2023,FORMULA 1 LENOVO JAPANESE,1220,practice_2,https://www.formula1.com/en/results.html/2023/races/1220/japan/practice-2.html,20,2,SAR,Logan Sargeant,Williams Mercedes,25,1:32.320,+1.632s
2023,FORMULA 1 GRAN PREMIO DE LA CIUDAD DE MÉXICO,1223,practice_2,https://www.formula1.com/en/results.html/2023/races/1223/mexico/practice-2.html,1,1,VER,Max Verstappen,Red Bull Racing Honda RBPT,26,1:18.686,
2023,FORMULA 1 GRAN PREMIO DE LA CIUDAD DE MÉXICO,1223,practice_2,https://www.formula1.com/en/results.html/2023/races/1223/mexico/practice-2.html,2,4,NOR,Lando Norris,McLaren Mercedes,31,1:18.805,+0.119s
2023,FORMULA 1 GRAN PREMIO DE LA CIUDAD DE MÉXICO,1223,practice_2,https://www.formula1.com/en/results.html/2023/races/1223/mexico/practice-2.html,3,16,LEC,Charles Leclerc,Ferrari,33,1:18.952,+0.266s
2023,FORMULA 1 GRAN PREMIO DE LA CIUDAD DE MÉXICO,1223,practice_2,https://www.formula1.com/en/results.html/2023/races/1223/mexico/practice-2.html,4,77,BOT,Valtteri Bottas,Alfa Romeo Ferrari,33,1:18.955,+0.269s
2023,FORMULA 1 GRAN PREMIO DE LA CIUDAD DE MÉXICO,1223,practice_2,https://www.formula1.com/en/results.html/2023/races/1223/mexico/practice-2.html,5,11,PER,Sergio Perez,Red Bull Racing Honda RBPT,29,1:18.988,+0.302s
2023,FORMULA 1 GRAN PREMIO DE LA CIUDAD DE MÉXICO,1223,practice_2,https://www.formula1.com/en/results.html/2023/races/1223/mexico/practice-2.html,6,3,RIC,Daniel Ricciardo,AlphaTauri Honda RBPT,31,1:19.002,+0.316s
2023,FORMULA 1 GRAN PREMIO DE LA CIUDAD DE MÉXICO,1223,practice_2,https://www.formula1.com/en/results.html/2023/races/1223/mexico/practice-2.html,7,44,HAM,Lewis Hamilton,Mercedes,30,1:19.024,+0.338s
2023,FORMULA 1 GRAN PREMIO DE LA CIUDAD DE MÉXICO,1223,practice_2,https://www.formula1.com/en/results.html/2023/races/1223/mexico/practice-2.html,8,31,OCO,Esteban Ocon,Alpine Renault,29,1:19.077,+0.391s
2023,FORMULA 1 GRAN PREMIO DE LA CIUDAD DE MÉXICO,1223,practice_2,https://www.formula1.com/en/results.html/2023/races/1223/mexico/practice-2.html,9,81,PIA,Oscar Piastri,McLaren Mercedes,31,1:19.163,+0.477s
2023,FORMULA 1 GRAN PREMIO DE LA CIUDAD DE MÉXICO,1223,practice_2,https://www.formula1.com/en/results.html/2023/races/1223/mexico/practice-2.html,10,63,RUS,George Russell,Mercedes,31,1:19.227,+0.541s
2023,FORMULA 1 GRAN PREMIO DE LA CIUDAD DE MÉXICO,1223,practice_2,https://www.formula1.com/en/results.html/2023/races/1223/mexico/practice-2.html,11,55,SAI,Carlos Sainz,Ferrari,34,1:19.257,+0.571s
2023,FORMULA 1 GRAN PREMIO DE LA CIUDAD DE MÉXICO,1223,practice_2,https://www.formula1.com/en/results.html/2023/races/1223/mexico/practice-2.html,12,22,TSU,Yuki Tsunoda,AlphaTauri Honda RBPT,34,1:19.290,+0.604s
2023,FORMULA 1 GRAN PREMIO DE LA CIUDAD DE MÉXICO,1223,practice_2,https://www.formula1.com/en/results.html/2023/races/1223/mexico/practice-2.html,13,24,ZHO,Zhou Guanyu,Alfa Romeo Ferrari,27,1:19.415,+0.729s
2023,FORMULA 1 GRAN PREMIO DE LA CIUDAD DE MÉXICO,1223,practice_2,https://www.formula1.com/en/results.html/2023/races/1223/mexico/practice-2.html,14,23,ALB,Alexander Albon,Williams Mercedes,23,1:19.446,+0.760s
2023,FORMULA 1 GRAN PREMIO DE LA CIUDAD DE MÉXICO,1223,practice_2,https://www.formula1.com/en/results.html/2023/races/1223/mexico/practice-2.html,15,27,HUL,Nico Hulkenberg,Haas Ferrari,29,1:19.535,+0.849s
2023,FORMULA 1 GRAN PREMIO DE LA CIUDAD DE MÉXICO,1223,practice_2,https://www.formula1.com/en/results.html/2023/races/1223/mexico/practice-2.html,16,10,GAS,Pierre Gasly,Alpine Renault,29,1:19.642,+0.956s
2023,FORMULA 1 GRAN PREMIO DE LA CIUDAD DE MÉXICO,1223,practice_2,https://www.formula1.com/en/results.html/2023/races/1223/mexico/practice-2.html,17,2,SAR,Logan Sargeant,Williams Mercedes,26,1:19.900,+1.214s
2023,FORMULA 1 GRAN PREMIO DE LA CIUDAD DE MÉXICO,1223,practice_2,https://www.formula1.com/en/results.html/2023/races/1223/mexico/practice-2.html,18,18,STR,Lance Stroll,Aston Martin Aramco Mercedes,17,1:20.075,+1.389s
2023,FORMULA 1 GRAN PREMIO DE LA CIUDAD DE MÉXICO,1223,practice_2,https://www.formula1.com/en/results.html/2023/races/1223/mexico/practice-2.html,19,20,MAG,Kevin Magnussen,Haas Ferrari,30,1:20.112,+1.426s
2023,FORMULA 1 GRAN PREMIO DE LA CIUDAD DE MÉXICO,1223,practice_2,https://www.formula1.com/en/results.html/2023/races/1223/mexico/practice-2.html,20,14,ALO,Fernando Alonso,Aston Martin Aramco Mercedes,30,1:20.426,+1.740s
2023,FORMULA 1 HEINEKEN SILVER LAS VEGAS,1225,practice_2,https://www.formula1.com/en/results.html/2023/races/1225/las-vegas/practice-2.html,1,16,LEC,Charles Leclerc,Ferrari,39,1:35.265,
2023,FORMULA 1 HEINEKEN SILVER LAS VEGAS,1225,practice_2,https://www.formula1.com/en/results.html/2023/races/1225/las-vegas/practice-2.html,2,55,SAI,Carlos Sainz,Ferrari,39,1:35.782,+0.517s
2023,FORMULA 1 HEINEKEN SILVER LAS VEGAS,1225,practice_2,https://www.formula1.com/en/results.html/2023/races/1225/las-vegas/practice-2.html,3,14,ALO,Fernando Alonso,Aston Martin Aramco Mercedes,38,1:35.793,+0.528s
2023,FORMULA 1 HEINEKEN SILVER LAS VEGAS,1225,practice_2,https://www.formula1.com/en/results.html/2023/races/1225/las-vegas/practice-2.html,4,11,PER,Sergio Perez,Red Bull Racing Honda RBPT,36,1:36.085,+0.820s
2023,FORMULA 1 HEINEKEN SILVER LAS VEGAS,1225,practice_2,https://www.formula1.com/en/results.html/2023/races/1225/las-vegas/practice-2.html,5,77,BOT,Valtteri Bottas,Alfa Romeo Ferrari,36,1:36.129,+0.864s
2023,FORMULA 1 HEINEKEN SILVER LAS VEGAS,1225,practice_2,https://www.formula1.com/en/results.html/2023/races/1225/las-vegas/practice-2.html,6,1,VER,Max Verstappen,Red Bull Racing Honda RBPT,37,1:36.183,+0.918s
2023,FORMULA 1 HEINEKEN SILVER LAS VEGAS,1225,practice_2,https://www.formula1.com/en/results.html/2023/races/1225/las-vegas/practice-2.html,7,27,HUL,Nico Hulkenberg,Haas Ferrari,33,1:36.489,+1.224s
2023,FORMULA 1 HEINEKEN SILVER LAS VEGAS,1225,practice_2,https://www.formula1.com/en/results.html/2023/races/1225/las-vegas/practice-2.html,8,18,STR,Lance Stroll,Aston Martin Aramco Mercedes,41,1:36.496,+1.231s
2023,FORMULA 1 HEINEKEN SILVER LAS VEGAS,1225,practice_2,https://www.formula1.com/en/results.html/2023/races/1225/las-vegas/practice-2.html,9,44,HAM,Lewis Hamilton,Mercedes,42,1:36.663,+1.398s
2023,FORMULA 1 HEINEKEN SILVER LAS VEGAS,1225,practice_2,https://www.formula1.com/en/results.html/2023/races/1225/las-vegas/practice-2.html,10,23,ALB,Alexander Albon,Williams Mercedes,42,1:36.688,+1.423s
2023,FORMULA 1 HEINEKEN SILVER LAS VEGAS,1225,practice_2,https://www.formula1.com/en/results.html/2023/races/1225/las-vegas/practice-2.html,11,4,NOR,Lando Norris,McLaren Mercedes,33,1:36.864,+1.599s
2023,FORMULA 1 HEINEKEN SILVER LAS VEGAS,1225,practice_2,https://www.formula1.com/en/results.html/2023/races/1225/las-vegas/practice-2.html,12,63,RUS,George Russell,Mercedes,37,1:36.890,+1.625s
2023,FORMULA 1 HEINEKEN SILVER LAS VEGAS,1225,practice_2,https://www.formula1.com/en/results.html/2023/races/1225/las-vegas/practice-2.html,13,20,MAG,Kevin Magnussen,Haas Ferrari,37,1:36.917,+1.652s
2023,FORMULA 1 HEINEKEN SILVER LAS VEGAS,1225,practice_2,https://www.formula1.com/en/results.html/2023/races/1225/las-vegas/practice-2.html,14,81,PIA,Oscar Piastri,McLaren Mercedes,35,1:36.987,+1.722s
2023,FORMULA 1 HEINEKEN SILVER LAS VEGAS,1225,practice_2,https://www.formula1.com/en/results.html/2023/races/1225/las-vegas/practice-2.html,15,10,GAS,Pierre Gasly,Alpine Renault,33,1:37.134,+1.869s
2023,FORMULA 1 HEINEKEN SILVER LAS VEGAS,1225,practice_2,https://www.formula1.com/en/results.html/2023/races/1225/las-vegas/practice-2.html,16,31,OCO,Esteban Ocon,Alpine Renault,37,1:37.241,+1.976s
2023,FORMULA 1 HEINEKEN SILVER LAS VEGAS,1225,practice_2,https://www.formula1.com/en/results.html/2023/races/1225/las-vegas/practice-2.html,17,22,TSU,Yuki Tsunoda,AlphaTauri Honda RBPT,41,1:37.412,+2.147s
2023,FORMULA 1 HEINEKEN SILVER LAS VEGAS,1225,practice_2,https://www.formula1.com/en/results.html/2023/races/1225/las-vegas/practice-2.html,18,24,ZHO,Zhou Guanyu,Alfa Romeo Ferrari,36,1:37.656,+2.391s
2023,FORMULA 1 HEINEKEN SILVER LAS VEGAS,1225,practice_2,https://www.formula1.com/en/results.html/2023/races/1225/las-vegas/practice-2.html,19,3,RIC,Daniel Ricciardo,AlphaTauri Honda RBPT,40,1:37.680,+2.415s
2023,FORMULA 1 HEINEKEN SILVER LAS VEGAS,1225,practice_2,https://www.formula1.com/en/results.html/2023/races/1225/las-vegas/practice-2.html,20,2,SAR,Logan Sargeant,Williams Mercedes,42,1:38.140,+2.875s
2023,FORMULA 1 ETIHAD AIRWAYS ABU DHABI,1226,practice_2,https://www.formula1.com/en/results.html/2023/races/1226/abu-dhabi/practice-2.html,1,16,LEC,Charles Leclerc,Ferrari,16,1:24.809,
2023,FORMULA 1 ETIHAD AIRWAYS ABU DHABI,1226,practice_2,https://www.formula1.com/en/results.html/2023/races/1226/abu-dhabi/practice-2.html,2,4,NOR,Lando Norris,McLaren Mercedes,18,1:24.852,+0.043s
2023,FORMULA 1 ETIHAD AIRWAYS ABU DHABI,1226,practice_2,https://www.formula1.com/en/results.html/2023/races/1226/abu-dhabi/practice-2.html,3,1,VER,Max Verstappen,Red Bull Racing Honda RBPT,17,1:24.982,+0.173s
2023,FORMULA 1 ETIHAD AIRWAYS ABU DHABI,1226,practice_2,https://www.formula1.com/en/results.html/2023/races/1226/abu-dhabi/practice-2.html,4,77,BOT,Valtteri Bottas,Alfa Romeo Ferrari,16,1:25.024,+0.215s
2023,FORMULA 1 ETIHAD AIRWAYS ABU DHABI,1226,practice_2,https://www.formula1.com/en/results.html/2023/races/1226/abu-dhabi/practice-2.html,5,11,PER,Sergio Perez,Red Bull Racing Honda RBPT,17,1:25.112,+0.303s
2023,FORMULA 1 ETIHAD AIRWAYS ABU DHABI,1226,practice_2,https://www.formula1.com/en/results.html/2023/races/1226/abu-dhabi/practice-2.html,6,63,RUS,George Russell,Mercedes,17,1:25.122,+0.313s
2023,FORMULA 1 ETIHAD AIRWAYS ABU DHABI,1226,practice_2,https://www.formula1.com/en/results.html/2023/races/1226/abu-dhabi/practice-2.html,7,24,ZHO,Zhou Guanyu,Alfa Romeo Ferrari,18,1:25.223,+0.414s
2023,FORMULA 1 ETIHAD AIRWAYS ABU DHABI,1226,practice_2,https://www.formula1.com/en/results.html/2023/races/1226/abu-dhabi/practice-2.html,8,44,HAM,Lewis Hamilton,Mercedes,16,1:25.315,+0.506s
2023,FORMULA 1 ETIHAD AIRWAYS ABU DHABI,1226,practice_2,https://www.formula1.com/en/results.html/2023/races/1226/abu-dhabi/practice-2.html,9,10,GAS,Pierre Gasly,Alpine Renault,15,1:25.321,+0.512s
2023,FORMULA 1 ETIHAD AIRWAYS ABU DHABI,1226,practice_2,https://www.formula1.com/en/results.html/2023/races/1226/abu-dhabi/practice-2.html,10,81,PIA,Oscar Piastri,McLaren Mercedes,18,1:25.361,+0.552s
2023,FORMULA 1 ETIHAD AIRWAYS ABU DHABI,1226,practice_2,https://www.formula1.com/en/results.html/2023/races/1226/abu-dhabi/practice-2.html,11,14,ALO,Fernando Alonso,Aston Martin Aramco Mercedes,17,1:25.397,+0.588s
2023,FORMULA 1 ETIHAD AIRWAYS ABU DHABI,1226,practice_2,https://www.formula1.com/en/results.html/2023/races/1226/abu-dhabi/practice-2.html,12,3,RIC,Daniel Ricciardo,AlphaTauri Honda RBPT,16,1:25.467,+0.658s
2023,FORMULA 1 ETIHAD AIRWAYS ABU DHABI,1226,practice_2,https://www.formula1.com/en/results.html/2023/races/1226/abu-dhabi/practice-2.html,13,18,STR,Lance Stroll,Aston Martin Aramco Mercedes,17,1:25.492,+0.683s
2023,FORMULA 1 ETIHAD AIRWAYS ABU DHABI,1226,practice_2,https://www.formula1.com/en/results.html/2023/races/1226/abu-dhabi/practice-2.html,14,31,OCO,Esteban Ocon,Alpine Renault,17,1:25.566,+0.757s
2023,FORMULA 1 ETIHAD AIRWAYS ABU DHABI,1226,practice_2,https://www.formula1.com/en/results.html/2023/races/1226/abu-dhabi/practice-2.html,15,22,TSU,Yuki Tsunoda,AlphaTauri Honda RBPT,17,1:25.669,+0.860s
2023,FORMULA 1 ETIHAD AIRWAYS ABU DHABI,1226,practice_2,https://www.formula1.com/en/results.html/2023/races/1226/abu-dhabi/practice-2.html,16,23,ALB,Alexander Albon,Williams Mercedes,20,1:26.081,+1.272s
2023,FORMULA 1 ETIHAD AIRWAYS ABU DHABI,1226,practice_2,https://www.formula1.com/en/results.html/2023/races/1226/abu-dhabi/practice-2.html,17,20,MAG,Kevin Magnussen,Haas Ferrari,18,1:26.413,+1.604s
2023,FORMULA 1 ETIHAD AIRWAYS ABU DHABI,1226,practice_2,https://www.formula1.com/en/results.html/2023/races/1226/abu-dhabi/practice-2.html,18,2,SAR,Logan Sargeant,Williams Mercedes,17,1:26.659,+1.850s
2023,FORMULA 1 ETIHAD AIRWAYS ABU DHABI,1226,practice_2,https://www.formula1.com/en/results.html/2023/races/1226/abu-dhabi/practice-2.html,19,55,SAI,Carlos Sainz,Ferrari,4,1:26.707,+1.898s
2023,FORMULA 1 ETIHAD AIRWAYS ABU DHABI,1226,practice_2,https://www.formula1.com/en/results.html/2023/races/1226/abu-dhabi/practice-2.html,20,27,HUL,Nico Hulkenberg,Haas Ferrari,7,1:27.147,+2.338s
