year,race_name,race_id,result_type,url,position,driver_number,driver_code,driver_name,team,laps,lap_time,gap
2023,FORMULA 1 STC SAUDI ARABIAN,1142,practice_3,https://www.formula1.com/en/results.html/2023/races/1142/saudi-arabia/practice-3.html,1,1,VER,Max Verstappen,Red Bull Racing Honda RBPT,20,1:28.485,
2023,FORMULA 1 STC SAUDI ARABIAN,1142,practice_3,https://www.formula1.com/en/results.html/2023/races/1142/saudi-arabia/practice-3.html,2,11,PER,Sergio Perez,Red Bull Racing Honda RBPT,15,1:29.098,+0.613s
2023,FORMULA 1 STC SAUDI ARABIAN,1142,practice_3,https://www.formula1.com/en/results.html/2023/races/1142/saudi-arabia/practice-3.html,3,14,ALO,Fernando Alonso,Aston Martin Aramco Mercedes,21,1:29.483,+0.998s
2023,FORMULA 1 STC SAUDI ARABIAN,1142,practice_3,https://www.formula1.com/en/results.html/2023/races/1142/saudi-arabia/practice-3.html,4,18,STR,Lance Stroll,Aston Martin Aramco Mercedes,21,1:29.509,+1.024s
2023,FORMULA 1 STC SAUDI ARABIAN,1142,practice_3,https://www.formula1.com/en/results.html/2023/races/1142/saudi-arabia/practice-3.html,5,44,HAM,Lewis Hamilton,Mercedes,18,1:29.568,+1.083s
2023,FORMULA 1 STC SAUDI ARABIAN,1142,practice_3,https://www.formula1.com/en/results.html/2023/races/1142/saudi-arabia/practice-3.html,6,16,LEC,Charles Leclerc,Ferrari,16,1:29.588,+1.103s
2023,FORMULA 1 STC SAUDI ARABIAN,1142,practice_3,https://www.formula1.com/en/results.html/2023/races/1142/saudi-arabia/practice-3.html,7,4,NOR,Lando Norris,McLaren Mercedes,18,1:29.690,+1.205s
2023,FORMULA 1 STC SAUDI ARABIAN,1142,practice_3,https://www.formula1.com/en/results.html/2023/races/1142/saudi-arabia/practice-3.html,8,81,PIA,Oscar Piastri,McLaren Mercedes,23,1:29.698,+1.213s
2023,FORMULA 1 STC SAUDI ARABIAN,1142,practice_3,https://www.formula1.com/en/results.html/2023/races/1142/saudi-arabia/practice-3.html,9,10,GAS,Pierre Gasly,Alpine Renault,19,1:29.701,+1.216s
2023,FORMULA 1 STC SAUDI ARABIAN,1142,practice_3,https://www.formula1.com/en/results.html/2023/races/1142/saudi-arabia/practice-3.html,10,55,SAI,Carlos Sainz,Ferrari,16,1:29.761,+1.276s
2023,FORMULA 1 STC SAUDI ARABIAN,1142,practice_3,https://www.formula1.com/en/results.html/2023/races/1142/saudi-arabia/practice-3.html,11,63,RUS,George Russell,Mercedes,19,1:29.811,+1.326s
2023,FORMULA 1 STC SAUDI ARABIAN,1142,practice_3,https://www.formula1.com/en/results.html/2023/races/1142/saudi-arabia/practice-3.html,12,24,ZHO,Zhou Guanyu,Alfa Romeo Ferrari,21,1:29.917,+1.432s
2023,FORMULA 1 STC SAUDI ARABIAN,1142,practice_3,https://www.formula1.com/en/results.html/2023/races/1142/saudi-arabia/practice-3.html,13,27,HUL,Nico Hulkenberg,Haas Ferrari,19,1:29.933,+1.448s
2023,FORMULA 1 STC SAUDI ARABIAN,1142,practice_3,https://www.formula1.com/en/results.html/2023/races/1142/saudi-arabia/practice-3.html,14,31,OCO,Esteban Ocon,Alpine Renault,19,1:29.953,+1.468s
2023,FORMULA 1 STC SAUDI ARABIAN,1142,practice_3,https://www.formula1.com/en/results.html/2023/races/1142/saudi-arabia/practice-3.html,15,23,ALB,Alexander Albon,Williams Mercedes,18,1:29.983,+1.498s
2023,FORMULA 1 STC SAUDI ARABIAN,1142,practice_3,https://www.formula1.com/en/results.html/2023/races/1142/saudi-arabia/practice-3.html,16,2,SAR,Logan Sargeant,Williams Mercedes,18,1:30.035,+1.550s
2023,FORMULA 1 STC SAUDI ARABIAN,1142,practice_3,https://www.formula1.com/en/results.html/2023/races/1142/saudi-arabia/practice-3.html,17,20,MAG,Kevin Magnussen,Haas Ferrari,15,1:30.131,+1.646s
2023,FORMULA 1 STC SAUDI ARABIAN,1142,practice_3,https://www.formula1.com/en/results.html/2023/races/1142/saudi-arabia/practice-3.html,18,77,BOT,Valtteri Bottas,Alfa Romeo Ferrari,20,1:30.317,+1.832s
2023,FORMULA 1 STC SAUDI ARABIAN,1142,practice_3,https://www.formula1.com/en/results.html/2023/races/1142/saudi-arabia/practice-3.html,19,22,TSU,Yuki Tsunoda,AlphaTauri Honda RBPT,20,1:30.797,+2.312s
2023,FORMULA 1 ROLEX AUSTRALIAN,1143,practice_3,https://www.formula1.com/en/results.html/2023/races/1143/australia/practice-3.html,1,1,VER,Max Verstappen,Red Bull Racing Honda RBPT,24,1:17.565,
2023,FORMULA 1 ROLEX AUSTRALIAN,1143,practice_3,https://www.formula1.com/en/results.html/2023/races/1143/australia/practice-3.html,2,14,ALO,Fernando Alonso,Aston Martin Aramco Mercedes,26,1:17.727,+0.162s
2023,FORMULA 1 ROLEX AUSTRALIAN,1143,practice_3,https://www.formula1.com/en/results.html/2023/races/1143/australia/practice-3.html,3,31,OCO,Esteban Ocon,Alpine Renault,23,1:17.938,+0.373s
2023,FORMULA 1 ROLEX AUSTRALIAN,1143,practice_3,https://www.formula1.com/en/results.html/2023/races/1143/australia/practice-3.html,4,63,RUS,George Russell,Mercedes,23,1:17.955,+0.390s
2023,FORMULA 1 ROLEX AUSTRALIAN,1143,practice_3,https://www.formula1.com/en/results.html/2023/races/1143/australia/practice-3.html,5,10,GAS,Pierre Gasly,Alpine Renault,23,1:18.094,+0.529s
2023,FORMULA 1 ROLEX AUSTRALIAN,1143,practice_3,https://www.formula1.com/en/results.html/2023/races/1143/australia/practice-3.html,6,11,PER,Sergio Perez,Red Bull Racing Honda RBPT,18,1:18.123,+0.558s
2023,FORMULA 1 ROLEX AUSTRALIAN,1143,practice_3,https://www.formula1.com/en/results.html/2023/races/1143/australia/practice-3.html,7,55,SAI,Carlos Sainz,Ferrari,29,1:18.127,+0.562s
2023,FORMULA 1 ROLEX AUSTRALIAN,1143,practice_3,https://www.formula1.com/en/results.html/2023/races/1143/australia/practice-3.html,8,44,HAM,Lewis Hamilton,Mercedes,25,1:18.138,+0.573s
2023,FORMULA 1 ROLEX AUSTRALIAN,1143,practice_3,https://www.formula1.com/en/results.html/2023/races/1143/australia/practice-3.html,9,18,STR,Lance Stroll,Aston Martin Aramco Mercedes,22,1:18.198,+0.633s
2023,FORMULA 1 ROLEX AUSTRALIAN,1143,practice_3,https://www.formula1.com/en/results.html/2023/races/1143/australia/practice-3.html,10,24,ZHO,Zhou Guanyu,Alfa Romeo Ferrari,20,1:18.330,+0.765s
2023,FORMULA 1 ROLEX AUSTRALIAN,1143,practice_3,https://www.formula1.com/en/results.html/2023/races/1143/australia/practice-3.html,11,27,HUL,Nico Hulkenberg,Haas Ferrari,24,1:18.410,+0.845s
2023,FORMULA 1 ROLEX AUSTRALIAN,1143,practice_3,https://www.formula1.com/en/results.html/2023/races/1143/australia/practice-3.html,12,23,ALB,Alexander Albon,Williams Mercedes,21,1:18.553,+0.988s
2023,FORMULA 1 ROLEX AUSTRALIAN,1143,practice_3,https://www.formula1.com/en/results.html/2023/races/1143/australia/practice-3.html,13,16,LEC,Charles Leclerc,Ferrari,28,1:18.691,+1.126s
2023,FORMULA 1 ROLEX AUSTRALIAN,1143,practice_3,https://www.formula1.com/en/results.html/2023/races/1143/australia/practice-3.html,14,81,PIA,Oscar Piastri,McLaren Mercedes,21,1:18.713,+1.148s
2023,FORMULA 1 ROLEX AUSTRALIAN,1143,practice_3,https://www.formula1.com/en/results.html/2023/races/1143/australia/practice-3.html,15,77,BOT,Valtteri Bottas,Alfa Romeo Ferrari,24,1:18.809,+1.244s
2023,FORMULA 1 ROLEX AUSTRALIAN,1143,practice_3,https://www.formula1.com/en/results.html/2023/races/1143/australia/practice-3.html,16,22,TSU,Yuki Tsunoda,AlphaTauri Honda RBPT,22,1:18.901,+1.336s
2023,FORMULA 1 ROLEX AUSTRALIAN,1143,practice_3,https://www.formula1.com/en/results.html/2023/races/1143/australia/practice-3.html,17,2,SAR,Logan Sargeant,Williams Mercedes,20,1:18.947,+1.382s
2023,FORMULA 1 ROLEX AUSTRALIAN,1143,practice_3,https://www.formula1.com/en/results.html/2023/races/1143/australia/practice-3.html,18,20,MAG,Kevin Magnussen,Haas Ferrari,26,1:19.056,+1.491s
2023,FORMULA 1 ROLEX AUSTRALIAN,1143,practice_3,https://www.formula1.com/en/results.html/2023/races/1143/australia/practice-3.html,19,21,DEV,Nyck De Vries,AlphaTauri Honda RBPT,23,1:19.092,+1.527s
2023,FORMULA 1 ROLEX AUSTRALIAN,1143,practice_3,https://www.formula1.com/en/results.html/2023/races/1143/australia/practice-3.html,20,4,NOR,Lando Norris,McLaren Mercedes,12,1:19.146,+1.581s
2023,COM MIAMI,1208,practice_3,https://www.formula1.com/en/results.html/2023/races/1208/miami/practice-3.html,1,1,VER,Max Verstappen,Red Bull Racing Honda RBPT,18,1:27.535,
2023,COM MIAMI,1208,practice_3,https://www.formula1.com/en/results.html/2023/races/1208/miami/practice-3.html,2,16,LEC,Charles Leclerc,Ferrari,26,1:27.941,+0.406s
2023,COM MIAMI,1208,practice_3,https://www.formula1.com/en/results.html/2023/races/1208/miami/practice-3.html,3,11,PER,Sergio Perez,Red Bull Racing Honda RBPT,22,1:28.050,+0.515s
2023,COM MIAMI,1208,practice_3,https://www.formula1.com/en/results.html/2023/races/1208/miami/practice-3.html,4,55,SAI,Carlos Sainz,Ferrari,27,1:28.125,+0.590s
2023,COM MIAMI,1208,practice_3,https://www.formula1.com/en/results.html/2023/races/1208/miami/practice-3.html,5,31,OCO,Esteban Ocon,Alpine Renault,25,1:28.407,+0.872s
2023,COM MIAMI,1208,practice_3,https://www.formula1.com/en/results.html/2023/races/1208/miami/practice-3.html,6,10,GAS,Pierre Gasly,Alpine Renault,24,1:28.428,+0.893s
2023,COM MIAMI,1208,practice_3,https://www.formula1.com/en/results.html/2023/races/1208/miami/practice-3.html,7,77,BOT,Valtteri Bottas,Alfa Romeo Ferrari,19,1:28.456,+0.921s
2023,COM MIAMI,1208,practice_3,https://www.formula1.com/en/results.html/2023/races/1208/miami/practice-3.html,8,27,HUL,Nico Hulkenberg,Haas Ferrari,16,1:28.497,+0.962s
2023,COM MIAMI,1208,practice_3,https://www.formula1.com/en/results.html/2023/races/1208/miami/practice-3.html,9,23,ALB,Alexander Albon,Williams Mercedes,20,1:28.561,+1.026s
2023,COM MIAMI,1208,practice_3,https://www.formula1.com/en/results.html/2023/races/1208/miami/practice-3.html,10,63,RUS,George Russell,Mercedes,20,1:28.606,+1.071s
2023,COM MIAMI,1208,practice_3,https://www.formula1.com/en/results.html/2023/races/1208/miami/practice-3.html,11,20,MAG,Kevin Magnussen,Haas Ferrari,14,1:28.607,+1.072s
2023,COM MIAMI,1208,practice_3,https://www.formula1.com/en/results.html/2023/races/1208/miami/practice-3.html,12,14,ALO,Fernando Alonso,Aston Martin Aramco Mercedes,24,1:28.618,+1.083s
2023,COM MIAMI,1208,practice_3,https://www.formula1.com/en/results.html/2023/races/1208/miami/practice-3.html,13,44,HAM,Lewis Hamilton,Mercedes,23,1:28.718,+1.183s
2023,COM MIAMI,1208,practice_3,https://www.formula1.com/en/results.html/2023/races/1208/miami/practice-3.html,14,18,STR,Lance Stroll,Aston Martin Aramco Mercedes,24,1:28.723,+1.188s
2023,COM MIAMI,1208,practice_3,https://www.formula1.com/en/results.html/2023/races/1208/miami/practice-3.html,15,24,ZHO,Zhou Guanyu,Alfa Romeo Ferrari,19,1:29.074,+1.539s
2023,COM MIAMI,1208,practice_3,https://www.formula1.com/en/results.html/2023/races/1208/miami/practice-3.html,16,22,TSU,Yuki Tsunoda,AlphaTauri Honda RBPT,20,1:29.179,+1.644s
2023,COM MIAMI,1208,practice_3,https://www.formula1.com/en/results.html/2023/races/1208/miami/practice-3.html,17,2,SAR,Logan Sargeant,Williams Mercedes,20,1:29.264,+1.729s
2023,COM MIAMI,1208,practice_3,https://www.formula1.com/en/results.html/2023/races/1208/miami/practice-3.html,18,81,PIA,Oscar Piastri,McLaren Mercedes,18,1:29.375,+1.840s
2023,COM MIAMI,1208,practice_3,https://www.formula1.com/en/results.html/2023/races/1208/miami/practice-3.html,19,4,NOR,Lando Norris,McLaren Mercedes,18,1:29.401,+1.866s
2023,COM MIAMI,1208,practice_3,https://www.formula1.com/en/results.html/2023/races/1208/miami/practice-3.html,20,21,DEV,Nyck De Vries,AlphaTauri Honda RBPT,22,1:29.447,+1.912s
2023,FORMULA 1 GRAND PRIX DE MONACO,1210,practice_3,https://www.formula1.com/en/results.html/2023/races/1210/monaco/practice-3.html,1,1,VER,Max Verstappen,Red Bull Racing Honda RBPT,19,1:12.776,
2023,FORMULA 1 GRAND PRIX DE MONACO,1210,practice_3,https://www.formula1.com/en/results.html/2023/races/1210/monaco/practice-3.html,2,11,PER,Sergio Perez,Red Bull Racing Honda RBPT,24,1:12.849,+0.073s
2023,FORMULA 1 GRAND PRIX DE MONACO,1210,practice_3,https://www.formula1.com/en/results.html/2023/races/1210/monaco/practice-3.html,3,18,STR,Lance Stroll,Aston Martin Aramco Mercedes,20,1:12.942,+0.166s
2023,FORMULA 1 GRAND PRIX DE MONACO,1210,practice_3,https://www.formula1.com/en/results.html/2023/races/1210/monaco/practice-3.html,4,55,SAI,Carlos Sainz,Ferrari,20,1:13.261,+0.485s
2023,FORMULA 1 GRAND PRIX DE MONACO,1210,practice_3,https://www.formula1.com/en/results.html/2023/races/1210/monaco/practice-3.html,5,4,NOR,Lando Norris,McLaren Mercedes,21,1:13.396,+0.620s
2023,FORMULA 1 GRAND PRIX DE MONACO,1210,practice_3,https://www.formula1.com/en/results.html/2023/races/1210/monaco/practice-3.html,6,10,GAS,Pierre Gasly,Alpine Renault,24,1:13.453,+0.677s
2023,FORMULA 1 GRAND PRIX DE MONACO,1210,practice_3,https://www.formula1.com/en/results.html/2023/races/1210/monaco/practice-3.html,7,16,LEC,Charles Leclerc,Ferrari,19,1:13.475,+0.699s
2023,FORMULA 1 GRAND PRIX DE MONACO,1210,practice_3,https://www.formula1.com/en/results.html/2023/races/1210/monaco/practice-3.html,8,44,HAM,Lewis Hamilton,Mercedes,17,1:13.486,+0.710s
2023,FORMULA 1 GRAND PRIX DE MONACO,1210,practice_3,https://www.formula1.com/en/results.html/2023/races/1210/monaco/practice-3.html,9,31,OCO,Esteban Ocon,Alpine Renault,18,1:13.496,+0.720s
2023,FORMULA 1 GRAND PRIX DE MONACO,1210,practice_3,https://www.formula1.com/en/results.html/2023/races/1210/monaco/practice-3.html,10,77,BOT,Valtteri Bottas,Alfa Romeo Ferrari,20,1:13.521,+0.745s
2023,FORMULA 1 GRAND PRIX DE MONACO,1210,practice_3,https://www.formula1.com/en/results.html/2023/races/1210/monaco/practice-3.html,11,63,RUS,George Russell,Mercedes,18,1:13.590,+0.814s
2023,FORMULA 1 GRAND PRIX DE MONACO,1210,practice_3,https://www.formula1.com/en/results.html/2023/races/1210/monaco/practice-3.html,12,20,MAG,Kevin Magnussen,Haas Ferrari,13,1:13.624,+0.848s
2023,FORMULA 1 GRAND PRIX DE MONACO,1210,practice_3,https://www.formula1.com/en/results.html/2023/races/1210/monaco/practice-3.html,13,27,HUL,Nico Hulkenberg,Haas Ferrari,16,1:13.650,+0.874s
2023,FORMULA 1 GRAND PRIX DE MONACO,1210,practice_3,https://www.formula1.com/en/results.html/2023/races/1210/monaco/practice-3.html,14,14,ALO,Fernando Alonso,Aston Martin Aramco Mercedes,18,1:13.697,+0.921s
2023,FORMULA 1 GRAND PRIX DE MONACO,1210,practice_3,https://www.formula1.com/en/results.html/2023/races/1210/monaco/practice-3.html,15,22,TSU,Yuki Tsunoda,AlphaTauri Honda RBPT,21,1:13.738,+0.962s
2023,FORMULA 1 GRAND PRIX DE MONACO,1210,practice_3,https://www.formula1.com/en/results.html/2023/races/1210/monaco/practice-3.html,16,24,ZHO,Zhou Guanyu,Alfa Romeo Ferrari,20,1:13.772,+0.996s
2023,FORMULA 1 GRAND PRIX DE MONACO,1210,practice_3,https://www.formula1.com/en/results.html/2023/races/1210/monaco/practice-3.html,17,2,SAR,Logan Sargeant,Williams Mercedes,19,1:13.851,+1.075s
2023,FORMULA 1 GRAND PRIX DE MONACO,1210,practice_3,https://www.formula1.com/en/results.html/2023/races/1210/monaco/practice-3.html,18,23,ALB,Alexander Albon,Williams Mercedes,23,1:13.930,+1.154s
2023,FORMULA 1 GRAND PRIX DE MONACO,1210,practice_3,https://www.formula1.com/en/results.html/2023/races/1210/monaco/practice-3.html,19,81,PIA,Oscar Piastri,McLaren Mercedes,18,1:13.998,+1.222s
2023,FORMULA 1 GRAND PRIX DE MONACO,1210,practice_3,https://www.formula1.com/en/results.html/2023/races/1210/monaco/practice-3.html,20,21,DEV,Nyck De Vries,AlphaTauri Honda RBPT,24,1:14.187,+1.411s
2023,FORMULA 1 AWS GRAN PREMIO DE ESPAÑA,1211,practice_3,https://www.formula1.com/en/results.html/2023/races/1211/spain/practice-3.html,1,1,VER,Max Verstappen,Red Bull Racing Honda RBPT,14,1:13.664,
2023,FORMULA 1 AWS GRAN PREMIO DE ESPAÑA,1211,practice_3,https://www.formula1.com/en/results.html/2023/races/1211/spain/practice-3.html,2,11,PER,Sergio Perez,Red Bull Racing Honda RBPT,14,1:13.914,+0.250s
2023,FORMULA 1 AWS GRAN PREMIO DE ESPAÑA,1211,practice_3,https://www.formula1.com/en/results.html/2023/races/1211/spain/practice-3.html,3,44,HAM,Lewis Hamilton,Mercedes,9,1:14.072,+0.408s
2023,FORMULA 1 AWS GRAN PREMIO DE ESPAÑA,1211,practice_3,https://www.formula1.com/en/results.html/2023/races/1211/spain/practice-3.html,4,55,SAI,Carlos Sainz,Ferrari,20,1:14.240,+0.576s
2023,FORMULA 1 AWS GRAN PREMIO DE ESPAÑA,1211,practice_3,https://www.formula1.com/en/results.html/2023/races/1211/spain/practice-3.html,5,14,ALO,Fernando Alonso,Aston Martin Aramco Mercedes,14,1:14.264,+0.600s
2023,FORMULA 1 AWS GRAN PREMIO DE ESPAÑA,1211,practice_3,https://www.formula1.com/en/results.html/2023/races/1211/spain/practice-3.html,6,63,RUS,George Russell,Mercedes,16,1:14.278,+0.614s
2023,FORMULA 1 AWS GRAN PREMIO DE ESPAÑA,1211,practice_3,https://www.formula1.com/en/results.html/2023/races/1211/spain/practice-3.html,7,16,LEC,Charles Leclerc,Ferrari,18,1:14.353,+0.689s
2023,FORMULA 1 AWS GRAN PREMIO DE ESPAÑA,1211,practice_3,https://www.formula1.com/en/results.html/2023/races/1211/spain/practice-3.html,8,77,BOT,Valtteri Bottas,Alfa Romeo Ferrari,15,1:14.360,+0.696s
2023,FORMULA 1 AWS GRAN PREMIO DE ESPAÑA,1211,practice_3,https://www.formula1.com/en/results.html/2023/races/1211/spain/practice-3.html,9,22,TSU,Yuki Tsunoda,AlphaTauri Honda RBPT,16,1:14.659,+0.995s
2023,FORMULA 1 AWS GRAN PREMIO DE ESPAÑA,1211,practice_3,https://www.formula1.com/en/results.html/2023/races/1211/spain/practice-3.html,10,4,NOR,Lando Norris,McLaren Mercedes,20,1:14.681,+1.017s
2023,FORMULA 1 AWS GRAN PREMIO DE ESPAÑA,1211,practice_3,https://www.formula1.com/en/results.html/2023/races/1211/spain/practice-3.html,11,24,ZHO,Zhou Guanyu,Alfa Romeo Ferrari,15,1:14.681,+1.017s
2023,FORMULA 1 AWS GRAN PREMIO DE ESPAÑA,1211,practice_3,https://www.formula1.com/en/results.html/2023/races/1211/spain/practice-3.html,12,21,DEV,Nyck De Vries,AlphaTauri Honda RBPT,18,1:14.693,+1.029s
2023,FORMULA 1 AWS GRAN PREMIO DE ESPAÑA,1211,practice_3,https://www.formula1.com/en/results.html/2023/races/1211/spain/practice-3.html,13,18,STR,Lance Stroll,Aston Martin Aramco Mercedes,14,1:14.756,+1.092s
2023,FORMULA 1 AWS GRAN PREMIO DE ESPAÑA,1211,practice_3,https://www.formula1.com/en/results.html/2023/races/1211/spain/practice-3.html,14,27,HUL,Nico Hulkenberg,Haas Ferrari,12,1:14.988,+1.324s
2023,FORMULA 1 AWS GRAN PREMIO DE ESPAÑA,1211,practice_3,https://www.formula1.com/en/results.html/2023/races/1211/spain/practice-3.html,15,81,PIA,Oscar Piastri,McLaren Mercedes,17,1:15.105,+1.441s
2023,FORMULA 1 AWS GRAN PREMIO DE ESPAÑA,1211,practice_3,https://www.formula1.com/en/results.html/2023/races/1211/spain/practice-3.html,16,31,OCO,Esteban Ocon,Alpine Renault,15,1:15.266,+1.602s
2023,FORMULA 1 AWS GRAN PREMIO DE ESPAÑA,1211,practice_3,https://www.formula1.com/en/results.html/2023/races/1211/spain/practice-3.html,17,20,MAG,Kevin Magnussen,Haas Ferrari,12,1:15.534,+1.870s
2023,FORMULA 1 AWS GRAN PREMIO DE ESPAÑA,1211,practice_3,https://www.formula1.com/en/results.html/2023/races/1211/spain/practice-3.html,18,10,GAS,Pierre Gasly,Alpine Renault,14,1:15.841,+2.177s
2023,FORMULA 1 AWS GRAN PREMIO DE ESPAÑA,1211,practice_3,https://www.formula1.com/en/results.html/2023/races/1211/spain/practice-3.html,19,23,ALB,Alexander Albon,Williams Mercedes,13,1:15.851,+2.187s
2023,FORMULA 1 AWS GRAN PREMIO DE ESPAÑA,1211,practice_3,https://www.formula1.com/en/results.html/2023/races/1211/spain/practice-3.html,20,2,SAR,Logan Sargeant,Williams Mercedes,5,1:16.529,+2.865s
2023,FORMULA 1 PIRELLI GRAND PRIX DU CANADA,1212,practice_3,https://www.formula1.com/en/results.html/2023/races/1212/canada/practice-3.html,1,1,VER,Max Verstappen,Red Bull Racing Honda RBPT,22,1:23.106,
2023,FORMULA 1 PIRELLI GRAND PRIX DU CANADA,1212,practice_3,https://www.formula1.com/en/results.html/2023/races/1212/canada/practice-3.html,2,16,LEC,Charles Leclerc,Ferrari,22,1:23.397,+0.291s
2023,FORMULA 1 PIRELLI GRAND PRIX DU CANADA,1212,practice_3,https://www.formula1.com/en/results.html/2023/races/1212/canada/practice-3.html,3,14,ALO,Fernando Alonso,Aston Martin Aramco Mercedes,18,1:24.483,+1.377s
2023,FORMULA 1 PIRELLI GRAND PRIX DU CANADA,1212,practice_3,https://www.formula1.com/en/results.html/2023/races/1212/canada/practice-3.html,4,20,MAG,Kevin Magnussen,Haas Ferrari,23,1:24.715,+1.609s
2023,FORMULA 1 PIRELLI GRAND PRIX DU CANADA,1212,practice_3,https://www.formula1.com/en/results.html/2023/races/1212/canada/practice-3.html,5,55,SAI,Carlos Sainz,Ferrari,14,1:24.765,+1.659s
2023,FORMULA 1 PIRELLI GRAND PRIX DU CANADA,1212,practice_3,https://www.formula1.com/en/results.html/2023/races/1212/canada/practice-3.html,6,10,GAS,Pierre Gasly,Alpine Renault,19,1:24.825,+1.719s
2023,FORMULA 1 PIRELLI GRAND PRIX DU CANADA,1212,practice_3,https://www.formula1.com/en/results.html/2023/races/1212/canada/practice-3.html,7,18,STR,Lance Stroll,Aston Martin Aramco Mercedes,22,1:24.944,+1.838s
2023,FORMULA 1 PIRELLI GRAND PRIX DU CANADA,1212,practice_3,https://www.formula1.com/en/results.html/2023/races/1212/canada/practice-3.html,8,22,TSU,Yuki Tsunoda,AlphaTauri Honda RBPT,24,1:24.955,+1.849s
2023,FORMULA 1 PIRELLI GRAND PRIX DU CANADA,1212,practice_3,https://www.formula1.com/en/results.html/2023/races/1212/canada/practice-3.html,9,77,BOT,Valtteri Bottas,Alfa Romeo Ferrari,22,1:24.988,+1.882s
2023,FORMULA 1 PIRELLI GRAND PRIX DU CANADA,1212,practice_3,https://www.formula1.com/en/results.html/2023/races/1212/canada/practice-3.html,10,44,HAM,Lewis Hamilton,Mercedes,20,1:25.087,+1.981s
2023,FORMULA 1 PIRELLI GRAND PRIX DU CANADA,1212,practice_3,https://www.formula1.com/en/results.html/2023/races/1212/canada/practice-3.html,11,27,HUL,Nico Hulkenberg,Haas Ferrari,20,1:25.140,+2.034s
2023,FORMULA 1 PIRELLI GRAND PRIX DU CANADA,1212,practice_3,https://www.formula1.com/en/results.html/2023/races/1212/canada/practice-3.html,12,81,PIA,Oscar Piastri,McLaren Mercedes,25,1:25.191,+2.085s
2023,FORMULA 1 PIRELLI GRAND PRIX DU CANADA,1212,practice_3,https://www.formula1.com/en/results.html/2023/races/1212/canada/practice-3.html,13,4,NOR,Lando Norris,McLaren Mercedes,21,1:25.198,+2.092s
2023,FORMULA 1 PIRELLI GRAND PRIX DU CANADA,1212,practice_3,https://www.formula1.com/en/results.html/2023/races/1212/canada/practice-3.html,14,23,ALB,Alexander Albon,Williams Mercedes,21,1:25.379,+2.273s
2023,FORMULA 1 PIRELLI GRAND PRIX DU CANADA,1212,practice_3,https://www.formula1.com/en/results.html/2023/races/1212/canada/practice-3.html,15,63,RUS,George Russell,Mercedes,20,1:25.435,+2.329s
2023,FORMULA 1 PIRELLI GRAND PRIX DU CANADA,1212,practice_3,https://www.formula1.com/en/results.html/2023/races/1212/canada/practice-3.html,16,21,DEV,Nyck De Vries,AlphaTauri Honda RBPT,24,1:25.725,+2.619s
2023,FORMULA 1 PIRELLI GRAND PRIX DU CANADA,1212,practice_3,https://www.formula1.com/en/results.html/2023/races/1212/canada/practice-3.html,17,11,PER,Sergio Perez,Red Bull Racing Honda RBPT,20,1:25.857,+2.751s
2023,FORMULA 1 PIRELLI GRAND PRIX DU CANADA,1212,practice_3,https://www.formula1.com/en/results.html/2023/races/1212/canada/practice-3.html,18,24,ZHO,Zhou Guanyu,Alfa Romeo Ferrari,23,1:26.750,+3.644s
2023,FORMULA 1 PIRELLI GRAND PRIX DU CANADA,1212,practice_3,https://www.formula1.com/en/results.html/2023/races/1212/canada/practice-3.html,19,31,OCO,Esteban Ocon,Alpine Renault,10,1:26.840,+3.734s
2023,FORMULA 1 PIRELLI GRAND PRIX DU CANADA,1212,practice_3,https://www.formula1.com/en/results.html/2023/races/1212/canada/practice-3.html,20,2,SAR,Logan Sargeant,Williams Mercedes,16,1:27.279,+4.173s
2023,FORMULA 1 ARAMCO BRITISH,1214,practice_3,https://www.formula1.com/en/results.html/2023/races/1214/great-britain/practice-3.html,1,16,LEC,Charles Leclerc,Ferrari,24,1:27.419,
2023,FORMULA 1 ARAMCO BRITISH,1214,practice_3,https://www.formula1.com/en/results.html/2023/races/1214/great-britain/practice-3.html,2,23,ALB,Alexander Albon,Williams Mercedes,14,1:27.592,+0.173s
2023,FORMULA 1 ARAMCO BRITISH,1214,practice_3,https://www.formula1.com/en/results.html/2023/races/1214/great-britain/practice-3.html,3,14,ALO,Fernando Alonso,Aston Martin Aramco Mercedes,17,1:27.784,+0.365s
2023,FORMULA 1 ARAMCO BRITISH,1214,practice_3,https://www.formula1.com/en/results.html/2023/races/1214/great-britain/practice-3.html,4,10,GAS,Pierre Gasly,Alpine Renault,19,1:27.893,+0.474s
2023,FORMULA 1 ARAMCO BRITISH,1214,practice_3,https://www.formula1.com/en/results.html/2023/races/1214/great-britain/practice-3.html,5,44,HAM,Lewis Hamilton,Mercedes,16,1:27.948,+0.529s
2023,FORMULA 1 ARAMCO BRITISH,1214,practice_3,https://www.formula1.com/en/results.html/2023/races/1214/great-britain/practice-3.html,6,55,SAI,Carlos Sainz,Ferrari,21,1:27.964,+0.545s
2023,FORMULA 1 ARAMCO BRITISH,1214,practice_3,https://www.formula1.com/en/results.html/2023/races/1214/great-britain/practice-3.html,7,2,SAR,Logan Sargeant,Williams Mercedes,16,1:28.151,+0.732s
2023,FORMULA 1 ARAMCO BRITISH,1214,practice_3,https://www.formula1.com/en/results.html/2023/races/1214/great-britain/practice-3.html,8,1,VER,Max Verstappen,Red Bull Racing Honda RBPT,19,1:28.266,+0.847s
2023,FORMULA 1 ARAMCO BRITISH,1214,practice_3,https://www.formula1.com/en/results.html/2023/races/1214/great-britain/practice-3.html,9,63,RUS,George Russell,Mercedes,17,1:28.284,+0.865s
2023,FORMULA 1 ARAMCO BRITISH,1214,practice_3,https://www.formula1.com/en/results.html/2023/races/1214/great-britain/practice-3.html,10,22,TSU,Yuki Tsunoda,AlphaTauri Honda RBPT,21,1:28.337,+0.918s
2023,FORMULA 1 ARAMCO BRITISH,1214,practice_3,https://www.formula1.com/en/results.html/2023/races/1214/great-britain/practice-3.html,11,21,DEV,Nyck De Vries,AlphaTauri Honda RBPT,20,1:28.504,+1.085s
2023,FORMULA 1 ARAMCO BRITISH,1214,practice_3,https://www.formula1.com/en/results.html/2023/races/1214/great-britain/practice-3.html,12,4,NOR,Lando Norris,McLaren Mercedes,18,1:28.563,+1.144s
2023,FORMULA 1 ARAMCO BRITISH,1214,practice_3,https://www.formula1.com/en/results.html/2023/races/1214/great-britain/practice-3.html,13,18,STR,Lance Stroll,Aston Martin Aramco Mercedes,15,1:28.620,+1.201s
2023,FORMULA 1 ARAMCO BRITISH,1214,practice_3,https://www.formula1.com/en/results.html/2023/races/1214/great-britain/practice-3.html,14,11,PER,Sergio Perez,Red Bull Racing Honda RBPT,19,1:28.904,+1.485s
2023,FORMULA 1 ARAMCO BRITISH,1214,practice_3,https://www.formula1.com/en/results.html/2023/races/1214/great-britain/practice-3.html,15,20,MAG,Kevin Magnussen,Haas Ferrari,13,1:29.207,+1.788s
2023,FORMULA 1 ARAMCO BRITISH,1214,practice_3,https://www.formula1.com/en/results.html/2023/races/1214/great-britain/practice-3.html,16,31,OCO,Esteban Ocon,Alpine Renault,22,1:29.233,+1.814s
2023,FORMULA 1 ARAMCO BRITISH,1214,practice_3,https://www.formula1.com/en/results.html/2023/races/1214/great-britain/practice-3.html,17,81,PIA,Oscar Piastri,McLaren Mercedes,20,1:29.437,+2.018s
2023,FORMULA 1 ARAMCO BRITISH,1214,practice_3,https://www.formula1.com/en/results.html/2023/races/1214/great-britain/practice-3.html,18,77,BOT,Valtteri Bottas,Alfa Romeo Ferrari,15,1:29.586,+2.167s
2023,FORMULA 1 ARAMCO BRITISH,1214,practice_3,https://www.formula1.com/en/results.html/2023/races/1214/great-britain/practice-3.html,19,27,HUL,Nico Hulkenberg,Haas Ferrari,13,1:33.590,+6.171s
2023,FORMULA 1 ARAMCO BRITISH,1214,practice_3,https://www.formula1.com/en/results.html/2023/races/1214/great-britain/practice-3.html,20,24,ZHO,Zhou Guanyu,Alfa Romeo Ferrari,2,,
2023,FORMULA 1 QATAR AIRWAYS HUNGARIAN,1215,practice_3,https://www.formula1.com/en/results.html/2023/races/1215/hungary/practice-3.html,1,44,HAM,Lewis Hamilton,Mercedes,20,1:17.811,
2023,FORMULA 1 QATAR AIRWAYS HUNGARIAN,1215,practice_3,https://www.formula1.com/en/results.html/2023/races/1215/hungary/practice-3.html,2,1,VER,Max Verstappen,Red Bull Racing Honda RBPT,23,1:18.061,+0.250s
2023,FORMULA 1 QATAR AIRWAYS HUNGARIAN,1215,practice_3,https://www.formula1.com/en/results.html/2023/races/1215/hungary/practice-3.html,3,11,PER,Sergio Perez,Red Bull Racing Honda RBPT,25,1:18.067,+0.256s
2023,FORMULA 1 QATAR AIRWAYS HUNGARIAN,1215,practice_3,https://www.formula1.com/en/results.html/2023/races/1215/hungary/practice-3.html,4,27,HUL,Nico Hulkenberg,Haas Ferrari,21,1:18.077,+0.266s
2023,FORMULA 1 QATAR AIRWAYS HUNGARIAN,1215,practice_3,https://www.formula1.com/en/results.html/2023/races/1215/hungary/practice-3.html,5,4,NOR,Lando Norris,McLaren Mercedes,19,1:18.082,+0.271s
2023,FORMULA 1 QATAR AIRWAYS HUNGARIAN,1215,practice_3,https://www.formula1.com/en/results.html/2023/races/1215/hungary/practice-3.html,6,63,RUS,George Russell,Mercedes,22,1:18.119,+0.308s
2023,FORMULA 1 QATAR AIRWAYS HUNGARIAN,1215,practice_3,https://www.formula1.com/en/results.html/2023/races/1215/hungary/practice-3.html,7,16,LEC,Charles Leclerc,Ferrari,28,1:18.190,+0.379s
2023,FORMULA 1 QATAR AIRWAYS HUNGARIAN,1215,practice_3,https://www.formula1.com/en/results.html/2023/races/1215/hungary/practice-3.html,8,55,SAI,Carlos Sainz,Ferrari,29,1:18.234,+0.423s
2023,FORMULA 1 QATAR AIRWAYS HUNGARIAN,1215,practice_3,https://www.formula1.com/en/results.html/2023/races/1215/hungary/practice-3.html,9,14,ALO,Fernando Alonso,Aston Martin Aramco Mercedes,20,1:18.350,+0.539s
2023,FORMULA 1 QATAR AIRWAYS HUNGARIAN,1215,practice_3,https://www.formula1.com/en/results.html/2023/races/1215/hungary/practice-3.html,10,77,BOT,Valtteri Bottas,Alfa Romeo Ferrari,24,1:18.489,+0.678s
2023,FORMULA 1 QATAR AIRWAYS HUNGARIAN,1215,practice_3,https://www.formula1.com/en/results.html/2023/races/1215/hungary/practice-3.html,11,18,STR,Lance Stroll,Aston Martin Aramco Mercedes,20,1:18.536,+0.725s
2023,FORMULA 1 QATAR AIRWAYS HUNGARIAN,1215,practice_3,https://www.formula1.com/en/results.html/2023/races/1215/hungary/practice-3.html,12,24,ZHO,Zhou Guanyu,Alfa Romeo Ferrari,23,1:18.544,+0.733s
2023,FORMULA 1 QATAR AIRWAYS HUNGARIAN,1215,practice_3,https://www.formula1.com/en/results.html/2023/races/1215/hungary/practice-3.html,13,23,ALB,Alexander Albon,Williams Mercedes,17,1:18.592,+0.781s
2023,FORMULA 1 QATAR AIRWAYS HUNGARIAN,1215,practice_3,https://www.formula1.com/en/results.html/2023/races/1215/hungary/practice-3.html,14,81,PIA,Oscar Piastri,McLaren Mercedes,19,1:18.598,+0.787s
2023,FORMULA 1 QATAR AIRWAYS HUNGARIAN,1215,practice_3,https://www.formula1.com/en/results.html/2023/races/1215/hungary/practice-3.html,15,20,MAG,Kevin Magnussen,Haas Ferrari,26,1:18.649,+0.838s
2023,FORMULA 1 QATAR AIRWAYS HUNGARIAN,1215,practice_3,https://www.formula1.com/en/results.html/2023/races/1215/hungary/practice-3.html,16,10,GAS,Pierre Gasly,Alpine Renault,22,1:18.776,+0.965s
2023,FORMULA 1 QATAR AIRWAYS HUNGARIAN,1215,practice_3,https://www.formula1.com/en/results.html/2023/races/1215/hungary/practice-3.html,17,2,SAR,Logan Sargeant,Williams Mercedes,16,1:18.814,+1.003s
2023,FORMULA 1 QATAR AIRWAYS HUNGARIAN,1215,practice_3,https://www.formula1.com/en/results.html/2023/races/1215/hungary/practice-3.html,18,3,RIC,Daniel Ricciardo,AlphaTauri Honda RBPT,28,1:18.828,+1.017s
2023,FORMULA 1 QATAR AIRWAYS HUNGARIAN,1215,practice_3,https://www.formula1.com/en/results.html/2023/races/1215/hungary/practice-3.html,19,31,OCO,Esteban Ocon,Alpine Renault,22,1:18.979,+1.168s
2023,FORMULA 1 QATAR AIRWAYS HUNGARIAN,1215,practice_3,https://www.formula1.com/en/results.html/2023/races/1215/hungary/practice-3.html,20,22,TSU,Yuki Tsunoda,AlphaTauri Honda RBPT,29,1:19.156,+1.345s
2023,FORMULA 1 HEINEKEN DUTCH,1217,practice_3,https://www.formula1.com/en/results.html/2023/races/1217/netherlands/practice-3.html,1,1,VER,Max Verstappen,Red Bull Racing Honda RBPT,18,1:21.631,
2023,FORMULA 1 HEINEKEN DUTCH,1217,practice_3,https://www.formula1.com/en/results.html/2023/races/1217/netherlands/practice-3.html,2,63,RUS,George Russell,Mercedes,18,1:22.010,+0.379s
2023,FORMULA 1 HEINEKEN DUTCH,1217,practice_3,https://www.formula1.com/en/results.html/2023/races/1217/netherlands/practice-3.html,3,11,PER,Sergio Perez,Red Bull Racing Honda RBPT,18,1:22.631,+1.000s
2023,FORMULA 1 HEINEKEN DUTCH,1217,practice_3,https://www.formula1.com/en/results.html/2023/races/1217/netherlands/practice-3.html,4,14,ALO,Fernando Alonso,Aston Martin Aramco Mercedes,14,1:22.634,+1.003s
2023,FORMULA 1 HEINEKEN DUTCH,1217,practice_3,https://www.formula1.com/en/results.html/2023/races/1217/netherlands/practice-3.html,5,44,HAM,Lewis Hamilton,Mercedes,18,1:22.723,+1.092s
2023,FORMULA 1 HEINEKEN DUTCH,1217,practice_3,https://www.formula1.com/en/results.html/2023/races/1217/netherlands/practice-3.html,6,23,ALB,Alexander Albon,Williams Mercedes,19,1:22.750,+1.119s
2023,FORMULA 1 HEINEKEN DUTCH,1217,practice_3,https://www.formula1.com/en/results.html/2023/races/1217/netherlands/practice-3.html,7,81,PIA,Oscar Piastri,McLaren Mercedes,20,1:22.892,+1.261s
2023,FORMULA 1 HEINEKEN DUTCH,1217,practice_3,https://www.formula1.com/en/results.html/2023/races/1217/netherlands/practice-3.html,8,77,BOT,Valtteri Bottas,Alfa Romeo Ferrari,25,1:22.965,+1.334s
2023,FORMULA 1 HEINEKEN DUTCH,1217,practice_3,https://www.formula1.com/en/results.html/2023/races/1217/netherlands/practice-3.html,9,16,LEC,Charles Leclerc,Ferrari,12,1:23.093,+1.462s
2023,FORMULA 1 HEINEKEN DUTCH,1217,practice_3,https://www.formula1.com/en/results.html/2023/races/1217/netherlands/practice-3.html,10,4,NOR,Lando Norris,McLaren Mercedes,24,1:23.158,+1.527s
2023,FORMULA 1 HEINEKEN DUTCH,1217,practice_3,https://www.formula1.com/en/results.html/2023/races/1217/netherlands/practice-3.html,11,10,GAS,Pierre Gasly,Alpine Renault,15,1:23.210,+1.579s
2023,FORMULA 1 HEINEKEN DUTCH,1217,practice_3,https://www.formula1.com/en/results.html/2023/races/1217/netherlands/practice-3.html,12,55,SAI,Carlos Sainz,Ferrari,17,1:23.438,+1.807s
2023,FORMULA 1 HEINEKEN DUTCH,1217,practice_3,https://www.formula1.com/en/results.html/2023/races/1217/netherlands/practice-3.html,13,22,TSU,Yuki Tsunoda,AlphaTauri Honda RBPT,18,1:23.544,+1.913s
2023,FORMULA 1 HEINEKEN DUTCH,1217,practice_3,https://www.formula1.com/en/results.html/2023/races/1217/netherlands/practice-3.html,14,2,SAR,Logan Sargeant,Williams Mercedes,20,1:23.570,+1.939s
2023,FORMULA 1 HEINEKEN DUTCH,1217,practice_3,https://www.formula1.com/en/results.html/2023/races/1217/netherlands/practice-3.html,15,27,HUL,Nico Hulkenberg,Haas Ferrari,20,1:23.640,+2.009s
2023,FORMULA 1 HEINEKEN DUTCH,1217,practice_3,https://www.formula1.com/en/results.html/2023/races/1217/netherlands/practice-3.html,16,31,OCO,Esteban Ocon,Alpine Renault,12,1:23.806,+2.175s
2023,FORMULA 1 HEINEKEN DUTCH,1217,practice_3,https://www.formula1.com/en/results.html/2023/races/1217/netherlands/practice-3.html,17,18,STR,Lance Stroll,Aston Martin Aramco Mercedes,15,1:24.058,+2.427s
2023,FORMULA 1 HEINEKEN DUTCH,1217,practice_3,https://www.formula1.com/en/results.html/2023/races/1217/netherlands/practice-3.html,18,40,LAW,Liam Lawson,AlphaTauri Honda RBPT,26,1:26.343,+4.712s
2023,FORMULA 1 HEINEKEN DUTCH,1217,practice_3,https://www.formula1.com/en/results.html/2023/races/1217/netherlands/practice-3.html,19,24,ZHO,Zhou Guanyu,Alfa Romeo Ferrari,9,1:28.482,+6.851s
2023,FORMULA 1 HEINEKEN DUTCH,1217,practice_3,https://www.formula1.com/en/results.html/2023/races/1217/netherlands/practice-3.html,20,20,MAG,Kevin Magnussen,Haas Ferrari,1,,
2023,ITALIA,1218,practice_3,https://www.formula1.com/en/results.html/2023/races/1218/italy/practice-3.html,1,55,SAI,Carlos Sainz,Ferrari,23,1:20.912,
2023,ITALIA,1218,practice_3,https://www.formula1.com/en/results.html/2023/races/1218/italy/practice-3.html,2,1,VER,Max Verstappen,Red Bull Racing Honda RBPT,23,1:20.998,+0.086s
2023,ITALIA,1218,practice_3,https://www.formula1.com/en/results.html/2023/races/1218/italy/practice-3.html,3,44,HAM,Lewis Hamilton,Mercedes,23,1:21.453,+0.541s
2023,ITALIA,1218,practice_3,https://www.formula1.com/en/results.html/2023/races/1218/italy/practice-3.html,4,16,LEC,Charles Leclerc,Ferrari,23,1:21.486,+0.574s
2023,ITALIA,1218,practice_3,https://www.formula1.com/en/results.html/2023/races/1218/italy/practice-3.html,5,14,ALO,Fernando Alonso,Aston Martin Aramco Mercedes,24,1:21.711,+0.799s
2023,ITALIA,1218,practice_3,https://www.formula1.com/en/results.html/2023/races/1218/italy/practice-3.html,6,63,RUS,George Russell,Mercedes,25,1:21.730,+0.818s
2023,ITALIA,1218,practice_3,https://www.formula1.com/en/results.html/2023/races/1218/italy/practice-3.html,7,20,MAG,Kevin Magnussen,Haas Ferrari,21,1:21.884,+0.972s
2023,ITALIA,1218,practice_3,https://www.formula1.com/en/results.html/2023/races/1218/italy/practice-3.html,8,27,HUL,Nico Hulkenberg,Haas Ferrari,27,1:21.985,+1.073s
2023,ITALIA,1218,practice_3,https://www.formula1.com/en/results.html/2023/races/1218/italy/practice-3.html,9,23,ALB,Alexander Albon,Williams Mercedes,18,1:22.054,+1.142s
2023,ITALIA,1218,practice_3,https://www.formula1.com/en/results.html/2023/races/1218/italy/practice-3.html,10,11,PER,Sergio Perez,Red Bull Racing Honda RBPT,16,1:22.192,+1.280s
2023,ITALIA,1218,practice_3,https://www.formula1.com/en/results.html/2023/races/1218/italy/practice-3.html,11,18,STR,Lance Stroll,Aston Martin Aramco Mercedes,31,1:22.245,+1.333s
2023,ITALIA,1218,practice_3,https://www.formula1.com/en/results.html/2023/races/1218/italy/practice-3.html,12,40,LAW,Liam Lawson,AlphaTauri Honda RBPT,29,1:22.296,+1.384s
2023,ITALIA,1218,practice_3,https://www.formula1.com/en/results.html/2023/races/1218/italy/practice-3.html,13,22,TSU,Yuki Tsunoda,AlphaTauri Honda RBPT,28,1:22.297,+1.385s
2023,ITALIA,1218,practice_3,https://www.formula1.com/en/results.html/2023/races/1218/italy/practice-3.html,14,81,PIA,Oscar Piastri,McLaren Mercedes,17,1:22.302,+1.390s
2023,ITALIA,1218,practice_3,https://www.formula1.com/en/results.html/2023/races/1218/italy/practice-3.html,15,2,SAR,Logan Sargeant,Williams Mercedes,23,1:22.380,+1.468s
2023,ITALIA,1218,practice_3,https://www.formula1.com/en/results.html/2023/races/1218/italy/practice-3.html,16,77,BOT,Valtteri Bottas,Alfa Romeo Ferrari,30,1:22.511,+1.599s
2023,ITALIA,1218,practice_3,https://www.formula1.com/en/results.html/2023/races/1218/italy/practice-3.html,17,4,NOR,Lando Norris,McLaren Mercedes,24,1:22.515,+1.603s
2023,ITALIA,1218,practice_3,https://www.formula1.com/en/results.html/2023/races/1218/italy/practice-3.html,18,31,OCO,Esteban Ocon,Alpine Renault,20,1:22.739,+1.827s
2023,ITALIA,1218,practice_3,https://www.formula1.com/en/results.html/2023/races/1218/italy/practice-3.html,19,24,ZHO,Zhou Guanyu,Alfa Romeo Ferrari,30,1:22.742,+1.830s
2023,ITALIA,1218,practice_3,https://www.formula1.com/en/results.html/2023/races/1218/italy/practice-3.html,20,10,GAS,Pierre Gasly,Alpine Renault,22,1:22.852,+1.940s
2023,FORMULA 1 SINGAPORE AIRLINES SINGAPORE,1219,practice_3,https://www.formula1.com/en/results.html/2023/races/1219/singapore/practice-3.html,1,55,SAI,Carlos Sainz,Ferrari,23,1:32.065,
2023,FORMULA 1 SINGAPORE AIRLINES SINGAPORE,1219,practice_3,https://www.formula1.com/en/results.html/2023/races/1219/singapore/practice-3.html,2,63,RUS,George Russell,Mercedes,20,1:32.134,+0.069s
2023,FORMULA 1 SINGAPORE AIRLINES SINGAPORE,1219,practice_3,https://www.formula1.com/en/results.html/2023/races/1219/singapore/practice-3.html,3,4,NOR,Lando Norris,McLaren Mercedes,17,1:32.303,+0.238s
2023,FORMULA 1 SINGAPORE AIRLINES SINGAPORE,1219,practice_3,https://www.formula1.com/en/results.html/2023/races/1219/singapore/practice-3.html,4,1,VER,Max Verstappen,Red Bull Racing Honda RBPT,21,1:32.378,+0.313s
2023,FORMULA 1 SINGAPORE AIRLINES SINGAPORE,1219,practice_3,https://www.formula1.com/en/results.html/2023/races/1219/singapore/practice-3.html,5,16,LEC,Charles Leclerc,Ferrari,25,1:32.381,+0.316s
2023,FORMULA 1 SINGAPORE AIRLINES SINGAPORE,1219,practice_3,https://www.formula1.com/en/results.html/2023/races/1219/singapore/practice-3.html,6,44,HAM,Lewis Hamilton,Mercedes,18,1:32.535,+0.470s
2023,FORMULA 1 SINGAPORE AIRLINES SINGAPORE,1219,practice_3,https://www.formula1.com/en/results.html/2023/races/1219/singapore/practice-3.html,7,81,PIA,Oscar Piastri,McLaren Mercedes,18,1:32.730,+0.665s
2023,FORMULA 1 SINGAPORE AIRLINES SINGAPORE,1219,practice_3,https://www.formula1.com/en/results.html/2023/races/1219/singapore/practice-3.html,8,11,PER,Sergio Perez,Red Bull Racing Honda RBPT,20,1:32.784,+0.719s
2023,FORMULA 1 SINGAPORE AIRLINES SINGAPORE,1219,practice_3,https://www.formula1.com/en/results.html/2023/races/1219/singapore/practice-3.html,9,27,HUL,Nico Hulkenberg,Haas Ferrari,18,1:32.896,+0.831s
2023,FORMULA 1 SINGAPORE AIRLINES SINGAPORE,1219,practice_3,https://www.formula1.com/en/results.html/2023/races/1219/singapore/practice-3.html,10,22,TSU,Yuki Tsunoda,AlphaTauri Honda RBPT,18,1:32.945,+0.880s
2023,FORMULA 1 SINGAPORE AIRLINES SINGAPORE,1219,practice_3,https://www.formula1.com/en/results.html/2023/races/1219/singapore/practice-3.html,11,20,MAG,Kevin Magnussen,Haas Ferrari,16,1:32.970,+0.905s
2023,FORMULA 1 SINGAPORE AIRLINES SINGAPORE,1219,practice_3,https://www.formula1.com/en/results.html/2023/races/1219/singapore/practice-3.html,12,31,OCO,Esteban Ocon,Alpine Renault,19,1:32.979,+0.914s
2023,FORMULA 1 SINGAPORE AIRLINES SINGAPORE,1219,practice_3,https://www.formula1.com/en/results.html/2023/races/1219/singapore/practice-3.html,13,14,ALO,Fernando Alonso,Aston Martin Aramco Mercedes,19,1:33.051,+0.986s
2023,FORMULA 1 SINGAPORE AIRLINES SINGAPORE,1219,practice_3,https://www.formula1.com/en/results.html/2023/races/1219/singapore/practice-3.html,14,18,STR,Lance Stroll,Aston Martin Aramco Mercedes,23,1:33.126,+1.061s
2023,FORMULA 1 SINGAPORE AIRLINES SINGAPORE,1219,practice_3,https://www.formula1.com/en/results.html/2023/races/1219/singapore/practice-3.html,15,10,GAS,Pierre Gasly,Alpine Renault,19,1:33.351,+1.286s
2023,FORMULA 1 SINGAPORE AIRLINES SINGAPORE,1219,practice_3,https://www.formula1.com/en/results.html/2023/races/1219/singapore/practice-3.html,16,40,LAW,Liam Lawson,AlphaTauri Honda RBPT,19,1:33.357,+1.292s
2023,FORMULA 1 SINGAPORE AIRLINES SINGAPORE,1219,practice_3,https://www.formula1.com/en/results.html/2023/races/1219/singapore/practice-3.html,17,23,ALB,Alexander Albon,Williams Mercedes,15,1:33.370,+1.305s
2023,FORMULA 1 SINGAPORE AIRLINES SINGAPORE,1219,practice_3,https://www.formula1.com/en/results.html/2023/races/1219/singapore/practice-3.html,18,77,BOT,Valtteri Bottas,Alfa Romeo Ferrari,26,1:33.540,+1.475s
2023,FORMULA 1 SINGAPORE AIRLINES SINGAPORE,1219,practice_3,https://www.formula1.com/en/results.html/2023/races/1219/singapore/practice-3.html,19,24,ZHO,Zhou Guanyu,Alfa Romeo Ferrari,24,1:33.637,+1.572s
2023,FORMULA 1 SINGAPORE AIRLINES SINGAPORE,1219,practice_3,https://www.formula1.com/en/results.html/2023/races/1219/singapore/practice-3.html,20,2,SAR,Logan Sargeant,Williams Mercedes,16,1:33.708,+1.643s
2023,FORMULA 1 LENOVO JAPANESE,1220,practice_3,https://www.formula1.com/en/results.html/2023/races/1220/japan/practice-3.html,1,1,VER,Max Verstappen,Red Bull Racing Honda RBPT,12,1:30.267,
2023,FORMULA 1 LENOVO JAPANESE,1220,practice_3,https://www.formula1.com/en/results.html/2023/races/1220/japan/practice-3.html,2,4,NOR,Lando Norris,McLaren Mercedes,16,1:30.507,+0.240s
2023,FORMULA 1 LENOVO JAPANESE,1220,practice_3,https://www.formula1.com/en/results.html/2023/races/1220/japan/practice-3.html,3,81,PIA,Oscar Piastri,McLaren Mercedes,15,1:30.555,+0.288s
2023,FORMULA 1 LENOVO JAPANESE,1220,practice_3,https://www.formula1.com/en/results.html/2023/races/1220/japan/practice-3.html,4,11,PER,Sergio Perez,Red Bull Racing Honda RBPT,12,1:31.004,+0.737s
2023,FORMULA 1 LENOVO JAPANESE,1220,practice_3,https://www.formula1.com/en/results.html/2023/races/1220/japan/practice-3.html,5,16,LEC,Charles Leclerc,Ferrari,20,1:31.022,+0.755s
2023,FORMULA 1 LENOVO JAPANESE,1220,practice_3,https://www.formula1.com/en/results.html/2023/races/1220/japan/practice-3.html,6,55,SAI,Carlos Sainz,Ferrari,20,1:31.137,+0.870s
2023,FORMULA 1 LENOVO JAPANESE,1220,practice_3,https://www.formula1.com/en/results.html/2023/races/1220/japan/practice-3.html,7,44,HAM,Lewis Hamilton,Mercedes,13,1:31.159,+0.892s
2023,FORMULA 1 LENOVO JAPANESE,1220,practice_3,https://www.formula1.com/en/results.html/2023/races/1220/japan/practice-3.html,8,63,RUS,George Russell,Mercedes,9,1:31.505,+1.238s
2023,FORMULA 1 LENOVO JAPANESE,1220,practice_3,https://www.formula1.com/en/results.html/2023/races/1220/japan/practice-3.html,9,14,ALO,Fernando Alonso,Aston Martin Aramco Mercedes,16,1:31.549,+1.282s
2023,FORMULA 1 LENOVO JAPANESE,1220,practice_3,https://www.formula1.com/en/results.html/2023/races/1220/japan/practice-3.html,10,24,ZHO,Zhou Guanyu,Alfa Romeo Ferrari,15,1:31.668,+1.401s
2023,FORMULA 1 LENOVO JAPANESE,1220,practice_3,https://www.formula1.com/en/results.html/2023/races/1220/japan/practice-3.html,11,77,BOT,Valtteri Bottas,Alfa Romeo Ferrari,15,1:31.699,+1.432s
2023,FORMULA 1 LENOVO JAPANESE,1220,practice_3,https://www.formula1.com/en/results.html/2023/races/1220/japan/practice-3.html,12,20,MAG,Kevin Magnussen,Haas Ferrari,16,1:31.880,+1.613s
2023,FORMULA 1 LENOVO JAPANESE,1220,practice_3,https://www.formula1.com/en/results.html/2023/races/1220/japan/practice-3.html,13,31,OCO,Esteban Ocon,Alpine Renault,13,1:31.924,+1.657s
2023,FORMULA 1 LENOVO JAPANESE,1220,practice_3,https://www.formula1.com/en/results.html/2023/races/1220/japan/practice-3.html,14,22,TSU,Yuki Tsunoda,AlphaTauri Honda RBPT,18,1:31.951,+1.684s
2023,FORMULA 1 LENOVO JAPANESE,1220,practice_3,https://www.formula1.com/en/results.html/2023/races/1220/japan/practice-3.html,15,27,HUL,Nico Hulkenberg,Haas Ferrari,13,1:31.979,+1.712s
2023,FORMULA 1 LENOVO JAPANESE,1220,practice_3,https://www.formula1.com/en/results.html/2023/races/1220/japan/practice-3.html,16,2,SAR,Logan Sargeant,Williams Mercedes,13,1:32.002,+1.735s
2023,FORMULA 1 LENOVO JAPANESE,1220,practice_3,https://www.formula1.com/en/results.html/2023/races/1220/japan/practice-3.html,17,40,LAW,Liam Lawson,AlphaTauri Honda RBPT,18,1:32.048,+1.781s
2023,FORMULA 1 LENOVO JAPANESE,1220,practice_3,https://www.formula1.com/en/results.html/2023/races/1220/japan/practice-3.html,18,23,ALB,Alexander Albon,Williams Mercedes,12,1:32.113,+1.846s
2023,FORMULA 1 LENOVO JAPANESE,1220,practice_3,https://www.formula1.com/en/results.html/2023/races/1220/japan/practice-3.html,19,18,STR,Lance Stroll,Aston Martin Aramco Mercedes,19,1:32.154,+1.887s
2023,FORMULA 1 LENOVO JAPANESE,1220,practice_3,https://www.formula1.com/en/results.html/2023/races/1220/japan/practice-3.html,20,10,GAS,Pierre Gasly,Alpine Renault,15,1:32.199,+1.932s
2023,FORMULA 1 GRAN PREMIO DE LA CIUDAD DE MÉXICO,1223,practice_3,https://www.formula1.com/en/results.html/2023/races/1223/mexico/practice-3.html,1,1,VER,Max Verstappen,Red Bull Racing Honda RBPT,19,1:17.887,
2023,FORMULA 1 GRAN PREMIO DE LA CIUDAD DE MÉXICO,1223,practice_3,https://www.formula1.com/en/results.html/2023/races/1223/mexico/practice-3.html,2,23,ALB,Alexander Albon,Williams Mercedes,19,1:17.957,+0.070s
2023,FORMULA 1 GRAN PREMIO DE LA CIUDAD DE MÉXICO,1223,practice_3,https://www.formula1.com/en/results.html/2023/races/1223/mexico/practice-3.html,3,11,PER,Sergio Perez,Red Bull Racing Honda RBPT,19,1:18.026,+0.139s
2023,FORMULA 1 GRAN PREMIO DE LA CIUDAD DE MÉXICO,1223,practice_3,https://www.formula1.com/en/results.html/2023/races/1223/mexico/practice-3.html,4,63,RUS,George Russell,Mercedes,20,1:18.248,+0.361s
2023,FORMULA 1 GRAN PREMIO DE LA CIUDAD DE MÉXICO,1223,practice_3,https://www.formula1.com/en/results.html/2023/races/1223/mexico/practice-3.html,5,81,PIA,Oscar Piastri,McLaren Mercedes,22,1:18.392,+0.505s
2023,FORMULA 1 GRAN PREMIO DE LA CIUDAD DE MÉXICO,1223,practice_3,https://www.formula1.com/en/results.html/2023/races/1223/mexico/practice-3.html,6,77,BOT,Valtteri Bottas,Alfa Romeo Ferrari,26,1:18.437,+0.550s
2023,FORMULA 1 GRAN PREMIO DE LA CIUDAD DE MÉXICO,1223,practice_3,https://www.formula1.com/en/results.html/2023/races/1223/mexico/practice-3.html,7,22,TSU,Yuki Tsunoda,AlphaTauri Honda RBPT,26,1:18.450,+0.563s
2023,FORMULA 1 GRAN PREMIO DE LA CIUDAD DE MÉXICO,1223,practice_3,https://www.formula1.com/en/results.html/2023/races/1223/mexico/practice-3.html,8,4,NOR,Lando Norris,McLaren Mercedes,21,1:18.480,+0.593s
2023,FORMULA 1 GRAN PREMIO DE LA CIUDAD DE MÉXICO,1223,practice_3,https://www.formula1.com/en/results.html/2023/races/1223/mexico/practice-3.html,9,3,RIC,Daniel Ricciardo,AlphaTauri Honda RBPT,15,1:18.499,+0.612s
2023,FORMULA 1 GRAN PREMIO DE LA CIUDAD DE MÉXICO,1223,practice_3,https://www.formula1.com/en/results.html/2023/races/1223/mexico/practice-3.html,10,44,HAM,Lewis Hamilton,Mercedes,21,1:18.522,+0.635s
2023,FORMULA 1 GRAN PREMIO DE LA CIUDAD DE MÉXICO,1223,practice_3,https://www.formula1.com/en/results.html/2023/races/1223/mexico/practice-3.html,11,2,SAR,Logan Sargeant,Williams Mercedes,15,1:18.718,+0.831s
2023,FORMULA 1 GRAN PREMIO DE LA CIUDAD DE MÉXICO,1223,practice_3,https://www.formula1.com/en/results.html/2023/races/1223/mexico/practice-3.html,12,24,ZHO,Zhou Guanyu,Alfa Romeo Ferrari,21,1:18.917,+1.030s
2023,FORMULA 1 GRAN PREMIO DE LA CIUDAD DE MÉXICO,1223,practice_3,https://www.formula1.com/en/results.html/2023/races/1223/mexico/practice-3.html,13,16,LEC,Charles Leclerc,Ferrari,22,1:18.970,+1.083s
2023,FORMULA 1 GRAN PREMIO DE LA CIUDAD DE MÉXICO,1223,practice_3,https://www.formula1.com/en/results.html/2023/races/1223/mexico/practice-3.html,14,18,STR,Lance Stroll,Aston Martin Aramco Mercedes,21,1:19.094,+1.207s
2023,FORMULA 1 GRAN PREMIO DE LA CIUDAD DE MÉXICO,1223,practice_3,https://www.formula1.com/en/results.html/2023/races/1223/mexico/practice-3.html,15,55,SAI,Carlos Sainz,Ferrari,23,1:19.293,+1.406s
2023,FORMULA 1 GRAN PREMIO DE LA CIUDAD DE MÉXICO,1223,practice_3,https://www.formula1.com/en/results.html/2023/races/1223/mexico/practice-3.html,16,27,HUL,Nico Hulkenberg,Haas Ferrari,18,1:19.320,+1.433s
2023,FORMULA 1 GRAN PREMIO DE LA CIUDAD DE MÉXICO,1223,practice_3,https://www.formula1.com/en/results.html/2023/races/1223/mexico/practice-3.html,17,14,ALO,Fernando Alonso,Aston Martin Aramco Mercedes,21,1:19.471,+1.584s
2023,FORMULA 1 GRAN PREMIO DE LA CIUDAD DE MÉXICO,1223,practice_3,https://www.formula1.com/en/results.html/2023/races/1223/mexico/practice-3.html,18,10,GAS,Pierre Gasly,Alpine Renault,19,1:19.509,+1.622s
2023,FORMULA 1 GRAN PREMIO DE LA CIUDAD DE MÉXICO,1223,practice_3,https://www.formula1.com/en/results.html/2023/races/1223/mexico/practice-3.html,19,20,MAG,Kevin Magnussen,Haas Ferrari,9,1:19.573,+1.686s
2023,FORMULA 1 GRAN PREMIO DE LA CIUDAD DE MÉXICO,1223,practice_3,https://www.formula1.com/en/results.html/2023/races/1223/mexico/practice-3.html,20,31,OCO,Esteban Ocon,Alpine Renault,19,1:19.839,+1.952s
2023,FORMULA 1 HEINEKEN SILVER LAS VEGAS,1225,practice_3,https://www.formula1.com/en/results.html/2023/races/1225/las-vegas/practice-3.html,1,63,RUS,George Russell,Mercedes,23,1:34.093,
2023,FORMULA 1 HEINEKEN SILVER LAS VEGAS,1225,practice_3,https://www.formula1.com/en/results.html/2023/races/1225/las-vegas/practice-3.html,2,81,PIA,Oscar Piastri,McLaren Mercedes,20,1:34.491,+0.398s
2023,FORMULA 1 HEINEKEN SILVER LAS VEGAS,1225,practice_3,https://www.formula1.com/en/results.html/2023/races/1225/las-vegas/practice-3.html,3,2,SAR,Logan Sargeant,Williams Mercedes,17,1:34.645,+0.552s
2023,FORMULA 1 HEINEKEN SILVER LAS VEGAS,1225,practice_3,https://www.formula1.com/en/results.html/2023/races/1225/las-vegas/practice-3.html,4,1,VER,Max Verstappen,Red Bull Racing Honda RBPT,14,1:34.653,+0.560s
2023,FORMULA 1 HEINEKEN SILVER LAS VEGAS,1225,practice_3,https://www.formula1.com/en/results.html/2023/races/1225/las-vegas/practice-3.html,5,11,PER,Sergio Perez,Red Bull Racing Honda RBPT,13,1:34.706,+0.613s
2023,FORMULA 1 HEINEKEN SILVER LAS VEGAS,1225,practice_3,https://www.formula1.com/en/results.html/2023/races/1225/las-vegas/practice-3.html,6,23,ALB,Alexander Albon,Williams Mercedes,14,1:34.726,+0.633s
2023,FORMULA 1 HEINEKEN SILVER LAS VEGAS,1225,practice_3,https://www.formula1.com/en/results.html/2023/races/1225/las-vegas/practice-3.html,7,14,ALO,Fernando Alonso,Aston Martin Aramco Mercedes,18,1:34.788,+0.695s
2023,FORMULA 1 HEINEKEN SILVER LAS VEGAS,1225,practice_3,https://www.formula1.com/en/results.html/2023/races/1225/las-vegas/practice-3.html,8,44,HAM,Lewis Hamilton,Mercedes,24,1:34.853,+0.760s
2023,FORMULA 1 HEINEKEN SILVER LAS VEGAS,1225,practice_3,https://www.formula1.com/en/results.html/2023/races/1225/las-vegas/practice-3.html,9,77,BOT,Valtteri Bottas,Alfa Romeo Ferrari,18,1:34.908,+0.815s
2023,FORMULA 1 HEINEKEN SILVER LAS VEGAS,1225,practice_3,https://www.formula1.com/en/results.html/2023/races/1225/las-vegas/practice-3.html,10,20,MAG,Kevin Magnussen,Haas Ferrari,18,1:35.067,+0.974s
2023,FORMULA 1 HEINEKEN SILVER LAS VEGAS,1225,practice_3,https://www.formula1.com/en/results.html/2023/races/1225/las-vegas/practice-3.html,11,4,NOR,Lando Norris,McLaren Mercedes,17,1:35.089,+0.996s
2023,FORMULA 1 HEINEKEN SILVER LAS VEGAS,1225,practice_3,https://www.formula1.com/en/results.html/2023/races/1225/las-vegas/practice-3.html,12,27,HUL,Nico Hulkenberg,Haas Ferrari,17,1:35.112,+1.019s
2023,FORMULA 1 HEINEKEN SILVER LAS VEGAS,1225,practice_3,https://www.formula1.com/en/results.html/2023/races/1225/las-vegas/practice-3.html,13,18,STR,Lance Stroll,Aston Martin Aramco Mercedes,20,1:35.253,+1.160s
2023,FORMULA 1 HEINEKEN SILVER LAS VEGAS,1225,practice_3,https://www.formula1.com/en/results.html/2023/races/1225/las-vegas/practice-3.html,14,31,OCO,Esteban Ocon,Alpine Renault,15,1:35.297,+1.204s
2023,FORMULA 1 HEINEKEN SILVER LAS VEGAS,1225,practice_3,https://www.formula1.com/en/results.html/2023/races/1225/las-vegas/practice-3.html,15,24,ZHO,Zhou Guanyu,Alfa Romeo Ferrari,15,1:35.881,+1.788s
2023,FORMULA 1 HEINEKEN SILVER LAS VEGAS,1225,practice_3,https://www.formula1.com/en/results.html/2023/races/1225/las-vegas/practice-3.html,16,16,LEC,Charles Leclerc,Ferrari,22,1:35.908,+1.815s
2023,FORMULA 1 HEINEKEN SILVER LAS VEGAS,1225,practice_3,https://www.formula1.com/en/results.html/2023/races/1225/las-vegas/practice-3.html,17,55,SAI,Carlos Sainz,Ferrari,21,1:35.939,+1.846s
2023,FORMULA 1 HEINEKEN SILVER LAS VEGAS,1225,practice_3,https://www.formula1.com/en/results.html/2023/races/1225/las-vegas/practice-3.html,18,22,TSU,Yuki Tsunoda,AlphaTauri Honda RBPT,15,1:36.087,+1.994s
2023,FORMULA 1 HEINEKEN SILVER LAS VEGAS,1225,practice_3,https://www.formula1.com/en/results.html/2023/races/1225/las-vegas/practice-3.html,19,10,GAS,Pierre Gasly,Alpine Renault,12,1:36.485,+2.392s
2023,FORMULA 1 HEINEKEN SILVER LAS VEGAS,1225,practice_3,https://www.formula1.com/en/results.html/2023/races/1225/las-vegas/practice-3.html,20,3,RIC,Daniel Ricciardo,AlphaTauri Honda RBPT,15,1:37.778,+3.685s
2023,FORMULA 1 ETIHAD AIRWAYS ABU DHABI,1226,practice_3,https://www.formula1.com/en/results.html/2023/races/1226/abu-dhabi/practice-3.html,1,63,RUS,George Russell,Mercedes,14,1:24.418,
2023,FORMULA 1 ETIHAD AIRWAYS ABU DHABI,1226,practice_3,https://www.formula1.com/en/results.html/2023/races/1226/abu-dhabi/practice-3.html,2,4,NOR,Lando Norris,McLaren Mercedes,16,1:24.513,+0.095s
2023,FORMULA 1 ETIHAD AIRWAYS ABU DHABI,1226,practice_3,https://www.formula1.com/en/results.html/2023/races/1226/abu-dhabi/practice-3.html,3,81,PIA,Oscar Piastri,McLaren Mercedes,16,1:24.810,+0.392s
2023,FORMULA 1 ETIHAD AIRWAYS ABU DHABI,1226,practice_3,https://www.formula1.com/en/results.html/2023/races/1226/abu-dhabi/practice-3.html,4,23,ALB,Alexander Albon,Williams Mercedes,17,1:24.929,+0.511s
2023,FORMULA 1 ETIHAD AIRWAYS ABU DHABI,1226,practice_3,https://www.formula1.com/en/results.html/2023/races/1226/abu-dhabi/practice-3.html,5,16,LEC,Charles Leclerc,Ferrari,27,1:25.099,+0.681s
2023,FORMULA 1 ETIHAD AIRWAYS ABU DHABI,1226,practice_3,https://www.formula1.com/en/results.html/2023/races/1226/abu-dhabi/practice-3.html,6,1,VER,Max Verstappen,Red Bull Racing Honda RBPT,19,1:25.153,+0.735s
2023,FORMULA 1 ETIHAD AIRWAYS ABU DHABI,1226,practice_3,https://www.formula1.com/en/results.html/2023/races/1226/abu-dhabi/practice-3.html,7,31,OCO,Esteban Ocon,Alpine Renault,18,1:25.194,+0.776s
2023,FORMULA 1 ETIHAD AIRWAYS ABU DHABI,1226,practice_3,https://www.formula1.com/en/results.html/2023/races/1226/abu-dhabi/practice-3.html,8,2,SAR,Logan Sargeant,Williams Mercedes,17,1:25.205,+0.787s
2023,FORMULA 1 ETIHAD AIRWAYS ABU DHABI,1226,practice_3,https://www.formula1.com/en/results.html/2023/races/1226/abu-dhabi/practice-3.html,9,22,TSU,Yuki Tsunoda,AlphaTauri Honda RBPT,15,1:25.222,+0.804s
2023,FORMULA 1 ETIHAD AIRWAYS ABU DHABI,1226,practice_3,https://www.formula1.com/en/results.html/2023/races/1226/abu-dhabi/practice-3.html,10,24,ZHO,Zhou Guanyu,Alfa Romeo Ferrari,23,1:25.258,+0.840s
2023,FORMULA 1 ETIHAD AIRWAYS ABU DHABI,1226,practice_3,https://www.formula1.com/en/results.html/2023/races/1226/abu-dhabi/practice-3.html,11,11,PER,Sergio Perez,Red Bull Racing Honda RBPT,21,1:25.259,+0.841s
2023,FORMULA 1 ETIHAD AIRWAYS ABU DHABI,1226,practice_3,https://www.formula1.com/en/results.html/2023/races/1226/abu-dhabi/practice-3.html,12,44,HAM,Lewis Hamilton,Mercedes,26,1:25.292,+0.874s
2023,FORMULA 1 ETIHAD AIRWAYS ABU DHABI,1226,practice_3,https://www.formula1.com/en/results.html/2023/races/1226/abu-dhabi/practice-3.html,13,10,GAS,Pierre Gasly,Alpine Renault,18,1:25.303,+0.885s
2023,FORMULA 1 ETIHAD AIRWAYS ABU DHABI,1226,practice_3,https://www.formula1.com/en/results.html/2023/races/1226/abu-dhabi/practice-3.html,14,14,ALO,Fernando Alonso,Aston Martin Aramco Mercedes,25,1:25.343,+0.925s
2023,FORMULA 1 ETIHAD AIRWAYS ABU DHABI,1226,practice_3,https://www.formula1.com/en/results.html/2023/races/1226/abu-dhabi/practice-3.html,15,18,STR,Lance Stroll,Aston Martin Aramco Mercedes,24,1:25.405,+0.987s
2023,FORMULA 1 ETIHAD AIRWAYS ABU DHABI,1226,practice_3,https://www.formula1.com/en/results.html/2023/races/1226/abu-dhabi/practice-3.html,16,77,BOT,Valtteri Bottas,Alfa Romeo Ferrari,16,1:25.420,+1.002s
2023,FORMULA 1 ETIHAD AIRWAYS ABU DHABI,1226,practice_3,https://www.formula1.com/en/results.html/2023/races/1226/abu-dhabi/practice-3.html,17,27,HUL,Nico Hulkenberg,Haas Ferrari,22,1:25.584,+1.166s
2023,FORMULA 1 ETIHAD AIRWAYS ABU DHABI,1226,practice_3,https://www.formula1.com/en/results.html/2023/races/1226/abu-dhabi/practice-3.html,18,3,RIC,Daniel Ricciardo,AlphaTauri Honda RBPT,15,1:25.597,+1.179s
2023,FORMULA 1 ETIHAD AIRWAYS ABU DHABI,1226,practice_3,https://www.formula1.com/en/results.html/2023/races/1226/abu-dhabi/practice-3.html,19,20,MAG,Kevin Magnussen,Haas Ferrari,20,1:25.652,+1.234s
2023,FORMULA 1 ETIHAD AIRWAYS ABU DHABI,1226,practice_3,https://www.formula1.com/en/results.html/2023/races/1226/abu-dhabi/practice-3.html,20,55,SAI,Carlos Sainz,Ferrari,29,1:25.713,+1.295s
