year,race_name,race_id,result_type,url,position,driver_number,driver_code,driver_name,team,laps,lap_time,gap
2022,FORMULA 1 HEINEKEN AUSTRALIAN,1108,practice_1,https://www.formula1.com/en/results.html/2022/races/1108/australia/practice-1.html,1,55,SAI,Carlos Sainz,Ferrari,24,1:19.806,
2022,FORMULA 1 HEINEKEN AUSTRALIAN,1108,practice_1,https://www.formula1.com/en/results.html/2022/races/1108/australia/practice-1.html,2,16,LEC,Charles Leclerc,Ferrari,21,1:20.377,+0.571s
2022,FORMULA 1 HEINEKEN AUSTRALIAN,1108,practice_1,https://www.formula1.com/en/results.html/2022/races/1108/australia/practice-1.html,3,11,PER,Sergio Perez,Red Bull Racing RBPT,20,1:20.399,+0.593s
2022,FORMULA 1 HEINEKEN AUSTRALIAN,1108,practice_1,https://www.formula1.com/en/results.html/2022/races/1108/australia/practice-1.html,4,1,VER,Max Verstappen,Red Bull Racing RBPT,22,1:20.626,+0.820s
2022,FORMULA 1 HEINEKEN AUSTRALIAN,1108,practice_1,https://www.formula1.com/en/results.html/2022/races/1108/australia/practice-1.html,5,4,NOR,Lando Norris,McLaren Mercedes,22,1:20.878,+1.072s
2022,FORMULA 1 HEINEKEN AUSTRALIAN,1108,practice_1,https://www.formula1.com/en/results.html/2022/races/1108/australia/practice-1.html,6,31,OCO,Esteban Ocon,Alpine Renault,27,1:21.004,+1.198s
2022,FORMULA 1 HEINEKEN AUSTRALIAN,1108,practice_1,https://www.formula1.com/en/results.html/2022/races/1108/australia/practice-1.html,7,44,HAM,Lewis Hamilton,Mercedes,26,1:21.027,+1.221s
2022,FORMULA 1 HEINEKEN AUSTRALIAN,1108,practice_1,https://www.formula1.com/en/results.html/2022/races/1108/australia/practice-1.html,8,3,RIC,Daniel Ricciardo,McLaren Mercedes,23,1:21.155,+1.349s
2022,FORMULA 1 HEINEKEN AUSTRALIAN,1108,practice_1,https://www.formula1.com/en/results.html/2022/races/1108/australia/practice-1.html,9,14,ALO,Fernando Alonso,Alpine Renault,21,1:21.229,+1.423s
2022,FORMULA 1 HEINEKEN AUSTRALIAN,1108,practice_1,https://www.formula1.com/en/results.html/2022/races/1108/australia/practice-1.html,10,77,BOT,Valtteri Bottas,Alfa Romeo Ferrari,23,1:21.247,+1.441s
2022,FORMULA 1 HEINEKEN AUSTRALIAN,1108,practice_1,https://www.formula1.com/en/results.html/2022/races/1108/australia/practice-1.html,11,22,TSU,Yuki Tsunoda,AlphaTauri RBPT,26,1:21.289,+1.483s
2022,FORMULA 1 HEINEKEN AUSTRALIAN,1108,practice_1,https://www.formula1.com/en/results.html/2022/races/1108/australia/practice-1.html,12,63,RUS,George Russell,Mercedes,26,1:21.457,+1.651s
2022,FORMULA 1 HEINEKEN AUSTRALIAN,1108,practice_1,https://www.formula1.com/en/results.html/2022/races/1108/australia/practice-1.html,13,5,VET,Sebastian Vettel,Aston Martin Aramco Mercedes,18,1:21.661,+1.855s
2022,FORMULA 1 HEINEKEN AUSTRALIAN,1108,practice_1,https://www.formula1.com/en/results.html/2022/races/1108/australia/practice-1.html,14,10,GAS,Pierre Gasly,AlphaTauri RBPT,26,1:21.701,+1.895s
2022,FORMULA 1 HEINEKEN AUSTRALIAN,1108,practice_1,https://www.formula1.com/en/results.html/2022/races/1108/australia/practice-1.html,15,24,ZHO,Zhou Guanyu,Alfa Romeo Ferrari,21,1:21.821,+2.015s
2022,FORMULA 1 HEINEKEN AUSTRALIAN,1108,practice_1,https://www.formula1.com/en/results.html/2022/races/1108/australia/practice-1.html,16,18,STR,Lance Stroll,Aston Martin Aramco Mercedes,24,1:21.869,+2.063s
2022,FORMULA 1 HEINEKEN AUSTRALIAN,1108,practice_1,https://www.formula1.com/en/results.html/2022/races/1108/australia/practice-1.html,17,23,ALB,Alexander Albon,Williams Mercedes,25,1:22.754,+2.948s
2022,FORMULA 1 HEINEKEN AUSTRALIAN,1108,practice_1,https://www.formula1.com/en/results.html/2022/races/1108/australia/practice-1.html,18,20,MAG,Kevin Magnussen,Haas Ferrari,18,1:23.186,+3.380s
2022,FORMULA 1 HEINEKEN AUSTRALIAN,1108,practice_1,https://www.formula1.com/en/results.html/2022/races/1108/australia/practice-1.html,19,6,LAT,Nicholas Latifi,Williams Mercedes,25,1:23.924,+4.118s
2022,FORMULA 1 HEINEKEN AUSTRALIAN,1108,practice_1,https://www.formula1.com/en/results.html/2022/races/1108/australia/practice-1.html,20,47,MSC,Mick Schumacher,Haas Ferrari,15,1:24.349,+4.543s
2022,EMILIA-ROMAGNA,1109,practice_1,https://www.formula1.com/en/results.html/2022/races/1109/emilia-romagna/practice-1.html,1,16,LEC,Charles Leclerc,Ferrari,24,1:29.402,
2022,EMILIA-ROMAGNA,1109,practice_1,https://www.formula1.com/en/results.html/2022/races/1109/emilia-romagna/practice-1.html,2,55,SAI,Carlos Sainz,Ferrari,25,1:30.279,+0.877s
2022,EMILIA-ROMAGNA,1109,practice_1,https://www.formula1.com/en/results.html/2022/races/1109/emilia-romagna/practice-1.html,3,1,VER,Max Verstappen,Red Bull Racing RBPT,21,1:30.867,+1.465s
2022,EMILIA-ROMAGNA,1109,practice_1,https://www.formula1.com/en/results.html/2022/races/1109/emilia-romagna/practice-1.html,4,20,MAG,Kevin Magnussen,Haas Ferrari,23,1:32.439,+3.037s
2022,EMILIA-ROMAGNA,1109,practice_1,https://www.formula1.com/en/results.html/2022/races/1109/emilia-romagna/practice-1.html,5,47,MSC,Mick Schumacher,Haas Ferrari,23,1:32.988,+3.586s
2022,EMILIA-ROMAGNA,1109,practice_1,https://www.formula1.com/en/results.html/2022/races/1109/emilia-romagna/practice-1.html,6,11,PER,Sergio Perez,Red Bull Racing RBPT,17,1:33.012,+3.610s
2022,EMILIA-ROMAGNA,1109,practice_1,https://www.formula1.com/en/results.html/2022/races/1109/emilia-romagna/practice-1.html,7,14,ALO,Fernando Alonso,Alpine Renault,13,1:33.160,+3.758s
2022,EMILIA-ROMAGNA,1109,practice_1,https://www.formula1.com/en/results.html/2022/races/1109/emilia-romagna/practice-1.html,8,5,VET,Sebastian Vettel,Aston Martin Aramco Mercedes,22,1:33.365,+3.963s
2022,EMILIA-ROMAGNA,1109,practice_1,https://www.formula1.com/en/results.html/2022/races/1109/emilia-romagna/practice-1.html,9,22,TSU,Yuki Tsunoda,AlphaTauri RBPT,18,1:33.611,+4.209s
2022,EMILIA-ROMAGNA,1109,practice_1,https://www.formula1.com/en/results.html/2022/races/1109/emilia-romagna/practice-1.html,10,63,RUS,George Russell,Mercedes,21,1:34.262,+4.860s
2022,EMILIA-ROMAGNA,1109,practice_1,https://www.formula1.com/en/results.html/2022/races/1109/emilia-romagna/practice-1.html,11,77,BOT,Valtteri Bottas,Alfa Romeo Ferrari,19,1:34.615,+5.213s
2022,EMILIA-ROMAGNA,1109,practice_1,https://www.formula1.com/en/results.html/2022/races/1109/emilia-romagna/practice-1.html,12,10,GAS,Pierre Gasly,AlphaTauri RBPT,19,1:35.104,+5.702s
2022,EMILIA-ROMAGNA,1109,practice_1,https://www.formula1.com/en/results.html/2022/races/1109/emilia-romagna/practice-1.html,13,31,OCO,Esteban Ocon,Alpine Renault,14,1:35.420,+6.018s
2022,EMILIA-ROMAGNA,1109,practice_1,https://www.formula1.com/en/results.html/2022/races/1109/emilia-romagna/practice-1.html,14,4,NOR,Lando Norris,McLaren Mercedes,12,1:35.502,+6.100s
2022,EMILIA-ROMAGNA,1109,practice_1,https://www.formula1.com/en/results.html/2022/races/1109/emilia-romagna/practice-1.html,15,3,RIC,Daniel Ricciardo,McLaren Mercedes,15,1:35.625,+6.223s
2022,EMILIA-ROMAGNA,1109,practice_1,https://www.formula1.com/en/results.html/2022/races/1109/emilia-romagna/practice-1.html,16,18,STR,Lance Stroll,Aston Martin Aramco Mercedes,23,1:36.033,+6.631s
2022,EMILIA-ROMAGNA,1109,practice_1,https://www.formula1.com/en/results.html/2022/races/1109/emilia-romagna/practice-1.html,17,23,ALB,Alexander Albon,Williams Mercedes,17,1:36.461,+7.059s
2022,EMILIA-ROMAGNA,1109,practice_1,https://www.formula1.com/en/results.html/2022/races/1109/emilia-romagna/practice-1.html,18,44,HAM,Lewis Hamilton,Mercedes,17,1:36.464,+7.062s
2022,EMILIA-ROMAGNA,1109,practice_1,https://www.formula1.com/en/results.html/2022/races/1109/emilia-romagna/practice-1.html,19,24,ZHO,Zhou Guanyu,Alfa Romeo Ferrari,22,1:37.450,+8.048s
2022,EMILIA-ROMAGNA,1109,practice_1,https://www.formula1.com/en/results.html/2022/races/1109/emilia-romagna/practice-1.html,20,6,LAT,Nicholas Latifi,Williams Mercedes,15,1:39.698,+10.296s
2022,COM MIAMI,1110,practice_1,https://www.formula1.com/en/results.html/2022/races/1110/miami/practice-1.html,1,16,LEC,Charles Leclerc,Ferrari,26,1:31.098,
2022,COM MIAMI,1110,practice_1,https://www.formula1.com/en/results.html/2022/races/1110/miami/practice-1.html,2,63,RUS,George Russell,Mercedes,23,1:31.169,+0.071s
2022,COM MIAMI,1110,practice_1,https://www.formula1.com/en/results.html/2022/races/1110/miami/practice-1.html,3,1,VER,Max Verstappen,Red Bull Racing RBPT,14,1:31.277,+0.179s
2022,COM MIAMI,1110,practice_1,https://www.formula1.com/en/results.html/2022/races/1110/miami/practice-1.html,4,11,PER,Sergio Perez,Red Bull Racing RBPT,22,1:31.301,+0.203s
2022,COM MIAMI,1110,practice_1,https://www.formula1.com/en/results.html/2022/races/1110/miami/practice-1.html,5,10,GAS,Pierre Gasly,AlphaTauri RBPT,27,1:31.498,+0.400s
2022,COM MIAMI,1110,practice_1,https://www.formula1.com/en/results.html/2022/races/1110/miami/practice-1.html,6,55,SAI,Carlos Sainz,Ferrari,25,1:31.528,+0.430s
2022,COM MIAMI,1110,practice_1,https://www.formula1.com/en/results.html/2022/races/1110/miami/practice-1.html,7,23,ALB,Alexander Albon,Williams Mercedes,20,1:31.854,+0.756s
2022,COM MIAMI,1110,practice_1,https://www.formula1.com/en/results.html/2022/races/1110/miami/practice-1.html,8,44,HAM,Lewis Hamilton,Mercedes,23,1:31.956,+0.858s
2022,COM MIAMI,1110,practice_1,https://www.formula1.com/en/results.html/2022/races/1110/miami/practice-1.html,9,20,MAG,Kevin Magnussen,Haas Ferrari,20,1:32.559,+1.461s
2022,COM MIAMI,1110,practice_1,https://www.formula1.com/en/results.html/2022/races/1110/miami/practice-1.html,10,3,RIC,Daniel Ricciardo,McLaren Mercedes,21,1:32.592,+1.494s
2022,COM MIAMI,1110,practice_1,https://www.formula1.com/en/results.html/2022/races/1110/miami/practice-1.html,11,4,NOR,Lando Norris,McLaren Mercedes,26,1:32.615,+1.517s
2022,COM MIAMI,1110,practice_1,https://www.formula1.com/en/results.html/2022/races/1110/miami/practice-1.html,12,14,ALO,Fernando Alonso,Alpine Renault,31,1:32.884,+1.786s
2022,COM MIAMI,1110,practice_1,https://www.formula1.com/en/results.html/2022/races/1110/miami/practice-1.html,13,24,ZHO,Zhou Guanyu,Alfa Romeo Ferrari,23,1:33.020,+1.922s
2022,COM MIAMI,1110,practice_1,https://www.formula1.com/en/results.html/2022/races/1110/miami/practice-1.html,14,5,VET,Sebastian Vettel,Aston Martin Aramco Mercedes,24,1:33.024,+1.926s
2022,COM MIAMI,1110,practice_1,https://www.formula1.com/en/results.html/2022/races/1110/miami/practice-1.html,15,31,OCO,Esteban Ocon,Alpine Renault,27,1:33.417,+2.319s
2022,COM MIAMI,1110,practice_1,https://www.formula1.com/en/results.html/2022/races/1110/miami/practice-1.html,16,18,STR,Lance Stroll,Aston Martin Aramco Mercedes,23,1:33.576,+2.478s
2022,COM MIAMI,1110,practice_1,https://www.formula1.com/en/results.html/2022/races/1110/miami/practice-1.html,17,77,BOT,Valtteri Bottas,Alfa Romeo Ferrari,13,1:33.773,+2.675s
2022,COM MIAMI,1110,practice_1,https://www.formula1.com/en/results.html/2022/races/1110/miami/practice-1.html,18,22,TSU,Yuki Tsunoda,AlphaTauri RBPT,27,1:34.043,+2.945s
2022,COM MIAMI,1110,practice_1,https://www.formula1.com/en/results.html/2022/races/1110/miami/practice-1.html,19,47,MSC,Mick Schumacher,Haas Ferrari,20,1:34.945,+3.847s
2022,COM MIAMI,1110,practice_1,https://www.formula1.com/en/results.html/2022/races/1110/miami/practice-1.html,20,6,LAT,Nicholas Latifi,Williams Mercedes,27,1:35.637,+4.539s
2022,FORMULA 1 PIRELLI GRAN PREMIO DE ESPAÑA,1111,practice_1,https://www.formula1.com/en/results.html/2022/races/1111/spain/practice-1.html,1,16,LEC,Charles Leclerc,Ferrari,27,1:19.828,
2022,FORMULA 1 PIRELLI GRAN PREMIO DE ESPAÑA,1111,practice_1,https://www.formula1.com/en/results.html/2022/races/1111/spain/practice-1.html,2,55,SAI,Carlos Sainz,Ferrari,27,1:19.907,+0.079s
2022,FORMULA 1 PIRELLI GRAN PREMIO DE ESPAÑA,1111,practice_1,https://www.formula1.com/en/results.html/2022/races/1111/spain/practice-1.html,3,1,VER,Max Verstappen,Red Bull Racing RBPT,28,1:20.164,+0.336s
2022,FORMULA 1 PIRELLI GRAN PREMIO DE ESPAÑA,1111,practice_1,https://www.formula1.com/en/results.html/2022/races/1111/spain/practice-1.html,4,63,RUS,George Russell,Mercedes,28,1:20.590,+0.762s
2022,FORMULA 1 PIRELLI GRAN PREMIO DE ESPAÑA,1111,practice_1,https://www.formula1.com/en/results.html/2022/races/1111/spain/practice-1.html,5,14,ALO,Fernando Alonso,Alpine Renault,24,1:20.768,+0.940s
2022,FORMULA 1 PIRELLI GRAN PREMIO DE ESPAÑA,1111,practice_1,https://www.formula1.com/en/results.html/2022/races/1111/spain/practice-1.html,6,44,HAM,Lewis Hamilton,Mercedes,27,1:20.811,+0.983s
2022,FORMULA 1 PIRELLI GRAN PREMIO DE ESPAÑA,1111,practice_1,https://www.formula1.com/en/results.html/2022/races/1111/spain/practice-1.html,7,4,NOR,Lando Norris,McLaren Mercedes,24,1:21.279,+1.451s
2022,FORMULA 1 PIRELLI GRAN PREMIO DE ESPAÑA,1111,practice_1,https://www.formula1.com/en/results.html/2022/races/1111/spain/practice-1.html,8,10,GAS,Pierre Gasly,AlphaTauri RBPT,23,1:21.422,+1.594s
2022,FORMULA 1 PIRELLI GRAN PREMIO DE ESPAÑA,1111,practice_1,https://www.formula1.com/en/results.html/2022/races/1111/spain/practice-1.html,9,3,RIC,Daniel Ricciardo,McLaren Mercedes,23,1:21.737,+1.909s
2022,FORMULA 1 PIRELLI GRAN PREMIO DE ESPAÑA,1111,practice_1,https://www.formula1.com/en/results.html/2022/races/1111/spain/practice-1.html,10,22,TSU,Yuki Tsunoda,AlphaTauri RBPT,28,1:21.814,+1.986s
2022,FORMULA 1 PIRELLI GRAN PREMIO DE ESPAÑA,1111,practice_1,https://www.formula1.com/en/results.html/2022/races/1111/spain/practice-1.html,11,31,OCO,Esteban Ocon,Alpine Renault,26,1:21.891,+2.063s
2022,FORMULA 1 PIRELLI GRAN PREMIO DE ESPAÑA,1111,practice_1,https://www.formula1.com/en/results.html/2022/races/1111/spain/practice-1.html,12,18,STR,Lance Stroll,Aston Martin Aramco Mercedes,23,1:21.920,+2.092s
2022,FORMULA 1 PIRELLI GRAN PREMIO DE ESPAÑA,1111,practice_1,https://www.formula1.com/en/results.html/2022/races/1111/spain/practice-1.html,13,88,KUB,Robert Kubica,Alfa Romeo Ferrari,20,1:21.975,+2.147s
2022,FORMULA 1 PIRELLI GRAN PREMIO DE ESPAÑA,1111,practice_1,https://www.formula1.com/en/results.html/2022/races/1111/spain/practice-1.html,14,20,MAG,Kevin Magnussen,Haas Ferrari,16,1:22.089,+2.261s
2022,FORMULA 1 PIRELLI GRAN PREMIO DE ESPAÑA,1111,practice_1,https://www.formula1.com/en/results.html/2022/races/1111/spain/practice-1.html,15,47,MSC,Mick Schumacher,Haas Ferrari,21,1:22.146,+2.318s
2022,FORMULA 1 PIRELLI GRAN PREMIO DE ESPAÑA,1111,practice_1,https://www.formula1.com/en/results.html/2022/races/1111/spain/practice-1.html,16,5,VET,Sebastian Vettel,Aston Martin Aramco Mercedes,20,1:22.164,+2.336s
2022,FORMULA 1 PIRELLI GRAN PREMIO DE ESPAÑA,1111,practice_1,https://www.formula1.com/en/results.html/2022/races/1111/spain/practice-1.html,17,77,BOT,Valtteri Bottas,Alfa Romeo Ferrari,25,1:22.614,+2.786s
2022,FORMULA 1 PIRELLI GRAN PREMIO DE ESPAÑA,1111,practice_1,https://www.formula1.com/en/results.html/2022/races/1111/spain/practice-1.html,18,45,DEV,Nyck De Vries,Williams Mercedes,28,1:22.920,+3.092s
2022,FORMULA 1 PIRELLI GRAN PREMIO DE ESPAÑA,1111,practice_1,https://www.formula1.com/en/results.html/2022/races/1111/spain/practice-1.html,19,6,LAT,Nicholas Latifi,Williams Mercedes,27,1:23.011,+3.183s
2022,FORMULA 1 PIRELLI GRAN PREMIO DE ESPAÑA,1111,practice_1,https://www.formula1.com/en/results.html/2022/races/1111/spain/practice-1.html,20,36,VIP,Juri Vips,Red Bull Racing RBPT,23,1:24.138,+4.310s
2022,FORMULA 1 GRAND PRIX DE MONACO,1112,practice_1,https://www.formula1.com/en/results.html/2022/races/1112/monaco/practice-1.html,1,16,LEC,Charles Leclerc,Ferrari,29,1:14.531,
2022,FORMULA 1 GRAND PRIX DE MONACO,1112,practice_1,https://www.formula1.com/en/results.html/2022/races/1112/monaco/practice-1.html,2,11,PER,Sergio Perez,Red Bull Racing RBPT,30,1:14.570,+0.039s
2022,FORMULA 1 GRAND PRIX DE MONACO,1112,practice_1,https://www.formula1.com/en/results.html/2022/races/1112/monaco/practice-1.html,3,55,SAI,Carlos Sainz,Ferrari,28,1:14.601,+0.070s
2022,FORMULA 1 GRAND PRIX DE MONACO,1112,practice_1,https://www.formula1.com/en/results.html/2022/races/1112/monaco/practice-1.html,4,1,VER,Max Verstappen,Red Bull Racing RBPT,26,1:14.712,+0.181s
2022,FORMULA 1 GRAND PRIX DE MONACO,1112,practice_1,https://www.formula1.com/en/results.html/2022/races/1112/monaco/practice-1.html,5,4,NOR,Lando Norris,McLaren Mercedes,31,1:15.056,+0.525s
2022,FORMULA 1 GRAND PRIX DE MONACO,1112,practice_1,https://www.formula1.com/en/results.html/2022/races/1112/monaco/practice-1.html,6,10,GAS,Pierre Gasly,AlphaTauri RBPT,33,1:15.083,+0.552s
2022,FORMULA 1 GRAND PRIX DE MONACO,1112,practice_1,https://www.formula1.com/en/results.html/2022/races/1112/monaco/practice-1.html,7,3,RIC,Daniel Ricciardo,McLaren Mercedes,33,1:15.157,+0.626s
2022,FORMULA 1 GRAND PRIX DE MONACO,1112,practice_1,https://www.formula1.com/en/results.html/2022/races/1112/monaco/practice-1.html,8,63,RUS,George Russell,Mercedes,34,1:15.211,+0.680s
2022,FORMULA 1 GRAND PRIX DE MONACO,1112,practice_1,https://www.formula1.com/en/results.html/2022/races/1112/monaco/practice-1.html,9,5,VET,Sebastian Vettel,Aston Martin Aramco Mercedes,33,1:15.387,+0.856s
2022,FORMULA 1 GRAND PRIX DE MONACO,1112,practice_1,https://www.formula1.com/en/results.html/2022/races/1112/monaco/practice-1.html,10,44,HAM,Lewis Hamilton,Mercedes,29,1:15.499,+0.968s
2022,FORMULA 1 GRAND PRIX DE MONACO,1112,practice_1,https://www.formula1.com/en/results.html/2022/races/1112/monaco/practice-1.html,11,22,TSU,Yuki Tsunoda,AlphaTauri RBPT,36,1:15.536,+1.005s
2022,FORMULA 1 GRAND PRIX DE MONACO,1112,practice_1,https://www.formula1.com/en/results.html/2022/races/1112/monaco/practice-1.html,12,18,STR,Lance Stroll,Aston Martin Aramco Mercedes,26,1:15.539,+1.008s
2022,FORMULA 1 GRAND PRIX DE MONACO,1112,practice_1,https://www.formula1.com/en/results.html/2022/races/1112/monaco/practice-1.html,13,14,ALO,Fernando Alonso,Alpine Renault,28,1:15.749,+1.218s
2022,FORMULA 1 GRAND PRIX DE MONACO,1112,practice_1,https://www.formula1.com/en/results.html/2022/races/1112/monaco/practice-1.html,14,20,MAG,Kevin Magnussen,Haas Ferrari,30,1:15.806,+1.275s
2022,FORMULA 1 GRAND PRIX DE MONACO,1112,practice_1,https://www.formula1.com/en/results.html/2022/races/1112/monaco/practice-1.html,15,23,ALB,Alexander Albon,Williams Mercedes,39,1:16.110,+1.579s
2022,FORMULA 1 GRAND PRIX DE MONACO,1112,practice_1,https://www.formula1.com/en/results.html/2022/races/1112/monaco/practice-1.html,16,31,OCO,Esteban Ocon,Alpine Renault,24,1:16.315,+1.784s
2022,FORMULA 1 GRAND PRIX DE MONACO,1112,practice_1,https://www.formula1.com/en/results.html/2022/races/1112/monaco/practice-1.html,17,24,ZHO,Zhou Guanyu,Alfa Romeo Ferrari,27,1:16.417,+1.886s
2022,FORMULA 1 GRAND PRIX DE MONACO,1112,practice_1,https://www.formula1.com/en/results.html/2022/races/1112/monaco/practice-1.html,18,6,LAT,Nicholas Latifi,Williams Mercedes,30,1:17.714,+3.183s
2022,FORMULA 1 GRAND PRIX DE MONACO,1112,practice_1,https://www.formula1.com/en/results.html/2022/races/1112/monaco/practice-1.html,19,47,MSC,Mick Schumacher,Haas Ferrari,12,1:18.636,+4.105s
2022,FORMULA 1 GRAND PRIX DE MONACO,1112,practice_1,https://www.formula1.com/en/results.html/2022/races/1112/monaco/practice-1.html,20,77,BOT,Valtteri Bottas,Alfa Romeo Ferrari,2,,
2022,FORMULA 1 AWS GRAND PRIX DU CANADA,1113,practice_1,https://www.formula1.com/en/results.html/2022/races/1113/canada/practice-1.html,1,1,VER,Max Verstappen,Red Bull Racing RBPT,27,1:15.158,
2022,FORMULA 1 AWS GRAND PRIX DU CANADA,1113,practice_1,https://www.formula1.com/en/results.html/2022/races/1113/canada/practice-1.html,2,55,SAI,Carlos Sainz,Ferrari,34,1:15.404,+0.246s
2022,FORMULA 1 AWS GRAND PRIX DU CANADA,1113,practice_1,https://www.formula1.com/en/results.html/2022/races/1113/canada/practice-1.html,3,14,ALO,Fernando Alonso,Alpine Renault,31,1:15.531,+0.373s
2022,FORMULA 1 AWS GRAND PRIX DU CANADA,1113,practice_1,https://www.formula1.com/en/results.html/2022/races/1113/canada/practice-1.html,4,11,PER,Sergio Perez,Red Bull Racing RBPT,32,1:15.619,+0.461s
2022,FORMULA 1 AWS GRAND PRIX DU CANADA,1113,practice_1,https://www.formula1.com/en/results.html/2022/races/1113/canada/practice-1.html,5,16,LEC,Charles Leclerc,Ferrari,30,1:15.666,+0.508s
2022,FORMULA 1 AWS GRAND PRIX DU CANADA,1113,practice_1,https://www.formula1.com/en/results.html/2022/races/1113/canada/practice-1.html,6,63,RUS,George Russell,Mercedes,29,1:15.822,+0.664s
2022,FORMULA 1 AWS GRAND PRIX DU CANADA,1113,practice_1,https://www.formula1.com/en/results.html/2022/races/1113/canada/practice-1.html,7,18,STR,Lance Stroll,Aston Martin Aramco Mercedes,32,1:15.877,+0.719s
2022,FORMULA 1 AWS GRAND PRIX DU CANADA,1113,practice_1,https://www.formula1.com/en/results.html/2022/races/1113/canada/practice-1.html,8,44,HAM,Lewis Hamilton,Mercedes,27,1:15.877,+0.719s
2022,FORMULA 1 AWS GRAND PRIX DU CANADA,1113,practice_1,https://www.formula1.com/en/results.html/2022/races/1113/canada/practice-1.html,9,5,VET,Sebastian Vettel,Aston Martin Aramco Mercedes,33,1:16.041,+0.883s
2022,FORMULA 1 AWS GRAND PRIX DU CANADA,1113,practice_1,https://www.formula1.com/en/results.html/2022/races/1113/canada/practice-1.html,10,3,RIC,Daniel Ricciardo,McLaren Mercedes,29,1:16.083,+0.925s
2022,FORMULA 1 AWS GRAND PRIX DU CANADA,1113,practice_1,https://www.formula1.com/en/results.html/2022/races/1113/canada/practice-1.html,11,10,GAS,Pierre Gasly,AlphaTauri RBPT,29,1:16.165,+1.007s
2022,FORMULA 1 AWS GRAND PRIX DU CANADA,1113,practice_1,https://www.formula1.com/en/results.html/2022/races/1113/canada/practice-1.html,12,4,NOR,Lando Norris,McLaren Mercedes,17,1:16.211,+1.053s
2022,FORMULA 1 AWS GRAND PRIX DU CANADA,1113,practice_1,https://www.formula1.com/en/results.html/2022/races/1113/canada/practice-1.html,13,23,ALB,Alexander Albon,Williams Mercedes,29,1:16.308,+1.150s
2022,FORMULA 1 AWS GRAND PRIX DU CANADA,1113,practice_1,https://www.formula1.com/en/results.html/2022/races/1113/canada/practice-1.html,14,22,TSU,Yuki Tsunoda,AlphaTauri RBPT,33,1:16.322,+1.164s
2022,FORMULA 1 AWS GRAND PRIX DU CANADA,1113,practice_1,https://www.formula1.com/en/results.html/2022/races/1113/canada/practice-1.html,15,31,OCO,Esteban Ocon,Alpine Renault,26,1:16.421,+1.263s
2022,FORMULA 1 AWS GRAND PRIX DU CANADA,1113,practice_1,https://www.formula1.com/en/results.html/2022/races/1113/canada/practice-1.html,16,77,BOT,Valtteri Bottas,Alfa Romeo Ferrari,27,1:16.426,+1.268s
2022,FORMULA 1 AWS GRAND PRIX DU CANADA,1113,practice_1,https://www.formula1.com/en/results.html/2022/races/1113/canada/practice-1.html,17,24,ZHO,Zhou Guanyu,Alfa Romeo Ferrari,30,1:17.152,+1.994s
2022,FORMULA 1 AWS GRAND PRIX DU CANADA,1113,practice_1,https://www.formula1.com/en/results.html/2022/races/1113/canada/practice-1.html,18,47,MSC,Mick Schumacher,Haas Ferrari,25,1:17.223,+2.065s
2022,FORMULA 1 AWS GRAND PRIX DU CANADA,1113,practice_1,https://www.formula1.com/en/results.html/2022/races/1113/canada/practice-1.html,19,6,LAT,Nicholas Latifi,Williams Mercedes,33,1:17.241,+2.083s
2022,FORMULA 1 AWS GRAND PRIX DU CANADA,1113,practice_1,https://www.formula1.com/en/results.html/2022/races/1113/canada/practice-1.html,20,20,MAG,Kevin Magnussen,Haas Ferrari,31,1:17.555,+2.397s
2022,FORMULA 1 LENOVO BRITISH,1114,practice_1,https://www.formula1.com/en/results.html/2022/races/1114/great-britain/practice-1.html,1,77,BOT,Valtteri Bottas,Alfa Romeo Ferrari,9,1:42.249,
2022,FORMULA 1 LENOVO BRITISH,1114,practice_1,https://www.formula1.com/en/results.html/2022/races/1114/great-britain/practice-1.html,2,44,HAM,Lewis Hamilton,Mercedes,10,1:42.781,+0.532s
2022,FORMULA 1 LENOVO BRITISH,1114,practice_1,https://www.formula1.com/en/results.html/2022/races/1114/great-britain/practice-1.html,3,55,SAI,Carlos Sainz,Ferrari,8,1:42.967,+0.718s
2022,FORMULA 1 LENOVO BRITISH,1114,practice_1,https://www.formula1.com/en/results.html/2022/races/1114/great-britain/practice-1.html,4,16,LEC,Charles Leclerc,Ferrari,7,1:43.801,+1.552s
2022,FORMULA 1 LENOVO BRITISH,1114,practice_1,https://www.formula1.com/en/results.html/2022/races/1114/great-britain/practice-1.html,5,47,MSC,Mick Schumacher,Haas Ferrari,3,1:43.895,+1.646s
2022,FORMULA 1 LENOVO BRITISH,1114,practice_1,https://www.formula1.com/en/results.html/2022/races/1114/great-britain/practice-1.html,6,24,ZHO,Zhou Guanyu,Alfa Romeo Ferrari,4,1:46.171,+3.922s
2022,FORMULA 1 LENOVO BRITISH,1114,practice_1,https://www.formula1.com/en/results.html/2022/races/1114/great-britain/practice-1.html,7,20,MAG,Kevin Magnussen,Haas Ferrari,3,1:48.161,+5.912s
2022,FORMULA 1 LENOVO BRITISH,1114,practice_1,https://www.formula1.com/en/results.html/2022/races/1114/great-britain/practice-1.html,8,18,STR,Lance Stroll,Aston Martin Aramco Mercedes,5,1:51.243,+8.994s
2022,FORMULA 1 LENOVO BRITISH,1114,practice_1,https://www.formula1.com/en/results.html/2022/races/1114/great-britain/practice-1.html,9,22,TSU,Yuki Tsunoda,AlphaTauri RBPT,5,1:51.373,+9.124s
2022,FORMULA 1 LENOVO BRITISH,1114,practice_1,https://www.formula1.com/en/results.html/2022/races/1114/great-britain/practice-1.html,10,5,VET,Sebastian Vettel,Aston Martin Aramco Mercedes,5,1:59.168,+16.919s
2022,FORMULA 1 LENOVO BRITISH,1114,practice_1,https://www.formula1.com/en/results.html/2022/races/1114/great-britain/practice-1.html,11,63,RUS,George Russell,Mercedes,2,,
2022,FORMULA 1 LENOVO BRITISH,1114,practice_1,https://www.formula1.com/en/results.html/2022/races/1114/great-britain/practice-1.html,12,11,PER,Sergio Perez,Red Bull Racing RBPT,3,,
2022,FORMULA 1 LENOVO BRITISH,1114,practice_1,https://www.formula1.com/en/results.html/2022/races/1114/great-britain/practice-1.html,13,31,OCO,Esteban Ocon,Alpine Renault,2,,
2022,FORMULA 1 LENOVO BRITISH,1114,practice_1,https://www.formula1.com/en/results.html/2022/races/1114/great-britain/practice-1.html,14,14,ALO,Fernando Alonso,Alpine Renault,1,,
2022,FORMULA 1 LENOVO BRITISH,1114,practice_1,https://www.formula1.com/en/results.html/2022/races/1114/great-britain/practice-1.html,15,23,ALB,Alexander Albon,Williams Mercedes,1,,
2022,FORMULA 1 LENOVO BRITISH,1114,practice_1,https://www.formula1.com/en/results.html/2022/races/1114/great-britain/practice-1.html,16,3,RIC,Daniel Ricciardo,McLaren Mercedes,4,,
2022,FORMULA 1 LENOVO BRITISH,1114,practice_1,https://www.formula1.com/en/results.html/2022/races/1114/great-britain/practice-1.html,17,10,GAS,Pierre Gasly,AlphaTauri RBPT,3,,
2022,FORMULA 1 LENOVO BRITISH,1114,practice_1,https://www.formula1.com/en/results.html/2022/races/1114/great-britain/practice-1.html,18,4,NOR,Lando Norris,McLaren Mercedes,4,,
2022,FORMULA 1 LENOVO BRITISH,1114,practice_1,https://www.formula1.com/en/results.html/2022/races/1114/great-britain/practice-1.html,19,6,LAT,Nicholas Latifi,Williams Mercedes,1,,
2022,FORMULA 1 LENOVO BRITISH,1114,practice_1,https://www.formula1.com/en/results.html/2022/races/1114/great-britain/practice-1.html,20,1,VER,Max Verstappen,Red Bull Racing RBPT,3,,
2022,FORMULA 1 ROLEX GROSSER PREIS VON ÖSTERREICH,1115,practice_1,https://www.formula1.com/en/results.html/2022/races/1115/austria/practice-1.html,1,1,VER,Max Verstappen,Red Bull Racing RBPT,34,1:06.302,
2022,FORMULA 1 ROLEX GROSSER PREIS VON ÖSTERREICH,1115,practice_1,https://www.formula1.com/en/results.html/2022/races/1115/austria/practice-1.html,2,16,LEC,Charles Leclerc,Ferrari,32,1:06.557,+0.255s
2022,FORMULA 1 ROLEX GROSSER PREIS VON ÖSTERREICH,1115,practice_1,https://www.formula1.com/en/results.html/2022/races/1115/austria/practice-1.html,3,63,RUS,George Russell,Mercedes,32,1:06.702,+0.400s
2022,FORMULA 1 ROLEX GROSSER PREIS VON ÖSTERREICH,1115,practice_1,https://www.formula1.com/en/results.html/2022/races/1115/austria/practice-1.html,4,11,PER,Sergio Perez,Red Bull Racing RBPT,27,1:06.839,+0.537s
2022,FORMULA 1 ROLEX GROSSER PREIS VON ÖSTERREICH,1115,practice_1,https://www.formula1.com/en/results.html/2022/races/1115/austria/practice-1.html,5,44,HAM,Lewis Hamilton,Mercedes,31,1:06.909,+0.607s
2022,FORMULA 1 ROLEX GROSSER PREIS VON ÖSTERREICH,1115,practice_1,https://www.formula1.com/en/results.html/2022/races/1115/austria/practice-1.html,6,20,MAG,Kevin Magnussen,Haas Ferrari,32,1:06.965,+0.663s
2022,FORMULA 1 ROLEX GROSSER PREIS VON ÖSTERREICH,1115,practice_1,https://www.formula1.com/en/results.html/2022/races/1115/austria/practice-1.html,7,55,SAI,Carlos Sainz,Ferrari,29,1:07.039,+0.737s
2022,FORMULA 1 ROLEX GROSSER PREIS VON ÖSTERREICH,1115,practice_1,https://www.formula1.com/en/results.html/2022/races/1115/austria/practice-1.html,8,14,ALO,Fernando Alonso,Alpine Renault,32,1:07.100,+0.798s
2022,FORMULA 1 ROLEX GROSSER PREIS VON ÖSTERREICH,1115,practice_1,https://www.formula1.com/en/results.html/2022/races/1115/austria/practice-1.html,9,47,MSC,Mick Schumacher,Haas Ferrari,32,1:07.246,+0.944s
2022,FORMULA 1 ROLEX GROSSER PREIS VON ÖSTERREICH,1115,practice_1,https://www.formula1.com/en/results.html/2022/races/1115/austria/practice-1.html,10,22,TSU,Yuki Tsunoda,AlphaTauri RBPT,33,1:07.296,+0.994s
2022,FORMULA 1 ROLEX GROSSER PREIS VON ÖSTERREICH,1115,practice_1,https://www.formula1.com/en/results.html/2022/races/1115/austria/practice-1.html,11,18,STR,Lance Stroll,Aston Martin Aramco Mercedes,26,1:07.431,+1.129s
2022,FORMULA 1 ROLEX GROSSER PREIS VON ÖSTERREICH,1115,practice_1,https://www.formula1.com/en/results.html/2022/races/1115/austria/practice-1.html,12,31,OCO,Esteban Ocon,Alpine Renault,27,1:07.462,+1.160s
2022,FORMULA 1 ROLEX GROSSER PREIS VON ÖSTERREICH,1115,practice_1,https://www.formula1.com/en/results.html/2022/races/1115/austria/practice-1.html,13,5,VET,Sebastian Vettel,Aston Martin Aramco Mercedes,29,1:07.476,+1.174s
2022,FORMULA 1 ROLEX GROSSER PREIS VON ÖSTERREICH,1115,practice_1,https://www.formula1.com/en/results.html/2022/races/1115/austria/practice-1.html,14,77,BOT,Valtteri Bottas,Alfa Romeo Ferrari,27,1:07.522,+1.220s
2022,FORMULA 1 ROLEX GROSSER PREIS VON ÖSTERREICH,1115,practice_1,https://www.formula1.com/en/results.html/2022/races/1115/austria/practice-1.html,15,23,ALB,Alexander Albon,Williams Mercedes,32,1:07.582,+1.280s
2022,FORMULA 1 ROLEX GROSSER PREIS VON ÖSTERREICH,1115,practice_1,https://www.formula1.com/en/results.html/2022/races/1115/austria/practice-1.html,16,10,GAS,Pierre Gasly,AlphaTauri RBPT,33,1:07.592,+1.290s
2022,FORMULA 1 ROLEX GROSSER PREIS VON ÖSTERREICH,1115,practice_1,https://www.formula1.com/en/results.html/2022/races/1115/austria/practice-1.html,17,3,RIC,Daniel Ricciardo,McLaren Mercedes,25,1:07.743,+1.441s
2022,FORMULA 1 ROLEX GROSSER PREIS VON ÖSTERREICH,1115,practice_1,https://www.formula1.com/en/results.html/2022/races/1115/austria/practice-1.html,18,24,ZHO,Zhou Guanyu,Alfa Romeo Ferrari,28,1:07.889,+1.587s
2022,FORMULA 1 ROLEX GROSSER PREIS VON ÖSTERREICH,1115,practice_1,https://www.formula1.com/en/results.html/2022/races/1115/austria/practice-1.html,19,6,LAT,Nicholas Latifi,Williams Mercedes,28,1:08.149,+1.847s
2022,FORMULA 1 ROLEX GROSSER PREIS VON ÖSTERREICH,1115,practice_1,https://www.formula1.com/en/results.html/2022/races/1115/austria/practice-1.html,20,4,NOR,Lando Norris,McLaren Mercedes,14,1:09.915,+3.613s
2022,FORMULA 1 LENOVO GRAND PRIX DE FRANCE,1116,practice_1,https://www.formula1.com/en/results.html/2022/races/1116/france/practice-1.html,1,16,LEC,Charles Leclerc,Ferrari,23,1:33.930,
2022,FORMULA 1 LENOVO GRAND PRIX DE FRANCE,1116,practice_1,https://www.formula1.com/en/results.html/2022/races/1116/france/practice-1.html,2,1,VER,Max Verstappen,Red Bull Racing RBPT,19,1:34.021,+0.091s
2022,FORMULA 1 LENOVO GRAND PRIX DE FRANCE,1116,practice_1,https://www.formula1.com/en/results.html/2022/races/1116/france/practice-1.html,3,55,SAI,Carlos Sainz,Ferrari,21,1:34.268,+0.338s
2022,FORMULA 1 LENOVO GRAND PRIX DE FRANCE,1116,practice_1,https://www.formula1.com/en/results.html/2022/races/1116/france/practice-1.html,4,63,RUS,George Russell,Mercedes,25,1:34.881,+0.951s
2022,FORMULA 1 LENOVO GRAND PRIX DE FRANCE,1116,practice_1,https://www.formula1.com/en/results.html/2022/races/1116/france/practice-1.html,5,10,GAS,Pierre Gasly,AlphaTauri RBPT,21,1:34.979,+1.049s
2022,FORMULA 1 LENOVO GRAND PRIX DE FRANCE,1116,practice_1,https://www.formula1.com/en/results.html/2022/races/1116/france/practice-1.html,6,11,PER,Sergio Perez,Red Bull Racing RBPT,21,1:35.174,+1.244s
2022,FORMULA 1 LENOVO GRAND PRIX DE FRANCE,1116,practice_1,https://www.formula1.com/en/results.html/2022/races/1116/france/practice-1.html,7,4,NOR,Lando Norris,McLaren Mercedes,21,1:35.232,+1.302s
2022,FORMULA 1 LENOVO GRAND PRIX DE FRANCE,1116,practice_1,https://www.formula1.com/en/results.html/2022/races/1116/france/practice-1.html,8,23,ALB,Alexander Albon,Williams Mercedes,24,1:35.414,+1.484s
2022,FORMULA 1 LENOVO GRAND PRIX DE FRANCE,1116,practice_1,https://www.formula1.com/en/results.html/2022/races/1116/france/practice-1.html,9,19,DEV,Nyck De Vries,Mercedes,23,1:35.426,+1.496s
2022,FORMULA 1 LENOVO GRAND PRIX DE FRANCE,1116,practice_1,https://www.formula1.com/en/results.html/2022/races/1116/france/practice-1.html,10,3,RIC,Daniel Ricciardo,McLaren Mercedes,21,1:35.660,+1.730s
2022,FORMULA 1 LENOVO GRAND PRIX DE FRANCE,1116,practice_1,https://www.formula1.com/en/results.html/2022/races/1116/france/practice-1.html,11,24,ZHO,Zhou Guanyu,Alfa Romeo Ferrari,21,1:35.676,+1.746s
2022,FORMULA 1 LENOVO GRAND PRIX DE FRANCE,1116,practice_1,https://www.formula1.com/en/results.html/2022/races/1116/france/practice-1.html,12,18,STR,Lance Stroll,Aston Martin Aramco Mercedes,19,1:35.810,+1.880s
2022,FORMULA 1 LENOVO GRAND PRIX DE FRANCE,1116,practice_1,https://www.formula1.com/en/results.html/2022/races/1116/france/practice-1.html,13,31,OCO,Esteban Ocon,Alpine Renault,21,1:35.828,+1.898s
2022,FORMULA 1 LENOVO GRAND PRIX DE FRANCE,1116,practice_1,https://www.formula1.com/en/results.html/2022/races/1116/france/practice-1.html,14,5,VET,Sebastian Vettel,Aston Martin Aramco Mercedes,24,1:35.851,+1.921s
2022,FORMULA 1 LENOVO GRAND PRIX DE FRANCE,1116,practice_1,https://www.formula1.com/en/results.html/2022/races/1116/france/practice-1.html,15,14,ALO,Fernando Alonso,Alpine Renault,22,1:35.875,+1.945s
2022,FORMULA 1 LENOVO GRAND PRIX DE FRANCE,1116,practice_1,https://www.formula1.com/en/results.html/2022/races/1116/france/practice-1.html,16,47,MSC,Mick Schumacher,Haas Ferrari,19,1:36.022,+2.092s
2022,FORMULA 1 LENOVO GRAND PRIX DE FRANCE,1116,practice_1,https://www.formula1.com/en/results.html/2022/races/1116/france/practice-1.html,17,20,MAG,Kevin Magnussen,Haas Ferrari,22,1:36.104,+2.174s
2022,FORMULA 1 LENOVO GRAND PRIX DE FRANCE,1116,practice_1,https://www.formula1.com/en/results.html/2022/races/1116/france/practice-1.html,18,22,TSU,Yuki Tsunoda,AlphaTauri RBPT,26,1:36.127,+2.197s
2022,FORMULA 1 LENOVO GRAND PRIX DE FRANCE,1116,practice_1,https://www.formula1.com/en/results.html/2022/races/1116/france/practice-1.html,19,88,KUB,Robert Kubica,Alfa Romeo Ferrari,19,1:36.332,+2.402s
2022,FORMULA 1 LENOVO GRAND PRIX DE FRANCE,1116,practice_1,https://www.formula1.com/en/results.html/2022/races/1116/france/practice-1.html,20,6,LAT,Nicholas Latifi,Williams Mercedes,23,1:37.043,+3.113s
2022,FORMULA 1 ARAMCO MAGYAR NAGYDÍJ,1117,practice_1,https://www.formula1.com/en/results.html/2022/races/1117/hungary/practice-1.html,1,55,SAI,Carlos Sainz,Ferrari,26,1:18.750,
2022,FORMULA 1 ARAMCO MAGYAR NAGYDÍJ,1117,practice_1,https://www.formula1.com/en/results.html/2022/races/1117/hungary/practice-1.html,2,1,VER,Max Verstappen,Red Bull Racing RBPT,24,1:18.880,+0.130s
2022,FORMULA 1 ARAMCO MAGYAR NAGYDÍJ,1117,practice_1,https://www.formula1.com/en/results.html/2022/races/1117/hungary/practice-1.html,3,16,LEC,Charles Leclerc,Ferrari,26,1:19.039,+0.289s
2022,FORMULA 1 ARAMCO MAGYAR NAGYDÍJ,1117,practice_1,https://www.formula1.com/en/results.html/2022/races/1117/hungary/practice-1.html,4,4,NOR,Lando Norris,McLaren Mercedes,21,1:19.299,+0.549s
2022,FORMULA 1 ARAMCO MAGYAR NAGYDÍJ,1117,practice_1,https://www.formula1.com/en/results.html/2022/races/1117/hungary/practice-1.html,5,63,RUS,George Russell,Mercedes,28,1:19.606,+0.856s
2022,FORMULA 1 ARAMCO MAGYAR NAGYDÍJ,1117,practice_1,https://www.formula1.com/en/results.html/2022/races/1117/hungary/practice-1.html,6,11,PER,Sergio Perez,Red Bull Racing RBPT,24,1:19.622,+0.872s
2022,FORMULA 1 ARAMCO MAGYAR NAGYDÍJ,1117,practice_1,https://www.formula1.com/en/results.html/2022/races/1117/hungary/practice-1.html,7,44,HAM,Lewis Hamilton,Mercedes,25,1:19.710,+0.960s
2022,FORMULA 1 ARAMCO MAGYAR NAGYDÍJ,1117,practice_1,https://www.formula1.com/en/results.html/2022/races/1117/hungary/practice-1.html,8,3,RIC,Daniel Ricciardo,McLaren Mercedes,28,1:19.841,+1.091s
2022,FORMULA 1 ARAMCO MAGYAR NAGYDÍJ,1117,practice_1,https://www.formula1.com/en/results.html/2022/races/1117/hungary/practice-1.html,9,31,OCO,Esteban Ocon,Alpine Renault,30,1:20.348,+1.598s
2022,FORMULA 1 ARAMCO MAGYAR NAGYDÍJ,1117,practice_1,https://www.formula1.com/en/results.html/2022/races/1117/hungary/practice-1.html,10,14,ALO,Fernando Alonso,Alpine Renault,27,1:20.377,+1.627s
2022,FORMULA 1 ARAMCO MAGYAR NAGYDÍJ,1117,practice_1,https://www.formula1.com/en/results.html/2022/races/1117/hungary/practice-1.html,11,5,VET,Sebastian Vettel,Aston Martin Aramco Mercedes,26,1:20.383,+1.633s
2022,FORMULA 1 ARAMCO MAGYAR NAGYDÍJ,1117,practice_1,https://www.formula1.com/en/results.html/2022/races/1117/hungary/practice-1.html,12,18,STR,Lance Stroll,Aston Martin Aramco Mercedes,25,1:20.414,+1.664s
2022,FORMULA 1 ARAMCO MAGYAR NAGYDÍJ,1117,practice_1,https://www.formula1.com/en/results.html/2022/races/1117/hungary/practice-1.html,13,10,GAS,Pierre Gasly,AlphaTauri RBPT,28,1:20.456,+1.706s
2022,FORMULA 1 ARAMCO MAGYAR NAGYDÍJ,1117,practice_1,https://www.formula1.com/en/results.html/2022/races/1117/hungary/practice-1.html,14,22,TSU,Yuki Tsunoda,AlphaTauri RBPT,27,1:20.695,+1.945s
2022,FORMULA 1 ARAMCO MAGYAR NAGYDÍJ,1117,practice_1,https://www.formula1.com/en/results.html/2022/races/1117/hungary/practice-1.html,15,24,ZHO,Zhou Guanyu,Alfa Romeo Ferrari,23,1:20.810,+2.060s
2022,FORMULA 1 ARAMCO MAGYAR NAGYDÍJ,1117,practice_1,https://www.formula1.com/en/results.html/2022/races/1117/hungary/practice-1.html,16,23,ALB,Alexander Albon,Williams Mercedes,28,1:20.834,+2.084s
2022,FORMULA 1 ARAMCO MAGYAR NAGYDÍJ,1117,practice_1,https://www.formula1.com/en/results.html/2022/races/1117/hungary/practice-1.html,17,20,MAG,Kevin Magnussen,Haas Ferrari,24,1:20.921,+2.171s
2022,FORMULA 1 ARAMCO MAGYAR NAGYDÍJ,1117,practice_1,https://www.formula1.com/en/results.html/2022/races/1117/hungary/practice-1.html,18,47,MSC,Mick Schumacher,Haas Ferrari,25,1:21.027,+2.277s
2022,FORMULA 1 ARAMCO MAGYAR NAGYDÍJ,1117,practice_1,https://www.formula1.com/en/results.html/2022/races/1117/hungary/practice-1.html,19,88,KUB,Robert Kubica,Alfa Romeo Ferrari,20,1:21.179,+2.429s
2022,FORMULA 1 ARAMCO MAGYAR NAGYDÍJ,1117,practice_1,https://www.formula1.com/en/results.html/2022/races/1117/hungary/practice-1.html,20,6,LAT,Nicholas Latifi,Williams Mercedes,27,1:21.413,+2.663s
2022,FORMULA 1 ROLEX BELGIAN,1118,practice_1,https://www.formula1.com/en/results.html/2022/races/1118/belgium/practice-1.html,1,55,SAI,Carlos Sainz,Ferrari,16,1:46.538,
2022,FORMULA 1 ROLEX BELGIAN,1118,practice_1,https://www.formula1.com/en/results.html/2022/races/1118/belgium/practice-1.html,2,16,LEC,Charles Leclerc,Ferrari,16,1:46.607,+0.069s
2022,FORMULA 1 ROLEX BELGIAN,1118,practice_1,https://www.formula1.com/en/results.html/2022/races/1118/belgium/practice-1.html,3,1,VER,Max Verstappen,Red Bull Racing RBPT,10,1:46.755,+0.217s
2022,FORMULA 1 ROLEX BELGIAN,1118,practice_1,https://www.formula1.com/en/results.html/2022/races/1118/belgium/practice-1.html,4,63,RUS,George Russell,Mercedes,13,1:47.396,+0.858s
2022,FORMULA 1 ROLEX BELGIAN,1118,practice_1,https://www.formula1.com/en/results.html/2022/races/1118/belgium/practice-1.html,5,18,STR,Lance Stroll,Aston Martin Aramco Mercedes,13,1:47.437,+0.899s
2022,FORMULA 1 ROLEX BELGIAN,1118,practice_1,https://www.formula1.com/en/results.html/2022/races/1118/belgium/practice-1.html,6,23,ALB,Alexander Albon,Williams Mercedes,15,1:47.835,+1.297s
2022,FORMULA 1 ROLEX BELGIAN,1118,practice_1,https://www.formula1.com/en/results.html/2022/races/1118/belgium/practice-1.html,7,3,RIC,Daniel Ricciardo,McLaren Mercedes,14,1:48.081,+1.543s
2022,FORMULA 1 ROLEX BELGIAN,1118,practice_1,https://www.formula1.com/en/results.html/2022/races/1118/belgium/practice-1.html,8,22,TSU,Yuki Tsunoda,AlphaTauri RBPT,17,1:48.310,+1.772s
2022,FORMULA 1 ROLEX BELGIAN,1118,practice_1,https://www.formula1.com/en/results.html/2022/races/1118/belgium/practice-1.html,9,44,HAM,Lewis Hamilton,Mercedes,10,1:48.420,+1.882s
2022,FORMULA 1 ROLEX BELGIAN,1118,practice_1,https://www.formula1.com/en/results.html/2022/races/1118/belgium/practice-1.html,10,11,PER,Sergio Perez,Red Bull Racing RBPT,13,1:48.474,+1.936s
2022,FORMULA 1 ROLEX BELGIAN,1118,practice_1,https://www.formula1.com/en/results.html/2022/races/1118/belgium/practice-1.html,11,6,LAT,Nicholas Latifi,Williams Mercedes,13,1:48.485,+1.947s
2022,FORMULA 1 ROLEX BELGIAN,1118,practice_1,https://www.formula1.com/en/results.html/2022/races/1118/belgium/practice-1.html,12,24,ZHO,Zhou Guanyu,Alfa Romeo Ferrari,16,1:48.672,+2.134s
2022,FORMULA 1 ROLEX BELGIAN,1118,practice_1,https://www.formula1.com/en/results.html/2022/races/1118/belgium/practice-1.html,13,4,NOR,Lando Norris,McLaren Mercedes,15,1:49.470,+2.932s
2022,FORMULA 1 ROLEX BELGIAN,1118,practice_1,https://www.formula1.com/en/results.html/2022/races/1118/belgium/practice-1.html,14,14,ALO,Fernando Alonso,Alpine Renault,17,1:49.664,+3.126s
2022,FORMULA 1 ROLEX BELGIAN,1118,practice_1,https://www.formula1.com/en/results.html/2022/races/1118/belgium/practice-1.html,15,5,VET,Sebastian Vettel,Aston Martin Aramco Mercedes,12,1:49.813,+3.275s
2022,FORMULA 1 ROLEX BELGIAN,1118,practice_1,https://www.formula1.com/en/results.html/2022/races/1118/belgium/practice-1.html,16,31,OCO,Esteban Ocon,Alpine Renault,5,1:50.315,+3.777s
2022,FORMULA 1 ROLEX BELGIAN,1118,practice_1,https://www.formula1.com/en/results.html/2022/races/1118/belgium/practice-1.html,17,20,MAG,Kevin Magnussen,Haas Ferrari,9,1:50.982,+4.444s
2022,FORMULA 1 ROLEX BELGIAN,1118,practice_1,https://www.formula1.com/en/results.html/2022/races/1118/belgium/practice-1.html,18,47,MSC,Mick Schumacher,Haas Ferrari,15,1:51.259,+4.721s
2022,FORMULA 1 ROLEX BELGIAN,1118,practice_1,https://www.formula1.com/en/results.html/2022/races/1118/belgium/practice-1.html,19,40,LAW,Liam Lawson,AlphaTauri RBPT,14,1:52.065,+5.527s
2022,FORMULA 1 ROLEX BELGIAN,1118,practice_1,https://www.formula1.com/en/results.html/2022/races/1118/belgium/practice-1.html,20,77,BOT,Valtteri Bottas,Alfa Romeo Ferrari,2,,
2022,FORMULA 1 HEINEKEN DUTCH,1119,practice_1,https://www.formula1.com/en/results.html/2022/races/1119/netherlands/practice-1.html,1,63,RUS,George Russell,Mercedes,29,1:12.455,
2022,FORMULA 1 HEINEKEN DUTCH,1119,practice_1,https://www.formula1.com/en/results.html/2022/races/1119/netherlands/practice-1.html,2,44,HAM,Lewis Hamilton,Mercedes,28,1:12.695,+0.240s
2022,FORMULA 1 HEINEKEN DUTCH,1119,practice_1,https://www.formula1.com/en/results.html/2022/races/1119/netherlands/practice-1.html,3,55,SAI,Carlos Sainz,Ferrari,30,1:12.845,+0.390s
2022,FORMULA 1 HEINEKEN DUTCH,1119,practice_1,https://www.formula1.com/en/results.html/2022/races/1119/netherlands/practice-1.html,4,4,NOR,Lando Norris,McLaren Mercedes,32,1:12.929,+0.474s
2022,FORMULA 1 HEINEKEN DUTCH,1119,practice_1,https://www.formula1.com/en/results.html/2022/races/1119/netherlands/practice-1.html,5,3,RIC,Daniel Ricciardo,McLaren Mercedes,31,1:13.077,+0.622s
2022,FORMULA 1 HEINEKEN DUTCH,1119,practice_1,https://www.formula1.com/en/results.html/2022/races/1119/netherlands/practice-1.html,6,16,LEC,Charles Leclerc,Ferrari,30,1:13.127,+0.672s
2022,FORMULA 1 HEINEKEN DUTCH,1119,practice_1,https://www.formula1.com/en/results.html/2022/races/1119/netherlands/practice-1.html,7,11,PER,Sergio Perez,Red Bull Racing RBPT,30,1:13.416,+0.961s
2022,FORMULA 1 HEINEKEN DUTCH,1119,practice_1,https://www.formula1.com/en/results.html/2022/races/1119/netherlands/practice-1.html,8,14,ALO,Fernando Alonso,Alpine Renault,31,1:13.633,+1.178s
2022,FORMULA 1 HEINEKEN DUTCH,1119,practice_1,https://www.formula1.com/en/results.html/2022/races/1119/netherlands/practice-1.html,9,31,OCO,Esteban Ocon,Alpine Renault,33,1:13.963,+1.508s
2022,FORMULA 1 HEINEKEN DUTCH,1119,practice_1,https://www.formula1.com/en/results.html/2022/races/1119/netherlands/practice-1.html,10,23,ALB,Alexander Albon,Williams Mercedes,29,1:14.063,+1.608s
2022,FORMULA 1 HEINEKEN DUTCH,1119,practice_1,https://www.formula1.com/en/results.html/2022/races/1119/netherlands/practice-1.html,11,47,MSC,Mick Schumacher,Haas Ferrari,29,1:14.163,+1.708s
2022,FORMULA 1 HEINEKEN DUTCH,1119,practice_1,https://www.formula1.com/en/results.html/2022/races/1119/netherlands/practice-1.html,12,18,STR,Lance Stroll,Aston Martin Aramco Mercedes,30,1:14.257,+1.802s
2022,FORMULA 1 HEINEKEN DUTCH,1119,practice_1,https://www.formula1.com/en/results.html/2022/races/1119/netherlands/practice-1.html,13,20,MAG,Kevin Magnussen,Haas Ferrari,31,1:14.405,+1.950s
2022,FORMULA 1 HEINEKEN DUTCH,1119,practice_1,https://www.formula1.com/en/results.html/2022/races/1119/netherlands/practice-1.html,14,10,GAS,Pierre Gasly,AlphaTauri RBPT,28,1:14.474,+2.019s
2022,FORMULA 1 HEINEKEN DUTCH,1119,practice_1,https://www.formula1.com/en/results.html/2022/races/1119/netherlands/practice-1.html,15,5,VET,Sebastian Vettel,Aston Martin Aramco Mercedes,28,1:14.500,+2.045s
2022,FORMULA 1 HEINEKEN DUTCH,1119,practice_1,https://www.formula1.com/en/results.html/2022/races/1119/netherlands/practice-1.html,16,24,ZHO,Zhou Guanyu,Alfa Romeo Ferrari,18,1:14.534,+2.079s
2022,FORMULA 1 HEINEKEN DUTCH,1119,practice_1,https://www.formula1.com/en/results.html/2022/races/1119/netherlands/practice-1.html,17,22,TSU,Yuki Tsunoda,AlphaTauri RBPT,31,1:14.630,+2.175s
2022,FORMULA 1 HEINEKEN DUTCH,1119,practice_1,https://www.formula1.com/en/results.html/2022/races/1119/netherlands/practice-1.html,18,77,BOT,Valtteri Bottas,Alfa Romeo Ferrari,22,1:14.695,+2.240s
2022,FORMULA 1 HEINEKEN DUTCH,1119,practice_1,https://www.formula1.com/en/results.html/2022/races/1119/netherlands/practice-1.html,19,1,VER,Max Verstappen,Red Bull Racing RBPT,7,1:14.714,+2.259s
2022,FORMULA 1 HEINEKEN DUTCH,1119,practice_1,https://www.formula1.com/en/results.html/2022/races/1119/netherlands/practice-1.html,20,6,LAT,Nicholas Latifi,Williams Mercedes,33,1:15.122,+2.667s
2022,ITALIA,1120,practice_1,https://www.formula1.com/en/results.html/2022/races/1120/italy/practice-1.html,1,16,LEC,Charles Leclerc,Ferrari,25,1:22.410,
2022,ITALIA,1120,practice_1,https://www.formula1.com/en/results.html/2022/races/1120/italy/practice-1.html,2,55,SAI,Carlos Sainz,Ferrari,23,1:22.487,+0.077s
2022,ITALIA,1120,practice_1,https://www.formula1.com/en/results.html/2022/races/1120/italy/practice-1.html,3,63,RUS,George Russell,Mercedes,27,1:22.689,+0.279s
2022,ITALIA,1120,practice_1,https://www.formula1.com/en/results.html/2022/races/1120/italy/practice-1.html,4,44,HAM,Lewis Hamilton,Mercedes,24,1:22.831,+0.421s
2022,ITALIA,1120,practice_1,https://www.formula1.com/en/results.html/2022/races/1120/italy/practice-1.html,5,1,VER,Max Verstappen,Red Bull Racing RBPT,27,1:22.840,+0.430s
2022,ITALIA,1120,practice_1,https://www.formula1.com/en/results.html/2022/races/1120/italy/practice-1.html,6,31,OCO,Esteban Ocon,Alpine Renault,28,1:23.075,+0.665s
2022,ITALIA,1120,practice_1,https://www.formula1.com/en/results.html/2022/races/1120/italy/practice-1.html,7,14,ALO,Fernando Alonso,Alpine Renault,26,1:23.099,+0.689s
2022,ITALIA,1120,practice_1,https://www.formula1.com/en/results.html/2022/races/1120/italy/practice-1.html,8,22,TSU,Yuki Tsunoda,AlphaTauri RBPT,26,1:23.260,+0.850s
2022,ITALIA,1120,practice_1,https://www.formula1.com/en/results.html/2022/races/1120/italy/practice-1.html,9,77,BOT,Valtteri Bottas,Alfa Romeo Ferrari,27,1:23.394,+0.984s
2022,ITALIA,1120,practice_1,https://www.formula1.com/en/results.html/2022/races/1120/italy/practice-1.html,10,3,RIC,Daniel Ricciardo,McLaren Mercedes,26,1:23.511,+1.101s
2022,ITALIA,1120,practice_1,https://www.formula1.com/en/results.html/2022/races/1120/italy/practice-1.html,11,23,ALB,Alexander Albon,Williams Mercedes,24,1:23.529,+1.119s
2022,ITALIA,1120,practice_1,https://www.formula1.com/en/results.html/2022/races/1120/italy/practice-1.html,12,24,ZHO,Zhou Guanyu,Alfa Romeo Ferrari,28,1:23.570,+1.160s
2022,ITALIA,1120,practice_1,https://www.formula1.com/en/results.html/2022/races/1120/italy/practice-1.html,13,10,GAS,Pierre Gasly,AlphaTauri RBPT,27,1:23.640,+1.230s
2022,ITALIA,1120,practice_1,https://www.formula1.com/en/results.html/2022/races/1120/italy/practice-1.html,14,11,PER,Sergio Perez,Red Bull Racing RBPT,21,1:23.661,+1.251s
2022,ITALIA,1120,practice_1,https://www.formula1.com/en/results.html/2022/races/1120/italy/practice-1.html,15,18,STR,Lance Stroll,Aston Martin Aramco Mercedes,28,1:23.688,+1.278s
2022,ITALIA,1120,practice_1,https://www.formula1.com/en/results.html/2022/races/1120/italy/practice-1.html,16,4,NOR,Lando Norris,McLaren Mercedes,27,1:23.856,+1.446s
2022,ITALIA,1120,practice_1,https://www.formula1.com/en/results.html/2022/races/1120/italy/practice-1.html,17,20,MAG,Kevin Magnussen,Haas Ferrari,24,1:24.006,+1.596s
2022,ITALIA,1120,practice_1,https://www.formula1.com/en/results.html/2022/races/1120/italy/practice-1.html,18,99,GIO,Antonio Giovinazzi,Haas Ferrari,25,1:24.317,+1.907s
2022,ITALIA,1120,practice_1,https://www.formula1.com/en/results.html/2022/races/1120/italy/practice-1.html,19,34,DEV,Nyck De Vries,Aston Martin Aramco Mercedes,22,1:24.731,+2.321s
2022,ITALIA,1120,practice_1,https://www.formula1.com/en/results.html/2022/races/1120/italy/practice-1.html,20,6,LAT,Nicholas Latifi,Williams Mercedes,24,1:24.941,+2.531s
2022,FORMULA 1 GULF AIR BAHRAIN,1124,practice_1,https://www.formula1.com/en/results.html/2022/races/1124/bahrain/practice-1.html,1,10,GAS,Pierre Gasly,AlphaTauri RBPT,23,1:34.193,
2022,FORMULA 1 GULF AIR BAHRAIN,1124,practice_1,https://www.formula1.com/en/results.html/2022/races/1124/bahrain/practice-1.html,2,16,LEC,Charles Leclerc,Ferrari,22,1:34.557,+0.364s
2022,FORMULA 1 GULF AIR BAHRAIN,1124,practice_1,https://www.formula1.com/en/results.html/2022/races/1124/bahrain/practice-1.html,3,55,SAI,Carlos Sainz,Ferrari,23,1:34.611,+0.418s
2022,FORMULA 1 GULF AIR BAHRAIN,1124,practice_1,https://www.formula1.com/en/results.html/2022/races/1124/bahrain/practice-1.html,4,63,RUS,George Russell,Mercedes,23,1:34.629,+0.436s
2022,FORMULA 1 GULF AIR BAHRAIN,1124,practice_1,https://www.formula1.com/en/results.html/2022/races/1124/bahrain/practice-1.html,5,1,VER,Max Verstappen,Red Bull Racing RBPT,22,1:34.742,+0.549s
2022,FORMULA 1 GULF AIR BAHRAIN,1124,practice_1,https://www.formula1.com/en/results.html/2022/races/1124/bahrain/practice-1.html,6,18,STR,Lance Stroll,Aston Martin Aramco Mercedes,22,1:34.814,+0.621s
2022,FORMULA 1 GULF AIR BAHRAIN,1124,practice_1,https://www.formula1.com/en/results.html/2022/races/1124/bahrain/practice-1.html,7,44,HAM,Lewis Hamilton,Mercedes,17,1:34.943,+0.750s
2022,FORMULA 1 GULF AIR BAHRAIN,1124,practice_1,https://www.formula1.com/en/results.html/2022/races/1124/bahrain/practice-1.html,8,14,ALO,Fernando Alonso,Alpine Renault,14,1:35.000,+0.807s
2022,FORMULA 1 GULF AIR BAHRAIN,1124,practice_1,https://www.formula1.com/en/results.html/2022/races/1124/bahrain/practice-1.html,9,22,TSU,Yuki Tsunoda,AlphaTauri RBPT,20,1:35.028,+0.835s
2022,FORMULA 1 GULF AIR BAHRAIN,1124,practice_1,https://www.formula1.com/en/results.html/2022/races/1124/bahrain/practice-1.html,10,11,PER,Sergio Perez,Red Bull Racing RBPT,23,1:35.050,+0.857s
2022,FORMULA 1 GULF AIR BAHRAIN,1124,practice_1,https://www.formula1.com/en/results.html/2022/races/1124/bahrain/practice-1.html,11,24,ZHO,Zhou Guanyu,Alfa Romeo Ferrari,20,1:35.053,+0.860s
2022,FORMULA 1 GULF AIR BAHRAIN,1124,practice_1,https://www.formula1.com/en/results.html/2022/races/1124/bahrain/practice-1.html,12,31,OCO,Esteban Ocon,Alpine Renault,15,1:35.151,+0.958s
2022,FORMULA 1 GULF AIR BAHRAIN,1124,practice_1,https://www.formula1.com/en/results.html/2022/races/1124/bahrain/practice-1.html,13,6,LAT,Nicholas Latifi,Williams Mercedes,15,1:35.644,+1.451s
2022,FORMULA 1 GULF AIR BAHRAIN,1124,practice_1,https://www.formula1.com/en/results.html/2022/races/1124/bahrain/practice-1.html,14,27,HUL,Nico Hulkenberg,Aston Martin Aramco Mercedes,23,1:35.815,+1.622s
2022,FORMULA 1 GULF AIR BAHRAIN,1124,practice_1,https://www.formula1.com/en/results.html/2022/races/1124/bahrain/practice-1.html,15,23,ALB,Alexander Albon,Williams Mercedes,17,1:35.923,+1.730s
2022,FORMULA 1 GULF AIR BAHRAIN,1124,practice_1,https://www.formula1.com/en/results.html/2022/races/1124/bahrain/practice-1.html,16,4,NOR,Lando Norris,McLaren Mercedes,22,1:36.304,+2.111s
2022,FORMULA 1 GULF AIR BAHRAIN,1124,practice_1,https://www.formula1.com/en/results.html/2022/races/1124/bahrain/practice-1.html,17,3,RIC,Daniel Ricciardo,McLaren Mercedes,20,1:36.402,+2.209s
2022,FORMULA 1 GULF AIR BAHRAIN,1124,practice_1,https://www.formula1.com/en/results.html/2022/races/1124/bahrain/practice-1.html,18,47,MSC,Mick Schumacher,Haas Ferrari,23,1:36.536,+2.343s
2022,FORMULA 1 GULF AIR BAHRAIN,1124,practice_1,https://www.formula1.com/en/results.html/2022/races/1124/bahrain/practice-1.html,19,20,MAG,Kevin Magnussen,Haas Ferrari,21,1:36.804,+2.611s
2022,FORMULA 1 GULF AIR BAHRAIN,1124,practice_1,https://www.formula1.com/en/results.html/2022/races/1124/bahrain/practice-1.html,20,77,BOT,Valtteri Bottas,Alfa Romeo Ferrari,2,,
2022,FORMULA 1 STC SAUDI ARABIAN,1125,practice_1,https://www.formula1.com/en/results.html/2022/races/1125/saudi-arabia/practice-1.html,1,16,LEC,Charles Leclerc,Ferrari,17,1:30.772,
2022,FORMULA 1 STC SAUDI ARABIAN,1125,practice_1,https://www.formula1.com/en/results.html/2022/races/1125/saudi-arabia/practice-1.html,2,1,VER,Max Verstappen,Red Bull Racing RBPT,24,1:30.888,+0.116s
2022,FORMULA 1 STC SAUDI ARABIAN,1125,practice_1,https://www.formula1.com/en/results.html/2022/races/1125/saudi-arabia/practice-1.html,3,77,BOT,Valtteri Bottas,Alfa Romeo Ferrari,22,1:31.084,+0.312s
2022,FORMULA 1 STC SAUDI ARABIAN,1125,practice_1,https://www.formula1.com/en/results.html/2022/races/1125/saudi-arabia/practice-1.html,4,55,SAI,Carlos Sainz,Ferrari,14,1:31.139,+0.367s
2022,FORMULA 1 STC SAUDI ARABIAN,1125,practice_1,https://www.formula1.com/en/results.html/2022/races/1125/saudi-arabia/practice-1.html,5,10,GAS,Pierre Gasly,AlphaTauri RBPT,28,1:31.317,+0.545s
2022,FORMULA 1 STC SAUDI ARABIAN,1125,practice_1,https://www.formula1.com/en/results.html/2022/races/1125/saudi-arabia/practice-1.html,6,22,TSU,Yuki Tsunoda,AlphaTauri RBPT,26,1:31.505,+0.733s
2022,FORMULA 1 STC SAUDI ARABIAN,1125,practice_1,https://www.formula1.com/en/results.html/2022/races/1125/saudi-arabia/practice-1.html,7,11,PER,Sergio Perez,Red Bull Racing RBPT,25,1:31.563,+0.791s
2022,FORMULA 1 STC SAUDI ARABIAN,1125,practice_1,https://www.formula1.com/en/results.html/2022/races/1125/saudi-arabia/practice-1.html,8,31,OCO,Esteban Ocon,Alpine Renault,26,1:32.026,+1.254s
2022,FORMULA 1 STC SAUDI ARABIAN,1125,practice_1,https://www.formula1.com/en/results.html/2022/races/1125/saudi-arabia/practice-1.html,9,44,HAM,Lewis Hamilton,Mercedes,20,1:32.364,+1.592s
2022,FORMULA 1 STC SAUDI ARABIAN,1125,practice_1,https://www.formula1.com/en/results.html/2022/races/1125/saudi-arabia/practice-1.html,10,14,ALO,Fernando Alonso,Alpine Renault,23,1:32.381,+1.609s
2022,FORMULA 1 STC SAUDI ARABIAN,1125,practice_1,https://www.formula1.com/en/results.html/2022/races/1125/saudi-arabia/practice-1.html,11,3,RIC,Daniel Ricciardo,McLaren Mercedes,24,1:32.506,+1.734s
2022,FORMULA 1 STC SAUDI ARABIAN,1125,practice_1,https://www.formula1.com/en/results.html/2022/races/1125/saudi-arabia/practice-1.html,12,18,STR,Lance Stroll,Aston Martin Aramco Mercedes,23,1:32.582,+1.810s
2022,FORMULA 1 STC SAUDI ARABIAN,1125,practice_1,https://www.formula1.com/en/results.html/2022/races/1125/saudi-arabia/practice-1.html,13,4,NOR,Lando Norris,McLaren Mercedes,24,1:32.594,+1.822s
2022,FORMULA 1 STC SAUDI ARABIAN,1125,practice_1,https://www.formula1.com/en/results.html/2022/races/1125/saudi-arabia/practice-1.html,14,24,ZHO,Zhou Guanyu,Alfa Romeo Ferrari,26,1:32.608,+1.836s
2022,FORMULA 1 STC SAUDI ARABIAN,1125,practice_1,https://www.formula1.com/en/results.html/2022/races/1125/saudi-arabia/practice-1.html,15,63,RUS,George Russell,Mercedes,19,1:32.839,+2.067s
2022,FORMULA 1 STC SAUDI ARABIAN,1125,practice_1,https://www.formula1.com/en/results.html/2022/races/1125/saudi-arabia/practice-1.html,16,27,HUL,Nico Hulkenberg,Aston Martin Aramco Mercedes,23,1:33.034,+2.262s
2022,FORMULA 1 STC SAUDI ARABIAN,1125,practice_1,https://www.formula1.com/en/results.html/2022/races/1125/saudi-arabia/practice-1.html,17,23,ALB,Alexander Albon,Williams Mercedes,25,1:33.087,+2.315s
2022,FORMULA 1 STC SAUDI ARABIAN,1125,practice_1,https://www.formula1.com/en/results.html/2022/races/1125/saudi-arabia/practice-1.html,18,6,LAT,Nicholas Latifi,Williams Mercedes,26,1:33.529,+2.757s
2022,FORMULA 1 STC SAUDI ARABIAN,1125,practice_1,https://www.formula1.com/en/results.html/2022/races/1125/saudi-arabia/practice-1.html,19,47,MSC,Mick Schumacher,Haas Ferrari,22,1:34.429,+3.657s
2022,FORMULA 1 STC SAUDI ARABIAN,1125,practice_1,https://www.formula1.com/en/results.html/2022/races/1125/saudi-arabia/practice-1.html,20,20,MAG,Kevin Magnussen,Haas Ferrari,2,,
2022,FORMULA 1 AZERBAIJAN,1126,practice_1,https://www.formula1.com/en/results.html/2022/races/1126/azerbaijan/practice-1.html,1,11,PER,Sergio Perez,Red Bull Racing RBPT,21,1:45.476,
2022,FORMULA 1 AZERBAIJAN,1126,practice_1,https://www.formula1.com/en/results.html/2022/races/1126/azerbaijan/practice-1.html,2,16,LEC,Charles Leclerc,Ferrari,21,1:45.603,+0.127s
2022,FORMULA 1 AZERBAIJAN,1126,practice_1,https://www.formula1.com/en/results.html/2022/races/1126/azerbaijan/practice-1.html,3,1,VER,Max Verstappen,Red Bull Racing RBPT,25,1:45.810,+0.334s
2022,FORMULA 1 AZERBAIJAN,1126,practice_1,https://www.formula1.com/en/results.html/2022/races/1126/azerbaijan/practice-1.html,4,55,SAI,Carlos Sainz,Ferrari,22,1:46.012,+0.536s
2022,FORMULA 1 AZERBAIJAN,1126,practice_1,https://www.formula1.com/en/results.html/2022/races/1126/azerbaijan/practice-1.html,5,14,ALO,Fernando Alonso,Alpine Renault,22,1:46.571,+1.095s
2022,FORMULA 1 AZERBAIJAN,1126,practice_1,https://www.formula1.com/en/results.html/2022/races/1126/azerbaijan/practice-1.html,6,44,HAM,Lewis Hamilton,Mercedes,21,1:46.667,+1.191s
2022,FORMULA 1 AZERBAIJAN,1126,practice_1,https://www.formula1.com/en/results.html/2022/races/1126/azerbaijan/practice-1.html,7,22,TSU,Yuki Tsunoda,AlphaTauri RBPT,25,1:46.696,+1.220s
2022,FORMULA 1 AZERBAIJAN,1126,practice_1,https://www.formula1.com/en/results.html/2022/races/1126/azerbaijan/practice-1.html,8,63,RUS,George Russell,Mercedes,24,1:46.705,+1.229s
2022,FORMULA 1 AZERBAIJAN,1126,practice_1,https://www.formula1.com/en/results.html/2022/races/1126/azerbaijan/practice-1.html,9,10,GAS,Pierre Gasly,AlphaTauri RBPT,25,1:46.830,+1.354s
2022,FORMULA 1 AZERBAIJAN,1126,practice_1,https://www.formula1.com/en/results.html/2022/races/1126/azerbaijan/practice-1.html,10,31,OCO,Esteban Ocon,Alpine Renault,21,1:46.917,+1.441s
2022,FORMULA 1 AZERBAIJAN,1126,practice_1,https://www.formula1.com/en/results.html/2022/races/1126/azerbaijan/practice-1.html,11,4,NOR,Lando Norris,McLaren Mercedes,19,1:47.691,+2.215s
2022,FORMULA 1 AZERBAIJAN,1126,practice_1,https://www.formula1.com/en/results.html/2022/races/1126/azerbaijan/practice-1.html,12,18,STR,Lance Stroll,Aston Martin Aramco Mercedes,24,1:47.847,+2.371s
2022,FORMULA 1 AZERBAIJAN,1126,practice_1,https://www.formula1.com/en/results.html/2022/races/1126/azerbaijan/practice-1.html,13,20,MAG,Kevin Magnussen,Haas Ferrari,24,1:47.946,+2.470s
2022,FORMULA 1 AZERBAIJAN,1126,practice_1,https://www.formula1.com/en/results.html/2022/races/1126/azerbaijan/practice-1.html,14,5,VET,Sebastian Vettel,Aston Martin Aramco Mercedes,22,1:47.970,+2.494s
2022,FORMULA 1 AZERBAIJAN,1126,practice_1,https://www.formula1.com/en/results.html/2022/races/1126/azerbaijan/practice-1.html,15,77,BOT,Valtteri Bottas,Alfa Romeo Ferrari,22,1:48.078,+2.602s
2022,FORMULA 1 AZERBAIJAN,1126,practice_1,https://www.formula1.com/en/results.html/2022/races/1126/azerbaijan/practice-1.html,16,24,ZHO,Zhou Guanyu,Alfa Romeo Ferrari,24,1:48.222,+2.746s
2022,FORMULA 1 AZERBAIJAN,1126,practice_1,https://www.formula1.com/en/results.html/2022/races/1126/azerbaijan/practice-1.html,17,23,ALB,Alexander Albon,Williams Mercedes,22,1:48.419,+2.943s
2022,FORMULA 1 AZERBAIJAN,1126,practice_1,https://www.formula1.com/en/results.html/2022/races/1126/azerbaijan/practice-1.html,18,3,RIC,Daniel Ricciardo,McLaren Mercedes,22,1:48.810,+3.334s
2022,FORMULA 1 AZERBAIJAN,1126,practice_1,https://www.formula1.com/en/results.html/2022/races/1126/azerbaijan/practice-1.html,19,6,LAT,Nicholas Latifi,Williams Mercedes,7,1:50.921,+5.445s
2022,FORMULA 1 AZERBAIJAN,1126,practice_1,https://www.formula1.com/en/results.html/2022/races/1126/azerbaijan/practice-1.html,20,47,MSC,Mick Schumacher,Haas Ferrari,3,1:58.332,+12.856s
2022,FORMULA 1 SINGAPORE AIRLINES SINGAPORE,1133,practice_1,https://www.formula1.com/en/results.html/2022/races/1133/singapore/practice-1.html,1,44,HAM,Lewis Hamilton,Mercedes,20,1:43.033,
2022,FORMULA 1 SINGAPORE AIRLINES SINGAPORE,1133,practice_1,https://www.formula1.com/en/results.html/2022/races/1133/singapore/practice-1.html,2,1,VER,Max Verstappen,Red Bull Racing RBPT,20,1:43.117,+0.084s
2022,FORMULA 1 SINGAPORE AIRLINES SINGAPORE,1133,practice_1,https://www.formula1.com/en/results.html/2022/races/1133/singapore/practice-1.html,3,16,LEC,Charles Leclerc,Ferrari,17,1:43.435,+0.402s
2022,FORMULA 1 SINGAPORE AIRLINES SINGAPORE,1133,practice_1,https://www.formula1.com/en/results.html/2022/races/1133/singapore/practice-1.html,4,11,PER,Sergio Perez,Red Bull Racing RBPT,15,1:43.839,+0.806s
2022,FORMULA 1 SINGAPORE AIRLINES SINGAPORE,1133,practice_1,https://www.formula1.com/en/results.html/2022/races/1133/singapore/practice-1.html,5,63,RUS,George Russell,Mercedes,21,1:44.066,+1.033s
2022,FORMULA 1 SINGAPORE AIRLINES SINGAPORE,1133,practice_1,https://www.formula1.com/en/results.html/2022/races/1133/singapore/practice-1.html,6,55,SAI,Carlos Sainz,Ferrari,24,1:44.138,+1.105s
2022,FORMULA 1 SINGAPORE AIRLINES SINGAPORE,1133,practice_1,https://www.formula1.com/en/results.html/2022/races/1133/singapore/practice-1.html,7,31,OCO,Esteban Ocon,Alpine Renault,24,1:44.736,+1.703s
2022,FORMULA 1 SINGAPORE AIRLINES SINGAPORE,1133,practice_1,https://www.formula1.com/en/results.html/2022/races/1133/singapore/practice-1.html,8,18,STR,Lance Stroll,Aston Martin Aramco Mercedes,12,1:45.221,+2.188s
2022,FORMULA 1 SINGAPORE AIRLINES SINGAPORE,1133,practice_1,https://www.formula1.com/en/results.html/2022/races/1133/singapore/practice-1.html,9,10,GAS,Pierre Gasly,AlphaTauri RBPT,24,1:45.258,+2.225s
2022,FORMULA 1 SINGAPORE AIRLINES SINGAPORE,1133,practice_1,https://www.formula1.com/en/results.html/2022/races/1133/singapore/practice-1.html,10,14,ALO,Fernando Alonso,Alpine Renault,11,1:45.336,+2.303s
2022,FORMULA 1 SINGAPORE AIRLINES SINGAPORE,1133,practice_1,https://www.formula1.com/en/results.html/2022/races/1133/singapore/practice-1.html,11,5,VET,Sebastian Vettel,Aston Martin Aramco Mercedes,22,1:45.354,+2.321s
2022,FORMULA 1 SINGAPORE AIRLINES SINGAPORE,1133,practice_1,https://www.formula1.com/en/results.html/2022/races/1133/singapore/practice-1.html,12,3,RIC,Daniel Ricciardo,McLaren Mercedes,21,1:45.724,+2.691s
2022,FORMULA 1 SINGAPORE AIRLINES SINGAPORE,1133,practice_1,https://www.formula1.com/en/results.html/2022/races/1133/singapore/practice-1.html,13,77,BOT,Valtteri Bottas,Alfa Romeo Ferrari,24,1:45.725,+2.692s
2022,FORMULA 1 SINGAPORE AIRLINES SINGAPORE,1133,practice_1,https://www.formula1.com/en/results.html/2022/races/1133/singapore/practice-1.html,14,20,MAG,Kevin Magnussen,Haas Ferrari,22,1:46.028,+2.995s
2022,FORMULA 1 SINGAPORE AIRLINES SINGAPORE,1133,practice_1,https://www.formula1.com/en/results.html/2022/races/1133/singapore/practice-1.html,15,22,TSU,Yuki Tsunoda,AlphaTauri RBPT,26,1:46.081,+3.048s
2022,FORMULA 1 SINGAPORE AIRLINES SINGAPORE,1133,practice_1,https://www.formula1.com/en/results.html/2022/races/1133/singapore/practice-1.html,16,23,ALB,Alexander Albon,Williams Mercedes,20,1:46.119,+3.086s
2022,FORMULA 1 SINGAPORE AIRLINES SINGAPORE,1133,practice_1,https://www.formula1.com/en/results.html/2022/races/1133/singapore/practice-1.html,17,24,ZHO,Zhou Guanyu,Alfa Romeo Ferrari,25,1:46.408,+3.375s
2022,FORMULA 1 SINGAPORE AIRLINES SINGAPORE,1133,practice_1,https://www.formula1.com/en/results.html/2022/races/1133/singapore/practice-1.html,18,47,MSC,Mick Schumacher,Haas Ferrari,23,1:46.601,+3.568s
2022,FORMULA 1 SINGAPORE AIRLINES SINGAPORE,1133,practice_1,https://www.formula1.com/en/results.html/2022/races/1133/singapore/practice-1.html,19,4,NOR,Lando Norris,McLaren Mercedes,22,1:46.680,+3.647s
2022,FORMULA 1 SINGAPORE AIRLINES SINGAPORE,1133,practice_1,https://www.formula1.com/en/results.html/2022/races/1133/singapore/practice-1.html,20,6,LAT,Nicholas Latifi,Williams Mercedes,18,1:47.092,+4.059s
2022,FORMULA 1 HONDA JAPANESE,1134,practice_1,https://www.formula1.com/en/results.html/2022/races/1134/japan/practice-1.html,1,14,ALO,Fernando Alonso,Alpine Renault,7,1:42.248,
2022,FORMULA 1 HONDA JAPANESE,1134,practice_1,https://www.formula1.com/en/results.html/2022/races/1134/japan/practice-1.html,2,55,SAI,Carlos Sainz,Ferrari,15,1:42.563,+0.315s
2022,FORMULA 1 HONDA JAPANESE,1134,practice_1,https://www.formula1.com/en/results.html/2022/races/1134/japan/practice-1.html,3,16,LEC,Charles Leclerc,Ferrari,16,1:42.634,+0.386s
2022,FORMULA 1 HONDA JAPANESE,1134,practice_1,https://www.formula1.com/en/results.html/2022/races/1134/japan/practice-1.html,4,31,OCO,Esteban Ocon,Alpine Renault,5,1:43.022,+0.774s
2022,FORMULA 1 HONDA JAPANESE,1134,practice_1,https://www.formula1.com/en/results.html/2022/races/1134/japan/practice-1.html,5,20,MAG,Kevin Magnussen,Haas Ferrari,15,1:43.258,+1.010s
2022,FORMULA 1 HONDA JAPANESE,1134,practice_1,https://www.formula1.com/en/results.html/2022/races/1134/japan/practice-1.html,6,1,VER,Max Verstappen,Red Bull Racing RBPT,4,1:43.362,+1.114s
2022,FORMULA 1 HONDA JAPANESE,1134,practice_1,https://www.formula1.com/en/results.html/2022/races/1134/japan/practice-1.html,7,47,MSC,Mick Schumacher,Haas Ferrari,13,1:43.761,+1.513s
2022,FORMULA 1 HONDA JAPANESE,1134,practice_1,https://www.formula1.com/en/results.html/2022/races/1134/japan/practice-1.html,8,4,NOR,Lando Norris,McLaren Mercedes,7,1:43.889,+1.641s
2022,FORMULA 1 HONDA JAPANESE,1134,practice_1,https://www.formula1.com/en/results.html/2022/races/1134/japan/practice-1.html,9,77,BOT,Valtteri Bottas,Alfa Romeo Ferrari,13,1:43.969,+1.721s
2022,FORMULA 1 HONDA JAPANESE,1134,practice_1,https://www.formula1.com/en/results.html/2022/races/1134/japan/practice-1.html,10,11,PER,Sergio Perez,Red Bull Racing RBPT,4,1:44.234,+1.986s
2022,FORMULA 1 HONDA JAPANESE,1134,practice_1,https://www.formula1.com/en/results.html/2022/races/1134/japan/practice-1.html,11,24,ZHO,Zhou Guanyu,Alfa Romeo Ferrari,15,1:44.429,+2.181s
2022,FORMULA 1 HONDA JAPANESE,1134,practice_1,https://www.formula1.com/en/results.html/2022/races/1134/japan/practice-1.html,12,3,RIC,Daniel Ricciardo,McLaren Mercedes,8,1:44.486,+2.238s
2022,FORMULA 1 HONDA JAPANESE,1134,practice_1,https://www.formula1.com/en/results.html/2022/races/1134/japan/practice-1.html,13,44,HAM,Lewis Hamilton,Mercedes,6,1:44.558,+2.310s
2022,FORMULA 1 HONDA JAPANESE,1134,practice_1,https://www.formula1.com/en/results.html/2022/races/1134/japan/practice-1.html,14,18,STR,Lance Stroll,Aston Martin Aramco Mercedes,10,1:44.570,+2.322s
2022,FORMULA 1 HONDA JAPANESE,1134,practice_1,https://www.formula1.com/en/results.html/2022/races/1134/japan/practice-1.html,15,23,ALB,Alexander Albon,Williams Mercedes,9,1:44.791,+2.543s
2022,FORMULA 1 HONDA JAPANESE,1134,practice_1,https://www.formula1.com/en/results.html/2022/races/1134/japan/practice-1.html,16,10,GAS,Pierre Gasly,AlphaTauri RBPT,12,1:44.878,+2.630s
2022,FORMULA 1 HONDA JAPANESE,1134,practice_1,https://www.formula1.com/en/results.html/2022/races/1134/japan/practice-1.html,17,6,LAT,Nicholas Latifi,Williams Mercedes,11,1:45.424,+3.176s
2022,FORMULA 1 HONDA JAPANESE,1134,practice_1,https://www.formula1.com/en/results.html/2022/races/1134/japan/practice-1.html,18,63,RUS,George Russell,Mercedes,4,1:46.103,+3.855s
2022,FORMULA 1 HONDA JAPANESE,1134,practice_1,https://www.formula1.com/en/results.html/2022/races/1134/japan/practice-1.html,19,22,TSU,Yuki Tsunoda,AlphaTauri RBPT,16,1:46.192,+3.944s
2022,FORMULA 1 HONDA JAPANESE,1134,practice_1,https://www.formula1.com/en/results.html/2022/races/1134/japan/practice-1.html,20,5,VET,Sebastian Vettel,Aston Martin Aramco Mercedes,8,1:48.090,+5.842s
2022,FORMULA 1 ARAMCO UNITED STATES,1135,practice_1,https://www.formula1.com/en/results.html/2022/races/1135/united-states/practice-1.html,1,55,SAI,Carlos Sainz,Ferrari,19,1:36.857,
2022,FORMULA 1 ARAMCO UNITED STATES,1135,practice_1,https://www.formula1.com/en/results.html/2022/races/1135/united-states/practice-1.html,2,1,VER,Max Verstappen,Red Bull Racing RBPT,15,1:37.081,+0.224s
2022,FORMULA 1 ARAMCO UNITED STATES,1135,practice_1,https://www.formula1.com/en/results.html/2022/races/1135/united-states/practice-1.html,3,44,HAM,Lewis Hamilton,Mercedes,20,1:37.332,+0.475s
2022,FORMULA 1 ARAMCO UNITED STATES,1135,practice_1,https://www.formula1.com/en/results.html/2022/races/1135/united-states/practice-1.html,4,18,STR,Lance Stroll,Aston Martin Aramco Mercedes,23,1:37.460,+0.603s
2022,FORMULA 1 ARAMCO UNITED STATES,1135,practice_1,https://www.formula1.com/en/results.html/2022/races/1135/united-states/practice-1.html,5,11,PER,Sergio Perez,Red Bull Racing RBPT,19,1:37.515,+0.658s
2022,FORMULA 1 ARAMCO UNITED STATES,1135,practice_1,https://www.formula1.com/en/results.html/2022/races/1135/united-states/practice-1.html,6,14,ALO,Fernando Alonso,Alpine Renault,25,1:37.713,+0.856s
2022,FORMULA 1 ARAMCO UNITED STATES,1135,practice_1,https://www.formula1.com/en/results.html/2022/races/1135/united-states/practice-1.html,7,63,RUS,George Russell,Mercedes,23,1:37.802,+0.945s
2022,FORMULA 1 ARAMCO UNITED STATES,1135,practice_1,https://www.formula1.com/en/results.html/2022/races/1135/united-states/practice-1.html,8,10,GAS,Pierre Gasly,AlphaTauri RBPT,24,1:37.810,+0.953s
2022,FORMULA 1 ARAMCO UNITED STATES,1135,practice_1,https://www.formula1.com/en/results.html/2022/races/1135/united-states/practice-1.html,9,4,NOR,Lando Norris,McLaren Mercedes,23,1:37.856,+0.999s
2022,FORMULA 1 ARAMCO UNITED STATES,1135,practice_1,https://www.formula1.com/en/results.html/2022/races/1135/united-states/practice-1.html,10,5,VET,Sebastian Vettel,Aston Martin Aramco Mercedes,25,1:38.041,+1.184s
2022,FORMULA 1 ARAMCO UNITED STATES,1135,practice_1,https://www.formula1.com/en/results.html/2022/races/1135/united-states/practice-1.html,11,31,OCO,Esteban Ocon,Alpine Renault,24,1:38.102,+1.245s
2022,FORMULA 1 ARAMCO UNITED STATES,1135,practice_1,https://www.formula1.com/en/results.html/2022/races/1135/united-states/practice-1.html,12,24,ZHO,Zhou Guanyu,Alfa Romeo Ferrari,21,1:38.276,+1.419s
2022,FORMULA 1 ARAMCO UNITED STATES,1135,practice_1,https://www.formula1.com/en/results.html/2022/races/1135/united-states/practice-1.html,13,23,ALB,Alexander Albon,Williams Mercedes,21,1:38.422,+1.565s
2022,FORMULA 1 ARAMCO UNITED STATES,1135,practice_1,https://www.formula1.com/en/results.html/2022/races/1135/united-states/practice-1.html,14,22,TSU,Yuki Tsunoda,AlphaTauri RBPT,23,1:38.898,+2.041s
2022,FORMULA 1 ARAMCO UNITED STATES,1135,practice_1,https://www.formula1.com/en/results.html/2022/races/1135/united-states/practice-1.html,15,47,MSC,Mick Schumacher,Haas Ferrari,20,1:38.922,+2.065s
2022,FORMULA 1 ARAMCO UNITED STATES,1135,practice_1,https://www.formula1.com/en/results.html/2022/races/1135/united-states/practice-1.html,16,39,SHW,Robert Shwartzman,Ferrari,21,1:38.951,+2.094s
2022,FORMULA 1 ARAMCO UNITED STATES,1135,practice_1,https://www.formula1.com/en/results.html/2022/races/1135/united-states/practice-1.html,17,28,PAL,Alex Palou,McLaren Mercedes,21,1:39.911,+3.054s
2022,FORMULA 1 ARAMCO UNITED STATES,1135,practice_1,https://www.formula1.com/en/results.html/2022/races/1135/united-states/practice-1.html,18,98,POU,Theo Pourchaire,Alfa Romeo Ferrari,19,1:40.175,+3.318s
2022,FORMULA 1 ARAMCO UNITED STATES,1135,practice_1,https://www.formula1.com/en/results.html/2022/races/1135/united-states/practice-1.html,19,45,SAR,Logan Sargeant,Williams Mercedes,23,1:40.325,+3.468s
2022,FORMULA 1 ARAMCO UNITED STATES,1135,practice_1,https://www.formula1.com/en/results.html/2022/races/1135/united-states/practice-1.html,20,99,GIO,Antonio Giovinazzi,Haas Ferrari,4,1:43.063,+6.206s
2022,FORMULA 1 HEINEKEN GRAN PREMIO DE LA CIUDAD DE MÉXICO,1136,practice_1,https://www.formula1.com/en/results.html/2022/races/1136/mexico/practice-1.html,1,55,SAI,Carlos Sainz,Ferrari,25,1:20.707,
2022,FORMULA 1 HEINEKEN GRAN PREMIO DE LA CIUDAD DE MÉXICO,1136,practice_1,https://www.formula1.com/en/results.html/2022/races/1136/mexico/practice-1.html,2,16,LEC,Charles Leclerc,Ferrari,20,1:20.753,+0.046s
2022,FORMULA 1 HEINEKEN GRAN PREMIO DE LA CIUDAD DE MÉXICO,1136,practice_1,https://www.formula1.com/en/results.html/2022/races/1136/mexico/practice-1.html,3,11,PER,Sergio Perez,Red Bull Racing RBPT,22,1:20.827,+0.120s
2022,FORMULA 1 HEINEKEN GRAN PREMIO DE LA CIUDAD DE MÉXICO,1136,practice_1,https://www.formula1.com/en/results.html/2022/races/1136/mexico/practice-1.html,4,1,VER,Max Verstappen,Red Bull Racing RBPT,22,1:20.827,+0.120s
2022,FORMULA 1 HEINEKEN GRAN PREMIO DE LA CIUDAD DE MÉXICO,1136,practice_1,https://www.formula1.com/en/results.html/2022/races/1136/mexico/practice-1.html,5,44,HAM,Lewis Hamilton,Mercedes,17,1:20.849,+0.142s
2022,FORMULA 1 HEINEKEN GRAN PREMIO DE LA CIUDAD DE MÉXICO,1136,practice_1,https://www.formula1.com/en/results.html/2022/races/1136/mexico/practice-1.html,6,14,ALO,Fernando Alonso,Alpine Renault,26,1:20.899,+0.192s
2022,FORMULA 1 HEINEKEN GRAN PREMIO DE LA CIUDAD DE MÉXICO,1136,practice_1,https://www.formula1.com/en/results.html/2022/races/1136/mexico/practice-1.html,7,77,BOT,Valtteri Bottas,Alfa Romeo Ferrari,23,1:21.083,+0.376s
2022,FORMULA 1 HEINEKEN GRAN PREMIO DE LA CIUDAD DE MÉXICO,1136,practice_1,https://www.formula1.com/en/results.html/2022/races/1136/mexico/practice-1.html,8,4,NOR,Lando Norris,McLaren Mercedes,21,1:21.120,+0.413s
2022,FORMULA 1 HEINEKEN GRAN PREMIO DE LA CIUDAD DE MÉXICO,1136,practice_1,https://www.formula1.com/en/results.html/2022/races/1136/mexico/practice-1.html,9,10,GAS,Pierre Gasly,AlphaTauri RBPT,25,1:21.310,+0.603s
2022,FORMULA 1 HEINEKEN GRAN PREMIO DE LA CIUDAD DE MÉXICO,1136,practice_1,https://www.formula1.com/en/results.html/2022/races/1136/mexico/practice-1.html,10,5,VET,Sebastian Vettel,Aston Martin Aramco Mercedes,24,1:21.525,+0.818s
2022,FORMULA 1 HEINEKEN GRAN PREMIO DE LA CIUDAD DE MÉXICO,1136,practice_1,https://www.formula1.com/en/results.html/2022/races/1136/mexico/practice-1.html,11,3,RIC,Daniel Ricciardo,McLaren Mercedes,16,1:21.762,+1.055s
2022,FORMULA 1 HEINEKEN GRAN PREMIO DE LA CIUDAD DE MÉXICO,1136,practice_1,https://www.formula1.com/en/results.html/2022/races/1136/mexico/practice-1.html,12,24,ZHO,Zhou Guanyu,Alfa Romeo Ferrari,20,1:21.820,+1.113s
2022,FORMULA 1 HEINEKEN GRAN PREMIO DE LA CIUDAD DE MÉXICO,1136,practice_1,https://www.formula1.com/en/results.html/2022/races/1136/mexico/practice-1.html,13,18,STR,Lance Stroll,Aston Martin Aramco Mercedes,24,1:21.865,+1.158s
2022,FORMULA 1 HEINEKEN GRAN PREMIO DE LA CIUDAD DE MÉXICO,1136,practice_1,https://www.formula1.com/en/results.html/2022/races/1136/mexico/practice-1.html,14,47,MSC,Mick Schumacher,Haas Ferrari,22,1:21.952,+1.245s
2022,FORMULA 1 HEINEKEN GRAN PREMIO DE LA CIUDAD DE MÉXICO,1136,practice_1,https://www.formula1.com/en/results.html/2022/races/1136/mexico/practice-1.html,15,6,LAT,Nicholas Latifi,Williams Mercedes,20,1:22.912,+2.205s
2022,FORMULA 1 HEINEKEN GRAN PREMIO DE LA CIUDAD DE MÉXICO,1136,practice_1,https://www.formula1.com/en/results.html/2022/races/1136/mexico/practice-1.html,16,40,LAW,Liam Lawson,AlphaTauri RBPT,19,1:23.861,+3.154s
2022,FORMULA 1 HEINEKEN GRAN PREMIO DE LA CIUDAD DE MÉXICO,1136,practice_1,https://www.formula1.com/en/results.html/2022/races/1136/mexico/practice-1.html,17,45,SAR,Logan Sargeant,Williams Mercedes,22,1:24.246,+3.539s
2022,FORMULA 1 HEINEKEN GRAN PREMIO DE LA CIUDAD DE MÉXICO,1136,practice_1,https://www.formula1.com/en/results.html/2022/races/1136/mexico/practice-1.html,18,19,DEV,Nyck De Vries,Mercedes,20,1:24.582,+3.875s
2022,FORMULA 1 HEINEKEN GRAN PREMIO DE LA CIUDAD DE MÉXICO,1136,practice_1,https://www.formula1.com/en/results.html/2022/races/1136/mexico/practice-1.html,19,82,DOO,Jack Doohan,Alpine Renault,13,1:24.615,+3.908s
2022,FORMULA 1 HEINEKEN GRAN PREMIO DE LA CIUDAD DE MÉXICO,1136,practice_1,https://www.formula1.com/en/results.html/2022/races/1136/mexico/practice-1.html,20,51,FIT,Pietro Fittipaldi,Haas Ferrari,9,1:26.766,+6.059s
2022,FORMULA 1 HEINEKEN GRANDE PRÊMIO DE SÃO PAULO,1137,practice_1,https://www.formula1.com/en/results.html/2022/races/1137/brazil/practice-1.html,1,11,PER,Sergio Perez,Red Bull Racing RBPT,29,1:11.853,
2022,FORMULA 1 HEINEKEN GRANDE PRÊMIO DE SÃO PAULO,1137,practice_1,https://www.formula1.com/en/results.html/2022/races/1137/brazil/practice-1.html,2,16,LEC,Charles Leclerc,Ferrari,31,1:11.857,+0.004s
2022,FORMULA 1 HEINEKEN GRANDE PRÊMIO DE SÃO PAULO,1137,practice_1,https://www.formula1.com/en/results.html/2022/races/1137/brazil/practice-1.html,3,1,VER,Max Verstappen,Red Bull Racing RBPT,28,1:11.861,+0.008s
2022,FORMULA 1 HEINEKEN GRANDE PRÊMIO DE SÃO PAULO,1137,practice_1,https://www.formula1.com/en/results.html/2022/races/1137/brazil/practice-1.html,4,55,SAI,Carlos Sainz,Ferrari,30,1:12.039,+0.186s
2022,FORMULA 1 HEINEKEN GRANDE PRÊMIO DE SÃO PAULO,1137,practice_1,https://www.formula1.com/en/results.html/2022/races/1137/brazil/practice-1.html,5,44,HAM,Lewis Hamilton,Mercedes,25,1:12.040,+0.187s
2022,FORMULA 1 HEINEKEN GRANDE PRÊMIO DE SÃO PAULO,1137,practice_1,https://www.formula1.com/en/results.html/2022/races/1137/brazil/practice-1.html,6,63,RUS,George Russell,Mercedes,24,1:12.055,+0.202s
2022,FORMULA 1 HEINEKEN GRANDE PRÊMIO DE SÃO PAULO,1137,practice_1,https://www.formula1.com/en/results.html/2022/races/1137/brazil/practice-1.html,7,5,VET,Sebastian Vettel,Aston Martin Aramco Mercedes,30,1:12.157,+0.304s
2022,FORMULA 1 HEINEKEN GRANDE PRÊMIO DE SÃO PAULO,1137,practice_1,https://www.formula1.com/en/results.html/2022/races/1137/brazil/practice-1.html,8,47,MSC,Mick Schumacher,Haas Ferrari,27,1:12.314,+0.461s
2022,FORMULA 1 HEINEKEN GRANDE PRÊMIO DE SÃO PAULO,1137,practice_1,https://www.formula1.com/en/results.html/2022/races/1137/brazil/practice-1.html,9,77,BOT,Valtteri Bottas,Alfa Romeo Ferrari,31,1:12.466,+0.613s
2022,FORMULA 1 HEINEKEN GRANDE PRÊMIO DE SÃO PAULO,1137,practice_1,https://www.formula1.com/en/results.html/2022/races/1137/brazil/practice-1.html,10,10,GAS,Pierre Gasly,AlphaTauri RBPT,32,1:12.467,+0.614s
2022,FORMULA 1 HEINEKEN GRANDE PRÊMIO DE SÃO PAULO,1137,practice_1,https://www.formula1.com/en/results.html/2022/races/1137/brazil/practice-1.html,11,14,ALO,Fernando Alonso,Alpine Renault,25,1:12.554,+0.701s
2022,FORMULA 1 HEINEKEN GRANDE PRÊMIO DE SÃO PAULO,1137,practice_1,https://www.formula1.com/en/results.html/2022/races/1137/brazil/practice-1.html,12,23,ALB,Alexander Albon,Williams Mercedes,29,1:12.633,+0.780s
2022,FORMULA 1 HEINEKEN GRANDE PRÊMIO DE SÃO PAULO,1137,practice_1,https://www.formula1.com/en/results.html/2022/races/1137/brazil/practice-1.html,13,31,OCO,Esteban Ocon,Alpine Renault,30,1:12.705,+0.852s
2022,FORMULA 1 HEINEKEN GRANDE PRÊMIO DE SÃO PAULO,1137,practice_1,https://www.formula1.com/en/results.html/2022/races/1137/brazil/practice-1.html,14,18,STR,Lance Stroll,Aston Martin Aramco Mercedes,26,1:12.759,+0.906s
2022,FORMULA 1 HEINEKEN GRANDE PRÊMIO DE SÃO PAULO,1137,practice_1,https://www.formula1.com/en/results.html/2022/races/1137/brazil/practice-1.html,15,4,NOR,Lando Norris,McLaren Mercedes,28,1:12.955,+1.102s
2022,FORMULA 1 HEINEKEN GRANDE PRÊMIO DE SÃO PAULO,1137,practice_1,https://www.formula1.com/en/results.html/2022/races/1137/brazil/practice-1.html,16,20,MAG,Kevin Magnussen,Haas Ferrari,25,1:12.997,+1.144s
2022,FORMULA 1 HEINEKEN GRANDE PRÊMIO DE SÃO PAULO,1137,practice_1,https://www.formula1.com/en/results.html/2022/races/1137/brazil/practice-1.html,17,6,LAT,Nicholas Latifi,Williams Mercedes,32,1:13.019,+1.166s
2022,FORMULA 1 HEINEKEN GRANDE PRÊMIO DE SÃO PAULO,1137,practice_1,https://www.formula1.com/en/results.html/2022/races/1137/brazil/practice-1.html,18,24,ZHO,Zhou Guanyu,Alfa Romeo Ferrari,30,1:13.115,+1.262s
2022,FORMULA 1 HEINEKEN GRANDE PRÊMIO DE SÃO PAULO,1137,practice_1,https://www.formula1.com/en/results.html/2022/races/1137/brazil/practice-1.html,19,22,TSU,Yuki Tsunoda,AlphaTauri RBPT,32,1:13.347,+1.494s
2022,FORMULA 1 HEINEKEN GRANDE PRÊMIO DE SÃO PAULO,1137,practice_1,https://www.formula1.com/en/results.html/2022/races/1137/brazil/practice-1.html,20,3,RIC,Daniel Ricciardo,McLaren Mercedes,28,1:13.359,+1.506s
2022,FORMULA 1 ETIHAD AIRWAYS ABU DHABI,1138,practice_1,https://www.formula1.com/en/results.html/2022/races/1138/abu-dhabi/practice-1.html,1,44,HAM,Lewis Hamilton,Mercedes,21,1:26.633,
2022,FORMULA 1 ETIHAD AIRWAYS ABU DHABI,1138,practice_1,https://www.formula1.com/en/results.html/2022/races/1138/abu-dhabi/practice-1.html,2,63,RUS,George Russell,Mercedes,30,1:26.853,+0.220s
2022,FORMULA 1 ETIHAD AIRWAYS ABU DHABI,1138,practice_1,https://www.formula1.com/en/results.html/2022/races/1138/abu-dhabi/practice-1.html,3,16,LEC,Charles Leclerc,Ferrari,22,1:26.888,+0.255s
2022,FORMULA 1 ETIHAD AIRWAYS ABU DHABI,1138,practice_1,https://www.formula1.com/en/results.html/2022/races/1138/abu-dhabi/practice-1.html,4,11,PER,Sergio Perez,Red Bull Racing RBPT,23,1:26.967,+0.334s
2022,FORMULA 1 ETIHAD AIRWAYS ABU DHABI,1138,practice_1,https://www.formula1.com/en/results.html/2022/races/1138/abu-dhabi/practice-1.html,5,36,LAW,Liam Lawson,Red Bull Racing RBPT,22,1:27.201,+0.568s
2022,FORMULA 1 ETIHAD AIRWAYS ABU DHABI,1138,practice_1,https://www.formula1.com/en/results.html/2022/races/1138/abu-dhabi/practice-1.html,6,5,VET,Sebastian Vettel,Aston Martin Aramco Mercedes,20,1:27.268,+0.635s
2022,FORMULA 1 ETIHAD AIRWAYS ABU DHABI,1138,practice_1,https://www.formula1.com/en/results.html/2022/races/1138/abu-dhabi/practice-1.html,7,39,SHW,Robert Shwartzman,Ferrari,24,1:27.429,+0.796s
2022,FORMULA 1 ETIHAD AIRWAYS ABU DHABI,1138,practice_1,https://www.formula1.com/en/results.html/2022/races/1138/abu-dhabi/practice-1.html,8,3,RIC,Daniel Ricciardo,McLaren Mercedes,21,1:27.619,+0.986s
2022,FORMULA 1 ETIHAD AIRWAYS ABU DHABI,1138,practice_1,https://www.formula1.com/en/results.html/2022/races/1138/abu-dhabi/practice-1.html,9,77,BOT,Valtteri Bottas,Alfa Romeo Ferrari,23,1:27.655,+1.022s
2022,FORMULA 1 ETIHAD AIRWAYS ABU DHABI,1138,practice_1,https://www.formula1.com/en/results.html/2022/races/1138/abu-dhabi/practice-1.html,10,23,ALB,Alexander Albon,Williams Mercedes,26,1:27.840,+1.207s
2022,FORMULA 1 ETIHAD AIRWAYS ABU DHABI,1138,practice_1,https://www.formula1.com/en/results.html/2022/races/1138/abu-dhabi/practice-1.html,11,10,GAS,Pierre Gasly,AlphaTauri RBPT,28,1:27.845,+1.212s
2022,FORMULA 1 ETIHAD AIRWAYS ABU DHABI,1138,practice_1,https://www.formula1.com/en/results.html/2022/races/1138/abu-dhabi/practice-1.html,12,31,OCO,Esteban Ocon,Alpine Renault,27,1:27.891,+1.258s
2022,FORMULA 1 ETIHAD AIRWAYS ABU DHABI,1138,practice_1,https://www.formula1.com/en/results.html/2022/races/1138/abu-dhabi/practice-1.html,13,22,TSU,Yuki Tsunoda,AlphaTauri RBPT,28,1:27.991,+1.358s
2022,FORMULA 1 ETIHAD AIRWAYS ABU DHABI,1138,practice_1,https://www.formula1.com/en/results.html/2022/races/1138/abu-dhabi/practice-1.html,14,88,KUB,Robert Kubica,Alfa Romeo Ferrari,22,1:28.064,+1.431s
2022,FORMULA 1 ETIHAD AIRWAYS ABU DHABI,1138,practice_1,https://www.formula1.com/en/results.html/2022/races/1138/abu-dhabi/practice-1.html,15,45,SAR,Logan Sargeant,Williams Mercedes,23,1:28.098,+1.465s
2022,FORMULA 1 ETIHAD AIRWAYS ABU DHABI,1138,practice_1,https://www.formula1.com/en/results.html/2022/races/1138/abu-dhabi/practice-1.html,16,20,MAG,Kevin Magnussen,Haas Ferrari,20,1:28.142,+1.509s
2022,FORMULA 1 ETIHAD AIRWAYS ABU DHABI,1138,practice_1,https://www.formula1.com/en/results.html/2022/races/1138/abu-dhabi/practice-1.html,17,51,FIT,Pietro Fittipaldi,Haas Ferrari,26,1:28.204,+1.571s
2022,FORMULA 1 ETIHAD AIRWAYS ABU DHABI,1138,practice_1,https://www.formula1.com/en/results.html/2022/races/1138/abu-dhabi/practice-1.html,18,28,OWA,Patricio O'Ward,McLaren Mercedes,22,1:28.350,+1.717s
2022,FORMULA 1 ETIHAD AIRWAYS ABU DHABI,1138,practice_1,https://www.formula1.com/en/results.html/2022/races/1138/abu-dhabi/practice-1.html,19,82,DOO,Jack Doohan,Alpine Renault,25,1:28.484,+1.851s
2022,FORMULA 1 ETIHAD AIRWAYS ABU DHABI,1138,practice_1,https://www.formula1.com/en/results.html/2022/races/1138/abu-dhabi/practice-1.html,20,34,DRU,Felipe Drugovich,Aston Martin Aramco Mercedes,23,1:28.672,+2.039s
