year,race_name,race_id,result_type,url,position,driver_number,driver_code,driver_name,team,laps,lap_time,gap
2022,FORMULA 1 HEINEKEN AUSTRALIAN,1108,practice_2,https://www.formula1.com/en/results.html/2022/races/1108/australia/practice-2.html,1,16,LEC,Charles Leclerc,Ferrari,27,1:18.978,
2022,FORMULA 1 HEINEKEN AUSTRALIAN,1108,practice_2,https://www.formula1.com/en/results.html/2022/races/1108/australia/practice-2.html,2,1,VER,Max Verstappen,Red Bull Racing RBPT,22,1:19.223,+0.245s
2022,FORMULA 1 HEINEKEN AUSTRALIAN,1108,practice_2,https://www.formula1.com/en/results.html/2022/races/1108/australia/practice-2.html,3,55,SAI,Carlos Sainz,Ferrari,27,1:19.376,+0.398s
2022,FORMULA 1 HEINEKEN AUSTRALIAN,1108,practice_2,https://www.formula1.com/en/results.html/2022/races/1108/australia/practice-2.html,4,14,ALO,Fernando Alonso,Alpine Renault,22,1:19.537,+0.559s
2022,FORMULA 1 HEINEKEN AUSTRALIAN,1108,practice_2,https://www.formula1.com/en/results.html/2022/races/1108/australia/practice-2.html,5,11,PER,Sergio Perez,Red Bull Racing RBPT,20,1:19.658,+0.680s
2022,FORMULA 1 HEINEKEN AUSTRALIAN,1108,practice_2,https://www.formula1.com/en/results.html/2022/races/1108/australia/practice-2.html,6,31,OCO,Esteban Ocon,Alpine Renault,25,1:19.842,+0.864s
2022,FORMULA 1 HEINEKEN AUSTRALIAN,1108,practice_2,https://www.formula1.com/en/results.html/2022/races/1108/australia/practice-2.html,7,77,BOT,Valtteri Bottas,Alfa Romeo Ferrari,25,1:20.055,+1.077s
2022,FORMULA 1 HEINEKEN AUSTRALIAN,1108,practice_2,https://www.formula1.com/en/results.html/2022/races/1108/australia/practice-2.html,8,4,NOR,Lando Norris,McLaren Mercedes,24,1:20.100,+1.122s
2022,FORMULA 1 HEINEKEN AUSTRALIAN,1108,practice_2,https://www.formula1.com/en/results.html/2022/races/1108/australia/practice-2.html,9,10,GAS,Pierre Gasly,AlphaTauri RBPT,27,1:20.142,+1.164s
2022,FORMULA 1 HEINEKEN AUSTRALIAN,1108,practice_2,https://www.formula1.com/en/results.html/2022/races/1108/australia/practice-2.html,10,3,RIC,Daniel Ricciardo,McLaren Mercedes,24,1:20.203,+1.225s
2022,FORMULA 1 HEINEKEN AUSTRALIAN,1108,practice_2,https://www.formula1.com/en/results.html/2022/races/1108/australia/practice-2.html,11,63,RUS,George Russell,Mercedes,25,1:20.212,+1.234s
2022,FORMULA 1 HEINEKEN AUSTRALIAN,1108,practice_2,https://www.formula1.com/en/results.html/2022/races/1108/australia/practice-2.html,12,22,TSU,Yuki Tsunoda,AlphaTauri RBPT,30,1:20.424,+1.446s
2022,FORMULA 1 HEINEKEN AUSTRALIAN,1108,practice_2,https://www.formula1.com/en/results.html/2022/races/1108/australia/practice-2.html,13,44,HAM,Lewis Hamilton,Mercedes,23,1:20.521,+1.543s
2022,FORMULA 1 HEINEKEN AUSTRALIAN,1108,practice_2,https://www.formula1.com/en/results.html/2022/races/1108/australia/practice-2.html,14,18,STR,Lance Stroll,Aston Martin Aramco Mercedes,28,1:20.611,+1.633s
2022,FORMULA 1 HEINEKEN AUSTRALIAN,1108,practice_2,https://www.formula1.com/en/results.html/2022/races/1108/australia/practice-2.html,15,24,ZHO,Zhou Guanyu,Alfa Romeo Ferrari,23,1:21.063,+2.085s
2022,FORMULA 1 HEINEKEN AUSTRALIAN,1108,practice_2,https://www.formula1.com/en/results.html/2022/races/1108/australia/practice-2.html,16,20,MAG,Kevin Magnussen,Haas Ferrari,23,1:21.191,+2.213s
2022,FORMULA 1 HEINEKEN AUSTRALIAN,1108,practice_2,https://www.formula1.com/en/results.html/2022/races/1108/australia/practice-2.html,17,23,ALB,Alexander Albon,Williams Mercedes,28,1:21.912,+2.934s
2022,FORMULA 1 HEINEKEN AUSTRALIAN,1108,practice_2,https://www.formula1.com/en/results.html/2022/races/1108/australia/practice-2.html,18,47,MSC,Mick Schumacher,Haas Ferrari,22,1:21.974,+2.996s
2022,FORMULA 1 HEINEKEN AUSTRALIAN,1108,practice_2,https://www.formula1.com/en/results.html/2022/races/1108/australia/practice-2.html,19,6,LAT,Nicholas Latifi,Williams Mercedes,24,1:22.307,+3.329s
2022,EMILIA-ROMAGNA,1109,practice_2,https://www.formula1.com/en/results.html/2022/races/1109/emilia-romagna/practice-2.html,1,63,RUS,George Russell,Mercedes,32,1:19.457,
2022,EMILIA-ROMAGNA,1109,practice_2,https://www.formula1.com/en/results.html/2022/races/1109/emilia-romagna/practice-2.html,2,11,PER,Sergio Perez,Red Bull Racing RBPT,33,1:19.538,+0.081s
2022,EMILIA-ROMAGNA,1109,practice_2,https://www.formula1.com/en/results.html/2022/races/1109/emilia-romagna/practice-2.html,3,16,LEC,Charles Leclerc,Ferrari,35,1:19.740,+0.283s
2022,EMILIA-ROMAGNA,1109,practice_2,https://www.formula1.com/en/results.html/2022/races/1109/emilia-romagna/practice-2.html,4,44,HAM,Lewis Hamilton,Mercedes,34,1:19.992,+0.535s
2022,EMILIA-ROMAGNA,1109,practice_2,https://www.formula1.com/en/results.html/2022/races/1109/emilia-romagna/practice-2.html,5,14,ALO,Fernando Alonso,Alpine Renault,29,1:20.174,+0.717s
2022,EMILIA-ROMAGNA,1109,practice_2,https://www.formula1.com/en/results.html/2022/races/1109/emilia-romagna/practice-2.html,6,55,SAI,Carlos Sainz,Ferrari,31,1:20.258,+0.801s
2022,EMILIA-ROMAGNA,1109,practice_2,https://www.formula1.com/en/results.html/2022/races/1109/emilia-romagna/practice-2.html,7,1,VER,Max Verstappen,Red Bull Racing RBPT,36,1:20.371,+0.914s
2022,EMILIA-ROMAGNA,1109,practice_2,https://www.formula1.com/en/results.html/2022/races/1109/emilia-romagna/practice-2.html,8,22,TSU,Yuki Tsunoda,AlphaTauri RBPT,35,1:20.381,+0.924s
2022,EMILIA-ROMAGNA,1109,practice_2,https://www.formula1.com/en/results.html/2022/races/1109/emilia-romagna/practice-2.html,9,10,GAS,Pierre Gasly,AlphaTauri RBPT,37,1:20.439,+0.982s
2022,EMILIA-ROMAGNA,1109,practice_2,https://www.formula1.com/en/results.html/2022/races/1109/emilia-romagna/practice-2.html,10,24,ZHO,Zhou Guanyu,Alfa Romeo Ferrari,32,1:20.498,+1.041s
2022,EMILIA-ROMAGNA,1109,practice_2,https://www.formula1.com/en/results.html/2022/races/1109/emilia-romagna/practice-2.html,11,23,ALB,Alexander Albon,Williams Mercedes,34,1:20.591,+1.134s
2022,EMILIA-ROMAGNA,1109,practice_2,https://www.formula1.com/en/results.html/2022/races/1109/emilia-romagna/practice-2.html,12,20,MAG,Kevin Magnussen,Haas Ferrari,30,1:20.740,+1.283s
2022,EMILIA-ROMAGNA,1109,practice_2,https://www.formula1.com/en/results.html/2022/races/1109/emilia-romagna/practice-2.html,13,47,MSC,Mick Schumacher,Haas Ferrari,29,1:20.977,+1.520s
2022,EMILIA-ROMAGNA,1109,practice_2,https://www.formula1.com/en/results.html/2022/races/1109/emilia-romagna/practice-2.html,14,18,STR,Lance Stroll,Aston Martin Aramco Mercedes,38,1:21.149,+1.692s
2022,EMILIA-ROMAGNA,1109,practice_2,https://www.formula1.com/en/results.html/2022/races/1109/emilia-romagna/practice-2.html,15,5,VET,Sebastian Vettel,Aston Martin Aramco Mercedes,38,1:21.155,+1.698s
2022,EMILIA-ROMAGNA,1109,practice_2,https://www.formula1.com/en/results.html/2022/races/1109/emilia-romagna/practice-2.html,16,31,OCO,Esteban Ocon,Alpine Renault,30,1:21.179,+1.722s
2022,EMILIA-ROMAGNA,1109,practice_2,https://www.formula1.com/en/results.html/2022/races/1109/emilia-romagna/practice-2.html,17,6,LAT,Nicholas Latifi,Williams Mercedes,31,1:21.263,+1.806s
2022,EMILIA-ROMAGNA,1109,practice_2,https://www.formula1.com/en/results.html/2022/races/1109/emilia-romagna/practice-2.html,18,4,NOR,Lando Norris,McLaren Mercedes,6,1:23.821,+4.364s
2022,COM MIAMI,1110,practice_2,https://www.formula1.com/en/results.html/2022/races/1110/miami/practice-2.html,1,63,RUS,George Russell,Mercedes,18,1:29.938,
2022,COM MIAMI,1110,practice_2,https://www.formula1.com/en/results.html/2022/races/1110/miami/practice-2.html,2,16,LEC,Charles Leclerc,Ferrari,21,1:30.044,+0.106s
2022,COM MIAMI,1110,practice_2,https://www.formula1.com/en/results.html/2022/races/1110/miami/practice-2.html,3,11,PER,Sergio Perez,Red Bull Racing RBPT,19,1:30.150,+0.212s
2022,COM MIAMI,1110,practice_2,https://www.formula1.com/en/results.html/2022/races/1110/miami/practice-2.html,4,44,HAM,Lewis Hamilton,Mercedes,18,1:30.179,+0.241s
2022,COM MIAMI,1110,practice_2,https://www.formula1.com/en/results.html/2022/races/1110/miami/practice-2.html,5,14,ALO,Fernando Alonso,Alpine Renault,20,1:30.372,+0.434s
2022,COM MIAMI,1110,practice_2,https://www.formula1.com/en/results.html/2022/races/1110/miami/practice-2.html,6,4,NOR,Lando Norris,McLaren Mercedes,20,1:30.535,+0.597s
2022,COM MIAMI,1110,practice_2,https://www.formula1.com/en/results.html/2022/races/1110/miami/practice-2.html,7,10,GAS,Pierre Gasly,AlphaTauri RBPT,20,1:30.547,+0.609s
2022,COM MIAMI,1110,practice_2,https://www.formula1.com/en/results.html/2022/races/1110/miami/practice-2.html,8,24,ZHO,Zhou Guanyu,Alfa Romeo Ferrari,24,1:30.860,+0.922s
2022,COM MIAMI,1110,practice_2,https://www.formula1.com/en/results.html/2022/races/1110/miami/practice-2.html,9,31,OCO,Esteban Ocon,Alpine Renault,20,1:30.861,+0.923s
2022,COM MIAMI,1110,practice_2,https://www.formula1.com/en/results.html/2022/races/1110/miami/practice-2.html,10,20,MAG,Kevin Magnussen,Haas Ferrari,19,1:30.921,+0.983s
2022,COM MIAMI,1110,practice_2,https://www.formula1.com/en/results.html/2022/races/1110/miami/practice-2.html,11,55,SAI,Carlos Sainz,Ferrari,9,1:30.964,+1.026s
2022,COM MIAMI,1110,practice_2,https://www.formula1.com/en/results.html/2022/races/1110/miami/practice-2.html,12,3,RIC,Daniel Ricciardo,McLaren Mercedes,23,1:31.208,+1.270s
2022,COM MIAMI,1110,practice_2,https://www.formula1.com/en/results.html/2022/races/1110/miami/practice-2.html,13,22,TSU,Yuki Tsunoda,AlphaTauri RBPT,23,1:31.260,+1.322s
2022,COM MIAMI,1110,practice_2,https://www.formula1.com/en/results.html/2022/races/1110/miami/practice-2.html,14,5,VET,Sebastian Vettel,Aston Martin Aramco Mercedes,23,1:31.393,+1.455s
2022,COM MIAMI,1110,practice_2,https://www.formula1.com/en/results.html/2022/races/1110/miami/practice-2.html,15,47,MSC,Mick Schumacher,Haas Ferrari,21,1:31.587,+1.649s
2022,COM MIAMI,1110,practice_2,https://www.formula1.com/en/results.html/2022/races/1110/miami/practice-2.html,16,18,STR,Lance Stroll,Aston Martin Aramco Mercedes,23,1:31.631,+1.693s
2022,COM MIAMI,1110,practice_2,https://www.formula1.com/en/results.html/2022/races/1110/miami/practice-2.html,17,23,ALB,Alexander Albon,Williams Mercedes,21,1:31.710,+1.772s
2022,COM MIAMI,1110,practice_2,https://www.formula1.com/en/results.html/2022/races/1110/miami/practice-2.html,18,6,LAT,Nicholas Latifi,Williams Mercedes,14,1:32.913,+2.975s
2022,COM MIAMI,1110,practice_2,https://www.formula1.com/en/results.html/2022/races/1110/miami/practice-2.html,19,1,VER,Max Verstappen,Red Bull Racing RBPT,1,,
2022,FORMULA 1 PIRELLI GRAN PREMIO DE ESPAÑA,1111,practice_2,https://www.formula1.com/en/results.html/2022/races/1111/spain/practice-2.html,1,16,LEC,Charles Leclerc,Ferrari,29,1:19.670,
2022,FORMULA 1 PIRELLI GRAN PREMIO DE ESPAÑA,1111,practice_2,https://www.formula1.com/en/results.html/2022/races/1111/spain/practice-2.html,2,63,RUS,George Russell,Mercedes,27,1:19.787,+0.117s
2022,FORMULA 1 PIRELLI GRAN PREMIO DE ESPAÑA,1111,practice_2,https://www.formula1.com/en/results.html/2022/races/1111/spain/practice-2.html,3,44,HAM,Lewis Hamilton,Mercedes,26,1:19.874,+0.204s
2022,FORMULA 1 PIRELLI GRAN PREMIO DE ESPAÑA,1111,practice_2,https://www.formula1.com/en/results.html/2022/races/1111/spain/practice-2.html,4,55,SAI,Carlos Sainz,Ferrari,31,1:19.990,+0.320s
2022,FORMULA 1 PIRELLI GRAN PREMIO DE ESPAÑA,1111,practice_2,https://www.formula1.com/en/results.html/2022/races/1111/spain/practice-2.html,5,1,VER,Max Verstappen,Red Bull Racing RBPT,27,1:20.006,+0.336s
2022,FORMULA 1 PIRELLI GRAN PREMIO DE ESPAÑA,1111,practice_2,https://www.formula1.com/en/results.html/2022/races/1111/spain/practice-2.html,6,14,ALO,Fernando Alonso,Alpine Renault,26,1:20.203,+0.533s
2022,FORMULA 1 PIRELLI GRAN PREMIO DE ESPAÑA,1111,practice_2,https://www.formula1.com/en/results.html/2022/races/1111/spain/practice-2.html,7,11,PER,Sergio Perez,Red Bull Racing RBPT,30,1:20.632,+0.962s
2022,FORMULA 1 PIRELLI GRAN PREMIO DE ESPAÑA,1111,practice_2,https://www.formula1.com/en/results.html/2022/races/1111/spain/practice-2.html,8,5,VET,Sebastian Vettel,Aston Martin Aramco Mercedes,31,1:20.703,+1.033s
2022,FORMULA 1 PIRELLI GRAN PREMIO DE ESPAÑA,1111,practice_2,https://www.formula1.com/en/results.html/2022/races/1111/spain/practice-2.html,9,31,OCO,Esteban Ocon,Alpine Renault,27,1:20.745,+1.075s
2022,FORMULA 1 PIRELLI GRAN PREMIO DE ESPAÑA,1111,practice_2,https://www.formula1.com/en/results.html/2022/races/1111/spain/practice-2.html,10,47,MSC,Mick Schumacher,Haas Ferrari,25,1:20.757,+1.087s
2022,FORMULA 1 PIRELLI GRAN PREMIO DE ESPAÑA,1111,practice_2,https://www.formula1.com/en/results.html/2022/races/1111/spain/practice-2.html,11,10,GAS,Pierre Gasly,AlphaTauri RBPT,28,1:20.917,+1.247s
2022,FORMULA 1 PIRELLI GRAN PREMIO DE ESPAÑA,1111,practice_2,https://www.formula1.com/en/results.html/2022/races/1111/spain/practice-2.html,12,20,MAG,Kevin Magnussen,Haas Ferrari,24,1:21.013,+1.343s
2022,FORMULA 1 PIRELLI GRAN PREMIO DE ESPAÑA,1111,practice_2,https://www.formula1.com/en/results.html/2022/races/1111/spain/practice-2.html,13,18,STR,Lance Stroll,Aston Martin Aramco Mercedes,32,1:21.249,+1.579s
2022,FORMULA 1 PIRELLI GRAN PREMIO DE ESPAÑA,1111,practice_2,https://www.formula1.com/en/results.html/2022/races/1111/spain/practice-2.html,14,22,TSU,Yuki Tsunoda,AlphaTauri RBPT,29,1:21.285,+1.615s
2022,FORMULA 1 PIRELLI GRAN PREMIO DE ESPAÑA,1111,practice_2,https://www.formula1.com/en/results.html/2022/races/1111/spain/practice-2.html,15,3,RIC,Daniel Ricciardo,McLaren Mercedes,22,1:21.385,+1.715s
2022,FORMULA 1 PIRELLI GRAN PREMIO DE ESPAÑA,1111,practice_2,https://www.formula1.com/en/results.html/2022/races/1111/spain/practice-2.html,16,77,BOT,Valtteri Bottas,Alfa Romeo Ferrari,3,1:21.828,+2.158s
2022,FORMULA 1 PIRELLI GRAN PREMIO DE ESPAÑA,1111,practice_2,https://www.formula1.com/en/results.html/2022/races/1111/spain/practice-2.html,17,24,ZHO,Zhou Guanyu,Alfa Romeo Ferrari,30,1:21.866,+2.196s
2022,FORMULA 1 PIRELLI GRAN PREMIO DE ESPAÑA,1111,practice_2,https://www.formula1.com/en/results.html/2022/races/1111/spain/practice-2.html,18,23,ALB,Alexander Albon,Williams Mercedes,31,1:22.319,+2.649s
2022,FORMULA 1 PIRELLI GRAN PREMIO DE ESPAÑA,1111,practice_2,https://www.formula1.com/en/results.html/2022/races/1111/spain/practice-2.html,19,6,LAT,Nicholas Latifi,Williams Mercedes,25,1:23.197,+3.527s
2022,FORMULA 1 PIRELLI GRAN PREMIO DE ESPAÑA,1111,practice_2,https://www.formula1.com/en/results.html/2022/races/1111/spain/practice-2.html,20,4,NOR,Lando Norris,McLaren Mercedes,6,1:23.388,+3.718s
2022,FORMULA 1 GRAND PRIX DE MONACO,1112,practice_2,https://www.formula1.com/en/results.html/2022/races/1112/monaco/practice-2.html,1,16,LEC,Charles Leclerc,Ferrari,30,1:12.656,
2022,FORMULA 1 GRAND PRIX DE MONACO,1112,practice_2,https://www.formula1.com/en/results.html/2022/races/1112/monaco/practice-2.html,2,55,SAI,Carlos Sainz,Ferrari,32,1:12.700,+0.044s
2022,FORMULA 1 GRAND PRIX DE MONACO,1112,practice_2,https://www.formula1.com/en/results.html/2022/races/1112/monaco/practice-2.html,3,11,PER,Sergio Perez,Red Bull Racing RBPT,31,1:13.035,+0.379s
2022,FORMULA 1 GRAND PRIX DE MONACO,1112,practice_2,https://www.formula1.com/en/results.html/2022/races/1112/monaco/practice-2.html,4,1,VER,Max Verstappen,Red Bull Racing RBPT,33,1:13.103,+0.447s
2022,FORMULA 1 GRAND PRIX DE MONACO,1112,practice_2,https://www.formula1.com/en/results.html/2022/races/1112/monaco/practice-2.html,5,4,NOR,Lando Norris,McLaren Mercedes,24,1:13.294,+0.638s
2022,FORMULA 1 GRAND PRIX DE MONACO,1112,practice_2,https://www.formula1.com/en/results.html/2022/races/1112/monaco/practice-2.html,6,63,RUS,George Russell,Mercedes,31,1:13.406,+0.750s
2022,FORMULA 1 GRAND PRIX DE MONACO,1112,practice_2,https://www.formula1.com/en/results.html/2022/races/1112/monaco/practice-2.html,7,10,GAS,Pierre Gasly,AlphaTauri RBPT,32,1:13.636,+0.980s
2022,FORMULA 1 GRAND PRIX DE MONACO,1112,practice_2,https://www.formula1.com/en/results.html/2022/races/1112/monaco/practice-2.html,8,14,ALO,Fernando Alonso,Alpine Renault,31,1:13.912,+1.256s
2022,FORMULA 1 GRAND PRIX DE MONACO,1112,practice_2,https://www.formula1.com/en/results.html/2022/races/1112/monaco/practice-2.html,9,5,VET,Sebastian Vettel,Aston Martin Aramco Mercedes,32,1:14.059,+1.403s
2022,FORMULA 1 GRAND PRIX DE MONACO,1112,practice_2,https://www.formula1.com/en/results.html/2022/races/1112/monaco/practice-2.html,10,22,TSU,Yuki Tsunoda,AlphaTauri RBPT,27,1:14.134,+1.478s
2022,FORMULA 1 GRAND PRIX DE MONACO,1112,practice_2,https://www.formula1.com/en/results.html/2022/races/1112/monaco/practice-2.html,11,20,MAG,Kevin Magnussen,Haas Ferrari,32,1:14.239,+1.583s
2022,FORMULA 1 GRAND PRIX DE MONACO,1112,practice_2,https://www.formula1.com/en/results.html/2022/races/1112/monaco/practice-2.html,12,44,HAM,Lewis Hamilton,Mercedes,29,1:14.267,+1.611s
2022,FORMULA 1 GRAND PRIX DE MONACO,1112,practice_2,https://www.formula1.com/en/results.html/2022/races/1112/monaco/practice-2.html,13,77,BOT,Valtteri Bottas,Alfa Romeo Ferrari,28,1:14.468,+1.812s
2022,FORMULA 1 GRAND PRIX DE MONACO,1112,practice_2,https://www.formula1.com/en/results.html/2022/races/1112/monaco/practice-2.html,14,23,ALB,Alexander Albon,Williams Mercedes,33,1:14.486,+1.830s
2022,FORMULA 1 GRAND PRIX DE MONACO,1112,practice_2,https://www.formula1.com/en/results.html/2022/races/1112/monaco/practice-2.html,15,24,ZHO,Zhou Guanyu,Alfa Romeo Ferrari,23,1:14.525,+1.869s
2022,FORMULA 1 GRAND PRIX DE MONACO,1112,practice_2,https://www.formula1.com/en/results.html/2022/races/1112/monaco/practice-2.html,16,18,STR,Lance Stroll,Aston Martin Aramco Mercedes,29,1:14.623,+1.967s
2022,FORMULA 1 GRAND PRIX DE MONACO,1112,practice_2,https://www.formula1.com/en/results.html/2022/races/1112/monaco/practice-2.html,17,47,MSC,Mick Schumacher,Haas Ferrari,33,1:14.894,+2.238s
2022,FORMULA 1 GRAND PRIX DE MONACO,1112,practice_2,https://www.formula1.com/en/results.html/2022/races/1112/monaco/practice-2.html,18,31,OCO,Esteban Ocon,Alpine Renault,34,1:15.216,+2.560s
2022,FORMULA 1 GRAND PRIX DE MONACO,1112,practice_2,https://www.formula1.com/en/results.html/2022/races/1112/monaco/practice-2.html,19,6,LAT,Nicholas Latifi,Williams Mercedes,33,1:16.276,+3.620s
2022,FORMULA 1 GRAND PRIX DE MONACO,1112,practice_2,https://www.formula1.com/en/results.html/2022/races/1112/monaco/practice-2.html,20,3,RIC,Daniel Ricciardo,McLaren Mercedes,2,,
2022,FORMULA 1 AWS GRAND PRIX DU CANADA,1113,practice_2,https://www.formula1.com/en/results.html/2022/races/1113/canada/practice-2.html,1,1,VER,Max Verstappen,Red Bull Racing RBPT,33,1:14.127,
2022,FORMULA 1 AWS GRAND PRIX DU CANADA,1113,practice_2,https://www.formula1.com/en/results.html/2022/races/1113/canada/practice-2.html,2,16,LEC,Charles Leclerc,Ferrari,32,1:14.208,+0.081s
2022,FORMULA 1 AWS GRAND PRIX DU CANADA,1113,practice_2,https://www.formula1.com/en/results.html/2022/races/1113/canada/practice-2.html,3,55,SAI,Carlos Sainz,Ferrari,32,1:14.352,+0.225s
2022,FORMULA 1 AWS GRAND PRIX DU CANADA,1113,practice_2,https://www.formula1.com/en/results.html/2022/races/1113/canada/practice-2.html,4,5,VET,Sebastian Vettel,Aston Martin Aramco Mercedes,35,1:14.442,+0.315s
2022,FORMULA 1 AWS GRAND PRIX DU CANADA,1113,practice_2,https://www.formula1.com/en/results.html/2022/races/1113/canada/practice-2.html,5,14,ALO,Fernando Alonso,Alpine Renault,24,1:14.543,+0.416s
2022,FORMULA 1 AWS GRAND PRIX DU CANADA,1113,practice_2,https://www.formula1.com/en/results.html/2022/races/1113/canada/practice-2.html,6,10,GAS,Pierre Gasly,AlphaTauri RBPT,34,1:14.879,+0.752s
2022,FORMULA 1 AWS GRAND PRIX DU CANADA,1113,practice_2,https://www.formula1.com/en/results.html/2022/races/1113/canada/practice-2.html,7,63,RUS,George Russell,Mercedes,31,1:14.971,+0.844s
2022,FORMULA 1 AWS GRAND PRIX DU CANADA,1113,practice_2,https://www.formula1.com/en/results.html/2022/races/1113/canada/practice-2.html,8,4,NOR,Lando Norris,McLaren Mercedes,30,1:14.987,+0.860s
2022,FORMULA 1 AWS GRAND PRIX DU CANADA,1113,practice_2,https://www.formula1.com/en/results.html/2022/races/1113/canada/practice-2.html,9,3,RIC,Daniel Ricciardo,McLaren Mercedes,31,1:15.033,+0.906s
2022,FORMULA 1 AWS GRAND PRIX DU CANADA,1113,practice_2,https://www.formula1.com/en/results.html/2022/races/1113/canada/practice-2.html,10,31,OCO,Esteban Ocon,Alpine Renault,32,1:15.119,+0.992s
2022,FORMULA 1 AWS GRAND PRIX DU CANADA,1113,practice_2,https://www.formula1.com/en/results.html/2022/races/1113/canada/practice-2.html,11,11,PER,Sergio Perez,Red Bull Racing RBPT,29,1:15.167,+1.040s
2022,FORMULA 1 AWS GRAND PRIX DU CANADA,1113,practice_2,https://www.formula1.com/en/results.html/2022/races/1113/canada/practice-2.html,12,18,STR,Lance Stroll,Aston Martin Aramco Mercedes,34,1:15.396,+1.269s
2022,FORMULA 1 AWS GRAND PRIX DU CANADA,1113,practice_2,https://www.formula1.com/en/results.html/2022/races/1113/canada/practice-2.html,13,44,HAM,Lewis Hamilton,Mercedes,25,1:15.421,+1.294s
2022,FORMULA 1 AWS GRAND PRIX DU CANADA,1113,practice_2,https://www.formula1.com/en/results.html/2022/races/1113/canada/practice-2.html,14,20,MAG,Kevin Magnussen,Haas Ferrari,34,1:15.499,+1.372s
2022,FORMULA 1 AWS GRAND PRIX DU CANADA,1113,practice_2,https://www.formula1.com/en/results.html/2022/races/1113/canada/practice-2.html,15,47,MSC,Mick Schumacher,Haas Ferrari,35,1:15.516,+1.389s
2022,FORMULA 1 AWS GRAND PRIX DU CANADA,1113,practice_2,https://www.formula1.com/en/results.html/2022/races/1113/canada/practice-2.html,16,24,ZHO,Zhou Guanyu,Alfa Romeo Ferrari,31,1:15.526,+1.399s
2022,FORMULA 1 AWS GRAND PRIX DU CANADA,1113,practice_2,https://www.formula1.com/en/results.html/2022/races/1113/canada/practice-2.html,17,22,TSU,Yuki Tsunoda,AlphaTauri RBPT,37,1:15.567,+1.440s
2022,FORMULA 1 AWS GRAND PRIX DU CANADA,1113,practice_2,https://www.formula1.com/en/results.html/2022/races/1113/canada/practice-2.html,18,23,ALB,Alexander Albon,Williams Mercedes,30,1:16.171,+2.044s
2022,FORMULA 1 AWS GRAND PRIX DU CANADA,1113,practice_2,https://www.formula1.com/en/results.html/2022/races/1113/canada/practice-2.html,19,6,LAT,Nicholas Latifi,Williams Mercedes,27,1:16.509,+2.382s
2022,FORMULA 1 AWS GRAND PRIX DU CANADA,1113,practice_2,https://www.formula1.com/en/results.html/2022/races/1113/canada/practice-2.html,20,77,BOT,Valtteri Bottas,Alfa Romeo Ferrari,3,,
2022,FORMULA 1 LENOVO BRITISH,1114,practice_2,https://www.formula1.com/en/results.html/2022/races/1114/great-britain/practice-2.html,1,55,SAI,Carlos Sainz,Ferrari,28,1:28.942,
2022,FORMULA 1 LENOVO BRITISH,1114,practice_2,https://www.formula1.com/en/results.html/2022/races/1114/great-britain/practice-2.html,2,44,HAM,Lewis Hamilton,Mercedes,21,1:29.105,+0.163s
2022,FORMULA 1 LENOVO BRITISH,1114,practice_2,https://www.formula1.com/en/results.html/2022/races/1114/great-britain/practice-2.html,3,4,NOR,Lando Norris,McLaren Mercedes,29,1:29.118,+0.176s
2022,FORMULA 1 LENOVO BRITISH,1114,practice_2,https://www.formula1.com/en/results.html/2022/races/1114/great-britain/practice-2.html,4,1,VER,Max Verstappen,Red Bull Racing RBPT,18,1:29.149,+0.207s
2022,FORMULA 1 LENOVO BRITISH,1114,practice_2,https://www.formula1.com/en/results.html/2022/races/1114/great-britain/practice-2.html,5,16,LEC,Charles Leclerc,Ferrari,25,1:29.404,+0.462s
2022,FORMULA 1 LENOVO BRITISH,1114,practice_2,https://www.formula1.com/en/results.html/2022/races/1114/great-britain/practice-2.html,6,14,ALO,Fernando Alonso,Alpine Renault,19,1:29.695,+0.753s
2022,FORMULA 1 LENOVO BRITISH,1114,practice_2,https://www.formula1.com/en/results.html/2022/races/1114/great-britain/practice-2.html,7,11,PER,Sergio Perez,Red Bull Racing RBPT,17,1:29.753,+0.811s
2022,FORMULA 1 LENOVO BRITISH,1114,practice_2,https://www.formula1.com/en/results.html/2022/races/1114/great-britain/practice-2.html,8,63,RUS,George Russell,Mercedes,29,1:29.799,+0.857s
2022,FORMULA 1 LENOVO BRITISH,1114,practice_2,https://www.formula1.com/en/results.html/2022/races/1114/great-britain/practice-2.html,9,3,RIC,Daniel Ricciardo,McLaren Mercedes,26,1:29.902,+0.960s
2022,FORMULA 1 LENOVO BRITISH,1114,practice_2,https://www.formula1.com/en/results.html/2022/races/1114/great-britain/practice-2.html,10,18,STR,Lance Stroll,Aston Martin Aramco Mercedes,17,1:29.942,+1.000s
2022,FORMULA 1 LENOVO BRITISH,1114,practice_2,https://www.formula1.com/en/results.html/2022/races/1114/great-britain/practice-2.html,11,77,BOT,Valtteri Bottas,Alfa Romeo Ferrari,29,1:30.000,+1.058s
2022,FORMULA 1 LENOVO BRITISH,1114,practice_2,https://www.formula1.com/en/results.html/2022/races/1114/great-britain/practice-2.html,12,5,VET,Sebastian Vettel,Aston Martin Aramco Mercedes,20,1:30.057,+1.115s
2022,FORMULA 1 LENOVO BRITISH,1114,practice_2,https://www.formula1.com/en/results.html/2022/races/1114/great-britain/practice-2.html,13,31,OCO,Esteban Ocon,Alpine Renault,12,1:30.238,+1.296s
2022,FORMULA 1 LENOVO BRITISH,1114,practice_2,https://www.formula1.com/en/results.html/2022/races/1114/great-britain/practice-2.html,14,23,ALB,Alexander Albon,Williams Mercedes,14,1:30.263,+1.321s
2022,FORMULA 1 LENOVO BRITISH,1114,practice_2,https://www.formula1.com/en/results.html/2022/races/1114/great-britain/practice-2.html,15,24,ZHO,Zhou Guanyu,Alfa Romeo Ferrari,27,1:30.271,+1.329s
2022,FORMULA 1 LENOVO BRITISH,1114,practice_2,https://www.formula1.com/en/results.html/2022/races/1114/great-britain/practice-2.html,16,22,TSU,Yuki Tsunoda,AlphaTauri RBPT,29,1:30.338,+1.396s
2022,FORMULA 1 LENOVO BRITISH,1114,practice_2,https://www.formula1.com/en/results.html/2022/races/1114/great-britain/practice-2.html,17,20,MAG,Kevin Magnussen,Haas Ferrari,27,1:30.480,+1.538s
2022,FORMULA 1 LENOVO BRITISH,1114,practice_2,https://www.formula1.com/en/results.html/2022/races/1114/great-britain/practice-2.html,18,10,GAS,Pierre Gasly,AlphaTauri RBPT,28,1:30.510,+1.568s
2022,FORMULA 1 LENOVO BRITISH,1114,practice_2,https://www.formula1.com/en/results.html/2022/races/1114/great-britain/practice-2.html,19,47,MSC,Mick Schumacher,Haas Ferrari,29,1:30.609,+1.667s
2022,FORMULA 1 LENOVO BRITISH,1114,practice_2,https://www.formula1.com/en/results.html/2022/races/1114/great-britain/practice-2.html,20,6,LAT,Nicholas Latifi,Williams Mercedes,27,1:31.326,+2.384s
2022,FORMULA 1 ROLEX GROSSER PREIS VON ÖSTERREICH,1115,practice_2,https://www.formula1.com/en/results.html/2022/races/1115/austria/practice-2.html,1,55,SAI,Carlos Sainz,Ferrari,40,1:08.610,
2022,FORMULA 1 ROLEX GROSSER PREIS VON ÖSTERREICH,1115,practice_2,https://www.formula1.com/en/results.html/2022/races/1115/austria/practice-2.html,2,16,LEC,Charles Leclerc,Ferrari,43,1:08.660,+0.050s
2022,FORMULA 1 ROLEX GROSSER PREIS VON ÖSTERREICH,1115,practice_2,https://www.formula1.com/en/results.html/2022/races/1115/austria/practice-2.html,3,1,VER,Max Verstappen,Red Bull Racing RBPT,32,1:08.778,+0.168s
2022,FORMULA 1 ROLEX GROSSER PREIS VON ÖSTERREICH,1115,practice_2,https://www.formula1.com/en/results.html/2022/races/1115/austria/practice-2.html,4,14,ALO,Fernando Alonso,Alpine Renault,21,1:08.832,+0.222s
2022,FORMULA 1 ROLEX GROSSER PREIS VON ÖSTERREICH,1115,practice_2,https://www.formula1.com/en/results.html/2022/races/1115/austria/practice-2.html,5,31,OCO,Esteban Ocon,Alpine Renault,24,1:08.848,+0.238s
2022,FORMULA 1 ROLEX GROSSER PREIS VON ÖSTERREICH,1115,practice_2,https://www.formula1.com/en/results.html/2022/races/1115/austria/practice-2.html,6,11,PER,Sergio Perez,Red Bull Racing RBPT,36,1:09.179,+0.569s
2022,FORMULA 1 ROLEX GROSSER PREIS VON ÖSTERREICH,1115,practice_2,https://www.formula1.com/en/results.html/2022/races/1115/austria/practice-2.html,7,63,RUS,George Russell,Mercedes,33,1:09.240,+0.630s
2022,FORMULA 1 ROLEX GROSSER PREIS VON ÖSTERREICH,1115,practice_2,https://www.formula1.com/en/results.html/2022/races/1115/austria/practice-2.html,8,77,BOT,Valtteri Bottas,Alfa Romeo Ferrari,26,1:09.251,+0.641s
2022,FORMULA 1 ROLEX GROSSER PREIS VON ÖSTERREICH,1115,practice_2,https://www.formula1.com/en/results.html/2022/races/1115/austria/practice-2.html,9,44,HAM,Lewis Hamilton,Mercedes,14,1:09.350,+0.740s
2022,FORMULA 1 ROLEX GROSSER PREIS VON ÖSTERREICH,1115,practice_2,https://www.formula1.com/en/results.html/2022/races/1115/austria/practice-2.html,10,4,NOR,Lando Norris,McLaren Mercedes,38,1:09.519,+0.909s
2022,FORMULA 1 ROLEX GROSSER PREIS VON ÖSTERREICH,1115,practice_2,https://www.formula1.com/en/results.html/2022/races/1115/austria/practice-2.html,11,18,STR,Lance Stroll,Aston Martin Aramco Mercedes,43,1:09.525,+0.915s
2022,FORMULA 1 ROLEX GROSSER PREIS VON ÖSTERREICH,1115,practice_2,https://www.formula1.com/en/results.html/2022/races/1115/austria/practice-2.html,12,10,GAS,Pierre Gasly,AlphaTauri RBPT,37,1:09.579,+0.969s
2022,FORMULA 1 ROLEX GROSSER PREIS VON ÖSTERREICH,1115,practice_2,https://www.formula1.com/en/results.html/2022/races/1115/austria/practice-2.html,13,5,VET,Sebastian Vettel,Aston Martin Aramco Mercedes,44,1:09.602,+0.992s
2022,FORMULA 1 ROLEX GROSSER PREIS VON ÖSTERREICH,1115,practice_2,https://www.formula1.com/en/results.html/2022/races/1115/austria/practice-2.html,14,24,ZHO,Zhou Guanyu,Alfa Romeo Ferrari,36,1:09.665,+1.055s
2022,FORMULA 1 ROLEX GROSSER PREIS VON ÖSTERREICH,1115,practice_2,https://www.formula1.com/en/results.html/2022/races/1115/austria/practice-2.html,15,47,MSC,Mick Schumacher,Haas Ferrari,32,1:09.700,+1.090s
2022,FORMULA 1 ROLEX GROSSER PREIS VON ÖSTERREICH,1115,practice_2,https://www.formula1.com/en/results.html/2022/races/1115/austria/practice-2.html,16,23,ALB,Alexander Albon,Williams Mercedes,34,1:09.740,+1.130s
2022,FORMULA 1 ROLEX GROSSER PREIS VON ÖSTERREICH,1115,practice_2,https://www.formula1.com/en/results.html/2022/races/1115/austria/practice-2.html,17,3,RIC,Daniel Ricciardo,McLaren Mercedes,34,1:09.852,+1.242s
2022,FORMULA 1 ROLEX GROSSER PREIS VON ÖSTERREICH,1115,practice_2,https://www.formula1.com/en/results.html/2022/races/1115/austria/practice-2.html,18,20,MAG,Kevin Magnussen,Haas Ferrari,34,1:09.960,+1.350s
2022,FORMULA 1 ROLEX GROSSER PREIS VON ÖSTERREICH,1115,practice_2,https://www.formula1.com/en/results.html/2022/races/1115/austria/practice-2.html,19,22,TSU,Yuki Tsunoda,AlphaTauri RBPT,39,1:10.005,+1.395s
2022,FORMULA 1 ROLEX GROSSER PREIS VON ÖSTERREICH,1115,practice_2,https://www.formula1.com/en/results.html/2022/races/1115/austria/practice-2.html,20,6,LAT,Nicholas Latifi,Williams Mercedes,36,1:10.261,+1.651s
2022,FORMULA 1 LENOVO GRAND PRIX DE FRANCE,1116,practice_2,https://www.formula1.com/en/results.html/2022/races/1116/france/practice-2.html,1,55,SAI,Carlos Sainz,Ferrari,22,1:32.527,
2022,FORMULA 1 LENOVO GRAND PRIX DE FRANCE,1116,practice_2,https://www.formula1.com/en/results.html/2022/races/1116/france/practice-2.html,2,16,LEC,Charles Leclerc,Ferrari,22,1:32.628,+0.101s
2022,FORMULA 1 LENOVO GRAND PRIX DE FRANCE,1116,practice_2,https://www.formula1.com/en/results.html/2022/races/1116/france/practice-2.html,3,1,VER,Max Verstappen,Red Bull Racing RBPT,17,1:33.077,+0.550s
2022,FORMULA 1 LENOVO GRAND PRIX DE FRANCE,1116,practice_2,https://www.formula1.com/en/results.html/2022/races/1116/france/practice-2.html,4,63,RUS,George Russell,Mercedes,20,1:33.291,+0.764s
2022,FORMULA 1 LENOVO GRAND PRIX DE FRANCE,1116,practice_2,https://www.formula1.com/en/results.html/2022/races/1116/france/practice-2.html,5,44,HAM,Lewis Hamilton,Mercedes,23,1:33.517,+0.990s
2022,FORMULA 1 LENOVO GRAND PRIX DE FRANCE,1116,practice_2,https://www.formula1.com/en/results.html/2022/races/1116/france/practice-2.html,6,4,NOR,Lando Norris,McLaren Mercedes,21,1:33.607,+1.080s
2022,FORMULA 1 LENOVO GRAND PRIX DE FRANCE,1116,practice_2,https://www.formula1.com/en/results.html/2022/races/1116/france/practice-2.html,7,10,GAS,Pierre Gasly,AlphaTauri RBPT,24,1:33.906,+1.379s
2022,FORMULA 1 LENOVO GRAND PRIX DE FRANCE,1116,practice_2,https://www.formula1.com/en/results.html/2022/races/1116/france/practice-2.html,8,20,MAG,Kevin Magnussen,Haas Ferrari,24,1:33.928,+1.401s
2022,FORMULA 1 LENOVO GRAND PRIX DE FRANCE,1116,practice_2,https://www.formula1.com/en/results.html/2022/races/1116/france/practice-2.html,9,3,RIC,Daniel Ricciardo,McLaren Mercedes,23,1:33.984,+1.457s
2022,FORMULA 1 LENOVO GRAND PRIX DE FRANCE,1116,practice_2,https://www.formula1.com/en/results.html/2022/races/1116/france/practice-2.html,10,11,PER,Sergio Perez,Red Bull Racing RBPT,16,1:34.060,+1.533s
2022,FORMULA 1 LENOVO GRAND PRIX DE FRANCE,1116,practice_2,https://www.formula1.com/en/results.html/2022/races/1116/france/practice-2.html,11,14,ALO,Fernando Alonso,Alpine Renault,24,1:34.259,+1.732s
2022,FORMULA 1 LENOVO GRAND PRIX DE FRANCE,1116,practice_2,https://www.formula1.com/en/results.html/2022/races/1116/france/practice-2.html,12,77,BOT,Valtteri Bottas,Alfa Romeo Ferrari,27,1:34.264,+1.737s
2022,FORMULA 1 LENOVO GRAND PRIX DE FRANCE,1116,practice_2,https://www.formula1.com/en/results.html/2022/races/1116/france/practice-2.html,13,5,VET,Sebastian Vettel,Aston Martin Aramco Mercedes,27,1:34.420,+1.893s
2022,FORMULA 1 LENOVO GRAND PRIX DE FRANCE,1116,practice_2,https://www.formula1.com/en/results.html/2022/races/1116/france/practice-2.html,14,22,TSU,Yuki Tsunoda,AlphaTauri RBPT,24,1:34.540,+2.013s
2022,FORMULA 1 LENOVO GRAND PRIX DE FRANCE,1116,practice_2,https://www.formula1.com/en/results.html/2022/races/1116/france/practice-2.html,15,18,STR,Lance Stroll,Aston Martin Aramco Mercedes,26,1:34.595,+2.068s
2022,FORMULA 1 LENOVO GRAND PRIX DE FRANCE,1116,practice_2,https://www.formula1.com/en/results.html/2022/races/1116/france/practice-2.html,16,23,ALB,Alexander Albon,Williams Mercedes,23,1:34.653,+2.126s
2022,FORMULA 1 LENOVO GRAND PRIX DE FRANCE,1116,practice_2,https://www.formula1.com/en/results.html/2022/races/1116/france/practice-2.html,17,24,ZHO,Zhou Guanyu,Alfa Romeo Ferrari,26,1:34.654,+2.127s
2022,FORMULA 1 LENOVO GRAND PRIX DE FRANCE,1116,practice_2,https://www.formula1.com/en/results.html/2022/races/1116/france/practice-2.html,18,31,OCO,Esteban Ocon,Alpine Renault,26,1:34.660,+2.133s
2022,FORMULA 1 LENOVO GRAND PRIX DE FRANCE,1116,practice_2,https://www.formula1.com/en/results.html/2022/races/1116/france/practice-2.html,19,47,MSC,Mick Schumacher,Haas Ferrari,22,1:35.195,+2.668s
2022,FORMULA 1 LENOVO GRAND PRIX DE FRANCE,1116,practice_2,https://www.formula1.com/en/results.html/2022/races/1116/france/practice-2.html,20,6,LAT,Nicholas Latifi,Williams Mercedes,27,1:35.412,+2.885s
2022,FORMULA 1 ARAMCO MAGYAR NAGYDÍJ,1117,practice_2,https://www.formula1.com/en/results.html/2022/races/1117/hungary/practice-2.html,1,16,LEC,Charles Leclerc,Ferrari,27,1:18.445,
2022,FORMULA 1 ARAMCO MAGYAR NAGYDÍJ,1117,practice_2,https://www.formula1.com/en/results.html/2022/races/1117/hungary/practice-2.html,2,4,NOR,Lando Norris,McLaren Mercedes,29,1:18.662,+0.217s
2022,FORMULA 1 ARAMCO MAGYAR NAGYDÍJ,1117,practice_2,https://www.formula1.com/en/results.html/2022/races/1117/hungary/practice-2.html,3,55,SAI,Carlos Sainz,Ferrari,29,1:18.676,+0.231s
2022,FORMULA 1 ARAMCO MAGYAR NAGYDÍJ,1117,practice_2,https://www.formula1.com/en/results.html/2022/races/1117/hungary/practice-2.html,4,1,VER,Max Verstappen,Red Bull Racing RBPT,26,1:18.728,+0.283s
2022,FORMULA 1 ARAMCO MAGYAR NAGYDÍJ,1117,practice_2,https://www.formula1.com/en/results.html/2022/races/1117/hungary/practice-2.html,5,3,RIC,Daniel Ricciardo,McLaren Mercedes,27,1:18.872,+0.427s
2022,FORMULA 1 ARAMCO MAGYAR NAGYDÍJ,1117,practice_2,https://www.formula1.com/en/results.html/2022/races/1117/hungary/practice-2.html,6,14,ALO,Fernando Alonso,Alpine Renault,30,1:19.049,+0.604s
2022,FORMULA 1 ARAMCO MAGYAR NAGYDÍJ,1117,practice_2,https://www.formula1.com/en/results.html/2022/races/1117/hungary/practice-2.html,7,5,VET,Sebastian Vettel,Aston Martin Aramco Mercedes,31,1:19.253,+0.808s
2022,FORMULA 1 ARAMCO MAGYAR NAGYDÍJ,1117,practice_2,https://www.formula1.com/en/results.html/2022/races/1117/hungary/practice-2.html,8,63,RUS,George Russell,Mercedes,28,1:19.355,+0.910s
2022,FORMULA 1 ARAMCO MAGYAR NAGYDÍJ,1117,practice_2,https://www.formula1.com/en/results.html/2022/races/1117/hungary/practice-2.html,9,11,PER,Sergio Perez,Red Bull Racing RBPT,28,1:19.397,+0.952s
2022,FORMULA 1 ARAMCO MAGYAR NAGYDÍJ,1117,practice_2,https://www.formula1.com/en/results.html/2022/races/1117/hungary/practice-2.html,10,77,BOT,Valtteri Bottas,Alfa Romeo Ferrari,30,1:19.411,+0.966s
2022,FORMULA 1 ARAMCO MAGYAR NAGYDÍJ,1117,practice_2,https://www.formula1.com/en/results.html/2022/races/1117/hungary/practice-2.html,11,44,HAM,Lewis Hamilton,Mercedes,23,1:19.547,+1.102s
2022,FORMULA 1 ARAMCO MAGYAR NAGYDÍJ,1117,practice_2,https://www.formula1.com/en/results.html/2022/races/1117/hungary/practice-2.html,12,24,ZHO,Zhou Guanyu,Alfa Romeo Ferrari,26,1:19.605,+1.160s
2022,FORMULA 1 ARAMCO MAGYAR NAGYDÍJ,1117,practice_2,https://www.formula1.com/en/results.html/2022/races/1117/hungary/practice-2.html,13,31,OCO,Esteban Ocon,Alpine Renault,27,1:19.614,+1.169s
2022,FORMULA 1 ARAMCO MAGYAR NAGYDÍJ,1117,practice_2,https://www.formula1.com/en/results.html/2022/races/1117/hungary/practice-2.html,14,18,STR,Lance Stroll,Aston Martin Aramco Mercedes,30,1:19.702,+1.257s
2022,FORMULA 1 ARAMCO MAGYAR NAGYDÍJ,1117,practice_2,https://www.formula1.com/en/results.html/2022/races/1117/hungary/practice-2.html,15,10,GAS,Pierre Gasly,AlphaTauri RBPT,28,1:19.730,+1.285s
2022,FORMULA 1 ARAMCO MAGYAR NAGYDÍJ,1117,practice_2,https://www.formula1.com/en/results.html/2022/races/1117/hungary/practice-2.html,16,20,MAG,Kevin Magnussen,Haas Ferrari,29,1:19.818,+1.373s
2022,FORMULA 1 ARAMCO MAGYAR NAGYDÍJ,1117,practice_2,https://www.formula1.com/en/results.html/2022/races/1117/hungary/practice-2.html,17,47,MSC,Mick Schumacher,Haas Ferrari,28,1:19.985,+1.540s
2022,FORMULA 1 ARAMCO MAGYAR NAGYDÍJ,1117,practice_2,https://www.formula1.com/en/results.html/2022/races/1117/hungary/practice-2.html,18,6,LAT,Nicholas Latifi,Williams Mercedes,30,1:20.488,+2.043s
2022,FORMULA 1 ARAMCO MAGYAR NAGYDÍJ,1117,practice_2,https://www.formula1.com/en/results.html/2022/races/1117/hungary/practice-2.html,19,22,TSU,Yuki Tsunoda,AlphaTauri RBPT,31,1:20.521,+2.076s
2022,FORMULA 1 ARAMCO MAGYAR NAGYDÍJ,1117,practice_2,https://www.formula1.com/en/results.html/2022/races/1117/hungary/practice-2.html,20,23,ALB,Alexander Albon,Williams Mercedes,20,1:20.615,+2.170s
2022,FORMULA 1 ROLEX BELGIAN,1118,practice_2,https://www.formula1.com/en/results.html/2022/races/1118/belgium/practice-2.html,1,1,VER,Max Verstappen,Red Bull Racing RBPT,20,1:45.507,
2022,FORMULA 1 ROLEX BELGIAN,1118,practice_2,https://www.formula1.com/en/results.html/2022/races/1118/belgium/practice-2.html,2,16,LEC,Charles Leclerc,Ferrari,21,1:46.369,+0.862s
2022,FORMULA 1 ROLEX BELGIAN,1118,practice_2,https://www.formula1.com/en/results.html/2022/races/1118/belgium/practice-2.html,3,4,NOR,Lando Norris,McLaren Mercedes,17,1:46.589,+1.082s
2022,FORMULA 1 ROLEX BELGIAN,1118,practice_2,https://www.formula1.com/en/results.html/2022/races/1118/belgium/practice-2.html,4,18,STR,Lance Stroll,Aston Martin Aramco Mercedes,16,1:46.635,+1.128s
2022,FORMULA 1 ROLEX BELGIAN,1118,practice_2,https://www.formula1.com/en/results.html/2022/races/1118/belgium/practice-2.html,5,55,SAI,Carlos Sainz,Ferrari,20,1:46.649,+1.142s
2022,FORMULA 1 ROLEX BELGIAN,1118,practice_2,https://www.formula1.com/en/results.html/2022/races/1118/belgium/practice-2.html,6,44,HAM,Lewis Hamilton,Mercedes,18,1:46.893,+1.386s
2022,FORMULA 1 ROLEX BELGIAN,1118,practice_2,https://www.formula1.com/en/results.html/2022/races/1118/belgium/practice-2.html,7,14,ALO,Fernando Alonso,Alpine Renault,19,1:46.975,+1.468s
2022,FORMULA 1 ROLEX BELGIAN,1118,practice_2,https://www.formula1.com/en/results.html/2022/races/1118/belgium/practice-2.html,8,63,RUS,George Russell,Mercedes,22,1:47.042,+1.535s
2022,FORMULA 1 ROLEX BELGIAN,1118,practice_2,https://www.formula1.com/en/results.html/2022/races/1118/belgium/practice-2.html,9,3,RIC,Daniel Ricciardo,McLaren Mercedes,18,1:47.255,+1.748s
2022,FORMULA 1 ROLEX BELGIAN,1118,practice_2,https://www.formula1.com/en/results.html/2022/races/1118/belgium/practice-2.html,10,11,PER,Sergio Perez,Red Bull Racing RBPT,15,1:47.346,+1.839s
2022,FORMULA 1 ROLEX BELGIAN,1118,practice_2,https://www.formula1.com/en/results.html/2022/races/1118/belgium/practice-2.html,11,23,ALB,Alexander Albon,Williams Mercedes,15,1:47.520,+2.013s
2022,FORMULA 1 ROLEX BELGIAN,1118,practice_2,https://www.formula1.com/en/results.html/2022/races/1118/belgium/practice-2.html,12,24,ZHO,Zhou Guanyu,Alfa Romeo Ferrari,21,1:47.617,+2.110s
2022,FORMULA 1 ROLEX BELGIAN,1118,practice_2,https://www.formula1.com/en/results.html/2022/races/1118/belgium/practice-2.html,13,22,TSU,Yuki Tsunoda,AlphaTauri RBPT,16,1:47.658,+2.151s
2022,FORMULA 1 ROLEX BELGIAN,1118,practice_2,https://www.formula1.com/en/results.html/2022/races/1118/belgium/practice-2.html,14,10,GAS,Pierre Gasly,AlphaTauri RBPT,19,1:47.782,+2.275s
2022,FORMULA 1 ROLEX BELGIAN,1118,practice_2,https://www.formula1.com/en/results.html/2022/races/1118/belgium/practice-2.html,15,5,VET,Sebastian Vettel,Aston Martin Aramco Mercedes,19,1:47.867,+2.360s
2022,FORMULA 1 ROLEX BELGIAN,1118,practice_2,https://www.formula1.com/en/results.html/2022/races/1118/belgium/practice-2.html,16,31,OCO,Esteban Ocon,Alpine Renault,21,1:47.944,+2.437s
2022,FORMULA 1 ROLEX BELGIAN,1118,practice_2,https://www.formula1.com/en/results.html/2022/races/1118/belgium/practice-2.html,17,20,MAG,Kevin Magnussen,Haas Ferrari,19,1:48.208,+2.701s
2022,FORMULA 1 ROLEX BELGIAN,1118,practice_2,https://www.formula1.com/en/results.html/2022/races/1118/belgium/practice-2.html,18,77,BOT,Valtteri Bottas,Alfa Romeo Ferrari,21,1:48.419,+2.912s
2022,FORMULA 1 ROLEX BELGIAN,1118,practice_2,https://www.formula1.com/en/results.html/2022/races/1118/belgium/practice-2.html,19,6,LAT,Nicholas Latifi,Williams Mercedes,14,1:48.612,+3.105s
2022,FORMULA 1 ROLEX BELGIAN,1118,practice_2,https://www.formula1.com/en/results.html/2022/races/1118/belgium/practice-2.html,20,47,MSC,Mick Schumacher,Haas Ferrari,23,1:49.941,+4.434s
2022,FORMULA 1 HEINEKEN DUTCH,1119,practice_2,https://www.formula1.com/en/results.html/2022/races/1119/netherlands/practice-2.html,1,16,LEC,Charles Leclerc,Ferrari,27,1:12.345,
2022,FORMULA 1 HEINEKEN DUTCH,1119,practice_2,https://www.formula1.com/en/results.html/2022/races/1119/netherlands/practice-2.html,2,55,SAI,Carlos Sainz,Ferrari,30,1:12.349,+0.004s
2022,FORMULA 1 HEINEKEN DUTCH,1119,practice_2,https://www.formula1.com/en/results.html/2022/races/1119/netherlands/practice-2.html,3,44,HAM,Lewis Hamilton,Mercedes,21,1:12.417,+0.072s
2022,FORMULA 1 HEINEKEN DUTCH,1119,practice_2,https://www.formula1.com/en/results.html/2022/races/1119/netherlands/practice-2.html,4,4,NOR,Lando Norris,McLaren Mercedes,24,1:12.448,+0.103s
2022,FORMULA 1 HEINEKEN DUTCH,1119,practice_2,https://www.formula1.com/en/results.html/2022/races/1119/netherlands/practice-2.html,5,63,RUS,George Russell,Mercedes,27,1:12.655,+0.310s
2022,FORMULA 1 HEINEKEN DUTCH,1119,practice_2,https://www.formula1.com/en/results.html/2022/races/1119/netherlands/practice-2.html,6,18,STR,Lance Stroll,Aston Martin Aramco Mercedes,28,1:12.746,+0.401s
2022,FORMULA 1 HEINEKEN DUTCH,1119,practice_2,https://www.formula1.com/en/results.html/2022/races/1119/netherlands/practice-2.html,7,14,ALO,Fernando Alonso,Alpine Renault,25,1:12.848,+0.503s
2022,FORMULA 1 HEINEKEN DUTCH,1119,practice_2,https://www.formula1.com/en/results.html/2022/races/1119/netherlands/practice-2.html,8,1,VER,Max Verstappen,Red Bull Racing RBPT,22,1:13.042,+0.697s
2022,FORMULA 1 HEINEKEN DUTCH,1119,practice_2,https://www.formula1.com/en/results.html/2022/races/1119/netherlands/practice-2.html,9,31,OCO,Esteban Ocon,Alpine Renault,27,1:13.305,+0.960s
2022,FORMULA 1 HEINEKEN DUTCH,1119,practice_2,https://www.formula1.com/en/results.html/2022/races/1119/netherlands/practice-2.html,10,3,RIC,Daniel Ricciardo,McLaren Mercedes,10,1:13.362,+1.017s
2022,FORMULA 1 HEINEKEN DUTCH,1119,practice_2,https://www.formula1.com/en/results.html/2022/races/1119/netherlands/practice-2.html,11,22,TSU,Yuki Tsunoda,AlphaTauri RBPT,19,1:13.419,+1.074s
2022,FORMULA 1 HEINEKEN DUTCH,1119,practice_2,https://www.formula1.com/en/results.html/2022/races/1119/netherlands/practice-2.html,12,11,PER,Sergio Perez,Red Bull Racing RBPT,23,1:13.493,+1.148s
2022,FORMULA 1 HEINEKEN DUTCH,1119,practice_2,https://www.formula1.com/en/results.html/2022/races/1119/netherlands/practice-2.html,13,47,MSC,Mick Schumacher,Haas Ferrari,27,1:13.604,+1.259s
2022,FORMULA 1 HEINEKEN DUTCH,1119,practice_2,https://www.formula1.com/en/results.html/2022/races/1119/netherlands/practice-2.html,14,5,VET,Sebastian Vettel,Aston Martin Aramco Mercedes,27,1:13.611,+1.266s
2022,FORMULA 1 HEINEKEN DUTCH,1119,practice_2,https://www.formula1.com/en/results.html/2022/races/1119/netherlands/practice-2.html,15,24,ZHO,Zhou Guanyu,Alfa Romeo Ferrari,25,1:13.624,+1.279s
2022,FORMULA 1 HEINEKEN DUTCH,1119,practice_2,https://www.formula1.com/en/results.html/2022/races/1119/netherlands/practice-2.html,16,10,GAS,Pierre Gasly,AlphaTauri RBPT,16,1:13.666,+1.321s
2022,FORMULA 1 HEINEKEN DUTCH,1119,practice_2,https://www.formula1.com/en/results.html/2022/races/1119/netherlands/practice-2.html,17,23,ALB,Alexander Albon,Williams Mercedes,26,1:13.837,+1.492s
2022,FORMULA 1 HEINEKEN DUTCH,1119,practice_2,https://www.formula1.com/en/results.html/2022/races/1119/netherlands/practice-2.html,18,77,BOT,Valtteri Bottas,Alfa Romeo Ferrari,27,1:14.167,+1.822s
2022,FORMULA 1 HEINEKEN DUTCH,1119,practice_2,https://www.formula1.com/en/results.html/2022/races/1119/netherlands/practice-2.html,19,20,MAG,Kevin Magnussen,Haas Ferrari,25,1:14.282,+1.937s
2022,FORMULA 1 HEINEKEN DUTCH,1119,practice_2,https://www.formula1.com/en/results.html/2022/races/1119/netherlands/practice-2.html,20,6,LAT,Nicholas Latifi,Williams Mercedes,24,1:14.797,+2.452s
2022,ITALIA,1120,practice_2,https://www.formula1.com/en/results.html/2022/races/1120/italy/practice-2.html,1,55,SAI,Carlos Sainz,Ferrari,24,1:21.664,
2022,ITALIA,1120,practice_2,https://www.formula1.com/en/results.html/2022/races/1120/italy/practice-2.html,2,1,VER,Max Verstappen,Red Bull Racing RBPT,27,1:21.807,+0.143s
2022,ITALIA,1120,practice_2,https://www.formula1.com/en/results.html/2022/races/1120/italy/practice-2.html,3,16,LEC,Charles Leclerc,Ferrari,23,1:21.857,+0.193s
2022,ITALIA,1120,practice_2,https://www.formula1.com/en/results.html/2022/races/1120/italy/practice-2.html,4,4,NOR,Lando Norris,McLaren Mercedes,29,1:22.338,+0.674s
2022,ITALIA,1120,practice_2,https://www.formula1.com/en/results.html/2022/races/1120/italy/practice-2.html,5,63,RUS,George Russell,Mercedes,24,1:22.386,+0.722s
2022,ITALIA,1120,practice_2,https://www.formula1.com/en/results.html/2022/races/1120/italy/practice-2.html,6,11,PER,Sergio Perez,Red Bull Racing RBPT,26,1:22.394,+0.730s
2022,ITALIA,1120,practice_2,https://www.formula1.com/en/results.html/2022/races/1120/italy/practice-2.html,7,44,HAM,Lewis Hamilton,Mercedes,25,1:22.503,+0.839s
2022,ITALIA,1120,practice_2,https://www.formula1.com/en/results.html/2022/races/1120/italy/practice-2.html,8,31,OCO,Esteban Ocon,Alpine Renault,29,1:22.728,+1.064s
2022,ITALIA,1120,practice_2,https://www.formula1.com/en/results.html/2022/races/1120/italy/practice-2.html,9,14,ALO,Fernando Alonso,Alpine Renault,28,1:22.752,+1.088s
2022,ITALIA,1120,practice_2,https://www.formula1.com/en/results.html/2022/races/1120/italy/practice-2.html,10,23,ALB,Alexander Albon,Williams Mercedes,24,1:22.835,+1.171s
2022,ITALIA,1120,practice_2,https://www.formula1.com/en/results.html/2022/races/1120/italy/practice-2.html,11,3,RIC,Daniel Ricciardo,McLaren Mercedes,26,1:22.911,+1.247s
2022,ITALIA,1120,practice_2,https://www.formula1.com/en/results.html/2022/races/1120/italy/practice-2.html,12,24,ZHO,Zhou Guanyu,Alfa Romeo Ferrari,30,1:22.938,+1.274s
2022,ITALIA,1120,practice_2,https://www.formula1.com/en/results.html/2022/races/1120/italy/practice-2.html,13,77,BOT,Valtteri Bottas,Alfa Romeo Ferrari,26,1:22.993,+1.329s
2022,ITALIA,1120,practice_2,https://www.formula1.com/en/results.html/2022/races/1120/italy/practice-2.html,14,10,GAS,Pierre Gasly,AlphaTauri RBPT,25,1:23.135,+1.471s
2022,ITALIA,1120,practice_2,https://www.formula1.com/en/results.html/2022/races/1120/italy/practice-2.html,15,22,TSU,Yuki Tsunoda,AlphaTauri RBPT,31,1:23.217,+1.553s
2022,ITALIA,1120,practice_2,https://www.formula1.com/en/results.html/2022/races/1120/italy/practice-2.html,16,20,MAG,Kevin Magnussen,Haas Ferrari,25,1:23.557,+1.893s
2022,ITALIA,1120,practice_2,https://www.formula1.com/en/results.html/2022/races/1120/italy/practice-2.html,17,5,VET,Sebastian Vettel,Aston Martin Aramco Mercedes,26,1:23.731,+2.067s
2022,ITALIA,1120,practice_2,https://www.formula1.com/en/results.html/2022/races/1120/italy/practice-2.html,18,18,STR,Lance Stroll,Aston Martin Aramco Mercedes,27,1:23.785,+2.121s
2022,ITALIA,1120,practice_2,https://www.formula1.com/en/results.html/2022/races/1120/italy/practice-2.html,19,6,LAT,Nicholas Latifi,Williams Mercedes,23,1:23.982,+2.318s
2022,ITALIA,1120,practice_2,https://www.formula1.com/en/results.html/2022/races/1120/italy/practice-2.html,20,47,MSC,Mick Schumacher,Haas Ferrari,9,1:24.586,+2.922s
2022,FORMULA 1 GULF AIR BAHRAIN,1124,practice_2,https://www.formula1.com/en/results.html/2022/races/1124/bahrain/practice-2.html,1,1,VER,Max Verstappen,Red Bull Racing RBPT,20,1:31.936,
2022,FORMULA 1 GULF AIR BAHRAIN,1124,practice_2,https://www.formula1.com/en/results.html/2022/races/1124/bahrain/practice-2.html,2,16,LEC,Charles Leclerc,Ferrari,20,1:32.023,+0.087s
2022,FORMULA 1 GULF AIR BAHRAIN,1124,practice_2,https://www.formula1.com/en/results.html/2022/races/1124/bahrain/practice-2.html,3,55,SAI,Carlos Sainz,Ferrari,22,1:32.520,+0.584s
2022,FORMULA 1 GULF AIR BAHRAIN,1124,practice_2,https://www.formula1.com/en/results.html/2022/races/1124/bahrain/practice-2.html,4,63,RUS,George Russell,Mercedes,25,1:32.529,+0.593s
2022,FORMULA 1 GULF AIR BAHRAIN,1124,practice_2,https://www.formula1.com/en/results.html/2022/races/1124/bahrain/practice-2.html,5,14,ALO,Fernando Alonso,Alpine Renault,24,1:32.877,+0.941s
2022,FORMULA 1 GULF AIR BAHRAIN,1124,practice_2,https://www.formula1.com/en/results.html/2022/races/1124/bahrain/practice-2.html,6,77,BOT,Valtteri Bottas,Alfa Romeo Ferrari,30,1:32.951,+1.015s
2022,FORMULA 1 GULF AIR BAHRAIN,1124,practice_2,https://www.formula1.com/en/results.html/2022/races/1124/bahrain/practice-2.html,7,11,PER,Sergio Perez,Red Bull Racing RBPT,20,1:32.958,+1.022s
2022,FORMULA 1 GULF AIR BAHRAIN,1124,practice_2,https://www.formula1.com/en/results.html/2022/races/1124/bahrain/practice-2.html,8,47,MSC,Mick Schumacher,Haas Ferrari,24,1:33.085,+1.149s
2022,FORMULA 1 GULF AIR BAHRAIN,1124,practice_2,https://www.formula1.com/en/results.html/2022/races/1124/bahrain/practice-2.html,9,44,HAM,Lewis Hamilton,Mercedes,23,1:33.144,+1.208s
2022,FORMULA 1 GULF AIR BAHRAIN,1124,practice_2,https://www.formula1.com/en/results.html/2022/races/1124/bahrain/practice-2.html,10,20,MAG,Kevin Magnussen,Haas Ferrari,23,1:33.183,+1.247s
2022,FORMULA 1 GULF AIR BAHRAIN,1124,practice_2,https://www.formula1.com/en/results.html/2022/races/1124/bahrain/practice-2.html,11,4,NOR,Lando Norris,McLaren Mercedes,27,1:33.280,+1.344s
2022,FORMULA 1 GULF AIR BAHRAIN,1124,practice_2,https://www.formula1.com/en/results.html/2022/races/1124/bahrain/practice-2.html,12,31,OCO,Esteban Ocon,Alpine Renault,25,1:33.360,+1.424s
2022,FORMULA 1 GULF AIR BAHRAIN,1124,practice_2,https://www.formula1.com/en/results.html/2022/races/1124/bahrain/practice-2.html,13,10,GAS,Pierre Gasly,AlphaTauri RBPT,24,1:33.621,+1.685s
2022,FORMULA 1 GULF AIR BAHRAIN,1124,practice_2,https://www.formula1.com/en/results.html/2022/races/1124/bahrain/practice-2.html,14,22,TSU,Yuki Tsunoda,AlphaTauri RBPT,26,1:33.789,+1.853s
2022,FORMULA 1 GULF AIR BAHRAIN,1124,practice_2,https://www.formula1.com/en/results.html/2022/races/1124/bahrain/practice-2.html,15,24,ZHO,Zhou Guanyu,Alfa Romeo Ferrari,27,1:33.953,+2.017s
2022,FORMULA 1 GULF AIR BAHRAIN,1124,practice_2,https://www.formula1.com/en/results.html/2022/races/1124/bahrain/practice-2.html,16,18,STR,Lance Stroll,Aston Martin Aramco Mercedes,25,1:33.958,+2.022s
2022,FORMULA 1 GULF AIR BAHRAIN,1124,practice_2,https://www.formula1.com/en/results.html/2022/races/1124/bahrain/practice-2.html,17,27,HUL,Nico Hulkenberg,Aston Martin Aramco Mercedes,28,1:34.061,+2.125s
2022,FORMULA 1 GULF AIR BAHRAIN,1124,practice_2,https://www.formula1.com/en/results.html/2022/races/1124/bahrain/practice-2.html,18,3,RIC,Daniel Ricciardo,McLaren Mercedes,12,1:34.166,+2.230s
2022,FORMULA 1 GULF AIR BAHRAIN,1124,practice_2,https://www.formula1.com/en/results.html/2022/races/1124/bahrain/practice-2.html,19,6,LAT,Nicholas Latifi,Williams Mercedes,28,1:34.486,+2.550s
2022,FORMULA 1 GULF AIR BAHRAIN,1124,practice_2,https://www.formula1.com/en/results.html/2022/races/1124/bahrain/practice-2.html,20,23,ALB,Alexander Albon,Williams Mercedes,22,1:34.735,+2.799s
2022,FORMULA 1 STC SAUDI ARABIAN,1125,practice_2,https://www.formula1.com/en/results.html/2022/races/1125/saudi-arabia/practice-2.html,1,16,LEC,Charles Leclerc,Ferrari,15,1:30.074,
2022,FORMULA 1 STC SAUDI ARABIAN,1125,practice_2,https://www.formula1.com/en/results.html/2022/races/1125/saudi-arabia/practice-2.html,2,1,VER,Max Verstappen,Red Bull Racing RBPT,23,1:30.214,+0.140s
2022,FORMULA 1 STC SAUDI ARABIAN,1125,practice_2,https://www.formula1.com/en/results.html/2022/races/1125/saudi-arabia/practice-2.html,3,55,SAI,Carlos Sainz,Ferrari,12,1:30.320,+0.246s
2022,FORMULA 1 STC SAUDI ARABIAN,1125,practice_2,https://www.formula1.com/en/results.html/2022/races/1125/saudi-arabia/practice-2.html,4,11,PER,Sergio Perez,Red Bull Racing RBPT,24,1:30.360,+0.286s
2022,FORMULA 1 STC SAUDI ARABIAN,1125,practice_2,https://www.formula1.com/en/results.html/2022/races/1125/saudi-arabia/practice-2.html,5,44,HAM,Lewis Hamilton,Mercedes,24,1:30.513,+0.439s
2022,FORMULA 1 STC SAUDI ARABIAN,1125,practice_2,https://www.formula1.com/en/results.html/2022/races/1125/saudi-arabia/practice-2.html,6,63,RUS,George Russell,Mercedes,29,1:30.664,+0.590s
2022,FORMULA 1 STC SAUDI ARABIAN,1125,practice_2,https://www.formula1.com/en/results.html/2022/races/1125/saudi-arabia/practice-2.html,7,4,NOR,Lando Norris,McLaren Mercedes,26,1:30.735,+0.661s
2022,FORMULA 1 STC SAUDI ARABIAN,1125,practice_2,https://www.formula1.com/en/results.html/2022/races/1125/saudi-arabia/practice-2.html,8,31,OCO,Esteban Ocon,Alpine Renault,26,1:30.760,+0.686s
2022,FORMULA 1 STC SAUDI ARABIAN,1125,practice_2,https://www.formula1.com/en/results.html/2022/races/1125/saudi-arabia/practice-2.html,9,77,BOT,Valtteri Bottas,Alfa Romeo Ferrari,14,1:30.832,+0.758s
2022,FORMULA 1 STC SAUDI ARABIAN,1125,practice_2,https://www.formula1.com/en/results.html/2022/races/1125/saudi-arabia/practice-2.html,10,22,TSU,Yuki Tsunoda,AlphaTauri RBPT,26,1:30.886,+0.812s
2022,FORMULA 1 STC SAUDI ARABIAN,1125,practice_2,https://www.formula1.com/en/results.html/2022/races/1125/saudi-arabia/practice-2.html,11,14,ALO,Fernando Alonso,Alpine Renault,27,1:30.944,+0.870s
2022,FORMULA 1 STC SAUDI ARABIAN,1125,practice_2,https://www.formula1.com/en/results.html/2022/races/1125/saudi-arabia/practice-2.html,12,10,GAS,Pierre Gasly,AlphaTauri RBPT,29,1:30.963,+0.889s
2022,FORMULA 1 STC SAUDI ARABIAN,1125,practice_2,https://www.formula1.com/en/results.html/2022/races/1125/saudi-arabia/practice-2.html,13,47,MSC,Mick Schumacher,Haas Ferrari,27,1:31.169,+1.095s
2022,FORMULA 1 STC SAUDI ARABIAN,1125,practice_2,https://www.formula1.com/en/results.html/2022/races/1125/saudi-arabia/practice-2.html,14,18,STR,Lance Stroll,Aston Martin Aramco Mercedes,28,1:31.372,+1.298s
2022,FORMULA 1 STC SAUDI ARABIAN,1125,practice_2,https://www.formula1.com/en/results.html/2022/races/1125/saudi-arabia/practice-2.html,15,3,RIC,Daniel Ricciardo,McLaren Mercedes,23,1:31.527,+1.453s
2022,FORMULA 1 STC SAUDI ARABIAN,1125,practice_2,https://www.formula1.com/en/results.html/2022/races/1125/saudi-arabia/practice-2.html,16,27,HUL,Nico Hulkenberg,Aston Martin Aramco Mercedes,30,1:31.615,+1.541s
2022,FORMULA 1 STC SAUDI ARABIAN,1125,practice_2,https://www.formula1.com/en/results.html/2022/races/1125/saudi-arabia/practice-2.html,17,24,ZHO,Zhou Guanyu,Alfa Romeo Ferrari,27,1:31.615,+1.541s
2022,FORMULA 1 STC SAUDI ARABIAN,1125,practice_2,https://www.formula1.com/en/results.html/2022/races/1125/saudi-arabia/practice-2.html,18,6,LAT,Nicholas Latifi,Williams Mercedes,26,1:31.814,+1.740s
2022,FORMULA 1 STC SAUDI ARABIAN,1125,practice_2,https://www.formula1.com/en/results.html/2022/races/1125/saudi-arabia/practice-2.html,19,23,ALB,Alexander Albon,Williams Mercedes,29,1:31.866,+1.792s
2022,FORMULA 1 STC SAUDI ARABIAN,1125,practice_2,https://www.formula1.com/en/results.html/2022/races/1125/saudi-arabia/practice-2.html,20,20,MAG,Kevin Magnussen,Haas Ferrari,13,1:32.344,+2.270s
2022,FORMULA 1 AZERBAIJAN,1126,practice_2,https://www.formula1.com/en/results.html/2022/races/1126/azerbaijan/practice-2.html,1,16,LEC,Charles Leclerc,Ferrari,24,1:43.224,
2022,FORMULA 1 AZERBAIJAN,1126,practice_2,https://www.formula1.com/en/results.html/2022/races/1126/azerbaijan/practice-2.html,2,11,PER,Sergio Perez,Red Bull Racing RBPT,22,1:43.472,+0.248s
2022,FORMULA 1 AZERBAIJAN,1126,practice_2,https://www.formula1.com/en/results.html/2022/races/1126/azerbaijan/practice-2.html,3,1,VER,Max Verstappen,Red Bull Racing RBPT,18,1:43.580,+0.356s
2022,FORMULA 1 AZERBAIJAN,1126,practice_2,https://www.formula1.com/en/results.html/2022/races/1126/azerbaijan/practice-2.html,4,14,ALO,Fernando Alonso,Alpine Renault,22,1:44.142,+0.918s
2022,FORMULA 1 AZERBAIJAN,1126,practice_2,https://www.formula1.com/en/results.html/2022/races/1126/azerbaijan/practice-2.html,5,55,SAI,Carlos Sainz,Ferrari,25,1:44.274,+1.050s
2022,FORMULA 1 AZERBAIJAN,1126,practice_2,https://www.formula1.com/en/results.html/2022/races/1126/azerbaijan/practice-2.html,6,10,GAS,Pierre Gasly,AlphaTauri RBPT,26,1:44.315,+1.091s
2022,FORMULA 1 AZERBAIJAN,1126,practice_2,https://www.formula1.com/en/results.html/2022/races/1126/azerbaijan/practice-2.html,7,63,RUS,George Russell,Mercedes,26,1:44.548,+1.324s
2022,FORMULA 1 AZERBAIJAN,1126,practice_2,https://www.formula1.com/en/results.html/2022/races/1126/azerbaijan/practice-2.html,8,22,TSU,Yuki Tsunoda,AlphaTauri RBPT,24,1:44.567,+1.343s
2022,FORMULA 1 AZERBAIJAN,1126,practice_2,https://www.formula1.com/en/results.html/2022/races/1126/azerbaijan/practice-2.html,9,31,OCO,Esteban Ocon,Alpine Renault,24,1:44.609,+1.385s
2022,FORMULA 1 AZERBAIJAN,1126,practice_2,https://www.formula1.com/en/results.html/2022/races/1126/azerbaijan/practice-2.html,10,4,NOR,Lando Norris,McLaren Mercedes,23,1:44.771,+1.547s
2022,FORMULA 1 AZERBAIJAN,1126,practice_2,https://www.formula1.com/en/results.html/2022/races/1126/azerbaijan/practice-2.html,11,5,VET,Sebastian Vettel,Aston Martin Aramco Mercedes,27,1:44.781,+1.557s
2022,FORMULA 1 AZERBAIJAN,1126,practice_2,https://www.formula1.com/en/results.html/2022/races/1126/azerbaijan/practice-2.html,12,44,HAM,Lewis Hamilton,Mercedes,25,1:44.874,+1.650s
2022,FORMULA 1 AZERBAIJAN,1126,practice_2,https://www.formula1.com/en/results.html/2022/races/1126/azerbaijan/practice-2.html,13,18,STR,Lance Stroll,Aston Martin Aramco Mercedes,26,1:44.874,+1.650s
2022,FORMULA 1 AZERBAIJAN,1126,practice_2,https://www.formula1.com/en/results.html/2022/races/1126/azerbaijan/practice-2.html,14,3,RIC,Daniel Ricciardo,McLaren Mercedes,25,1:45.059,+1.835s
2022,FORMULA 1 AZERBAIJAN,1126,practice_2,https://www.formula1.com/en/results.html/2022/races/1126/azerbaijan/practice-2.html,15,77,BOT,Valtteri Bottas,Alfa Romeo Ferrari,25,1:45.115,+1.891s
2022,FORMULA 1 AZERBAIJAN,1126,practice_2,https://www.formula1.com/en/results.html/2022/races/1126/azerbaijan/practice-2.html,16,24,ZHO,Zhou Guanyu,Alfa Romeo Ferrari,24,1:45.264,+2.040s
2022,FORMULA 1 AZERBAIJAN,1126,practice_2,https://www.formula1.com/en/results.html/2022/races/1126/azerbaijan/practice-2.html,17,20,MAG,Kevin Magnussen,Haas Ferrari,26,1:45.588,+2.364s
2022,FORMULA 1 AZERBAIJAN,1126,practice_2,https://www.formula1.com/en/results.html/2022/races/1126/azerbaijan/practice-2.html,18,23,ALB,Alexander Albon,Williams Mercedes,13,1:46.397,+3.173s
2022,FORMULA 1 AZERBAIJAN,1126,practice_2,https://www.formula1.com/en/results.html/2022/races/1126/azerbaijan/practice-2.html,19,47,MSC,Mick Schumacher,Haas Ferrari,21,1:46.425,+3.201s
2022,FORMULA 1 AZERBAIJAN,1126,practice_2,https://www.formula1.com/en/results.html/2022/races/1126/azerbaijan/practice-2.html,20,6,LAT,Nicholas Latifi,Williams Mercedes,26,1:47.218,+3.994s
2022,FORMULA 1 SINGAPORE AIRLINES SINGAPORE,1133,practice_2,https://www.formula1.com/en/results.html/2022/races/1133/singapore/practice-2.html,1,55,SAI,Carlos Sainz,Ferrari,23,1:42.587,
2022,FORMULA 1 SINGAPORE AIRLINES SINGAPORE,1133,practice_2,https://www.formula1.com/en/results.html/2022/races/1133/singapore/practice-2.html,2,16,LEC,Charles Leclerc,Ferrari,14,1:42.795,+0.208s
2022,FORMULA 1 SINGAPORE AIRLINES SINGAPORE,1133,practice_2,https://www.formula1.com/en/results.html/2022/races/1133/singapore/practice-2.html,3,63,RUS,George Russell,Mercedes,26,1:42.911,+0.324s
2022,FORMULA 1 SINGAPORE AIRLINES SINGAPORE,1133,practice_2,https://www.formula1.com/en/results.html/2022/races/1133/singapore/practice-2.html,4,1,VER,Max Verstappen,Red Bull Racing RBPT,8,1:42.926,+0.339s
2022,FORMULA 1 SINGAPORE AIRLINES SINGAPORE,1133,practice_2,https://www.formula1.com/en/results.html/2022/races/1133/singapore/practice-2.html,5,44,HAM,Lewis Hamilton,Mercedes,22,1:43.182,+0.595s
2022,FORMULA 1 SINGAPORE AIRLINES SINGAPORE,1133,practice_2,https://www.formula1.com/en/results.html/2022/races/1133/singapore/practice-2.html,6,31,OCO,Esteban Ocon,Alpine Renault,23,1:43.412,+0.825s
2022,FORMULA 1 SINGAPORE AIRLINES SINGAPORE,1133,practice_2,https://www.formula1.com/en/results.html/2022/races/1133/singapore/practice-2.html,7,77,BOT,Valtteri Bottas,Alfa Romeo Ferrari,26,1:43.431,+0.844s
2022,FORMULA 1 SINGAPORE AIRLINES SINGAPORE,1133,practice_2,https://www.formula1.com/en/results.html/2022/races/1133/singapore/practice-2.html,8,14,ALO,Fernando Alonso,Alpine Renault,23,1:43.520,+0.933s
2022,FORMULA 1 SINGAPORE AIRLINES SINGAPORE,1133,practice_2,https://www.formula1.com/en/results.html/2022/races/1133/singapore/practice-2.html,9,11,PER,Sergio Perez,Red Bull Racing RBPT,13,1:43.906,+1.319s
2022,FORMULA 1 SINGAPORE AIRLINES SINGAPORE,1133,practice_2,https://www.formula1.com/en/results.html/2022/races/1133/singapore/practice-2.html,10,18,STR,Lance Stroll,Aston Martin Aramco Mercedes,21,1:43.982,+1.395s
2022,FORMULA 1 SINGAPORE AIRLINES SINGAPORE,1133,practice_2,https://www.formula1.com/en/results.html/2022/races/1133/singapore/practice-2.html,11,4,NOR,Lando Norris,McLaren Mercedes,16,1:44.013,+1.426s
2022,FORMULA 1 SINGAPORE AIRLINES SINGAPORE,1133,practice_2,https://www.formula1.com/en/results.html/2022/races/1133/singapore/practice-2.html,12,5,VET,Sebastian Vettel,Aston Martin Aramco Mercedes,24,1:44.249,+1.662s
2022,FORMULA 1 SINGAPORE AIRLINES SINGAPORE,1133,practice_2,https://www.formula1.com/en/results.html/2022/races/1133/singapore/practice-2.html,13,20,MAG,Kevin Magnussen,Haas Ferrari,22,1:44.422,+1.835s
2022,FORMULA 1 SINGAPORE AIRLINES SINGAPORE,1133,practice_2,https://www.formula1.com/en/results.html/2022/races/1133/singapore/practice-2.html,14,10,GAS,Pierre Gasly,AlphaTauri RBPT,22,1:44.469,+1.882s
2022,FORMULA 1 SINGAPORE AIRLINES SINGAPORE,1133,practice_2,https://www.formula1.com/en/results.html/2022/races/1133/singapore/practice-2.html,15,24,ZHO,Zhou Guanyu,Alfa Romeo Ferrari,25,1:44.524,+1.937s
2022,FORMULA 1 SINGAPORE AIRLINES SINGAPORE,1133,practice_2,https://www.formula1.com/en/results.html/2022/races/1133/singapore/practice-2.html,16,23,ALB,Alexander Albon,Williams Mercedes,25,1:45.144,+2.557s
2022,FORMULA 1 SINGAPORE AIRLINES SINGAPORE,1133,practice_2,https://www.formula1.com/en/results.html/2022/races/1133/singapore/practice-2.html,17,22,TSU,Yuki Tsunoda,AlphaTauri RBPT,11,1:45.211,+2.624s
2022,FORMULA 1 SINGAPORE AIRLINES SINGAPORE,1133,practice_2,https://www.formula1.com/en/results.html/2022/races/1133/singapore/practice-2.html,18,3,RIC,Daniel Ricciardo,McLaren Mercedes,18,1:45.447,+2.860s
2022,FORMULA 1 SINGAPORE AIRLINES SINGAPORE,1133,practice_2,https://www.formula1.com/en/results.html/2022/races/1133/singapore/practice-2.html,19,47,MSC,Mick Schumacher,Haas Ferrari,23,1:45.623,+3.036s
2022,FORMULA 1 SINGAPORE AIRLINES SINGAPORE,1133,practice_2,https://www.formula1.com/en/results.html/2022/races/1133/singapore/practice-2.html,20,6,LAT,Nicholas Latifi,Williams Mercedes,25,1:46.553,+3.966s
2022,FORMULA 1 HONDA JAPANESE,1134,practice_2,https://www.formula1.com/en/results.html/2022/races/1134/japan/practice-2.html,1,63,RUS,George Russell,Mercedes,23,1:41.935,
2022,FORMULA 1 HONDA JAPANESE,1134,practice_2,https://www.formula1.com/en/results.html/2022/races/1134/japan/practice-2.html,2,44,HAM,Lewis Hamilton,Mercedes,22,1:42.170,+0.235s
2022,FORMULA 1 HONDA JAPANESE,1134,practice_2,https://www.formula1.com/en/results.html/2022/races/1134/japan/practice-2.html,3,1,VER,Max Verstappen,Red Bull Racing RBPT,24,1:42.786,+0.851s
2022,FORMULA 1 HONDA JAPANESE,1134,practice_2,https://www.formula1.com/en/results.html/2022/races/1134/japan/practice-2.html,4,11,PER,Sergio Perez,Red Bull Racing RBPT,26,1:42.834,+0.899s
2022,FORMULA 1 HONDA JAPANESE,1134,practice_2,https://www.formula1.com/en/results.html/2022/races/1134/japan/practice-2.html,5,20,MAG,Kevin Magnussen,Haas Ferrari,17,1:43.187,+1.252s
2022,FORMULA 1 HONDA JAPANESE,1134,practice_2,https://www.formula1.com/en/results.html/2022/races/1134/japan/practice-2.html,6,55,SAI,Carlos Sainz,Ferrari,23,1:43.204,+1.269s
2022,FORMULA 1 HONDA JAPANESE,1134,practice_2,https://www.formula1.com/en/results.html/2022/races/1134/japan/practice-2.html,7,14,ALO,Fernando Alonso,Alpine Renault,14,1:43.533,+1.598s
2022,FORMULA 1 HONDA JAPANESE,1134,practice_2,https://www.formula1.com/en/results.html/2022/races/1134/japan/practice-2.html,8,77,BOT,Valtteri Bottas,Alfa Romeo Ferrari,20,1:43.733,+1.798s
2022,FORMULA 1 HONDA JAPANESE,1134,practice_2,https://www.formula1.com/en/results.html/2022/races/1134/japan/practice-2.html,9,31,OCO,Esteban Ocon,Alpine Renault,13,1:43.884,+1.949s
2022,FORMULA 1 HONDA JAPANESE,1134,practice_2,https://www.formula1.com/en/results.html/2022/races/1134/japan/practice-2.html,10,24,ZHO,Zhou Guanyu,Alfa Romeo Ferrari,17,1:44.525,+2.590s
2022,FORMULA 1 HONDA JAPANESE,1134,practice_2,https://www.formula1.com/en/results.html/2022/races/1134/japan/practice-2.html,11,16,LEC,Charles Leclerc,Ferrari,10,1:44.709,+2.774s
2022,FORMULA 1 HONDA JAPANESE,1134,practice_2,https://www.formula1.com/en/results.html/2022/races/1134/japan/practice-2.html,12,6,LAT,Nicholas Latifi,Williams Mercedes,16,1:44.962,+3.027s
2022,FORMULA 1 HONDA JAPANESE,1134,practice_2,https://www.formula1.com/en/results.html/2022/races/1134/japan/practice-2.html,13,23,ALB,Alexander Albon,Williams Mercedes,15,1:45.039,+3.104s
2022,FORMULA 1 HONDA JAPANESE,1134,practice_2,https://www.formula1.com/en/results.html/2022/races/1134/japan/practice-2.html,14,22,TSU,Yuki Tsunoda,AlphaTauri RBPT,27,1:45.257,+3.322s
2022,FORMULA 1 HONDA JAPANESE,1134,practice_2,https://www.formula1.com/en/results.html/2022/races/1134/japan/practice-2.html,15,5,VET,Sebastian Vettel,Aston Martin Aramco Mercedes,24,1:45.261,+3.326s
2022,FORMULA 1 HONDA JAPANESE,1134,practice_2,https://www.formula1.com/en/results.html/2022/races/1134/japan/practice-2.html,16,4,NOR,Lando Norris,McLaren Mercedes,11,1:45.885,+3.950s
2022,FORMULA 1 HONDA JAPANESE,1134,practice_2,https://www.formula1.com/en/results.html/2022/races/1134/japan/practice-2.html,17,3,RIC,Daniel Ricciardo,McLaren Mercedes,9,1:46.030,+4.095s
2022,FORMULA 1 HONDA JAPANESE,1134,practice_2,https://www.formula1.com/en/results.html/2022/races/1134/japan/practice-2.html,18,18,STR,Lance Stroll,Aston Martin Aramco Mercedes,21,1:46.776,+4.841s
2022,FORMULA 1 HONDA JAPANESE,1134,practice_2,https://www.formula1.com/en/results.html/2022/races/1134/japan/practice-2.html,19,10,GAS,Pierre Gasly,AlphaTauri RBPT,13,1:47.109,+5.174s
2022,FORMULA 1 ARAMCO UNITED STATES,1135,practice_2,https://www.formula1.com/en/results.html/2022/races/1135/united-states/practice-2.html,1,16,LEC,Charles Leclerc,Ferrari,37,1:36.810,
2022,FORMULA 1 ARAMCO UNITED STATES,1135,practice_2,https://www.formula1.com/en/results.html/2022/races/1135/united-states/practice-2.html,2,77,BOT,Valtteri Bottas,Alfa Romeo Ferrari,37,1:37.525,+0.715s
2022,FORMULA 1 ARAMCO UNITED STATES,1135,practice_2,https://www.formula1.com/en/results.html/2022/races/1135/united-states/practice-2.html,3,3,RIC,Daniel Ricciardo,McLaren Mercedes,40,1:37.627,+0.817s
2022,FORMULA 1 ARAMCO UNITED STATES,1135,practice_2,https://www.formula1.com/en/results.html/2022/races/1135/united-states/practice-2.html,4,55,SAI,Carlos Sainz,Ferrari,26,1:38.232,+1.422s
2022,FORMULA 1 ARAMCO UNITED STATES,1135,practice_2,https://www.formula1.com/en/results.html/2022/races/1135/united-states/practice-2.html,5,47,MSC,Mick Schumacher,Haas Ferrari,26,1:39.507,+2.697s
2022,FORMULA 1 ARAMCO UNITED STATES,1135,practice_2,https://www.formula1.com/en/results.html/2022/races/1135/united-states/practice-2.html,6,4,NOR,Lando Norris,McLaren Mercedes,26,1:39.547,+2.737s
2022,FORMULA 1 ARAMCO UNITED STATES,1135,practice_2,https://www.formula1.com/en/results.html/2022/races/1135/united-states/practice-2.html,7,1,VER,Max Verstappen,Red Bull Racing RBPT,26,1:39.575,+2.765s
2022,FORMULA 1 ARAMCO UNITED STATES,1135,practice_2,https://www.formula1.com/en/results.html/2022/races/1135/united-states/practice-2.html,8,44,HAM,Lewis Hamilton,Mercedes,26,1:39.698,+2.888s
2022,FORMULA 1 ARAMCO UNITED STATES,1135,practice_2,https://www.formula1.com/en/results.html/2022/races/1135/united-states/practice-2.html,9,10,GAS,Pierre Gasly,AlphaTauri RBPT,26,1:39.840,+3.030s
2022,FORMULA 1 ARAMCO UNITED STATES,1135,practice_2,https://www.formula1.com/en/results.html/2022/races/1135/united-states/practice-2.html,10,11,PER,Sergio Perez,Red Bull Racing RBPT,26,1:39.852,+3.042s
2022,FORMULA 1 ARAMCO UNITED STATES,1135,practice_2,https://www.formula1.com/en/results.html/2022/races/1135/united-states/practice-2.html,11,20,MAG,Kevin Magnussen,Haas Ferrari,24,1:40.084,+3.274s
2022,FORMULA 1 ARAMCO UNITED STATES,1135,practice_2,https://www.formula1.com/en/results.html/2022/races/1135/united-states/practice-2.html,12,22,TSU,Yuki Tsunoda,AlphaTauri RBPT,26,1:40.178,+3.368s
2022,FORMULA 1 ARAMCO UNITED STATES,1135,practice_2,https://www.formula1.com/en/results.html/2022/races/1135/united-states/practice-2.html,13,63,RUS,George Russell,Mercedes,26,1:40.562,+3.752s
2022,FORMULA 1 ARAMCO UNITED STATES,1135,practice_2,https://www.formula1.com/en/results.html/2022/races/1135/united-states/practice-2.html,14,24,ZHO,Zhou Guanyu,Alfa Romeo Ferrari,26,1:40.664,+3.854s
2022,FORMULA 1 ARAMCO UNITED STATES,1135,practice_2,https://www.formula1.com/en/results.html/2022/races/1135/united-states/practice-2.html,15,18,STR,Lance Stroll,Aston Martin Aramco Mercedes,26,1:40.806,+3.996s
2022,FORMULA 1 ARAMCO UNITED STATES,1135,practice_2,https://www.formula1.com/en/results.html/2022/races/1135/united-states/practice-2.html,16,31,OCO,Esteban Ocon,Alpine Renault,26,1:41.310,+4.500s
2022,FORMULA 1 ARAMCO UNITED STATES,1135,practice_2,https://www.formula1.com/en/results.html/2022/races/1135/united-states/practice-2.html,17,14,ALO,Fernando Alonso,Alpine Renault,26,1:41.334,+4.524s
2022,FORMULA 1 ARAMCO UNITED STATES,1135,practice_2,https://www.formula1.com/en/results.html/2022/races/1135/united-states/practice-2.html,18,23,ALB,Alexander Albon,Williams Mercedes,26,1:41.853,+5.043s
2022,FORMULA 1 ARAMCO UNITED STATES,1135,practice_2,https://www.formula1.com/en/results.html/2022/races/1135/united-states/practice-2.html,19,5,VET,Sebastian Vettel,Aston Martin Aramco Mercedes,26,1:41.857,+5.047s
2022,FORMULA 1 ARAMCO UNITED STATES,1135,practice_2,https://www.formula1.com/en/results.html/2022/races/1135/united-states/practice-2.html,20,6,LAT,Nicholas Latifi,Williams Mercedes,26,1:42.317,+5.507s
2022,FORMULA 1 HEINEKEN GRAN PREMIO DE LA CIUDAD DE MÉXICO,1136,practice_2,https://www.formula1.com/en/results.html/2022/races/1136/mexico/practice-2.html,1,63,RUS,George Russell,Mercedes,32,1:19.970,
2022,FORMULA 1 HEINEKEN GRAN PREMIO DE LA CIUDAD DE MÉXICO,1136,practice_2,https://www.formula1.com/en/results.html/2022/races/1136/mexico/practice-2.html,2,22,TSU,Yuki Tsunoda,AlphaTauri RBPT,30,1:20.798,+0.828s
2022,FORMULA 1 HEINEKEN GRAN PREMIO DE LA CIUDAD DE MÉXICO,1136,practice_2,https://www.formula1.com/en/results.html/2022/races/1136/mexico/practice-2.html,3,31,OCO,Esteban Ocon,Alpine Renault,31,1:21.177,+1.207s
2022,FORMULA 1 HEINEKEN GRAN PREMIO DE LA CIUDAD DE MÉXICO,1136,practice_2,https://www.formula1.com/en/results.html/2022/races/1136/mexico/practice-2.html,4,44,HAM,Lewis Hamilton,Mercedes,32,1:21.509,+1.539s
2022,FORMULA 1 HEINEKEN GRAN PREMIO DE LA CIUDAD DE MÉXICO,1136,practice_2,https://www.formula1.com/en/results.html/2022/races/1136/mexico/practice-2.html,5,11,PER,Sergio Perez,Red Bull Racing RBPT,34,1:21.579,+1.609s
2022,FORMULA 1 HEINEKEN GRAN PREMIO DE LA CIUDAD DE MÉXICO,1136,practice_2,https://www.formula1.com/en/results.html/2022/races/1136/mexico/practice-2.html,6,1,VER,Max Verstappen,Red Bull Racing RBPT,34,1:21.588,+1.618s
2022,FORMULA 1 HEINEKEN GRAN PREMIO DE LA CIUDAD DE MÉXICO,1136,practice_2,https://www.formula1.com/en/results.html/2022/races/1136/mexico/practice-2.html,7,16,LEC,Charles Leclerc,Ferrari,13,1:21.618,+1.648s
2022,FORMULA 1 HEINEKEN GRAN PREMIO DE LA CIUDAD DE MÉXICO,1136,practice_2,https://www.formula1.com/en/results.html/2022/races/1136/mexico/practice-2.html,8,55,SAI,Carlos Sainz,Ferrari,34,1:21.693,+1.723s
2022,FORMULA 1 HEINEKEN GRAN PREMIO DE LA CIUDAD DE MÉXICO,1136,practice_2,https://www.formula1.com/en/results.html/2022/races/1136/mexico/practice-2.html,9,77,BOT,Valtteri Bottas,Alfa Romeo Ferrari,36,1:21.993,+2.023s
2022,FORMULA 1 HEINEKEN GRAN PREMIO DE LA CIUDAD DE MÉXICO,1136,practice_2,https://www.formula1.com/en/results.html/2022/races/1136/mexico/practice-2.html,10,10,GAS,Pierre Gasly,AlphaTauri RBPT,36,1:22.104,+2.134s
2022,FORMULA 1 HEINEKEN GRAN PREMIO DE LA CIUDAD DE MÉXICO,1136,practice_2,https://www.formula1.com/en/results.html/2022/races/1136/mexico/practice-2.html,11,14,ALO,Fernando Alonso,Alpine Renault,31,1:22.337,+2.367s
2022,FORMULA 1 HEINEKEN GRAN PREMIO DE LA CIUDAD DE MÉXICO,1136,practice_2,https://www.formula1.com/en/results.html/2022/races/1136/mexico/practice-2.html,12,5,VET,Sebastian Vettel,Aston Martin Aramco Mercedes,32,1:22.371,+2.401s
2022,FORMULA 1 HEINEKEN GRAN PREMIO DE LA CIUDAD DE MÉXICO,1136,practice_2,https://www.formula1.com/en/results.html/2022/races/1136/mexico/practice-2.html,13,23,ALB,Alexander Albon,Williams Mercedes,24,1:22.447,+2.477s
2022,FORMULA 1 HEINEKEN GRAN PREMIO DE LA CIUDAD DE MÉXICO,1136,practice_2,https://www.formula1.com/en/results.html/2022/races/1136/mexico/practice-2.html,14,4,NOR,Lando Norris,McLaren Mercedes,31,1:22.738,+2.768s
2022,FORMULA 1 HEINEKEN GRAN PREMIO DE LA CIUDAD DE MÉXICO,1136,practice_2,https://www.formula1.com/en/results.html/2022/races/1136/mexico/practice-2.html,15,3,RIC,Daniel Ricciardo,McLaren Mercedes,27,1:22.763,+2.793s
2022,FORMULA 1 HEINEKEN GRAN PREMIO DE LA CIUDAD DE MÉXICO,1136,practice_2,https://www.formula1.com/en/results.html/2022/races/1136/mexico/practice-2.html,16,18,STR,Lance Stroll,Aston Martin Aramco Mercedes,23,1:22.840,+2.870s
2022,FORMULA 1 HEINEKEN GRAN PREMIO DE LA CIUDAD DE MÉXICO,1136,practice_2,https://www.formula1.com/en/results.html/2022/races/1136/mexico/practice-2.html,17,47,MSC,Mick Schumacher,Haas Ferrari,31,1:22.879,+2.909s
2022,FORMULA 1 HEINEKEN GRAN PREMIO DE LA CIUDAD DE MÉXICO,1136,practice_2,https://www.formula1.com/en/results.html/2022/races/1136/mexico/practice-2.html,18,20,MAG,Kevin Magnussen,Haas Ferrari,21,1:23.316,+3.346s
2022,FORMULA 1 HEINEKEN GRAN PREMIO DE LA CIUDAD DE MÉXICO,1136,practice_2,https://www.formula1.com/en/results.html/2022/races/1136/mexico/practice-2.html,19,6,LAT,Nicholas Latifi,Williams Mercedes,34,1:23.320,+3.350s
2022,FORMULA 1 HEINEKEN GRAN PREMIO DE LA CIUDAD DE MÉXICO,1136,practice_2,https://www.formula1.com/en/results.html/2022/races/1136/mexico/practice-2.html,20,24,ZHO,Zhou Guanyu,Alfa Romeo Ferrari,34,1:23.369,+3.399s
2022,FORMULA 1 HEINEKEN GRANDE PRÊMIO DE SÃO PAULO,1137,practice_2,https://www.formula1.com/en/results.html/2022/races/1137/brazil/practice-2.html,1,31,OCO,Esteban Ocon,Alpine Renault,28,1:14.604,
2022,FORMULA 1 HEINEKEN GRANDE PRÊMIO DE SÃO PAULO,1137,practice_2,https://www.formula1.com/en/results.html/2022/races/1137/brazil/practice-2.html,2,11,PER,Sergio Perez,Red Bull Racing RBPT,36,1:14.788,+0.184s
2022,FORMULA 1 HEINEKEN GRANDE PRÊMIO DE SÃO PAULO,1137,practice_2,https://www.formula1.com/en/results.html/2022/races/1137/brazil/practice-2.html,3,63,RUS,George Russell,Mercedes,31,1:14.916,+0.312s
2022,FORMULA 1 HEINEKEN GRANDE PRÊMIO DE SÃO PAULO,1137,practice_2,https://www.formula1.com/en/results.html/2022/races/1137/brazil/practice-2.html,4,14,ALO,Fernando Alonso,Alpine Renault,29,1:15.049,+0.445s
2022,FORMULA 1 HEINEKEN GRANDE PRÊMIO DE SÃO PAULO,1137,practice_2,https://www.formula1.com/en/results.html/2022/races/1137/brazil/practice-2.html,5,1,VER,Max Verstappen,Red Bull Racing RBPT,30,1:15.098,+0.494s
2022,FORMULA 1 HEINEKEN GRANDE PRÊMIO DE SÃO PAULO,1137,practice_2,https://www.formula1.com/en/results.html/2022/races/1137/brazil/practice-2.html,6,44,HAM,Lewis Hamilton,Mercedes,33,1:15.137,+0.533s
2022,FORMULA 1 HEINEKEN GRANDE PRÊMIO DE SÃO PAULO,1137,practice_2,https://www.formula1.com/en/results.html/2022/races/1137/brazil/practice-2.html,7,10,GAS,Pierre Gasly,AlphaTauri RBPT,32,1:15.636,+1.032s
2022,FORMULA 1 HEINEKEN GRANDE PRÊMIO DE SÃO PAULO,1137,practice_2,https://www.formula1.com/en/results.html/2022/races/1137/brazil/practice-2.html,8,47,MSC,Mick Schumacher,Haas Ferrari,40,1:15.684,+1.080s
2022,FORMULA 1 HEINEKEN GRANDE PRÊMIO DE SÃO PAULO,1137,practice_2,https://www.formula1.com/en/results.html/2022/races/1137/brazil/practice-2.html,9,20,MAG,Kevin Magnussen,Haas Ferrari,38,1:15.815,+1.211s
2022,FORMULA 1 HEINEKEN GRANDE PRÊMIO DE SÃO PAULO,1137,practice_2,https://www.formula1.com/en/results.html/2022/races/1137/brazil/practice-2.html,10,4,NOR,Lando Norris,McLaren Mercedes,25,1:15.851,+1.247s
2022,FORMULA 1 HEINEKEN GRANDE PRÊMIO DE SÃO PAULO,1137,practice_2,https://www.formula1.com/en/results.html/2022/races/1137/brazil/practice-2.html,11,55,SAI,Carlos Sainz,Ferrari,38,1:15.856,+1.252s
2022,FORMULA 1 HEINEKEN GRANDE PRÊMIO DE SÃO PAULO,1137,practice_2,https://www.formula1.com/en/results.html/2022/races/1137/brazil/practice-2.html,12,22,TSU,Yuki Tsunoda,AlphaTauri RBPT,32,1:15.865,+1.261s
2022,FORMULA 1 HEINEKEN GRANDE PRÊMIO DE SÃO PAULO,1137,practice_2,https://www.formula1.com/en/results.html/2022/races/1137/brazil/practice-2.html,13,16,LEC,Charles Leclerc,Ferrari,37,1:15.868,+1.264s
2022,FORMULA 1 HEINEKEN GRANDE PRÊMIO DE SÃO PAULO,1137,practice_2,https://www.formula1.com/en/results.html/2022/races/1137/brazil/practice-2.html,14,3,RIC,Daniel Ricciardo,McLaren Mercedes,28,1:15.994,+1.390s
2022,FORMULA 1 HEINEKEN GRANDE PRÊMIO DE SÃO PAULO,1137,practice_2,https://www.formula1.com/en/results.html/2022/races/1137/brazil/practice-2.html,15,77,BOT,Valtteri Bottas,Alfa Romeo Ferrari,34,1:16.047,+1.443s
2022,FORMULA 1 HEINEKEN GRANDE PRÊMIO DE SÃO PAULO,1137,practice_2,https://www.formula1.com/en/results.html/2022/races/1137/brazil/practice-2.html,16,6,LAT,Nicholas Latifi,Williams Mercedes,34,1:16.181,+1.577s
2022,FORMULA 1 HEINEKEN GRANDE PRÊMIO DE SÃO PAULO,1137,practice_2,https://www.formula1.com/en/results.html/2022/races/1137/brazil/practice-2.html,17,18,STR,Lance Stroll,Aston Martin Aramco Mercedes,43,1:16.263,+1.659s
2022,FORMULA 1 HEINEKEN GRANDE PRÊMIO DE SÃO PAULO,1137,practice_2,https://www.formula1.com/en/results.html/2022/races/1137/brazil/practice-2.html,18,5,VET,Sebastian Vettel,Aston Martin Aramco Mercedes,44,1:16.400,+1.796s
2022,FORMULA 1 HEINEKEN GRANDE PRÊMIO DE SÃO PAULO,1137,practice_2,https://www.formula1.com/en/results.html/2022/races/1137/brazil/practice-2.html,19,24,ZHO,Zhou Guanyu,Alfa Romeo Ferrari,37,1:16.468,+1.864s
2022,FORMULA 1 HEINEKEN GRANDE PRÊMIO DE SÃO PAULO,1137,practice_2,https://www.formula1.com/en/results.html/2022/races/1137/brazil/practice-2.html,20,45,SAR,Logan Sargeant,Williams Mercedes,28,1:16.480,+1.876s
2022,FORMULA 1 ETIHAD AIRWAYS ABU DHABI,1138,practice_2,https://www.formula1.com/en/results.html/2022/races/1138/abu-dhabi/practice-2.html,1,1,VER,Max Verstappen,Red Bull Racing RBPT,25,1:25.146,
2022,FORMULA 1 ETIHAD AIRWAYS ABU DHABI,1138,practice_2,https://www.formula1.com/en/results.html/2022/races/1138/abu-dhabi/practice-2.html,2,63,RUS,George Russell,Mercedes,27,1:25.487,+0.341s
2022,FORMULA 1 ETIHAD AIRWAYS ABU DHABI,1138,practice_2,https://www.formula1.com/en/results.html/2022/races/1138/abu-dhabi/practice-2.html,3,16,LEC,Charles Leclerc,Ferrari,30,1:25.599,+0.453s
2022,FORMULA 1 ETIHAD AIRWAYS ABU DHABI,1138,practice_2,https://www.formula1.com/en/results.html/2022/races/1138/abu-dhabi/practice-2.html,4,44,HAM,Lewis Hamilton,Mercedes,22,1:25.761,+0.615s
2022,FORMULA 1 ETIHAD AIRWAYS ABU DHABI,1138,practice_2,https://www.formula1.com/en/results.html/2022/races/1138/abu-dhabi/practice-2.html,5,11,PER,Sergio Perez,Red Bull Racing RBPT,26,1:25.852,+0.706s
2022,FORMULA 1 ETIHAD AIRWAYS ABU DHABI,1138,practice_2,https://www.formula1.com/en/results.html/2022/races/1138/abu-dhabi/practice-2.html,6,55,SAI,Carlos Sainz,Ferrari,31,1:25.932,+0.786s
2022,FORMULA 1 ETIHAD AIRWAYS ABU DHABI,1138,practice_2,https://www.formula1.com/en/results.html/2022/races/1138/abu-dhabi/practice-2.html,7,31,OCO,Esteban Ocon,Alpine Renault,28,1:26.038,+0.892s
2022,FORMULA 1 ETIHAD AIRWAYS ABU DHABI,1138,practice_2,https://www.formula1.com/en/results.html/2022/races/1138/abu-dhabi/practice-2.html,8,14,ALO,Fernando Alonso,Alpine Renault,29,1:26.043,+0.897s
2022,FORMULA 1 ETIHAD AIRWAYS ABU DHABI,1138,practice_2,https://www.formula1.com/en/results.html/2022/races/1138/abu-dhabi/practice-2.html,9,3,RIC,Daniel Ricciardo,McLaren Mercedes,14,1:26.124,+0.978s
2022,FORMULA 1 ETIHAD AIRWAYS ABU DHABI,1138,practice_2,https://www.formula1.com/en/results.html/2022/races/1138/abu-dhabi/practice-2.html,10,77,BOT,Valtteri Bottas,Alfa Romeo Ferrari,29,1:26.300,+1.154s
2022,FORMULA 1 ETIHAD AIRWAYS ABU DHABI,1138,practice_2,https://www.formula1.com/en/results.html/2022/races/1138/abu-dhabi/practice-2.html,11,4,NOR,Lando Norris,McLaren Mercedes,28,1:26.377,+1.231s
2022,FORMULA 1 ETIHAD AIRWAYS ABU DHABI,1138,practice_2,https://www.formula1.com/en/results.html/2022/races/1138/abu-dhabi/practice-2.html,12,5,VET,Sebastian Vettel,Aston Martin Aramco Mercedes,28,1:26.395,+1.249s
2022,FORMULA 1 ETIHAD AIRWAYS ABU DHABI,1138,practice_2,https://www.formula1.com/en/results.html/2022/races/1138/abu-dhabi/practice-2.html,13,24,ZHO,Zhou Guanyu,Alfa Romeo Ferrari,30,1:26.479,+1.333s
2022,FORMULA 1 ETIHAD AIRWAYS ABU DHABI,1138,practice_2,https://www.formula1.com/en/results.html/2022/races/1138/abu-dhabi/practice-2.html,14,18,STR,Lance Stroll,Aston Martin Aramco Mercedes,27,1:26.547,+1.401s
2022,FORMULA 1 ETIHAD AIRWAYS ABU DHABI,1138,practice_2,https://www.formula1.com/en/results.html/2022/races/1138/abu-dhabi/practice-2.html,15,22,TSU,Yuki Tsunoda,AlphaTauri RBPT,30,1:26.680,+1.534s
2022,FORMULA 1 ETIHAD AIRWAYS ABU DHABI,1138,practice_2,https://www.formula1.com/en/results.html/2022/races/1138/abu-dhabi/practice-2.html,16,23,ALB,Alexander Albon,Williams Mercedes,29,1:26.750,+1.604s
2022,FORMULA 1 ETIHAD AIRWAYS ABU DHABI,1138,practice_2,https://www.formula1.com/en/results.html/2022/races/1138/abu-dhabi/practice-2.html,17,47,MSC,Mick Schumacher,Haas Ferrari,26,1:26.839,+1.693s
2022,FORMULA 1 ETIHAD AIRWAYS ABU DHABI,1138,practice_2,https://www.formula1.com/en/results.html/2022/races/1138/abu-dhabi/practice-2.html,18,20,MAG,Kevin Magnussen,Haas Ferrari,25,1:26.915,+1.769s
2022,FORMULA 1 ETIHAD AIRWAYS ABU DHABI,1138,practice_2,https://www.formula1.com/en/results.html/2022/races/1138/abu-dhabi/practice-2.html,19,10,GAS,Pierre Gasly,AlphaTauri RBPT,29,1:27.036,+1.890s
2022,FORMULA 1 ETIHAD AIRWAYS ABU DHABI,1138,practice_2,https://www.formula1.com/en/results.html/2022/races/1138/abu-dhabi/practice-2.html,20,6,LAT,Nicholas Latifi,Williams Mercedes,30,1:27.262,+2.116s
