year,race_name,race_id,result_type,url,position,driver_number,driver_code,driver_name,team,laps,lap_time,gap
2024,FORMULA 1 GULF AIR BAHRAIN,1229,practice_3,https://www.formula1.com/en/results.html/2024/races/1229/bahrain/practice-3.html,1,55,SAI,Carlos Sainz,Ferrari,18,1:30.824,
2024,FORMULA 1 GULF AIR BAHRAIN,1229,practice_3,https://www.formula1.com/en/results.html/2024/races/1229/bahrain/practice-3.html,2,14,ALO,Fernando Alonso,Aston Martin Aramco Mercedes,18,1:30.965,+0.141s
2024,FORMULA 1 GULF AIR BAHRAIN,1229,practice_3,https://www.formula1.com/en/results.html/2024/races/1229/bahrain/practice-3.html,3,1,VER,Max Verstappen,Red Bull Racing Honda RBPT,16,1:31.062,+0.238s
2024,FORMULA 1 GULF AIR BAHRAIN,1229,practice_3,https://www.formula1.com/en/results.html/2024/races/1229/bahrain/practice-3.html,4,16,LEC,Charles Leclerc,Ferrari,17,1:31.094,+0.270s
2024,FORMULA 1 GULF AIR BAHRAIN,1229,practice_3,https://www.formula1.com/en/results.html/2024/races/1229/bahrain/practice-3.html,5,4,NOR,Lando Norris,McLaren Mercedes,12,1:31.118,+0.294s
2024,FORMULA 1 GULF AIR BAHRAIN,1229,practice_3,https://www.formula1.com/en/results.html/2024/races/1229/bahrain/practice-3.html,6,63,RUS,George Russell,Mercedes,12,1:31.190,+0.366s
2024,FORMULA 1 GULF AIR BAHRAIN,1229,practice_3,https://www.formula1.com/en/results.html/2024/races/1229/bahrain/practice-3.html,7,81,PIA,Oscar Piastri,McLaren Mercedes,13,1:31.210,+0.386s
2024,FORMULA 1 GULF AIR BAHRAIN,1229,practice_3,https://www.formula1.com/en/results.html/2024/races/1229/bahrain/practice-3.html,8,11,PER,Sergio Perez,Red Bull Racing Honda RBPT,17,1:31.248,+0.424s
2024,FORMULA 1 GULF AIR BAHRAIN,1229,practice_3,https://www.formula1.com/en/results.html/2024/races/1229/bahrain/practice-3.html,9,27,HUL,Nico Hulkenberg,Haas Ferrari,13,1:31.278,+0.454s
2024,FORMULA 1 GULF AIR BAHRAIN,1229,practice_3,https://www.formula1.com/en/results.html/2024/races/1229/bahrain/practice-3.html,10,18,STR,Lance Stroll,Aston Martin Aramco Mercedes,17,1:31.396,+0.572s
2024,FORMULA 1 GULF AIR BAHRAIN,1229,practice_3,https://www.formula1.com/en/results.html/2024/races/1229/bahrain/practice-3.html,11,3,RIC,Daniel Ricciardo,RB Honda RBPT,13,1:31.449,+0.625s
2024,FORMULA 1 GULF AIR BAHRAIN,1229,practice_3,https://www.formula1.com/en/results.html/2024/races/1229/bahrain/practice-3.html,12,44,HAM,Lewis Hamilton,Mercedes,20,1:31.452,+0.628s
2024,FORMULA 1 GULF AIR BAHRAIN,1229,practice_3,https://www.formula1.com/en/results.html/2024/races/1229/bahrain/practice-3.html,13,22,TSU,Yuki Tsunoda,RB Honda RBPT,14,1:31.631,+0.807s
2024,FORMULA 1 GULF AIR BAHRAIN,1229,practice_3,https://www.formula1.com/en/results.html/2024/races/1229/bahrain/practice-3.html,14,20,MAG,Kevin Magnussen,Haas Ferrari,20,1:31.671,+0.847s
2024,FORMULA 1 GULF AIR BAHRAIN,1229,practice_3,https://www.formula1.com/en/results.html/2024/races/1229/bahrain/practice-3.html,15,23,ALB,Alexander Albon,Williams Mercedes,17,1:31.965,+1.141s
2024,FORMULA 1 GULF AIR BAHRAIN,1229,practice_3,https://www.formula1.com/en/results.html/2024/races/1229/bahrain/practice-3.html,16,24,ZHO,Zhou Guanyu,Kick Sauber Ferrari,17,1:32.000,+1.176s
2024,FORMULA 1 GULF AIR BAHRAIN,1229,practice_3,https://www.formula1.com/en/results.html/2024/races/1229/bahrain/practice-3.html,17,77,BOT,Valtteri Bottas,Kick Sauber Ferrari,16,1:32.096,+1.272s
2024,FORMULA 1 GULF AIR BAHRAIN,1229,practice_3,https://www.formula1.com/en/results.html/2024/races/1229/bahrain/practice-3.html,18,31,OCO,Esteban Ocon,Alpine Renault,11,1:32.124,+1.300s
2024,FORMULA 1 GULF AIR BAHRAIN,1229,practice_3,https://www.formula1.com/en/results.html/2024/races/1229/bahrain/practice-3.html,19,2,SAR,Logan Sargeant,Williams Mercedes,16,1:32.125,+1.301s
2024,FORMULA 1 GULF AIR BAHRAIN,1229,practice_3,https://www.formula1.com/en/results.html/2024/races/1229/bahrain/practice-3.html,20,10,GAS,Pierre Gasly,Alpine Renault,14,1:32.382,+1.558s
2024,FORMULA 1 STC SAUDI ARABIAN,1230,practice_3,https://www.formula1.com/en/results.html/2024/races/1230/saudi-arabia/practice-3.html,1,1,VER,Max Verstappen,Red Bull Racing Honda RBPT,13,1:28.412,
2024,FORMULA 1 STC SAUDI ARABIAN,1230,practice_3,https://www.formula1.com/en/results.html/2024/races/1230/saudi-arabia/practice-3.html,2,16,LEC,Charles Leclerc,Ferrari,16,1:28.608,+0.196s
2024,FORMULA 1 STC SAUDI ARABIAN,1230,practice_3,https://www.formula1.com/en/results.html/2024/races/1230/saudi-arabia/practice-3.html,3,11,PER,Sergio Perez,Red Bull Racing Honda RBPT,13,1:28.906,+0.494s
2024,FORMULA 1 STC SAUDI ARABIAN,1230,practice_3,https://www.formula1.com/en/results.html/2024/races/1230/saudi-arabia/practice-3.html,4,63,RUS,George Russell,Mercedes,17,1:28.964,+0.552s
2024,FORMULA 1 STC SAUDI ARABIAN,1230,practice_3,https://www.formula1.com/en/results.html/2024/races/1230/saudi-arabia/practice-3.html,5,4,NOR,Lando Norris,McLaren Mercedes,11,1:28.971,+0.559s
2024,FORMULA 1 STC SAUDI ARABIAN,1230,practice_3,https://www.formula1.com/en/results.html/2024/races/1230/saudi-arabia/practice-3.html,6,14,ALO,Fernando Alonso,Aston Martin Aramco Mercedes,14,1:29.038,+0.626s
2024,FORMULA 1 STC SAUDI ARABIAN,1230,practice_3,https://www.formula1.com/en/results.html/2024/races/1230/saudi-arabia/practice-3.html,7,18,STR,Lance Stroll,Aston Martin Aramco Mercedes,14,1:29.127,+0.715s
2024,FORMULA 1 STC SAUDI ARABIAN,1230,practice_3,https://www.formula1.com/en/results.html/2024/races/1230/saudi-arabia/practice-3.html,8,81,PIA,Oscar Piastri,McLaren Mercedes,11,1:29.213,+0.801s
2024,FORMULA 1 STC SAUDI ARABIAN,1230,practice_3,https://www.formula1.com/en/results.html/2024/races/1230/saudi-arabia/practice-3.html,9,44,HAM,Lewis Hamilton,Mercedes,19,1:29.268,+0.856s
2024,FORMULA 1 STC SAUDI ARABIAN,1230,practice_3,https://www.formula1.com/en/results.html/2024/races/1230/saudi-arabia/practice-3.html,10,38,BEA,Oliver Bearman,Ferrari,22,1:29.306,+0.894s
2024,FORMULA 1 STC SAUDI ARABIAN,1230,practice_3,https://www.formula1.com/en/results.html/2024/races/1230/saudi-arabia/practice-3.html,11,20,MAG,Kevin Magnussen,Haas Ferrari,12,1:29.485,+1.073s
2024,FORMULA 1 STC SAUDI ARABIAN,1230,practice_3,https://www.formula1.com/en/results.html/2024/races/1230/saudi-arabia/practice-3.html,12,10,GAS,Pierre Gasly,Alpine Renault,13,1:29.546,+1.134s
2024,FORMULA 1 STC SAUDI ARABIAN,1230,practice_3,https://www.formula1.com/en/results.html/2024/races/1230/saudi-arabia/practice-3.html,13,22,TSU,Yuki Tsunoda,RB Honda RBPT,18,1:29.572,+1.160s
2024,FORMULA 1 STC SAUDI ARABIAN,1230,practice_3,https://www.formula1.com/en/results.html/2024/races/1230/saudi-arabia/practice-3.html,14,31,OCO,Esteban Ocon,Alpine Renault,13,1:29.575,+1.163s
2024,FORMULA 1 STC SAUDI ARABIAN,1230,practice_3,https://www.formula1.com/en/results.html/2024/races/1230/saudi-arabia/practice-3.html,15,27,HUL,Nico Hulkenberg,Haas Ferrari,11,1:29.675,+1.263s
2024,FORMULA 1 STC SAUDI ARABIAN,1230,practice_3,https://www.formula1.com/en/results.html/2024/races/1230/saudi-arabia/practice-3.html,16,3,RIC,Daniel Ricciardo,RB Honda RBPT,15,1:29.740,+1.328s
2024,FORMULA 1 STC SAUDI ARABIAN,1230,practice_3,https://www.formula1.com/en/results.html/2024/races/1230/saudi-arabia/practice-3.html,17,23,ALB,Alexander Albon,Williams Mercedes,13,1:29.808,+1.396s
2024,FORMULA 1 STC SAUDI ARABIAN,1230,practice_3,https://www.formula1.com/en/results.html/2024/races/1230/saudi-arabia/practice-3.html,18,77,BOT,Valtteri Bottas,Kick Sauber Ferrari,21,1:30.083,+1.671s
2024,FORMULA 1 STC SAUDI ARABIAN,1230,practice_3,https://www.formula1.com/en/results.html/2024/races/1230/saudi-arabia/practice-3.html,19,24,ZHO,Zhou Guanyu,Kick Sauber Ferrari,12,1:30.739,+2.327s
2024,FORMULA 1 STC SAUDI ARABIAN,1230,practice_3,https://www.formula1.com/en/results.html/2024/races/1230/saudi-arabia/practice-3.html,20,2,SAR,Logan Sargeant,Williams Mercedes,2,,
2024,FORMULA 1 ROLEX AUSTRALIAN,1231,practice_3,https://www.formula1.com/en/results.html/2024/races/1231/australia/practice-3.html,1,16,LEC,Charles Leclerc,Ferrari,22,1:16.714,
2024,FORMULA 1 ROLEX AUSTRALIAN,1231,practice_3,https://www.formula1.com/en/results.html/2024/races/1231/australia/practice-3.html,2,1,VER,Max Verstappen,Red Bull Racing Honda RBPT,28,1:16.734,+0.020s
2024,FORMULA 1 ROLEX AUSTRALIAN,1231,practice_3,https://www.formula1.com/en/results.html/2024/races/1231/australia/practice-3.html,3,55,SAI,Carlos Sainz,Ferrari,20,1:16.791,+0.077s
2024,FORMULA 1 ROLEX AUSTRALIAN,1231,practice_3,https://www.formula1.com/en/results.html/2024/races/1231/australia/practice-3.html,4,44,HAM,Lewis Hamilton,Mercedes,20,1:16.806,+0.092s
2024,FORMULA 1 ROLEX AUSTRALIAN,1231,practice_3,https://www.formula1.com/en/results.html/2024/races/1231/australia/practice-3.html,5,63,RUS,George Russell,Mercedes,23,1:16.886,+0.172s
2024,FORMULA 1 ROLEX AUSTRALIAN,1231,practice_3,https://www.formula1.com/en/results.html/2024/races/1231/australia/practice-3.html,6,14,ALO,Fernando Alonso,Aston Martin Aramco Mercedes,20,1:16.997,+0.283s
2024,FORMULA 1 ROLEX AUSTRALIAN,1231,practice_3,https://www.formula1.com/en/results.html/2024/races/1231/australia/practice-3.html,7,11,PER,Sergio Perez,Red Bull Racing Honda RBPT,28,1:17.014,+0.300s
2024,FORMULA 1 ROLEX AUSTRALIAN,1231,practice_3,https://www.formula1.com/en/results.html/2024/races/1231/australia/practice-3.html,8,81,PIA,Oscar Piastri,McLaren Mercedes,19,1:17.087,+0.373s
2024,FORMULA 1 ROLEX AUSTRALIAN,1231,practice_3,https://www.formula1.com/en/results.html/2024/races/1231/australia/practice-3.html,9,18,STR,Lance Stroll,Aston Martin Aramco Mercedes,22,1:17.341,+0.627s
2024,FORMULA 1 ROLEX AUSTRALIAN,1231,practice_3,https://www.formula1.com/en/results.html/2024/races/1231/australia/practice-3.html,10,4,NOR,Lando Norris,McLaren Mercedes,22,1:17.490,+0.776s
2024,FORMULA 1 ROLEX AUSTRALIAN,1231,practice_3,https://www.formula1.com/en/results.html/2024/races/1231/australia/practice-3.html,11,22,TSU,Yuki Tsunoda,RB Honda RBPT,19,1:17.673,+0.959s
2024,FORMULA 1 ROLEX AUSTRALIAN,1231,practice_3,https://www.formula1.com/en/results.html/2024/races/1231/australia/practice-3.html,12,77,BOT,Valtteri Bottas,Kick Sauber Ferrari,20,1:17.752,+1.038s
2024,FORMULA 1 ROLEX AUSTRALIAN,1231,practice_3,https://www.formula1.com/en/results.html/2024/races/1231/australia/practice-3.html,13,23,ALB,Alexander Albon,Williams Mercedes,23,1:17.759,+1.045s
2024,FORMULA 1 ROLEX AUSTRALIAN,1231,practice_3,https://www.formula1.com/en/results.html/2024/races/1231/australia/practice-3.html,14,24,ZHO,Zhou Guanyu,Kick Sauber Ferrari,19,1:17.876,+1.162s
2024,FORMULA 1 ROLEX AUSTRALIAN,1231,practice_3,https://www.formula1.com/en/results.html/2024/races/1231/australia/practice-3.html,15,31,OCO,Esteban Ocon,Alpine Renault,18,1:17.920,+1.206s
2024,FORMULA 1 ROLEX AUSTRALIAN,1231,practice_3,https://www.formula1.com/en/results.html/2024/races/1231/australia/practice-3.html,16,27,HUL,Nico Hulkenberg,Haas Ferrari,17,1:17.941,+1.227s
2024,FORMULA 1 ROLEX AUSTRALIAN,1231,practice_3,https://www.formula1.com/en/results.html/2024/races/1231/australia/practice-3.html,17,20,MAG,Kevin Magnussen,Haas Ferrari,18,1:17.961,+1.247s
2024,FORMULA 1 ROLEX AUSTRALIAN,1231,practice_3,https://www.formula1.com/en/results.html/2024/races/1231/australia/practice-3.html,18,3,RIC,Daniel Ricciardo,RB Honda RBPT,20,1:17.963,+1.249s
2024,FORMULA 1 ROLEX AUSTRALIAN,1231,practice_3,https://www.formula1.com/en/results.html/2024/races/1231/australia/practice-3.html,19,10,GAS,Pierre Gasly,Alpine Renault,19,1:18.390,+1.676s
2024,FORMULA 1 MSC CRUISES JAPANESE,1232,practice_3,https://www.formula1.com/en/results.html/2024/races/1232/japan/practice-3.html,1,1,VER,Max Verstappen,Red Bull Racing Honda RBPT,23,1:29.563,
2024,FORMULA 1 MSC CRUISES JAPANESE,1232,practice_3,https://www.formula1.com/en/results.html/2024/races/1232/japan/practice-3.html,2,11,PER,Sergio Perez,Red Bull Racing Honda RBPT,25,1:29.832,+0.269s
2024,FORMULA 1 MSC CRUISES JAPANESE,1232,practice_3,https://www.formula1.com/en/results.html/2024/races/1232/japan/practice-3.html,3,63,RUS,George Russell,Mercedes,24,1:29.918,+0.355s
2024,FORMULA 1 MSC CRUISES JAPANESE,1232,practice_3,https://www.formula1.com/en/results.html/2024/races/1232/japan/practice-3.html,4,44,HAM,Lewis Hamilton,Mercedes,21,1:30.037,+0.474s
2024,FORMULA 1 MSC CRUISES JAPANESE,1232,practice_3,https://www.formula1.com/en/results.html/2024/races/1232/japan/practice-3.html,5,14,ALO,Fernando Alonso,Aston Martin Aramco Mercedes,24,1:30.082,+0.519s
2024,FORMULA 1 MSC CRUISES JAPANESE,1232,practice_3,https://www.formula1.com/en/results.html/2024/races/1232/japan/practice-3.html,6,4,NOR,Lando Norris,McLaren Mercedes,14,1:30.137,+0.574s
2024,FORMULA 1 MSC CRUISES JAPANESE,1232,practice_3,https://www.formula1.com/en/results.html/2024/races/1232/japan/practice-3.html,7,55,SAI,Carlos Sainz,Ferrari,27,1:30.171,+0.608s
2024,FORMULA 1 MSC CRUISES JAPANESE,1232,practice_3,https://www.formula1.com/en/results.html/2024/races/1232/japan/practice-3.html,8,81,PIA,Oscar Piastri,McLaren Mercedes,19,1:30.226,+0.663s
2024,FORMULA 1 MSC CRUISES JAPANESE,1232,practice_3,https://www.formula1.com/en/results.html/2024/races/1232/japan/practice-3.html,9,22,TSU,Yuki Tsunoda,RB Honda RBPT,21,1:30.341,+0.778s
2024,FORMULA 1 MSC CRUISES JAPANESE,1232,practice_3,https://www.formula1.com/en/results.html/2024/races/1232/japan/practice-3.html,10,16,LEC,Charles Leclerc,Ferrari,25,1:30.383,+0.820s
2024,FORMULA 1 MSC CRUISES JAPANESE,1232,practice_3,https://www.formula1.com/en/results.html/2024/races/1232/japan/practice-3.html,11,23,ALB,Alexander Albon,Williams Mercedes,23,1:30.533,+0.970s
2024,FORMULA 1 MSC CRUISES JAPANESE,1232,practice_3,https://www.formula1.com/en/results.html/2024/races/1232/japan/practice-3.html,12,77,BOT,Valtteri Bottas,Kick Sauber Ferrari,26,1:30.546,+0.983s
2024,FORMULA 1 MSC CRUISES JAPANESE,1232,practice_3,https://www.formula1.com/en/results.html/2024/races/1232/japan/practice-3.html,13,3,RIC,Daniel Ricciardo,RB Honda RBPT,24,1:30.682,+1.119s
2024,FORMULA 1 MSC CRUISES JAPANESE,1232,practice_3,https://www.formula1.com/en/results.html/2024/races/1232/japan/practice-3.html,14,31,OCO,Esteban Ocon,Alpine Renault,18,1:31.022,+1.459s
2024,FORMULA 1 MSC CRUISES JAPANESE,1232,practice_3,https://www.formula1.com/en/results.html/2024/races/1232/japan/practice-3.html,15,24,ZHO,Zhou Guanyu,Kick Sauber Ferrari,16,1:31.067,+1.504s
2024,FORMULA 1 MSC CRUISES JAPANESE,1232,practice_3,https://www.formula1.com/en/results.html/2024/races/1232/japan/practice-3.html,16,27,HUL,Nico Hulkenberg,Haas Ferrari,21,1:31.139,+1.576s
2024,FORMULA 1 MSC CRUISES JAPANESE,1232,practice_3,https://www.formula1.com/en/results.html/2024/races/1232/japan/practice-3.html,17,10,GAS,Pierre Gasly,Alpine Renault,19,1:31.141,+1.578s
2024,FORMULA 1 MSC CRUISES JAPANESE,1232,practice_3,https://www.formula1.com/en/results.html/2024/races/1232/japan/practice-3.html,18,18,STR,Lance Stroll,Aston Martin Aramco Mercedes,23,1:31.342,+1.779s
2024,FORMULA 1 MSC CRUISES JAPANESE,1232,practice_3,https://www.formula1.com/en/results.html/2024/races/1232/japan/practice-3.html,19,2,SAR,Logan Sargeant,Williams Mercedes,20,1:31.452,+1.889s
2024,FORMULA 1 MSC CRUISES JAPANESE,1232,practice_3,https://www.formula1.com/en/results.html/2024/races/1232/japan/practice-3.html,20,20,MAG,Kevin Magnussen,Haas Ferrari,22,1:31.462,+1.899s
2024,EMILIA-ROMAGNA,1235,practice_3,https://www.formula1.com/en/results.html/2024/races/1235/emilia-romagna/practice-3.html,1,81,PIA,Oscar Piastri,McLaren Mercedes,15,1:15.529,
2024,EMILIA-ROMAGNA,1235,practice_3,https://www.formula1.com/en/results.html/2024/races/1235/emilia-romagna/practice-3.html,2,4,NOR,Lando Norris,McLaren Mercedes,15,1:15.829,+0.300s
2024,EMILIA-ROMAGNA,1235,practice_3,https://www.formula1.com/en/results.html/2024/races/1235/emilia-romagna/practice-3.html,3,55,SAI,Carlos Sainz,Ferrari,22,1:16.067,+0.538s
2024,EMILIA-ROMAGNA,1235,practice_3,https://www.formula1.com/en/results.html/2024/races/1235/emilia-romagna/practice-3.html,4,16,LEC,Charles Leclerc,Ferrari,20,1:16.087,+0.558s
2024,EMILIA-ROMAGNA,1235,practice_3,https://www.formula1.com/en/results.html/2024/races/1235/emilia-romagna/practice-3.html,5,63,RUS,George Russell,Mercedes,16,1:16.095,+0.566s
2024,EMILIA-ROMAGNA,1235,practice_3,https://www.formula1.com/en/results.html/2024/races/1235/emilia-romagna/practice-3.html,6,1,VER,Max Verstappen,Red Bull Racing Honda RBPT,21,1:16.366,+0.837s
2024,EMILIA-ROMAGNA,1235,practice_3,https://www.formula1.com/en/results.html/2024/races/1235/emilia-romagna/practice-3.html,7,23,ALB,Alexander Albon,Williams Mercedes,14,1:16.470,+0.941s
2024,EMILIA-ROMAGNA,1235,practice_3,https://www.formula1.com/en/results.html/2024/races/1235/emilia-romagna/practice-3.html,8,31,OCO,Esteban Ocon,Alpine Renault,19,1:16.481,+0.952s
2024,EMILIA-ROMAGNA,1235,practice_3,https://www.formula1.com/en/results.html/2024/races/1235/emilia-romagna/practice-3.html,9,18,STR,Lance Stroll,Aston Martin Aramco Mercedes,24,1:16.543,+1.014s
2024,EMILIA-ROMAGNA,1235,practice_3,https://www.formula1.com/en/results.html/2024/races/1235/emilia-romagna/practice-3.html,10,27,HUL,Nico Hulkenberg,Haas Ferrari,15,1:16.547,+1.018s
2024,EMILIA-ROMAGNA,1235,practice_3,https://www.formula1.com/en/results.html/2024/races/1235/emilia-romagna/practice-3.html,11,3,RIC,Daniel Ricciardo,RB Honda RBPT,15,1:16.560,+1.031s
2024,EMILIA-ROMAGNA,1235,practice_3,https://www.formula1.com/en/results.html/2024/races/1235/emilia-romagna/practice-3.html,12,11,PER,Sergio Perez,Red Bull Racing Honda RBPT,18,1:16.631,+1.102s
2024,EMILIA-ROMAGNA,1235,practice_3,https://www.formula1.com/en/results.html/2024/races/1235/emilia-romagna/practice-3.html,13,22,TSU,Yuki Tsunoda,RB Honda RBPT,14,1:16.668,+1.139s
2024,EMILIA-ROMAGNA,1235,practice_3,https://www.formula1.com/en/results.html/2024/races/1235/emilia-romagna/practice-3.html,14,77,BOT,Valtteri Bottas,Kick Sauber Ferrari,15,1:16.695,+1.166s
2024,EMILIA-ROMAGNA,1235,practice_3,https://www.formula1.com/en/results.html/2024/races/1235/emilia-romagna/practice-3.html,15,2,SAR,Logan Sargeant,Williams Mercedes,16,1:16.794,+1.265s
2024,EMILIA-ROMAGNA,1235,practice_3,https://www.formula1.com/en/results.html/2024/races/1235/emilia-romagna/practice-3.html,16,20,MAG,Kevin Magnussen,Haas Ferrari,12,1:16.923,+1.394s
2024,EMILIA-ROMAGNA,1235,practice_3,https://www.formula1.com/en/results.html/2024/races/1235/emilia-romagna/practice-3.html,17,44,HAM,Lewis Hamilton,Mercedes,16,1:16.960,+1.431s
2024,EMILIA-ROMAGNA,1235,practice_3,https://www.formula1.com/en/results.html/2024/races/1235/emilia-romagna/practice-3.html,18,14,ALO,Fernando Alonso,Aston Martin Aramco Mercedes,10,1:17.339,+1.810s
2024,EMILIA-ROMAGNA,1235,practice_3,https://www.formula1.com/en/results.html/2024/races/1235/emilia-romagna/practice-3.html,19,10,GAS,Pierre Gasly,Alpine Renault,17,1:17.361,+1.832s
2024,EMILIA-ROMAGNA,1235,practice_3,https://www.formula1.com/en/results.html/2024/races/1235/emilia-romagna/practice-3.html,20,24,ZHO,Zhou Guanyu,Kick Sauber Ferrari,15,1:17.891,+2.362s
2024,FORMULA 1 GRAND PRIX DE MONACO,1236,practice_3,https://www.formula1.com/en/results.html/2024/races/1236/monaco/practice-3.html,1,16,LEC,Charles Leclerc,Ferrari,26,1:11.369,
2024,FORMULA 1 GRAND PRIX DE MONACO,1236,practice_3,https://www.formula1.com/en/results.html/2024/races/1236/monaco/practice-3.html,2,1,VER,Max Verstappen,Red Bull Racing Honda RBPT,27,1:11.566,+0.197s
2024,FORMULA 1 GRAND PRIX DE MONACO,1236,practice_3,https://www.formula1.com/en/results.html/2024/races/1236/monaco/practice-3.html,3,44,HAM,Lewis Hamilton,Mercedes,25,1:11.710,+0.341s
2024,FORMULA 1 GRAND PRIX DE MONACO,1236,practice_3,https://www.formula1.com/en/results.html/2024/races/1236/monaco/practice-3.html,4,81,PIA,Oscar Piastri,McLaren Mercedes,25,1:11.901,+0.532s
2024,FORMULA 1 GRAND PRIX DE MONACO,1236,practice_3,https://www.formula1.com/en/results.html/2024/races/1236/monaco/practice-3.html,5,11,PER,Sergio Perez,Red Bull Racing Honda RBPT,24,1:11.923,+0.554s
2024,FORMULA 1 GRAND PRIX DE MONACO,1236,practice_3,https://www.formula1.com/en/results.html/2024/races/1236/monaco/practice-3.html,6,63,RUS,George Russell,Mercedes,33,1:11.968,+0.599s
2024,FORMULA 1 GRAND PRIX DE MONACO,1236,practice_3,https://www.formula1.com/en/results.html/2024/races/1236/monaco/practice-3.html,7,55,SAI,Carlos Sainz,Ferrari,26,1:11.979,+0.610s
2024,FORMULA 1 GRAND PRIX DE MONACO,1236,practice_3,https://www.formula1.com/en/results.html/2024/races/1236/monaco/practice-3.html,8,4,NOR,Lando Norris,McLaren Mercedes,24,1:11.988,+0.619s
2024,FORMULA 1 GRAND PRIX DE MONACO,1236,practice_3,https://www.formula1.com/en/results.html/2024/races/1236/monaco/practice-3.html,9,22,TSU,Yuki Tsunoda,RB Honda RBPT,27,1:11.991,+0.622s
2024,FORMULA 1 GRAND PRIX DE MONACO,1236,practice_3,https://www.formula1.com/en/results.html/2024/races/1236/monaco/practice-3.html,10,14,ALO,Fernando Alonso,Aston Martin Aramco Mercedes,25,1:12.087,+0.718s
2024,FORMULA 1 GRAND PRIX DE MONACO,1236,practice_3,https://www.formula1.com/en/results.html/2024/races/1236/monaco/practice-3.html,11,10,GAS,Pierre Gasly,Alpine Renault,26,1:12.144,+0.775s
2024,FORMULA 1 GRAND PRIX DE MONACO,1236,practice_3,https://www.formula1.com/en/results.html/2024/races/1236/monaco/practice-3.html,12,23,ALB,Alexander Albon,Williams Mercedes,24,1:12.180,+0.811s
2024,FORMULA 1 GRAND PRIX DE MONACO,1236,practice_3,https://www.formula1.com/en/results.html/2024/races/1236/monaco/practice-3.html,13,27,HUL,Nico Hulkenberg,Haas Ferrari,24,1:12.192,+0.823s
2024,FORMULA 1 GRAND PRIX DE MONACO,1236,practice_3,https://www.formula1.com/en/results.html/2024/races/1236/monaco/practice-3.html,14,20,MAG,Kevin Magnussen,Haas Ferrari,31,1:12.216,+0.847s
2024,FORMULA 1 GRAND PRIX DE MONACO,1236,practice_3,https://www.formula1.com/en/results.html/2024/races/1236/monaco/practice-3.html,15,18,STR,Lance Stroll,Aston Martin Aramco Mercedes,25,1:12.331,+0.962s
2024,FORMULA 1 GRAND PRIX DE MONACO,1236,practice_3,https://www.formula1.com/en/results.html/2024/races/1236/monaco/practice-3.html,16,31,OCO,Esteban Ocon,Alpine Renault,25,1:12.472,+1.103s
2024,FORMULA 1 GRAND PRIX DE MONACO,1236,practice_3,https://www.formula1.com/en/results.html/2024/races/1236/monaco/practice-3.html,17,2,SAR,Logan Sargeant,Williams Mercedes,21,1:12.703,+1.334s
2024,FORMULA 1 GRAND PRIX DE MONACO,1236,practice_3,https://www.formula1.com/en/results.html/2024/races/1236/monaco/practice-3.html,18,3,RIC,Daniel Ricciardo,RB Honda RBPT,28,1:12.829,+1.460s
2024,FORMULA 1 GRAND PRIX DE MONACO,1236,practice_3,https://www.formula1.com/en/results.html/2024/races/1236/monaco/practice-3.html,19,24,ZHO,Zhou Guanyu,Kick Sauber Ferrari,28,1:13.830,+2.461s
2024,FORMULA 1 GRAND PRIX DE MONACO,1236,practice_3,https://www.formula1.com/en/results.html/2024/races/1236/monaco/practice-3.html,20,77,BOT,Valtteri Bottas,Kick Sauber Ferrari,2,,
2024,FORMULA 1 AWS GRAND PRIX DU CANADA,1237,practice_3,https://www.formula1.com/en/results.html/2024/races/1237/canada/practice-3.html,1,44,HAM,Lewis Hamilton,Mercedes,31,1:12.549,
2024,FORMULA 1 AWS GRAND PRIX DU CANADA,1237,practice_3,https://www.formula1.com/en/results.html/2024/races/1237/canada/practice-3.html,2,1,VER,Max Verstappen,Red Bull Racing Honda RBPT,32,1:12.923,+0.374s
2024,FORMULA 1 AWS GRAND PRIX DU CANADA,1237,practice_3,https://www.formula1.com/en/results.html/2024/races/1237/canada/practice-3.html,3,63,RUS,George Russell,Mercedes,33,1:12.957,+0.408s
2024,FORMULA 1 AWS GRAND PRIX DU CANADA,1237,practice_3,https://www.formula1.com/en/results.html/2024/races/1237/canada/practice-3.html,4,18,STR,Lance Stroll,Aston Martin Aramco Mercedes,27,1:13.026,+0.477s
2024,FORMULA 1 AWS GRAND PRIX DU CANADA,1237,practice_3,https://www.formula1.com/en/results.html/2024/races/1237/canada/practice-3.html,5,81,PIA,Oscar Piastri,McLaren Mercedes,32,1:13.266,+0.717s
2024,FORMULA 1 AWS GRAND PRIX DU CANADA,1237,practice_3,https://www.formula1.com/en/results.html/2024/races/1237/canada/practice-3.html,6,3,RIC,Daniel Ricciardo,RB Honda RBPT,34,1:13.279,+0.730s
2024,FORMULA 1 AWS GRAND PRIX DU CANADA,1237,practice_3,https://www.formula1.com/en/results.html/2024/races/1237/canada/practice-3.html,7,4,NOR,Lando Norris,McLaren Mercedes,32,1:13.293,+0.744s
2024,FORMULA 1 AWS GRAND PRIX DU CANADA,1237,practice_3,https://www.formula1.com/en/results.html/2024/races/1237/canada/practice-3.html,8,14,ALO,Fernando Alonso,Aston Martin Aramco Mercedes,30,1:13.340,+0.791s
2024,FORMULA 1 AWS GRAND PRIX DU CANADA,1237,practice_3,https://www.formula1.com/en/results.html/2024/races/1237/canada/practice-3.html,9,11,PER,Sergio Perez,Red Bull Racing Honda RBPT,29,1:13.342,+0.793s
2024,FORMULA 1 AWS GRAND PRIX DU CANADA,1237,practice_3,https://www.formula1.com/en/results.html/2024/races/1237/canada/practice-3.html,10,16,LEC,Charles Leclerc,Ferrari,28,1:13.349,+0.800s
2024,FORMULA 1 AWS GRAND PRIX DU CANADA,1237,practice_3,https://www.formula1.com/en/results.html/2024/races/1237/canada/practice-3.html,11,20,MAG,Kevin Magnussen,Haas Ferrari,30,1:13.439,+0.890s
2024,FORMULA 1 AWS GRAND PRIX DU CANADA,1237,practice_3,https://www.formula1.com/en/results.html/2024/races/1237/canada/practice-3.html,12,55,SAI,Carlos Sainz,Ferrari,33,1:13.570,+1.021s
2024,FORMULA 1 AWS GRAND PRIX DU CANADA,1237,practice_3,https://www.formula1.com/en/results.html/2024/races/1237/canada/practice-3.html,13,77,BOT,Valtteri Bottas,Kick Sauber Ferrari,32,1:13.642,+1.093s
2024,FORMULA 1 AWS GRAND PRIX DU CANADA,1237,practice_3,https://www.formula1.com/en/results.html/2024/races/1237/canada/practice-3.html,14,2,SAR,Logan Sargeant,Williams Mercedes,31,1:13.663,+1.114s
2024,FORMULA 1 AWS GRAND PRIX DU CANADA,1237,practice_3,https://www.formula1.com/en/results.html/2024/races/1237/canada/practice-3.html,15,22,TSU,Yuki Tsunoda,RB Honda RBPT,31,1:13.716,+1.167s
2024,FORMULA 1 AWS GRAND PRIX DU CANADA,1237,practice_3,https://www.formula1.com/en/results.html/2024/races/1237/canada/practice-3.html,16,10,GAS,Pierre Gasly,Alpine Renault,29,1:13.737,+1.188s
2024,FORMULA 1 AWS GRAND PRIX DU CANADA,1237,practice_3,https://www.formula1.com/en/results.html/2024/races/1237/canada/practice-3.html,17,27,HUL,Nico Hulkenberg,Haas Ferrari,27,1:13.777,+1.228s
2024,FORMULA 1 AWS GRAND PRIX DU CANADA,1237,practice_3,https://www.formula1.com/en/results.html/2024/races/1237/canada/practice-3.html,18,23,ALB,Alexander Albon,Williams Mercedes,22,1:13.880,+1.331s
2024,FORMULA 1 AWS GRAND PRIX DU CANADA,1237,practice_3,https://www.formula1.com/en/results.html/2024/races/1237/canada/practice-3.html,19,31,OCO,Esteban Ocon,Alpine Renault,31,1:14.075,+1.526s
2024,FORMULA 1 AWS GRAND PRIX DU CANADA,1237,practice_3,https://www.formula1.com/en/results.html/2024/races/1237/canada/practice-3.html,20,24,ZHO,Zhou Guanyu,Kick Sauber Ferrari,4,1:18.656,+6.107s
2024,FORMULA 1 ARAMCO GRAN PREMIO DE ESPAÑA,1238,practice_3,https://www.formula1.com/en/results.html/2024/races/1238/spain/practice-3.html,1,55,SAI,Carlos Sainz,Ferrari,19,1:13.013,
2024,FORMULA 1 ARAMCO GRAN PREMIO DE ESPAÑA,1238,practice_3,https://www.formula1.com/en/results.html/2024/races/1238/spain/practice-3.html,2,4,NOR,Lando Norris,McLaren Mercedes,14,1:13.043,+0.030s
2024,FORMULA 1 ARAMCO GRAN PREMIO DE ESPAÑA,1238,practice_3,https://www.formula1.com/en/results.html/2024/races/1238/spain/practice-3.html,3,16,LEC,Charles Leclerc,Ferrari,18,1:13.050,+0.037s
2024,FORMULA 1 ARAMCO GRAN PREMIO DE ESPAÑA,1238,practice_3,https://www.formula1.com/en/results.html/2024/races/1238/spain/practice-3.html,4,1,VER,Max Verstappen,Red Bull Racing Honda RBPT,24,1:13.087,+0.074s
2024,FORMULA 1 ARAMCO GRAN PREMIO DE ESPAÑA,1238,practice_3,https://www.formula1.com/en/results.html/2024/races/1238/spain/practice-3.html,5,63,RUS,George Russell,Mercedes,20,1:13.164,+0.151s
2024,FORMULA 1 ARAMCO GRAN PREMIO DE ESPAÑA,1238,practice_3,https://www.formula1.com/en/results.html/2024/races/1238/spain/practice-3.html,6,44,HAM,Lewis Hamilton,Mercedes,26,1:13.359,+0.346s
2024,FORMULA 1 ARAMCO GRAN PREMIO DE ESPAÑA,1238,practice_3,https://www.formula1.com/en/results.html/2024/races/1238/spain/practice-3.html,7,11,PER,Sergio Perez,Red Bull Racing Honda RBPT,19,1:13.723,+0.710s
2024,FORMULA 1 ARAMCO GRAN PREMIO DE ESPAÑA,1238,practice_3,https://www.formula1.com/en/results.html/2024/races/1238/spain/practice-3.html,8,23,ALB,Alexander Albon,Williams Mercedes,14,1:13.753,+0.740s
2024,FORMULA 1 ARAMCO GRAN PREMIO DE ESPAÑA,1238,practice_3,https://www.formula1.com/en/results.html/2024/races/1238/spain/practice-3.html,9,14,ALO,Fernando Alonso,Aston Martin Aramco Mercedes,21,1:13.786,+0.773s
2024,FORMULA 1 ARAMCO GRAN PREMIO DE ESPAÑA,1238,practice_3,https://www.formula1.com/en/results.html/2024/races/1238/spain/practice-3.html,10,81,PIA,Oscar Piastri,McLaren Mercedes,14,1:13.907,+0.894s
2024,FORMULA 1 ARAMCO GRAN PREMIO DE ESPAÑA,1238,practice_3,https://www.formula1.com/en/results.html/2024/races/1238/spain/practice-3.html,11,31,OCO,Esteban Ocon,Alpine Renault,18,1:13.950,+0.937s
2024,FORMULA 1 ARAMCO GRAN PREMIO DE ESPAÑA,1238,practice_3,https://www.formula1.com/en/results.html/2024/races/1238/spain/practice-3.html,12,10,GAS,Pierre Gasly,Alpine Renault,14,1:13.964,+0.951s
2024,FORMULA 1 ARAMCO GRAN PREMIO DE ESPAÑA,1238,practice_3,https://www.formula1.com/en/results.html/2024/races/1238/spain/practice-3.html,13,27,HUL,Nico Hulkenberg,Haas Ferrari,20,1:13.975,+0.962s
2024,FORMULA 1 ARAMCO GRAN PREMIO DE ESPAÑA,1238,practice_3,https://www.formula1.com/en/results.html/2024/races/1238/spain/practice-3.html,14,77,BOT,Valtteri Bottas,Kick Sauber Ferrari,19,1:14.024,+1.011s
2024,FORMULA 1 ARAMCO GRAN PREMIO DE ESPAÑA,1238,practice_3,https://www.formula1.com/en/results.html/2024/races/1238/spain/practice-3.html,15,20,MAG,Kevin Magnussen,Haas Ferrari,27,1:14.074,+1.061s
2024,FORMULA 1 ARAMCO GRAN PREMIO DE ESPAÑA,1238,practice_3,https://www.formula1.com/en/results.html/2024/races/1238/spain/practice-3.html,16,3,RIC,Daniel Ricciardo,RB Honda RBPT,17,1:14.161,+1.148s
2024,FORMULA 1 ARAMCO GRAN PREMIO DE ESPAÑA,1238,practice_3,https://www.formula1.com/en/results.html/2024/races/1238/spain/practice-3.html,17,18,STR,Lance Stroll,Aston Martin Aramco Mercedes,16,1:14.254,+1.241s
2024,FORMULA 1 ARAMCO GRAN PREMIO DE ESPAÑA,1238,practice_3,https://www.formula1.com/en/results.html/2024/races/1238/spain/practice-3.html,18,22,TSU,Yuki Tsunoda,RB Honda RBPT,22,1:14.420,+1.407s
2024,FORMULA 1 ARAMCO GRAN PREMIO DE ESPAÑA,1238,practice_3,https://www.formula1.com/en/results.html/2024/races/1238/spain/practice-3.html,19,24,ZHO,Zhou Guanyu,Kick Sauber Ferrari,17,1:14.572,+1.559s
2024,FORMULA 1 ARAMCO GRAN PREMIO DE ESPAÑA,1238,practice_3,https://www.formula1.com/en/results.html/2024/races/1238/spain/practice-3.html,20,2,SAR,Logan Sargeant,Williams Mercedes,12,1:14.729,+1.716s
2024,FORMULA 1 QATAR AIRWAYS BRITISH,1240,practice_3,https://www.formula1.com/en/results.html/2024/races/1240/great-britain/practice-3.html,1,63,RUS,George Russell,Mercedes,23,1:37.529,
2024,FORMULA 1 QATAR AIRWAYS BRITISH,1240,practice_3,https://www.formula1.com/en/results.html/2024/races/1240/great-britain/practice-3.html,2,44,HAM,Lewis Hamilton,Mercedes,28,1:37.564,+0.035s
2024,FORMULA 1 QATAR AIRWAYS BRITISH,1240,practice_3,https://www.formula1.com/en/results.html/2024/races/1240/great-britain/practice-3.html,3,4,NOR,Lando Norris,McLaren Mercedes,20,1:37.714,+0.185s
2024,FORMULA 1 QATAR AIRWAYS BRITISH,1240,practice_3,https://www.formula1.com/en/results.html/2024/races/1240/great-britain/practice-3.html,4,55,SAI,Carlos Sainz,Ferrari,23,1:38.139,+0.610s
2024,FORMULA 1 QATAR AIRWAYS BRITISH,1240,practice_3,https://www.formula1.com/en/results.html/2024/races/1240/great-britain/practice-3.html,5,1,VER,Max Verstappen,Red Bull Racing Honda RBPT,20,1:38.393,+0.864s
2024,FORMULA 1 QATAR AIRWAYS BRITISH,1240,practice_3,https://www.formula1.com/en/results.html/2024/races/1240/great-britain/practice-3.html,6,16,LEC,Charles Leclerc,Ferrari,26,1:38.454,+0.925s
2024,FORMULA 1 QATAR AIRWAYS BRITISH,1240,practice_3,https://www.formula1.com/en/results.html/2024/races/1240/great-britain/practice-3.html,7,81,PIA,Oscar Piastri,McLaren Mercedes,27,1:38.654,+1.125s
2024,FORMULA 1 QATAR AIRWAYS BRITISH,1240,practice_3,https://www.formula1.com/en/results.html/2024/races/1240/great-britain/practice-3.html,8,14,ALO,Fernando Alonso,Aston Martin Aramco Mercedes,21,1:38.940,+1.411s
2024,FORMULA 1 QATAR AIRWAYS BRITISH,1240,practice_3,https://www.formula1.com/en/results.html/2024/races/1240/great-britain/practice-3.html,9,11,PER,Sergio Perez,Red Bull Racing Honda RBPT,18,1:39.284,+1.755s
2024,FORMULA 1 QATAR AIRWAYS BRITISH,1240,practice_3,https://www.formula1.com/en/results.html/2024/races/1240/great-britain/practice-3.html,10,27,HUL,Nico Hulkenberg,Haas Ferrari,16,1:39.340,+1.811s
2024,FORMULA 1 QATAR AIRWAYS BRITISH,1240,practice_3,https://www.formula1.com/en/results.html/2024/races/1240/great-britain/practice-3.html,11,23,ALB,Alexander Albon,Williams Mercedes,24,1:39.603,+2.074s
2024,FORMULA 1 QATAR AIRWAYS BRITISH,1240,practice_3,https://www.formula1.com/en/results.html/2024/races/1240/great-britain/practice-3.html,12,18,STR,Lance Stroll,Aston Martin Aramco Mercedes,23,1:39.700,+2.171s
2024,FORMULA 1 QATAR AIRWAYS BRITISH,1240,practice_3,https://www.formula1.com/en/results.html/2024/races/1240/great-britain/practice-3.html,13,2,SAR,Logan Sargeant,Williams Mercedes,22,1:39.702,+2.173s
2024,FORMULA 1 QATAR AIRWAYS BRITISH,1240,practice_3,https://www.formula1.com/en/results.html/2024/races/1240/great-britain/practice-3.html,14,22,TSU,Yuki Tsunoda,RB Honda RBPT,26,1:39.820,+2.291s
2024,FORMULA 1 QATAR AIRWAYS BRITISH,1240,practice_3,https://www.formula1.com/en/results.html/2024/races/1240/great-britain/practice-3.html,15,77,BOT,Valtteri Bottas,Kick Sauber Ferrari,22,1:40.242,+2.713s
2024,FORMULA 1 QATAR AIRWAYS BRITISH,1240,practice_3,https://www.formula1.com/en/results.html/2024/races/1240/great-britain/practice-3.html,16,31,OCO,Esteban Ocon,Alpine Renault,25,1:40.430,+2.901s
2024,FORMULA 1 QATAR AIRWAYS BRITISH,1240,practice_3,https://www.formula1.com/en/results.html/2024/races/1240/great-britain/practice-3.html,17,20,MAG,Kevin Magnussen,Haas Ferrari,21,1:40.539,+3.010s
2024,FORMULA 1 QATAR AIRWAYS BRITISH,1240,practice_3,https://www.formula1.com/en/results.html/2024/races/1240/great-britain/practice-3.html,18,3,RIC,Daniel Ricciardo,RB Honda RBPT,28,1:40.823,+3.294s
2024,FORMULA 1 QATAR AIRWAYS BRITISH,1240,practice_3,https://www.formula1.com/en/results.html/2024/races/1240/great-britain/practice-3.html,19,24,ZHO,Zhou Guanyu,Kick Sauber Ferrari,23,1:41.785,+4.256s
2024,FORMULA 1 QATAR AIRWAYS BRITISH,1240,practice_3,https://www.formula1.com/en/results.html/2024/races/1240/great-britain/practice-3.html,20,10,GAS,Pierre Gasly,Alpine Renault,2,,
2024,FORMULA 1 HUNGARIAN,1241,practice_3,https://www.formula1.com/en/results.html/2024/races/1241/hungary/practice-3.html,1,4,NOR,Lando Norris,McLaren Mercedes,17,1:16.098,
2024,FORMULA 1 HUNGARIAN,1241,practice_3,https://www.formula1.com/en/results.html/2024/races/1241/hungary/practice-3.html,2,81,PIA,Oscar Piastri,McLaren Mercedes,17,1:16.142,+0.044s
2024,FORMULA 1 HUNGARIAN,1241,practice_3,https://www.formula1.com/en/results.html/2024/races/1241/hungary/practice-3.html,3,1,VER,Max Verstappen,Red Bull Racing Honda RBPT,27,1:16.379,+0.281s
2024,FORMULA 1 HUNGARIAN,1241,practice_3,https://www.formula1.com/en/results.html/2024/races/1241/hungary/practice-3.html,4,63,RUS,George Russell,Mercedes,15,1:16.564,+0.466s
2024,FORMULA 1 HUNGARIAN,1241,practice_3,https://www.formula1.com/en/results.html/2024/races/1241/hungary/practice-3.html,5,55,SAI,Carlos Sainz,Ferrari,16,1:16.639,+0.541s
2024,FORMULA 1 HUNGARIAN,1241,practice_3,https://www.formula1.com/en/results.html/2024/races/1241/hungary/practice-3.html,6,3,RIC,Daniel Ricciardo,RB Honda RBPT,15,1:16.652,+0.554s
2024,FORMULA 1 HUNGARIAN,1241,practice_3,https://www.formula1.com/en/results.html/2024/races/1241/hungary/practice-3.html,7,23,ALB,Alexander Albon,Williams Mercedes,16,1:16.661,+0.563s
2024,FORMULA 1 HUNGARIAN,1241,practice_3,https://www.formula1.com/en/results.html/2024/races/1241/hungary/practice-3.html,8,27,HUL,Nico Hulkenberg,Haas Ferrari,15,1:16.696,+0.598s
2024,FORMULA 1 HUNGARIAN,1241,practice_3,https://www.formula1.com/en/results.html/2024/races/1241/hungary/practice-3.html,9,22,TSU,Yuki Tsunoda,RB Honda RBPT,16,1:16.744,+0.646s
2024,FORMULA 1 HUNGARIAN,1241,practice_3,https://www.formula1.com/en/results.html/2024/races/1241/hungary/practice-3.html,10,44,HAM,Lewis Hamilton,Mercedes,14,1:16.786,+0.688s
2024,FORMULA 1 HUNGARIAN,1241,practice_3,https://www.formula1.com/en/results.html/2024/races/1241/hungary/practice-3.html,11,16,LEC,Charles Leclerc,Ferrari,17,1:16.803,+0.705s
2024,FORMULA 1 HUNGARIAN,1241,practice_3,https://www.formula1.com/en/results.html/2024/races/1241/hungary/practice-3.html,12,77,BOT,Valtteri Bottas,Kick Sauber Ferrari,20,1:16.804,+0.706s
2024,FORMULA 1 HUNGARIAN,1241,practice_3,https://www.formula1.com/en/results.html/2024/races/1241/hungary/practice-3.html,13,11,PER,Sergio Perez,Red Bull Racing Honda RBPT,25,1:16.954,+0.856s
2024,FORMULA 1 HUNGARIAN,1241,practice_3,https://www.formula1.com/en/results.html/2024/races/1241/hungary/practice-3.html,14,14,ALO,Fernando Alonso,Aston Martin Aramco Mercedes,21,1:17.001,+0.903s
2024,FORMULA 1 HUNGARIAN,1241,practice_3,https://www.formula1.com/en/results.html/2024/races/1241/hungary/practice-3.html,15,18,STR,Lance Stroll,Aston Martin Aramco Mercedes,22,1:17.085,+0.987s
2024,FORMULA 1 HUNGARIAN,1241,practice_3,https://www.formula1.com/en/results.html/2024/races/1241/hungary/practice-3.html,16,2,SAR,Logan Sargeant,Williams Mercedes,15,1:17.168,+1.070s
2024,FORMULA 1 HUNGARIAN,1241,practice_3,https://www.formula1.com/en/results.html/2024/races/1241/hungary/practice-3.html,17,24,ZHO,Zhou Guanyu,Kick Sauber Ferrari,15,1:17.291,+1.193s
2024,FORMULA 1 HUNGARIAN,1241,practice_3,https://www.formula1.com/en/results.html/2024/races/1241/hungary/practice-3.html,18,10,GAS,Pierre Gasly,Alpine Renault,15,1:17.499,+1.401s
2024,FORMULA 1 HUNGARIAN,1241,practice_3,https://www.formula1.com/en/results.html/2024/races/1241/hungary/practice-3.html,19,20,MAG,Kevin Magnussen,Haas Ferrari,17,1:17.507,+1.409s
2024,FORMULA 1 HUNGARIAN,1241,practice_3,https://www.formula1.com/en/results.html/2024/races/1241/hungary/practice-3.html,20,31,OCO,Esteban Ocon,Alpine Renault,16,1:17.575,+1.477s
2024,FORMULA 1 ROLEX BELGIAN,1242,practice_3,https://www.formula1.com/en/results.html/2024/races/1242/belgium/practice-3.html,1,1,VER,Max Verstappen,Red Bull Racing Honda RBPT,4,2:01.565,
2024,FORMULA 1 ROLEX BELGIAN,1242,practice_3,https://www.formula1.com/en/results.html/2024/races/1242/belgium/practice-3.html,2,81,PIA,Oscar Piastri,McLaren Mercedes,4,2:02.998,+1.433s
2024,FORMULA 1 ROLEX BELGIAN,1242,practice_3,https://www.formula1.com/en/results.html/2024/races/1242/belgium/practice-3.html,3,10,GAS,Pierre Gasly,Alpine Renault,5,2:03.175,+1.610s
2024,FORMULA 1 ROLEX BELGIAN,1242,practice_3,https://www.formula1.com/en/results.html/2024/races/1242/belgium/practice-3.html,4,4,NOR,Lando Norris,McLaren Mercedes,4,2:03.372,+1.807s
2024,FORMULA 1 ROLEX BELGIAN,1242,practice_3,https://www.formula1.com/en/results.html/2024/races/1242/belgium/practice-3.html,5,31,OCO,Esteban Ocon,Alpine Renault,7,2:05.250,+3.685s
2024,FORMULA 1 ROLEX BELGIAN,1242,practice_3,https://www.formula1.com/en/results.html/2024/races/1242/belgium/practice-3.html,6,16,LEC,Charles Leclerc,Ferrari,4,2:06.033,+4.468s
2024,FORMULA 1 ROLEX BELGIAN,1242,practice_3,https://www.formula1.com/en/results.html/2024/races/1242/belgium/practice-3.html,7,18,STR,Lance Stroll,Aston Martin Aramco Mercedes,4,2:06.037,+4.472s
2024,FORMULA 1 ROLEX BELGIAN,1242,practice_3,https://www.formula1.com/en/results.html/2024/races/1242/belgium/practice-3.html,8,77,BOT,Valtteri Bottas,Kick Sauber Ferrari,7,2:06.492,+4.927s
2024,FORMULA 1 ROLEX BELGIAN,1242,practice_3,https://www.formula1.com/en/results.html/2024/races/1242/belgium/practice-3.html,9,44,HAM,Lewis Hamilton,Mercedes,3,2:06.751,+5.186s
2024,FORMULA 1 ROLEX BELGIAN,1242,practice_3,https://www.formula1.com/en/results.html/2024/races/1242/belgium/practice-3.html,10,11,PER,Sergio Perez,Red Bull Racing Honda RBPT,3,2:07.103,+5.538s
2024,FORMULA 1 ROLEX BELGIAN,1242,practice_3,https://www.formula1.com/en/results.html/2024/races/1242/belgium/practice-3.html,11,23,ALB,Alexander Albon,Williams Mercedes,3,2:07.443,+5.878s
2024,FORMULA 1 ROLEX BELGIAN,1242,practice_3,https://www.formula1.com/en/results.html/2024/races/1242/belgium/practice-3.html,12,27,HUL,Nico Hulkenberg,Haas Ferrari,5,2:08.040,+6.475s
2024,FORMULA 1 ROLEX BELGIAN,1242,practice_3,https://www.formula1.com/en/results.html/2024/races/1242/belgium/practice-3.html,13,14,ALO,Fernando Alonso,Aston Martin Aramco Mercedes,4,2:08.071,+6.506s
2024,FORMULA 1 ROLEX BELGIAN,1242,practice_3,https://www.formula1.com/en/results.html/2024/races/1242/belgium/practice-3.html,14,3,RIC,Daniel Ricciardo,RB Honda RBPT,5,2:08.410,+6.845s
2024,FORMULA 1 ROLEX BELGIAN,1242,practice_3,https://www.formula1.com/en/results.html/2024/races/1242/belgium/practice-3.html,15,22,TSU,Yuki Tsunoda,RB Honda RBPT,7,2:09.444,+7.879s
2024,FORMULA 1 ROLEX BELGIAN,1242,practice_3,https://www.formula1.com/en/results.html/2024/races/1242/belgium/practice-3.html,16,24,ZHO,Zhou Guanyu,Kick Sauber Ferrari,7,2:11.109,+9.544s
2024,FORMULA 1 ROLEX BELGIAN,1242,practice_3,https://www.formula1.com/en/results.html/2024/races/1242/belgium/practice-3.html,17,2,SAR,Logan Sargeant,Williams Mercedes,3,2:11.220,+9.655s
2024,FORMULA 1 ROLEX BELGIAN,1242,practice_3,https://www.formula1.com/en/results.html/2024/races/1242/belgium/practice-3.html,18,63,RUS,George Russell,Mercedes,2,,
2024,FORMULA 1 ROLEX BELGIAN,1242,practice_3,https://www.formula1.com/en/results.html/2024/races/1242/belgium/practice-3.html,19,55,SAI,Carlos Sainz,Ferrari,2,,
2024,FORMULA 1 ROLEX BELGIAN,1242,practice_3,https://www.formula1.com/en/results.html/2024/races/1242/belgium/practice-3.html,20,20,MAG,Kevin Magnussen,Haas Ferrari,2,,
2024,FORMULA 1 HEINEKEN DUTCH,1243,practice_3,https://www.formula1.com/en/results.html/2024/races/1243/netherlands/practice-3.html,1,10,GAS,Pierre Gasly,Alpine Renault,5,1:20.311,
2024,FORMULA 1 HEINEKEN DUTCH,1243,practice_3,https://www.formula1.com/en/results.html/2024/races/1243/netherlands/practice-3.html,2,20,MAG,Kevin Magnussen,Haas Ferrari,9,1:20.450,+0.139s
2024,FORMULA 1 HEINEKEN DUTCH,1243,practice_3,https://www.formula1.com/en/results.html/2024/races/1243/netherlands/practice-3.html,3,77,BOT,Valtteri Bottas,Kick Sauber Ferrari,7,1:21.155,+0.844s
2024,FORMULA 1 HEINEKEN DUTCH,1243,practice_3,https://www.formula1.com/en/results.html/2024/races/1243/netherlands/practice-3.html,4,4,NOR,Lando Norris,McLaren Mercedes,6,1:21.387,+1.076s
2024,FORMULA 1 HEINEKEN DUTCH,1243,practice_3,https://www.formula1.com/en/results.html/2024/races/1243/netherlands/practice-3.html,5,14,ALO,Fernando Alonso,Aston Martin Aramco Mercedes,6,1:21.461,+1.150s
2024,FORMULA 1 HEINEKEN DUTCH,1243,practice_3,https://www.formula1.com/en/results.html/2024/races/1243/netherlands/practice-3.html,6,31,OCO,Esteban Ocon,Alpine Renault,4,1:21.643,+1.332s
2024,FORMULA 1 HEINEKEN DUTCH,1243,practice_3,https://www.formula1.com/en/results.html/2024/races/1243/netherlands/practice-3.html,7,81,PIA,Oscar Piastri,McLaren Mercedes,10,1:21.850,+1.539s
2024,FORMULA 1 HEINEKEN DUTCH,1243,practice_3,https://www.formula1.com/en/results.html/2024/races/1243/netherlands/practice-3.html,8,18,STR,Lance Stroll,Aston Martin Aramco Mercedes,7,1:21.941,+1.630s
2024,FORMULA 1 HEINEKEN DUTCH,1243,practice_3,https://www.formula1.com/en/results.html/2024/races/1243/netherlands/practice-3.html,9,27,HUL,Nico Hulkenberg,Haas Ferrari,5,1:22.354,+2.043s
2024,FORMULA 1 HEINEKEN DUTCH,1243,practice_3,https://www.formula1.com/en/results.html/2024/races/1243/netherlands/practice-3.html,10,55,SAI,Carlos Sainz,Ferrari,6,1:22.589,+2.278s
2024,FORMULA 1 HEINEKEN DUTCH,1243,practice_3,https://www.formula1.com/en/results.html/2024/races/1243/netherlands/practice-3.html,11,24,ZHO,Zhou Guanyu,Kick Sauber Ferrari,5,1:23.240,+2.929s
2024,FORMULA 1 HEINEKEN DUTCH,1243,practice_3,https://www.formula1.com/en/results.html/2024/races/1243/netherlands/practice-3.html,12,2,SAR,Logan Sargeant,Williams Mercedes,4,1:23.287,+2.976s
2024,FORMULA 1 HEINEKEN DUTCH,1243,practice_3,https://www.formula1.com/en/results.html/2024/races/1243/netherlands/practice-3.html,13,63,RUS,George Russell,Mercedes,7,1:23.958,+3.647s
2024,FORMULA 1 HEINEKEN DUTCH,1243,practice_3,https://www.formula1.com/en/results.html/2024/races/1243/netherlands/practice-3.html,14,23,ALB,Alexander Albon,Williams Mercedes,5,1:24.007,+3.696s
2024,FORMULA 1 HEINEKEN DUTCH,1243,practice_3,https://www.formula1.com/en/results.html/2024/races/1243/netherlands/practice-3.html,15,44,HAM,Lewis Hamilton,Mercedes,3,1:24.098,+3.787s
2024,FORMULA 1 HEINEKEN DUTCH,1243,practice_3,https://www.formula1.com/en/results.html/2024/races/1243/netherlands/practice-3.html,16,16,LEC,Charles Leclerc,Ferrari,4,1:24.158,+3.847s
2024,FORMULA 1 HEINEKEN DUTCH,1243,practice_3,https://www.formula1.com/en/results.html/2024/races/1243/netherlands/practice-3.html,17,1,VER,Max Verstappen,Red Bull Racing Honda RBPT,3,1:24.360,+4.049s
2024,FORMULA 1 HEINEKEN DUTCH,1243,practice_3,https://www.formula1.com/en/results.html/2024/races/1243/netherlands/practice-3.html,18,3,RIC,Daniel Ricciardo,RB Honda RBPT,7,1:25.433,+5.122s
2024,FORMULA 1 HEINEKEN DUTCH,1243,practice_3,https://www.formula1.com/en/results.html/2024/races/1243/netherlands/practice-3.html,19,22,TSU,Yuki Tsunoda,RB Honda RBPT,4,,
2024,FORMULA 1 HEINEKEN DUTCH,1243,practice_3,https://www.formula1.com/en/results.html/2024/races/1243/netherlands/practice-3.html,20,11,PER,Sergio Perez,Red Bull Racing Honda RBPT,2,,
2024,FORMULA 1 QATAR AIRWAYS AZERBAIJAN,1245,practice_3,https://www.formula1.com/en/results.html/2024/races/1245/azerbaijan/practice-3.html,1,63,RUS,George Russell,Mercedes,15,1:42.514,
2024,FORMULA 1 QATAR AIRWAYS AZERBAIJAN,1245,practice_3,https://www.formula1.com/en/results.html/2024/races/1245/azerbaijan/practice-3.html,2,16,LEC,Charles Leclerc,Ferrari,17,1:42.527,+0.013s
2024,FORMULA 1 QATAR AIRWAYS AZERBAIJAN,1245,practice_3,https://www.formula1.com/en/results.html/2024/races/1245/azerbaijan/practice-3.html,3,4,NOR,Lando Norris,McLaren Mercedes,15,1:42.737,+0.223s
2024,FORMULA 1 QATAR AIRWAYS AZERBAIJAN,1245,practice_3,https://www.formula1.com/en/results.html/2024/races/1245/azerbaijan/practice-3.html,4,81,PIA,Oscar Piastri,McLaren Mercedes,14,1:42.749,+0.235s
2024,FORMULA 1 QATAR AIRWAYS AZERBAIJAN,1245,practice_3,https://www.formula1.com/en/results.html/2024/races/1245/azerbaijan/practice-3.html,5,1,VER,Max Verstappen,Red Bull Racing Honda RBPT,16,1:42.862,+0.348s
2024,FORMULA 1 QATAR AIRWAYS AZERBAIJAN,1245,practice_3,https://www.formula1.com/en/results.html/2024/races/1245/azerbaijan/practice-3.html,6,55,SAI,Carlos Sainz,Ferrari,17,1:42.968,+0.454s
2024,FORMULA 1 QATAR AIRWAYS AZERBAIJAN,1245,practice_3,https://www.formula1.com/en/results.html/2024/races/1245/azerbaijan/practice-3.html,7,11,PER,Sergio Perez,Red Bull Racing Honda RBPT,16,1:43.024,+0.510s
2024,FORMULA 1 QATAR AIRWAYS AZERBAIJAN,1245,practice_3,https://www.formula1.com/en/results.html/2024/races/1245/azerbaijan/practice-3.html,8,23,ALB,Alexander Albon,Williams Mercedes,14,1:43.194,+0.680s
2024,FORMULA 1 QATAR AIRWAYS AZERBAIJAN,1245,practice_3,https://www.formula1.com/en/results.html/2024/races/1245/azerbaijan/practice-3.html,9,43,COL,Franco Colapinto,Williams Mercedes,15,1:43.238,+0.724s
2024,FORMULA 1 QATAR AIRWAYS AZERBAIJAN,1245,practice_3,https://www.formula1.com/en/results.html/2024/races/1245/azerbaijan/practice-3.html,10,44,HAM,Lewis Hamilton,Mercedes,13,1:43.301,+0.787s
2024,FORMULA 1 QATAR AIRWAYS AZERBAIJAN,1245,practice_3,https://www.formula1.com/en/results.html/2024/races/1245/azerbaijan/practice-3.html,11,14,ALO,Fernando Alonso,Aston Martin Aramco Mercedes,15,1:43.474,+0.960s
2024,FORMULA 1 QATAR AIRWAYS AZERBAIJAN,1245,practice_3,https://www.formula1.com/en/results.html/2024/races/1245/azerbaijan/practice-3.html,12,22,TSU,Yuki Tsunoda,RB Honda RBPT,17,1:43.503,+0.989s
2024,FORMULA 1 QATAR AIRWAYS AZERBAIJAN,1245,practice_3,https://www.formula1.com/en/results.html/2024/races/1245/azerbaijan/practice-3.html,13,18,STR,Lance Stroll,Aston Martin Aramco Mercedes,19,1:43.571,+1.057s
2024,FORMULA 1 QATAR AIRWAYS AZERBAIJAN,1245,practice_3,https://www.formula1.com/en/results.html/2024/races/1245/azerbaijan/practice-3.html,14,3,RIC,Daniel Ricciardo,RB Honda RBPT,18,1:43.870,+1.356s
2024,FORMULA 1 QATAR AIRWAYS AZERBAIJAN,1245,practice_3,https://www.formula1.com/en/results.html/2024/races/1245/azerbaijan/practice-3.html,15,10,GAS,Pierre Gasly,Alpine Renault,15,1:43.876,+1.362s
2024,FORMULA 1 QATAR AIRWAYS AZERBAIJAN,1245,practice_3,https://www.formula1.com/en/results.html/2024/races/1245/azerbaijan/practice-3.html,16,27,HUL,Nico Hulkenberg,Haas Ferrari,13,1:44.164,+1.650s
2024,FORMULA 1 QATAR AIRWAYS AZERBAIJAN,1245,practice_3,https://www.formula1.com/en/results.html/2024/races/1245/azerbaijan/practice-3.html,17,77,BOT,Valtteri Bottas,Kick Sauber Ferrari,18,1:44.187,+1.673s
2024,FORMULA 1 QATAR AIRWAYS AZERBAIJAN,1245,practice_3,https://www.formula1.com/en/results.html/2024/races/1245/azerbaijan/practice-3.html,18,24,ZHO,Zhou Guanyu,Kick Sauber Ferrari,20,1:44.869,+2.355s
2024,FORMULA 1 QATAR AIRWAYS AZERBAIJAN,1245,practice_3,https://www.formula1.com/en/results.html/2024/races/1245/azerbaijan/practice-3.html,19,31,OCO,Esteban Ocon,Alpine Renault,1,,
2024,FORMULA 1 QATAR AIRWAYS AZERBAIJAN,1245,practice_3,https://www.formula1.com/en/results.html/2024/races/1245/azerbaijan/practice-3.html,20,50,BEA,Oliver Bearman,Haas Ferrari,2,,
2024,FORMULA 1 SINGAPORE AIRLINES SINGAPORE,1246,practice_3,https://www.formula1.com/en/results.html/2024/races/1246/singapore/practice-3.html,1,4,NOR,Lando Norris,McLaren Mercedes,16,1:29.646,
2024,FORMULA 1 SINGAPORE AIRLINES SINGAPORE,1246,practice_3,https://www.formula1.com/en/results.html/2024/races/1246/singapore/practice-3.html,2,63,RUS,George Russell,Mercedes,19,1:30.125,+0.479s
2024,FORMULA 1 SINGAPORE AIRLINES SINGAPORE,1246,practice_3,https://www.formula1.com/en/results.html/2024/races/1246/singapore/practice-3.html,3,81,PIA,Oscar Piastri,McLaren Mercedes,16,1:30.431,+0.785s
2024,FORMULA 1 SINGAPORE AIRLINES SINGAPORE,1246,practice_3,https://www.formula1.com/en/results.html/2024/races/1246/singapore/practice-3.html,4,1,VER,Max Verstappen,Red Bull Racing Honda RBPT,16,1:30.540,+0.894s
2024,FORMULA 1 SINGAPORE AIRLINES SINGAPORE,1246,practice_3,https://www.formula1.com/en/results.html/2024/races/1246/singapore/practice-3.html,5,16,LEC,Charles Leclerc,Ferrari,20,1:30.559,+0.913s
2024,FORMULA 1 SINGAPORE AIRLINES SINGAPORE,1246,practice_3,https://www.formula1.com/en/results.html/2024/races/1246/singapore/practice-3.html,6,55,SAI,Carlos Sainz,Ferrari,20,1:30.807,+1.161s
2024,FORMULA 1 SINGAPORE AIRLINES SINGAPORE,1246,practice_3,https://www.formula1.com/en/results.html/2024/races/1246/singapore/practice-3.html,7,44,HAM,Lewis Hamilton,Mercedes,19,1:30.864,+1.218s
2024,FORMULA 1 SINGAPORE AIRLINES SINGAPORE,1246,practice_3,https://www.formula1.com/en/results.html/2024/races/1246/singapore/practice-3.html,8,23,ALB,Alexander Albon,Williams Mercedes,13,1:30.949,+1.303s
2024,FORMULA 1 SINGAPORE AIRLINES SINGAPORE,1246,practice_3,https://www.formula1.com/en/results.html/2024/races/1246/singapore/practice-3.html,9,43,COL,Franco Colapinto,Williams Mercedes,15,1:30.989,+1.343s
2024,FORMULA 1 SINGAPORE AIRLINES SINGAPORE,1246,practice_3,https://www.formula1.com/en/results.html/2024/races/1246/singapore/practice-3.html,10,14,ALO,Fernando Alonso,Aston Martin Aramco Mercedes,23,1:31.082,+1.436s
2024,FORMULA 1 SINGAPORE AIRLINES SINGAPORE,1246,practice_3,https://www.formula1.com/en/results.html/2024/races/1246/singapore/practice-3.html,11,22,TSU,Yuki Tsunoda,RB Honda RBPT,16,1:31.114,+1.468s
2024,FORMULA 1 SINGAPORE AIRLINES SINGAPORE,1246,practice_3,https://www.formula1.com/en/results.html/2024/races/1246/singapore/practice-3.html,12,27,HUL,Nico Hulkenberg,Haas Ferrari,14,1:31.187,+1.541s
2024,FORMULA 1 SINGAPORE AIRLINES SINGAPORE,1246,practice_3,https://www.formula1.com/en/results.html/2024/races/1246/singapore/practice-3.html,13,20,MAG,Kevin Magnussen,Haas Ferrari,14,1:31.265,+1.619s
2024,FORMULA 1 SINGAPORE AIRLINES SINGAPORE,1246,practice_3,https://www.formula1.com/en/results.html/2024/races/1246/singapore/practice-3.html,14,10,GAS,Pierre Gasly,Alpine Renault,22,1:31.367,+1.721s
2024,FORMULA 1 SINGAPORE AIRLINES SINGAPORE,1246,practice_3,https://www.formula1.com/en/results.html/2024/races/1246/singapore/practice-3.html,15,11,PER,Sergio Perez,Red Bull Racing Honda RBPT,15,1:31.440,+1.794s
2024,FORMULA 1 SINGAPORE AIRLINES SINGAPORE,1246,practice_3,https://www.formula1.com/en/results.html/2024/races/1246/singapore/practice-3.html,16,31,OCO,Esteban Ocon,Alpine Renault,20,1:31.559,+1.913s
2024,FORMULA 1 SINGAPORE AIRLINES SINGAPORE,1246,practice_3,https://www.formula1.com/en/results.html/2024/races/1246/singapore/practice-3.html,17,3,RIC,Daniel Ricciardo,RB Honda RBPT,17,1:31.561,+1.915s
2024,FORMULA 1 SINGAPORE AIRLINES SINGAPORE,1246,practice_3,https://www.formula1.com/en/results.html/2024/races/1246/singapore/practice-3.html,18,18,STR,Lance Stroll,Aston Martin Aramco Mercedes,24,1:31.719,+2.073s
2024,FORMULA 1 SINGAPORE AIRLINES SINGAPORE,1246,practice_3,https://www.formula1.com/en/results.html/2024/races/1246/singapore/practice-3.html,19,77,BOT,Valtteri Bottas,Kick Sauber Ferrari,17,1:32.098,+2.452s
2024,FORMULA 1 SINGAPORE AIRLINES SINGAPORE,1246,practice_3,https://www.formula1.com/en/results.html/2024/races/1246/singapore/practice-3.html,20,24,ZHO,Zhou Guanyu,Kick Sauber Ferrari,19,1:32.652,+3.006s
2024,FORMULA 1 GRAN PREMIO DE LA CIUDAD DE MÉXICO,1248,practice_3,https://www.formula1.com/en/results.html/2024/races/1248/mexico/practice-3.html,1,81,PIA,Oscar Piastri,McLaren Mercedes,18,1:16.492,
2024,FORMULA 1 GRAN PREMIO DE LA CIUDAD DE MÉXICO,1248,practice_3,https://www.formula1.com/en/results.html/2024/races/1248/mexico/practice-3.html,2,4,NOR,Lando Norris,McLaren Mercedes,18,1:16.551,+0.059s
2024,FORMULA 1 GRAN PREMIO DE LA CIUDAD DE MÉXICO,1248,practice_3,https://www.formula1.com/en/results.html/2024/races/1248/mexico/practice-3.html,3,55,SAI,Carlos Sainz,Ferrari,21,1:16.832,+0.340s
2024,FORMULA 1 GRAN PREMIO DE LA CIUDAD DE MÉXICO,1248,practice_3,https://www.formula1.com/en/results.html/2024/races/1248/mexico/practice-3.html,4,1,VER,Max Verstappen,Red Bull Racing Honda RBPT,26,1:17.003,+0.511s
2024,FORMULA 1 GRAN PREMIO DE LA CIUDAD DE MÉXICO,1248,practice_3,https://www.formula1.com/en/results.html/2024/races/1248/mexico/practice-3.html,5,44,HAM,Lewis Hamilton,Mercedes,21,1:17.060,+0.568s
2024,FORMULA 1 GRAN PREMIO DE LA CIUDAD DE MÉXICO,1248,practice_3,https://www.formula1.com/en/results.html/2024/races/1248/mexico/practice-3.html,6,16,LEC,Charles Leclerc,Ferrari,24,1:17.232,+0.740s
2024,FORMULA 1 GRAN PREMIO DE LA CIUDAD DE MÉXICO,1248,practice_3,https://www.formula1.com/en/results.html/2024/races/1248/mexico/practice-3.html,7,22,TSU,Yuki Tsunoda,RB Honda RBPT,20,1:17.302,+0.810s
2024,FORMULA 1 GRAN PREMIO DE LA CIUDAD DE MÉXICO,1248,practice_3,https://www.formula1.com/en/results.html/2024/races/1248/mexico/practice-3.html,8,63,RUS,George Russell,Mercedes,28,1:17.341,+0.849s
2024,FORMULA 1 GRAN PREMIO DE LA CIUDAD DE MÉXICO,1248,practice_3,https://www.formula1.com/en/results.html/2024/races/1248/mexico/practice-3.html,9,20,MAG,Kevin Magnussen,Haas Ferrari,19,1:17.474,+0.982s
2024,FORMULA 1 GRAN PREMIO DE LA CIUDAD DE MÉXICO,1248,practice_3,https://www.formula1.com/en/results.html/2024/races/1248/mexico/practice-3.html,10,30,LAW,Liam Lawson,RB Honda RBPT,23,1:17.494,+1.002s
2024,FORMULA 1 GRAN PREMIO DE LA CIUDAD DE MÉXICO,1248,practice_3,https://www.formula1.com/en/results.html/2024/races/1248/mexico/practice-3.html,11,23,ALB,Alexander Albon,Williams Mercedes,19,1:17.511,+1.019s
2024,FORMULA 1 GRAN PREMIO DE LA CIUDAD DE MÉXICO,1248,practice_3,https://www.formula1.com/en/results.html/2024/races/1248/mexico/practice-3.html,12,77,BOT,Valtteri Bottas,Kick Sauber Ferrari,25,1:17.639,+1.147s
2024,FORMULA 1 GRAN PREMIO DE LA CIUDAD DE MÉXICO,1248,practice_3,https://www.formula1.com/en/results.html/2024/races/1248/mexico/practice-3.html,13,43,COL,Franco Colapinto,Williams Mercedes,18,1:17.712,+1.220s
2024,FORMULA 1 GRAN PREMIO DE LA CIUDAD DE MÉXICO,1248,practice_3,https://www.formula1.com/en/results.html/2024/races/1248/mexico/practice-3.html,14,11,PER,Sergio Perez,Red Bull Racing Honda RBPT,19,1:17.787,+1.295s
2024,FORMULA 1 GRAN PREMIO DE LA CIUDAD DE MÉXICO,1248,practice_3,https://www.formula1.com/en/results.html/2024/races/1248/mexico/practice-3.html,15,14,ALO,Fernando Alonso,Aston Martin Aramco Mercedes,23,1:17.798,+1.306s
2024,FORMULA 1 GRAN PREMIO DE LA CIUDAD DE MÉXICO,1248,practice_3,https://www.formula1.com/en/results.html/2024/races/1248/mexico/practice-3.html,16,27,HUL,Nico Hulkenberg,Haas Ferrari,20,1:17.819,+1.327s
2024,FORMULA 1 GRAN PREMIO DE LA CIUDAD DE MÉXICO,1248,practice_3,https://www.formula1.com/en/results.html/2024/races/1248/mexico/practice-3.html,17,18,STR,Lance Stroll,Aston Martin Aramco Mercedes,26,1:17.900,+1.408s
2024,FORMULA 1 GRAN PREMIO DE LA CIUDAD DE MÉXICO,1248,practice_3,https://www.formula1.com/en/results.html/2024/races/1248/mexico/practice-3.html,18,31,OCO,Esteban Ocon,Alpine Renault,19,1:18.324,+1.832s
2024,FORMULA 1 GRAN PREMIO DE LA CIUDAD DE MÉXICO,1248,practice_3,https://www.formula1.com/en/results.html/2024/races/1248/mexico/practice-3.html,19,24,ZHO,Zhou Guanyu,Kick Sauber Ferrari,18,1:18.428,+1.936s
2024,FORMULA 1 GRAN PREMIO DE LA CIUDAD DE MÉXICO,1248,practice_3,https://www.formula1.com/en/results.html/2024/races/1248/mexico/practice-3.html,20,10,GAS,Pierre Gasly,Alpine Renault,20,1:18.454,+1.962s
2024,FORMULA 1 HEINEKEN SILVER LAS VEGAS,1250,practice_3,https://www.formula1.com/en/results.html/2024/races/1250/las-vegas/practice-3.html,1,63,RUS,George Russell,Mercedes,18,1:33.570,
2024,FORMULA 1 HEINEKEN SILVER LAS VEGAS,1250,practice_3,https://www.formula1.com/en/results.html/2024/races/1250/las-vegas/practice-3.html,2,81,PIA,Oscar Piastri,McLaren Mercedes,14,1:33.785,+0.215s
2024,FORMULA 1 HEINEKEN SILVER LAS VEGAS,1250,practice_3,https://www.formula1.com/en/results.html/2024/races/1250/las-vegas/practice-3.html,3,55,SAI,Carlos Sainz,Ferrari,16,1:33.918,+0.348s
2024,FORMULA 1 HEINEKEN SILVER LAS VEGAS,1250,practice_3,https://www.formula1.com/en/results.html/2024/races/1250/las-vegas/practice-3.html,4,4,NOR,Lando Norris,McLaren Mercedes,14,1:34.008,+0.438s
2024,FORMULA 1 HEINEKEN SILVER LAS VEGAS,1250,practice_3,https://www.formula1.com/en/results.html/2024/races/1250/las-vegas/practice-3.html,5,1,VER,Max Verstappen,Red Bull Racing Honda RBPT,17,1:34.137,+0.567s
2024,FORMULA 1 HEINEKEN SILVER LAS VEGAS,1250,practice_3,https://www.formula1.com/en/results.html/2024/races/1250/las-vegas/practice-3.html,6,44,HAM,Lewis Hamilton,Mercedes,17,1:34.341,+0.771s
2024,FORMULA 1 HEINEKEN SILVER LAS VEGAS,1250,practice_3,https://www.formula1.com/en/results.html/2024/races/1250/las-vegas/practice-3.html,7,23,ALB,Alexander Albon,Williams Mercedes,15,1:34.407,+0.837s
2024,FORMULA 1 HEINEKEN SILVER LAS VEGAS,1250,practice_3,https://www.formula1.com/en/results.html/2024/races/1250/las-vegas/practice-3.html,8,43,COL,Franco Colapinto,Williams Mercedes,15,1:34.723,+1.153s
2024,FORMULA 1 HEINEKEN SILVER LAS VEGAS,1250,practice_3,https://www.formula1.com/en/results.html/2024/races/1250/las-vegas/practice-3.html,9,20,MAG,Kevin Magnussen,Haas Ferrari,13,1:34.883,+1.313s
2024,FORMULA 1 HEINEKEN SILVER LAS VEGAS,1250,practice_3,https://www.formula1.com/en/results.html/2024/races/1250/las-vegas/practice-3.html,10,10,GAS,Pierre Gasly,Alpine Renault,15,1:34.905,+1.335s
2024,FORMULA 1 HEINEKEN SILVER LAS VEGAS,1250,practice_3,https://www.formula1.com/en/results.html/2024/races/1250/las-vegas/practice-3.html,11,27,HUL,Nico Hulkenberg,Haas Ferrari,15,1:34.908,+1.338s
2024,FORMULA 1 HEINEKEN SILVER LAS VEGAS,1250,practice_3,https://www.formula1.com/en/results.html/2024/races/1250/las-vegas/practice-3.html,12,16,LEC,Charles Leclerc,Ferrari,15,1:34.941,+1.371s
2024,FORMULA 1 HEINEKEN SILVER LAS VEGAS,1250,practice_3,https://www.formula1.com/en/results.html/2024/races/1250/las-vegas/practice-3.html,13,11,PER,Sergio Perez,Red Bull Racing Honda RBPT,19,1:35.061,+1.491s
2024,FORMULA 1 HEINEKEN SILVER LAS VEGAS,1250,practice_3,https://www.formula1.com/en/results.html/2024/races/1250/las-vegas/practice-3.html,14,31,OCO,Esteban Ocon,Alpine Renault,14,1:35.460,+1.890s
2024,FORMULA 1 HEINEKEN SILVER LAS VEGAS,1250,practice_3,https://www.formula1.com/en/results.html/2024/races/1250/las-vegas/practice-3.html,15,14,ALO,Fernando Alonso,Aston Martin Aramco Mercedes,16,1:35.938,+2.368s
2024,FORMULA 1 HEINEKEN SILVER LAS VEGAS,1250,practice_3,https://www.formula1.com/en/results.html/2024/races/1250/las-vegas/practice-3.html,16,22,TSU,Yuki Tsunoda,RB Honda RBPT,18,1:36.215,+2.645s
2024,FORMULA 1 HEINEKEN SILVER LAS VEGAS,1250,practice_3,https://www.formula1.com/en/results.html/2024/races/1250/las-vegas/practice-3.html,17,77,BOT,Valtteri Bottas,Kick Sauber Ferrari,14,1:36.412,+2.842s
2024,FORMULA 1 HEINEKEN SILVER LAS VEGAS,1250,practice_3,https://www.formula1.com/en/results.html/2024/races/1250/las-vegas/practice-3.html,18,30,LAW,Liam Lawson,RB Honda RBPT,18,1:36.544,+2.974s
2024,FORMULA 1 HEINEKEN SILVER LAS VEGAS,1250,practice_3,https://www.formula1.com/en/results.html/2024/races/1250/las-vegas/practice-3.html,19,18,STR,Lance Stroll,Aston Martin Aramco Mercedes,13,1:36.950,+3.380s
2024,FORMULA 1 HEINEKEN SILVER LAS VEGAS,1250,practice_3,https://www.formula1.com/en/results.html/2024/races/1250/las-vegas/practice-3.html,20,24,ZHO,Zhou Guanyu,Kick Sauber Ferrari,16,1:36.988,+3.418s
2024,FORMULA 1 ETIHAD AIRWAYS ABU DHABI,1252,practice_3,https://www.formula1.com/en/results.html/2024/races/1252/abu-dhabi/practice-3.html,1,81,PIA,Oscar Piastri,McLaren Mercedes,16,1:23.433,
2024,FORMULA 1 ETIHAD AIRWAYS ABU DHABI,1252,practice_3,https://www.formula1.com/en/results.html/2024/races/1252/abu-dhabi/practice-3.html,2,4,NOR,Lando Norris,McLaren Mercedes,15,1:23.626,+0.193s
2024,FORMULA 1 ETIHAD AIRWAYS ABU DHABI,1252,practice_3,https://www.formula1.com/en/results.html/2024/races/1252/abu-dhabi/practice-3.html,3,44,HAM,Lewis Hamilton,Mercedes,18,1:23.823,+0.390s
2024,FORMULA 1 ETIHAD AIRWAYS ABU DHABI,1252,practice_3,https://www.formula1.com/en/results.html/2024/races/1252/abu-dhabi/practice-3.html,4,1,VER,Max Verstappen,Red Bull Racing Honda RBPT,17,1:23.844,+0.411s
2024,FORMULA 1 ETIHAD AIRWAYS ABU DHABI,1252,practice_3,https://www.formula1.com/en/results.html/2024/races/1252/abu-dhabi/practice-3.html,5,55,SAI,Carlos Sainz,Ferrari,21,1:23.871,+0.438s
2024,FORMULA 1 ETIHAD AIRWAYS ABU DHABI,1252,practice_3,https://www.formula1.com/en/results.html/2024/races/1252/abu-dhabi/practice-3.html,6,63,RUS,George Russell,Mercedes,18,1:24.075,+0.642s
2024,FORMULA 1 ETIHAD AIRWAYS ABU DHABI,1252,practice_3,https://www.formula1.com/en/results.html/2024/races/1252/abu-dhabi/practice-3.html,7,27,HUL,Nico Hulkenberg,Haas Ferrari,14,1:24.093,+0.660s
2024,FORMULA 1 ETIHAD AIRWAYS ABU DHABI,1252,practice_3,https://www.formula1.com/en/results.html/2024/races/1252/abu-dhabi/practice-3.html,8,20,MAG,Kevin Magnussen,Haas Ferrari,14,1:24.094,+0.661s
2024,FORMULA 1 ETIHAD AIRWAYS ABU DHABI,1252,practice_3,https://www.formula1.com/en/results.html/2024/races/1252/abu-dhabi/practice-3.html,9,16,LEC,Charles Leclerc,Ferrari,20,1:24.098,+0.665s
2024,FORMULA 1 ETIHAD AIRWAYS ABU DHABI,1252,practice_3,https://www.formula1.com/en/results.html/2024/races/1252/abu-dhabi/practice-3.html,10,11,PER,Sergio Perez,Red Bull Racing Honda RBPT,17,1:24.283,+0.850s
2024,FORMULA 1 ETIHAD AIRWAYS ABU DHABI,1252,practice_3,https://www.formula1.com/en/results.html/2024/races/1252/abu-dhabi/practice-3.html,11,22,TSU,Yuki Tsunoda,RB Honda RBPT,18,1:24.343,+0.910s
2024,FORMULA 1 ETIHAD AIRWAYS ABU DHABI,1252,practice_3,https://www.formula1.com/en/results.html/2024/races/1252/abu-dhabi/practice-3.html,12,23,ALB,Alexander Albon,Williams Mercedes,15,1:24.378,+0.945s
2024,FORMULA 1 ETIHAD AIRWAYS ABU DHABI,1252,practice_3,https://www.formula1.com/en/results.html/2024/races/1252/abu-dhabi/practice-3.html,13,10,GAS,Pierre Gasly,Alpine Renault,17,1:24.408,+0.975s
2024,FORMULA 1 ETIHAD AIRWAYS ABU DHABI,1252,practice_3,https://www.formula1.com/en/results.html/2024/races/1252/abu-dhabi/practice-3.html,14,61,DOO,Jack Doohan,Alpine Renault,17,1:24.434,+1.001s
2024,FORMULA 1 ETIHAD AIRWAYS ABU DHABI,1252,practice_3,https://www.formula1.com/en/results.html/2024/races/1252/abu-dhabi/practice-3.html,15,14,ALO,Fernando Alonso,Aston Martin Aramco Mercedes,19,1:24.453,+1.020s
2024,FORMULA 1 ETIHAD AIRWAYS ABU DHABI,1252,practice_3,https://www.formula1.com/en/results.html/2024/races/1252/abu-dhabi/practice-3.html,16,77,BOT,Valtteri Bottas,Kick Sauber Ferrari,16,1:24.479,+1.046s
2024,FORMULA 1 ETIHAD AIRWAYS ABU DHABI,1252,practice_3,https://www.formula1.com/en/results.html/2024/races/1252/abu-dhabi/practice-3.html,17,30,LAW,Liam Lawson,RB Honda RBPT,19,1:24.519,+1.086s
2024,FORMULA 1 ETIHAD AIRWAYS ABU DHABI,1252,practice_3,https://www.formula1.com/en/results.html/2024/races/1252/abu-dhabi/practice-3.html,18,18,STR,Lance Stroll,Aston Martin Aramco Mercedes,20,1:24.531,+1.098s
2024,FORMULA 1 ETIHAD AIRWAYS ABU DHABI,1252,practice_3,https://www.formula1.com/en/results.html/2024/races/1252/abu-dhabi/practice-3.html,19,24,ZHO,Zhou Guanyu,Kick Sauber Ferrari,16,1:24.668,+1.235s
2024,FORMULA 1 ETIHAD AIRWAYS ABU DHABI,1252,practice_3,https://www.formula1.com/en/results.html/2024/races/1252/abu-dhabi/practice-3.html,20,43,COL,Franco Colapinto,Williams Mercedes,15,1:24.766,+1.333s
