year,race_name,race_id,result_type,url,position,driver_number,driver_code,driver_name,team,laps,lap_time,gap
2025,FORMULA 1 LOUIS VUITTON AUSTRALIAN,1254,practice_1,https://www.formula1.com/en/results.html/2025/races/1254/australia/practice-1.html,1,4,NOR,Lando Norris,McLaren Mercedes,21,1:17.252,
2025,FORMULA 1 LOUIS VUITTON AUSTRALIAN,1254,practice_1,https://www.formula1.com/en/results.html/2025/races/1254/australia/practice-1.html,2,55,SAI,Carlos Sainz,Williams Mercedes,25,1:17.401,+0.149s
2025,FORMULA 1 LOUIS VUITTON AUSTRALIAN,1254,practice_1,https://www.formula1.com/en/results.html/2025/races/1254/australia/practice-1.html,3,16,LEC,Charles Leclerc,Ferrari,21,1:17.461,+0.209s
2025,FORMULA 1 LOUIS VUITTON AUSTRALIAN,1254,practice_1,https://www.formula1.com/en/results.html/2025/races/1254/australia/practice-1.html,4,81,PIA,Oscar Piastri,McLaren Mercedes,20,1:17.670,+0.418s
2025,FORMULA 1 LOUIS VUITTON AUSTRALIAN,1254,practice_1,https://www.formula1.com/en/results.html/2025/races/1254/australia/practice-1.html,5,1,VER,Max Verstappen,Red Bull Racing Honda RBPT,21,1:17.696,+0.444s
2025,FORMULA 1 LOUIS VUITTON AUSTRALIAN,1254,practice_1,https://www.formula1.com/en/results.html/2025/races/1254/australia/practice-1.html,6,23,ALB,Alexander Albon,Williams Mercedes,18,1:17.713,+0.461s
2025,FORMULA 1 LOUIS VUITTON AUSTRALIAN,1254,practice_1,https://www.formula1.com/en/results.html/2025/races/1254/australia/practice-1.html,7,63,RUS,George Russell,Mercedes,26,1:17.716,+0.464s
2025,FORMULA 1 LOUIS VUITTON AUSTRALIAN,1254,practice_1,https://www.formula1.com/en/results.html/2025/races/1254/australia/practice-1.html,8,14,ALO,Fernando Alonso,Aston Martin Aramco Mercedes,23,1:17.736,+0.484s
2025,FORMULA 1 LOUIS VUITTON AUSTRALIAN,1254,practice_1,https://www.formula1.com/en/results.html/2025/races/1254/australia/practice-1.html,9,6,HAD,Isack Hadjar,Racing Bulls Honda RBPT,25,1:17.847,+0.595s
2025,FORMULA 1 LOUIS VUITTON AUSTRALIAN,1254,practice_1,https://www.formula1.com/en/results.html/2025/races/1254/australia/practice-1.html,10,18,STR,Lance Stroll,Aston Martin Aramco Mercedes,20,1:18.057,+0.805s
2025,FORMULA 1 LOUIS VUITTON AUSTRALIAN,1254,practice_1,https://www.formula1.com/en/results.html/2025/races/1254/australia/practice-1.html,11,22,TSU,Yuki Tsunoda,Racing Bulls Honda RBPT,23,1:18.061,+0.809s
2025,FORMULA 1 LOUIS VUITTON AUSTRALIAN,1254,practice_1,https://www.formula1.com/en/results.html/2025/races/1254/australia/practice-1.html,12,44,HAM,Lewis Hamilton,Ferrari,20,1:18.071,+0.819s
2025,FORMULA 1 LOUIS VUITTON AUSTRALIAN,1254,practice_1,https://www.formula1.com/en/results.html/2025/races/1254/australia/practice-1.html,13,7,DOO,Jack Doohan,Alpine Renault,20,1:18.232,+0.980s
2025,FORMULA 1 LOUIS VUITTON AUSTRALIAN,1254,practice_1,https://www.formula1.com/en/results.html/2025/races/1254/australia/practice-1.html,14,12,ANT,Kimi Antonelli,Mercedes,25,1:18.390,+1.138s
2025,FORMULA 1 LOUIS VUITTON AUSTRALIAN,1254,practice_1,https://www.formula1.com/en/results.html/2025/races/1254/australia/practice-1.html,15,5,BOR,Gabriel Bortoleto,Kick Sauber Ferrari,22,1:18.438,+1.186s
2025,FORMULA 1 LOUIS VUITTON AUSTRALIAN,1254,practice_1,https://www.formula1.com/en/results.html/2025/races/1254/australia/practice-1.html,16,30,LAW,Liam Lawson,Red Bull Racing Honda RBPT,22,1:18.455,+1.203s
2025,FORMULA 1 LOUIS VUITTON AUSTRALIAN,1254,practice_1,https://www.formula1.com/en/results.html/2025/races/1254/australia/practice-1.html,17,10,GAS,Pierre Gasly,Alpine Renault,23,1:18.505,+1.253s
2025,FORMULA 1 LOUIS VUITTON AUSTRALIAN,1254,practice_1,https://www.formula1.com/en/results.html/2025/races/1254/australia/practice-1.html,18,27,HUL,Nico Hulkenberg,Kick Sauber Ferrari,18,1:18.586,+1.334s
2025,FORMULA 1 LOUIS VUITTON AUSTRALIAN,1254,practice_1,https://www.formula1.com/en/results.html/2025/races/1254/australia/practice-1.html,19,31,OCO,Esteban Ocon,Haas Ferrari,16,1:19.139,+1.887s
2025,FORMULA 1 LOUIS VUITTON AUSTRALIAN,1254,practice_1,https://www.formula1.com/en/results.html/2025/races/1254/australia/practice-1.html,20,87,BEA,Oliver Bearman,Haas Ferrari,12,1:19.312,+2.060s
2025,FORMULA 1 HEINEKEN CHINESE,1255,practice_1,https://www.formula1.com/en/results.html/2025/races/1255/china/practice-1.html,1,4,NOR,Lando Norris,McLaren Mercedes,23,1:31.504,
2025,FORMULA 1 HEINEKEN CHINESE,1255,practice_1,https://www.formula1.com/en/results.html/2025/races/1255/china/practice-1.html,2,16,LEC,Charles Leclerc,Ferrari,21,1:31.958,+0.454s
2025,FORMULA 1 HEINEKEN CHINESE,1255,practice_1,https://www.formula1.com/en/results.html/2025/races/1255/china/practice-1.html,3,81,PIA,Oscar Piastri,McLaren Mercedes,24,1:32.153,+0.649s
2025,FORMULA 1 HEINEKEN CHINESE,1255,practice_1,https://www.formula1.com/en/results.html/2025/races/1255/china/practice-1.html,4,44,HAM,Lewis Hamilton,Ferrari,22,1:32.195,+0.691s
2025,FORMULA 1 HEINEKEN CHINESE,1255,practice_1,https://www.formula1.com/en/results.html/2025/races/1255/china/practice-1.html,5,63,RUS,George Russell,Mercedes,26,1:32.377,+0.873s
2025,FORMULA 1 HEINEKEN CHINESE,1255,practice_1,https://www.formula1.com/en/results.html/2025/races/1255/china/practice-1.html,6,27,HUL,Nico Hulkenberg,Kick Sauber Ferrari,21,1:32.507,+1.003s
2025,FORMULA 1 HEINEKEN CHINESE,1255,practice_1,https://www.formula1.com/en/results.html/2025/races/1255/china/practice-1.html,7,23,ALB,Alexander Albon,Williams Mercedes,24,1:32.687,+1.183s
2025,FORMULA 1 HEINEKEN CHINESE,1255,practice_1,https://www.formula1.com/en/results.html/2025/races/1255/china/practice-1.html,8,14,ALO,Fernando Alonso,Aston Martin Aramco Mercedes,23,1:32.766,+1.262s
2025,FORMULA 1 HEINEKEN CHINESE,1255,practice_1,https://www.formula1.com/en/results.html/2025/races/1255/china/practice-1.html,9,12,ANT,Kimi Antonelli,Mercedes,27,1:32.874,+1.370s
2025,FORMULA 1 HEINEKEN CHINESE,1255,practice_1,https://www.formula1.com/en/results.html/2025/races/1255/china/practice-1.html,10,22,TSU,Yuki Tsunoda,Racing Bulls Honda RBPT,23,1:32.934,+1.430s
2025,FORMULA 1 HEINEKEN CHINESE,1255,practice_1,https://www.formula1.com/en/results.html/2025/races/1255/china/practice-1.html,11,87,BEA,Oliver Bearman,Haas Ferrari,23,1:32.967,+1.463s
2025,FORMULA 1 HEINEKEN CHINESE,1255,practice_1,https://www.formula1.com/en/results.html/2025/races/1255/china/practice-1.html,12,18,STR,Lance Stroll,Aston Martin Aramco Mercedes,19,1:32.984,+1.480s
2025,FORMULA 1 HEINEKEN CHINESE,1255,practice_1,https://www.formula1.com/en/results.html/2025/races/1255/china/practice-1.html,13,31,OCO,Esteban Ocon,Haas Ferrari,23,1:33.056,+1.552s
2025,FORMULA 1 HEINEKEN CHINESE,1255,practice_1,https://www.formula1.com/en/results.html/2025/races/1255/china/practice-1.html,14,10,GAS,Pierre Gasly,Alpine Renault,23,1:33.123,+1.619s
2025,FORMULA 1 HEINEKEN CHINESE,1255,practice_1,https://www.formula1.com/en/results.html/2025/races/1255/china/practice-1.html,15,55,SAI,Carlos Sainz,Williams Mercedes,26,1:33.145,+1.641s
2025,FORMULA 1 HEINEKEN CHINESE,1255,practice_1,https://www.formula1.com/en/results.html/2025/races/1255/china/practice-1.html,16,1,VER,Max Verstappen,Red Bull Racing Honda RBPT,24,1:33.284,+1.780s
2025,FORMULA 1 HEINEKEN CHINESE,1255,practice_1,https://www.formula1.com/en/results.html/2025/races/1255/china/practice-1.html,17,6,HAD,Isack Hadjar,Racing Bulls Honda RBPT,23,1:33.385,+1.881s
2025,FORMULA 1 HEINEKEN CHINESE,1255,practice_1,https://www.formula1.com/en/results.html/2025/races/1255/china/practice-1.html,18,30,LAW,Liam Lawson,Red Bull Racing Honda RBPT,23,1:33.631,+2.127s
2025,FORMULA 1 HEINEKEN CHINESE,1255,practice_1,https://www.formula1.com/en/results.html/2025/races/1255/china/practice-1.html,19,5,BOR,Gabriel Bortoleto,Kick Sauber Ferrari,24,1:33.822,+2.318s
2025,FORMULA 1 HEINEKEN CHINESE,1255,practice_1,https://www.formula1.com/en/results.html/2025/races/1255/china/practice-1.html,20,7,DOO,Jack Doohan,Alpine Renault,17,1:33.923,+2.419s
2025,FORMULA 1 GULF AIR BAHRAIN,1257,practice_1,https://www.formula1.com/en/results.html/2025/races/1257/bahrain/practice-1.html,1,4,NOR,Lando Norris,McLaren Mercedes,23,1:33.204,
2025,FORMULA 1 GULF AIR BAHRAIN,1257,practice_1,https://www.formula1.com/en/results.html/2025/races/1257/bahrain/practice-1.html,2,10,GAS,Pierre Gasly,Alpine Renault,23,1:33.442,+0.238s
2025,FORMULA 1 GULF AIR BAHRAIN,1257,practice_1,https://www.formula1.com/en/results.html/2025/races/1257/bahrain/practice-1.html,3,44,HAM,Lewis Hamilton,Ferrari,23,1:33.800,+0.596s
2025,FORMULA 1 GULF AIR BAHRAIN,1257,practice_1,https://www.formula1.com/en/results.html/2025/races/1257/bahrain/practice-1.html,4,23,ALB,Alexander Albon,Williams Mercedes,24,1:33.928,+0.724s
2025,FORMULA 1 GULF AIR BAHRAIN,1257,practice_1,https://www.formula1.com/en/results.html/2025/races/1257/bahrain/practice-1.html,5,31,OCO,Esteban Ocon,Haas Ferrari,19,1:34.184,+0.980s
2025,FORMULA 1 GULF AIR BAHRAIN,1257,practice_1,https://www.formula1.com/en/results.html/2025/races/1257/bahrain/practice-1.html,6,27,HUL,Nico Hulkenberg,Kick Sauber Ferrari,24,1:34.262,+1.058s
2025,FORMULA 1 GULF AIR BAHRAIN,1257,practice_1,https://www.formula1.com/en/results.html/2025/races/1257/bahrain/practice-1.html,7,7,DOO,Jack Doohan,Alpine Renault,23,1:34.396,+1.192s
2025,FORMULA 1 GULF AIR BAHRAIN,1257,practice_1,https://www.formula1.com/en/results.html/2025/races/1257/bahrain/practice-1.html,8,30,LAW,Liam Lawson,Racing Bulls Honda RBPT,23,1:34.397,+1.193s
2025,FORMULA 1 GULF AIR BAHRAIN,1257,practice_1,https://www.formula1.com/en/results.html/2025/races/1257/bahrain/practice-1.html,9,22,TSU,Yuki Tsunoda,Red Bull Racing Honda RBPT,23,1:34.484,+1.280s
2025,FORMULA 1 GULF AIR BAHRAIN,1257,practice_1,https://www.formula1.com/en/results.html/2025/races/1257/bahrain/practice-1.html,10,81,PIA,Oscar Piastri,McLaren Mercedes,25,1:34.508,+1.304s
2025,FORMULA 1 GULF AIR BAHRAIN,1257,practice_1,https://www.formula1.com/en/results.html/2025/races/1257/bahrain/practice-1.html,11,5,BOR,Gabriel Bortoleto,Kick Sauber Ferrari,23,1:34.628,+1.424s
2025,FORMULA 1 GULF AIR BAHRAIN,1257,practice_1,https://www.formula1.com/en/results.html/2025/races/1257/bahrain/practice-1.html,12,6,HAD,Isack Hadjar,Racing Bulls Honda RBPT,22,1:34.667,+1.463s
2025,FORMULA 1 GULF AIR BAHRAIN,1257,practice_1,https://www.formula1.com/en/results.html/2025/races/1257/bahrain/practice-1.html,13,46,BRO,Luke Browning,Williams Mercedes,20,1:34.885,+1.681s
2025,FORMULA 1 GULF AIR BAHRAIN,1257,practice_1,https://www.formula1.com/en/results.html/2025/races/1257/bahrain/practice-1.html,14,38,BEG,Dino Beganovic,Ferrari,20,1:35.055,+1.851s
2025,FORMULA 1 GULF AIR BAHRAIN,1257,practice_1,https://www.formula1.com/en/results.html/2025/races/1257/bahrain/practice-1.html,15,18,STR,Lance Stroll,Aston Martin Aramco Mercedes,23,1:35.116,+1.912s
2025,FORMULA 1 GULF AIR BAHRAIN,1257,practice_1,https://www.formula1.com/en/results.html/2025/races/1257/bahrain/practice-1.html,16,34,DRU,Felipe Drugovich,Aston Martin Aramco Mercedes,19,1:35.198,+1.994s
2025,FORMULA 1 GULF AIR BAHRAIN,1257,practice_1,https://www.formula1.com/en/results.html/2025/races/1257/bahrain/practice-1.html,17,50,HIR,Ryo Hirakawa,Haas Ferrari,20,1:35.261,+2.057s
2025,FORMULA 1 GULF AIR BAHRAIN,1257,practice_1,https://www.formula1.com/en/results.html/2025/races/1257/bahrain/practice-1.html,18,72,VES,Frederik Vesti,Mercedes,26,1:35.325,+2.121s
2025,FORMULA 1 GULF AIR BAHRAIN,1257,practice_1,https://www.formula1.com/en/results.html/2025/races/1257/bahrain/practice-1.html,19,37,IWA,Ayumu Iwasa,Red Bull Racing Honda RBPT,20,1:35.475,+2.271s
2025,FORMULA 1 GULF AIR BAHRAIN,1257,practice_1,https://www.formula1.com/en/results.html/2025/races/1257/bahrain/practice-1.html,20,12,ANT,Kimi Antonelli,Mercedes,3,1:38.051,+4.847s
2025,FORMULA 1 STC SAUDI ARABIAN,1258,practice_1,https://www.formula1.com/en/results.html/2025/races/1258/saudi-arabia/practice-1.html,1,10,GAS,Pierre Gasly,Alpine Renault,25,1:29.239,
2025,FORMULA 1 STC SAUDI ARABIAN,1258,practice_1,https://www.formula1.com/en/results.html/2025/races/1258/saudi-arabia/practice-1.html,2,4,NOR,Lando Norris,McLaren Mercedes,25,1:29.246,+0.007s
2025,FORMULA 1 STC SAUDI ARABIAN,1258,practice_1,https://www.formula1.com/en/results.html/2025/races/1258/saudi-arabia/practice-1.html,3,16,LEC,Charles Leclerc,Ferrari,28,1:29.309,+0.070s
2025,FORMULA 1 STC SAUDI ARABIAN,1258,practice_1,https://www.formula1.com/en/results.html/2025/races/1258/saudi-arabia/practice-1.html,4,81,PIA,Oscar Piastri,McLaren Mercedes,25,1:29.341,+0.102s
2025,FORMULA 1 STC SAUDI ARABIAN,1258,practice_1,https://www.formula1.com/en/results.html/2025/races/1258/saudi-arabia/practice-1.html,5,23,ALB,Alexander Albon,Williams Mercedes,23,1:29.606,+0.367s
2025,FORMULA 1 STC SAUDI ARABIAN,1258,practice_1,https://www.formula1.com/en/results.html/2025/races/1258/saudi-arabia/practice-1.html,6,63,RUS,George Russell,Mercedes,21,1:29.618,+0.379s
2025,FORMULA 1 STC SAUDI ARABIAN,1258,practice_1,https://www.formula1.com/en/results.html/2025/races/1258/saudi-arabia/practice-1.html,7,55,SAI,Carlos Sainz,Williams Mercedes,26,1:29.779,+0.540s
2025,FORMULA 1 STC SAUDI ARABIAN,1258,practice_1,https://www.formula1.com/en/results.html/2025/races/1258/saudi-arabia/practice-1.html,8,44,HAM,Lewis Hamilton,Ferrari,27,1:29.815,+0.576s
2025,FORMULA 1 STC SAUDI ARABIAN,1258,practice_1,https://www.formula1.com/en/results.html/2025/races/1258/saudi-arabia/practice-1.html,9,1,VER,Max Verstappen,Red Bull Racing Honda RBPT,26,1:29.818,+0.579s
2025,FORMULA 1 STC SAUDI ARABIAN,1258,practice_1,https://www.formula1.com/en/results.html/2025/races/1258/saudi-arabia/practice-1.html,10,22,TSU,Yuki Tsunoda,Red Bull Racing Honda RBPT,26,1:29.821,+0.582s
2025,FORMULA 1 STC SAUDI ARABIAN,1258,practice_1,https://www.formula1.com/en/results.html/2025/races/1258/saudi-arabia/practice-1.html,11,30,LAW,Liam Lawson,Racing Bulls Honda RBPT,19,1:29.907,+0.668s
2025,FORMULA 1 STC SAUDI ARABIAN,1258,practice_1,https://www.formula1.com/en/results.html/2025/races/1258/saudi-arabia/practice-1.html,12,27,HUL,Nico Hulkenberg,Kick Sauber Ferrari,25,1:29.916,+0.677s
2025,FORMULA 1 STC SAUDI ARABIAN,1258,practice_1,https://www.formula1.com/en/results.html/2025/races/1258/saudi-arabia/practice-1.html,13,12,ANT,Kimi Antonelli,Mercedes,24,1:29.934,+0.695s
2025,FORMULA 1 STC SAUDI ARABIAN,1258,practice_1,https://www.formula1.com/en/results.html/2025/races/1258/saudi-arabia/practice-1.html,14,14,ALO,Fernando Alonso,Aston Martin Aramco Mercedes,24,1:29.976,+0.737s
2025,FORMULA 1 STC SAUDI ARABIAN,1258,practice_1,https://www.formula1.com/en/results.html/2025/races/1258/saudi-arabia/practice-1.html,15,6,HAD,Isack Hadjar,Racing Bulls Honda RBPT,15,1:30.011,+0.772s
2025,FORMULA 1 STC SAUDI ARABIAN,1258,practice_1,https://www.formula1.com/en/results.html/2025/races/1258/saudi-arabia/practice-1.html,16,7,DOO,Jack Doohan,Alpine Renault,25,1:30.183,+0.944s
2025,FORMULA 1 STC SAUDI ARABIAN,1258,practice_1,https://www.formula1.com/en/results.html/2025/races/1258/saudi-arabia/practice-1.html,17,18,STR,Lance Stroll,Aston Martin Aramco Mercedes,23,1:30.583,+1.344s
2025,FORMULA 1 STC SAUDI ARABIAN,1258,practice_1,https://www.formula1.com/en/results.html/2025/races/1258/saudi-arabia/practice-1.html,18,87,BEA,Oliver Bearman,Haas Ferrari,21,1:30.595,+1.356s
2025,FORMULA 1 STC SAUDI ARABIAN,1258,practice_1,https://www.formula1.com/en/results.html/2025/races/1258/saudi-arabia/practice-1.html,19,31,OCO,Esteban Ocon,Haas Ferrari,21,1:31.029,+1.790s
2025,FORMULA 1 STC SAUDI ARABIAN,1258,practice_1,https://www.formula1.com/en/results.html/2025/races/1258/saudi-arabia/practice-1.html,20,5,BOR,Gabriel Bortoleto,Kick Sauber Ferrari,23,1:31.038,+1.799s
2025,COM MIAMI,1259,practice_1,https://www.formula1.com/en/results.html/2025/races/1259/miami/practice-1.html,1,81,PIA,Oscar Piastri,McLaren Mercedes,22,1:27.128,
2025,COM MIAMI,1259,practice_1,https://www.formula1.com/en/results.html/2025/races/1259/miami/practice-1.html,2,16,LEC,Charles Leclerc,Ferrari,22,1:27.484,+0.356s
2025,COM MIAMI,1259,practice_1,https://www.formula1.com/en/results.html/2025/races/1259/miami/practice-1.html,3,1,VER,Max Verstappen,Red Bull Racing Honda RBPT,20,1:27.558,+0.430s
2025,COM MIAMI,1259,practice_1,https://www.formula1.com/en/results.html/2025/races/1259/miami/practice-1.html,4,55,SAI,Carlos Sainz,Williams Mercedes,23,1:27.678,+0.550s
2025,COM MIAMI,1259,practice_1,https://www.formula1.com/en/results.html/2025/races/1259/miami/practice-1.html,5,23,ALB,Alexander Albon,Williams Mercedes,25,1:27.955,+0.827s
2025,COM MIAMI,1259,practice_1,https://www.formula1.com/en/results.html/2025/races/1259/miami/practice-1.html,6,6,HAD,Isack Hadjar,Racing Bulls Honda RBPT,23,1:27.968,+0.840s
2025,COM MIAMI,1259,practice_1,https://www.formula1.com/en/results.html/2025/races/1259/miami/practice-1.html,7,63,RUS,George Russell,Mercedes,26,1:28.058,+0.930s
2025,COM MIAMI,1259,practice_1,https://www.formula1.com/en/results.html/2025/races/1259/miami/practice-1.html,8,22,TSU,Yuki Tsunoda,Red Bull Racing Honda RBPT,21,1:28.155,+1.027s
2025,COM MIAMI,1259,practice_1,https://www.formula1.com/en/results.html/2025/races/1259/miami/practice-1.html,9,12,ANT,Kimi Antonelli,Mercedes,28,1:28.227,+1.099s
2025,COM MIAMI,1259,practice_1,https://www.formula1.com/en/results.html/2025/races/1259/miami/practice-1.html,10,14,ALO,Fernando Alonso,Aston Martin Aramco Mercedes,24,1:28.243,+1.115s
2025,COM MIAMI,1259,practice_1,https://www.formula1.com/en/results.html/2025/races/1259/miami/practice-1.html,11,30,LAW,Liam Lawson,Racing Bulls Honda RBPT,21,1:28.374,+1.246s
2025,COM MIAMI,1259,practice_1,https://www.formula1.com/en/results.html/2025/races/1259/miami/practice-1.html,12,4,NOR,Lando Norris,McLaren Mercedes,21,1:28.391,+1.263s
2025,COM MIAMI,1259,practice_1,https://www.formula1.com/en/results.html/2025/races/1259/miami/practice-1.html,13,44,HAM,Lewis Hamilton,Ferrari,20,1:28.556,+1.428s
2025,COM MIAMI,1259,practice_1,https://www.formula1.com/en/results.html/2025/races/1259/miami/practice-1.html,14,27,HUL,Nico Hulkenberg,Kick Sauber Ferrari,13,1:28.573,+1.445s
2025,COM MIAMI,1259,practice_1,https://www.formula1.com/en/results.html/2025/races/1259/miami/practice-1.html,15,5,BOR,Gabriel Bortoleto,Kick Sauber Ferrari,19,1:28.771,+1.643s
2025,COM MIAMI,1259,practice_1,https://www.formula1.com/en/results.html/2025/races/1259/miami/practice-1.html,16,87,BEA,Oliver Bearman,Haas Ferrari,22,1:28.996,+1.868s
2025,COM MIAMI,1259,practice_1,https://www.formula1.com/en/results.html/2025/races/1259/miami/practice-1.html,17,10,GAS,Pierre Gasly,Alpine Renault,22,1:29.084,+1.956s
2025,COM MIAMI,1259,practice_1,https://www.formula1.com/en/results.html/2025/races/1259/miami/practice-1.html,18,31,OCO,Esteban Ocon,Haas Ferrari,19,1:29.179,+2.051s
2025,COM MIAMI,1259,practice_1,https://www.formula1.com/en/results.html/2025/races/1259/miami/practice-1.html,19,7,DOO,Jack Doohan,Alpine Renault,22,1:29.357,+2.229s
2025,COM MIAMI,1259,practice_1,https://www.formula1.com/en/results.html/2025/races/1259/miami/practice-1.html,20,18,STR,Lance Stroll,Aston Martin Aramco Mercedes,21,1:29.362,+2.234s
2025,EMILIA-ROMAGNA,1260,practice_1,https://www.formula1.com/en/results.html/2025/races/1260/emilia-romagna/practice-1.html,1,81,PIA,Oscar Piastri,McLaren Mercedes,23,1:16.545,
2025,EMILIA-ROMAGNA,1260,practice_1,https://www.formula1.com/en/results.html/2025/races/1260/emilia-romagna/practice-1.html,2,4,NOR,Lando Norris,McLaren Mercedes,23,1:16.577,+0.032s
2025,EMILIA-ROMAGNA,1260,practice_1,https://www.formula1.com/en/results.html/2025/races/1260/emilia-romagna/practice-1.html,3,55,SAI,Carlos Sainz,Williams Mercedes,19,1:16.597,+0.052s
2025,EMILIA-ROMAGNA,1260,practice_1,https://www.formula1.com/en/results.html/2025/races/1260/emilia-romagna/practice-1.html,4,63,RUS,George Russell,Mercedes,26,1:16.599,+0.054s
2025,EMILIA-ROMAGNA,1260,practice_1,https://www.formula1.com/en/results.html/2025/races/1260/emilia-romagna/practice-1.html,5,44,HAM,Lewis Hamilton,Ferrari,22,1:16.641,+0.096s
2025,EMILIA-ROMAGNA,1260,practice_1,https://www.formula1.com/en/results.html/2025/races/1260/emilia-romagna/practice-1.html,6,10,GAS,Pierre Gasly,Alpine Renault,21,1:16.696,+0.151s
2025,EMILIA-ROMAGNA,1260,practice_1,https://www.formula1.com/en/results.html/2025/races/1260/emilia-romagna/practice-1.html,7,1,VER,Max Verstappen,Red Bull Racing Honda RBPT,15,1:16.905,+0.360s
2025,EMILIA-ROMAGNA,1260,practice_1,https://www.formula1.com/en/results.html/2025/races/1260/emilia-romagna/practice-1.html,8,23,ALB,Alexander Albon,Williams Mercedes,21,1:16.922,+0.377s
2025,EMILIA-ROMAGNA,1260,practice_1,https://www.formula1.com/en/results.html/2025/races/1260/emilia-romagna/practice-1.html,9,5,BOR,Gabriel Bortoleto,Kick Sauber Ferrari,23,1:16.925,+0.380s
2025,EMILIA-ROMAGNA,1260,practice_1,https://www.formula1.com/en/results.html/2025/races/1260/emilia-romagna/practice-1.html,10,27,HUL,Nico Hulkenberg,Kick Sauber Ferrari,23,1:16.998,+0.453s
2025,EMILIA-ROMAGNA,1260,practice_1,https://www.formula1.com/en/results.html/2025/races/1260/emilia-romagna/practice-1.html,11,18,STR,Lance Stroll,Aston Martin Aramco Mercedes,23,1:17.032,+0.487s
2025,EMILIA-ROMAGNA,1260,practice_1,https://www.formula1.com/en/results.html/2025/races/1260/emilia-romagna/practice-1.html,12,16,LEC,Charles Leclerc,Ferrari,23,1:17.077,+0.532s
2025,EMILIA-ROMAGNA,1260,practice_1,https://www.formula1.com/en/results.html/2025/races/1260/emilia-romagna/practice-1.html,13,12,ANT,Kimi Antonelli,Mercedes,23,1:17.094,+0.549s
2025,EMILIA-ROMAGNA,1260,practice_1,https://www.formula1.com/en/results.html/2025/races/1260/emilia-romagna/practice-1.html,14,14,ALO,Fernando Alonso,Aston Martin Aramco Mercedes,22,1:17.121,+0.576s
2025,EMILIA-ROMAGNA,1260,practice_1,https://www.formula1.com/en/results.html/2025/races/1260/emilia-romagna/practice-1.html,15,30,LAW,Liam Lawson,Racing Bulls Honda RBPT,22,1:17.286,+0.741s
2025,EMILIA-ROMAGNA,1260,practice_1,https://www.formula1.com/en/results.html/2025/races/1260/emilia-romagna/practice-1.html,16,22,TSU,Yuki Tsunoda,Red Bull Racing Honda RBPT,18,1:17.356,+0.811s
2025,EMILIA-ROMAGNA,1260,practice_1,https://www.formula1.com/en/results.html/2025/races/1260/emilia-romagna/practice-1.html,17,43,COL,Franco Colapinto,Alpine Renault,21,1:17.373,+0.828s
2025,EMILIA-ROMAGNA,1260,practice_1,https://www.formula1.com/en/results.html/2025/races/1260/emilia-romagna/practice-1.html,18,87,BEA,Oliver Bearman,Haas Ferrari,20,1:17.446,+0.901s
2025,EMILIA-ROMAGNA,1260,practice_1,https://www.formula1.com/en/results.html/2025/races/1260/emilia-romagna/practice-1.html,19,6,HAD,Isack Hadjar,Racing Bulls Honda RBPT,19,1:17.641,+1.096s
2025,EMILIA-ROMAGNA,1260,practice_1,https://www.formula1.com/en/results.html/2025/races/1260/emilia-romagna/practice-1.html,20,31,OCO,Esteban Ocon,Haas Ferrari,20,1:17.662,+1.117s
2025,FORMULA 1 TAG HEUER GRAND PRIX DE MONACO,1261,practice_1,https://www.formula1.com/en/results.html/2025/races/1261/monaco/practice-1.html,1,16,LEC,Charles Leclerc,Ferrari,33,1:11.964,
2025,FORMULA 1 TAG HEUER GRAND PRIX DE MONACO,1261,practice_1,https://www.formula1.com/en/results.html/2025/races/1261/monaco/practice-1.html,2,1,VER,Max Verstappen,Red Bull Racing Honda RBPT,30,1:12.127,+0.163s
2025,FORMULA 1 TAG HEUER GRAND PRIX DE MONACO,1261,practice_1,https://www.formula1.com/en/results.html/2025/races/1261/monaco/practice-1.html,3,4,NOR,Lando Norris,McLaren Mercedes,32,1:12.290,+0.326s
2025,FORMULA 1 TAG HEUER GRAND PRIX DE MONACO,1261,practice_1,https://www.formula1.com/en/results.html/2025/races/1261/monaco/practice-1.html,4,23,ALB,Alexander Albon,Williams Mercedes,33,1:12.314,+0.350s
2025,FORMULA 1 TAG HEUER GRAND PRIX DE MONACO,1261,practice_1,https://www.formula1.com/en/results.html/2025/races/1261/monaco/practice-1.html,5,81,PIA,Oscar Piastri,McLaren Mercedes,28,1:12.342,+0.378s
2025,FORMULA 1 TAG HEUER GRAND PRIX DE MONACO,1261,practice_1,https://www.formula1.com/en/results.html/2025/races/1261/monaco/practice-1.html,6,63,RUS,George Russell,Mercedes,33,1:12.482,+0.518s
2025,FORMULA 1 TAG HEUER GRAND PRIX DE MONACO,1261,practice_1,https://www.formula1.com/en/results.html/2025/races/1261/monaco/practice-1.html,7,55,SAI,Carlos Sainz,Williams Mercedes,36,1:12.534,+0.570s
2025,FORMULA 1 TAG HEUER GRAND PRIX DE MONACO,1261,practice_1,https://www.formula1.com/en/results.html/2025/races/1261/monaco/practice-1.html,8,10,GAS,Pierre Gasly,Alpine Renault,29,1:12.669,+0.705s
2025,FORMULA 1 TAG HEUER GRAND PRIX DE MONACO,1261,practice_1,https://www.formula1.com/en/results.html/2025/races/1261/monaco/practice-1.html,9,44,HAM,Lewis Hamilton,Ferrari,30,1:12.690,+0.726s
2025,FORMULA 1 TAG HEUER GRAND PRIX DE MONACO,1261,practice_1,https://www.formula1.com/en/results.html/2025/races/1261/monaco/practice-1.html,10,14,ALO,Fernando Alonso,Aston Martin Aramco Mercedes,28,1:12.727,+0.763s
2025,FORMULA 1 TAG HEUER GRAND PRIX DE MONACO,1261,practice_1,https://www.formula1.com/en/results.html/2025/races/1261/monaco/practice-1.html,11,12,ANT,Kimi Antonelli,Mercedes,34,1:12.765,+0.801s
2025,FORMULA 1 TAG HEUER GRAND PRIX DE MONACO,1261,practice_1,https://www.formula1.com/en/results.html/2025/races/1261/monaco/practice-1.html,12,27,HUL,Nico Hulkenberg,Kick Sauber Ferrari,30,1:12.979,+1.015s
2025,FORMULA 1 TAG HEUER GRAND PRIX DE MONACO,1261,practice_1,https://www.formula1.com/en/results.html/2025/races/1261/monaco/practice-1.html,13,6,HAD,Isack Hadjar,Racing Bulls Honda RBPT,35,1:13.187,+1.223s
2025,FORMULA 1 TAG HEUER GRAND PRIX DE MONACO,1261,practice_1,https://www.formula1.com/en/results.html/2025/races/1261/monaco/practice-1.html,14,22,TSU,Yuki Tsunoda,Red Bull Racing Honda RBPT,32,1:13.232,+1.268s
2025,FORMULA 1 TAG HEUER GRAND PRIX DE MONACO,1261,practice_1,https://www.formula1.com/en/results.html/2025/races/1261/monaco/practice-1.html,15,87,BEA,Oliver Bearman,Haas Ferrari,34,1:13.329,+1.365s
2025,FORMULA 1 TAG HEUER GRAND PRIX DE MONACO,1261,practice_1,https://www.formula1.com/en/results.html/2025/races/1261/monaco/practice-1.html,16,31,OCO,Esteban Ocon,Haas Ferrari,31,1:13.394,+1.430s
2025,FORMULA 1 TAG HEUER GRAND PRIX DE MONACO,1261,practice_1,https://www.formula1.com/en/results.html/2025/races/1261/monaco/practice-1.html,17,30,LAW,Liam Lawson,Racing Bulls Honda RBPT,37,1:13.429,+1.465s
2025,FORMULA 1 TAG HEUER GRAND PRIX DE MONACO,1261,practice_1,https://www.formula1.com/en/results.html/2025/races/1261/monaco/practice-1.html,18,5,BOR,Gabriel Bortoleto,Kick Sauber Ferrari,29,1:13.470,+1.506s
2025,FORMULA 1 TAG HEUER GRAND PRIX DE MONACO,1261,practice_1,https://www.formula1.com/en/results.html/2025/races/1261/monaco/practice-1.html,19,43,COL,Franco Colapinto,Alpine Renault,32,1:13.820,+1.856s
2025,FORMULA 1 TAG HEUER GRAND PRIX DE MONACO,1261,practice_1,https://www.formula1.com/en/results.html/2025/races/1261/monaco/practice-1.html,20,18,STR,Lance Stroll,Aston Martin Aramco Mercedes,4,1:15.635,+3.671s
2025,FORMULA 1 ARAMCO GRAN PREMIO DE ESPAÑA,1262,practice_1,https://www.formula1.com/en/results.html/2025/races/1262/spain/practice-1.html,1,4,NOR,Lando Norris,McLaren Mercedes,29,1:13.718,
2025,FORMULA 1 ARAMCO GRAN PREMIO DE ESPAÑA,1262,practice_1,https://www.formula1.com/en/results.html/2025/races/1262/spain/practice-1.html,2,1,VER,Max Verstappen,Red Bull Racing Honda RBPT,18,1:14.085,+0.367s
2025,FORMULA 1 ARAMCO GRAN PREMIO DE ESPAÑA,1262,practice_1,https://www.formula1.com/en/results.html/2025/races/1262/spain/practice-1.html,3,44,HAM,Lewis Hamilton,Ferrari,29,1:14.096,+0.378s
2025,FORMULA 1 ARAMCO GRAN PREMIO DE ESPAÑA,1262,practice_1,https://www.formula1.com/en/results.html/2025/races/1262/spain/practice-1.html,4,16,LEC,Charles Leclerc,Ferrari,31,1:14.238,+0.520s
2025,FORMULA 1 ARAMCO GRAN PREMIO DE ESPAÑA,1262,practice_1,https://www.formula1.com/en/results.html/2025/races/1262/spain/practice-1.html,5,81,PIA,Oscar Piastri,McLaren Mercedes,28,1:14.294,+0.576s
2025,FORMULA 1 ARAMCO GRAN PREMIO DE ESPAÑA,1262,practice_1,https://www.formula1.com/en/results.html/2025/races/1262/spain/practice-1.html,6,30,LAW,Liam Lawson,Racing Bulls Honda RBPT,28,1:14.339,+0.621s
2025,FORMULA 1 ARAMCO GRAN PREMIO DE ESPAÑA,1262,practice_1,https://www.formula1.com/en/results.html/2025/races/1262/spain/practice-1.html,7,87,BEA,Oliver Bearman,Haas Ferrari,26,1:14.597,+0.879s
2025,FORMULA 1 ARAMCO GRAN PREMIO DE ESPAÑA,1262,practice_1,https://www.formula1.com/en/results.html/2025/races/1262/spain/practice-1.html,8,6,HAD,Isack Hadjar,Racing Bulls Honda RBPT,26,1:14.605,+0.887s
2025,FORMULA 1 ARAMCO GRAN PREMIO DE ESPAÑA,1262,practice_1,https://www.formula1.com/en/results.html/2025/races/1262/spain/practice-1.html,9,22,TSU,Yuki Tsunoda,Red Bull Racing Honda RBPT,27,1:14.643,+0.925s
2025,FORMULA 1 ARAMCO GRAN PREMIO DE ESPAÑA,1262,practice_1,https://www.formula1.com/en/results.html/2025/races/1262/spain/practice-1.html,10,10,GAS,Pierre Gasly,Alpine Renault,28,1:14.746,+1.028s
2025,FORMULA 1 ARAMCO GRAN PREMIO DE ESPAÑA,1262,practice_1,https://www.formula1.com/en/results.html/2025/races/1262/spain/practice-1.html,11,63,RUS,George Russell,Mercedes,32,1:14.751,+1.033s
2025,FORMULA 1 ARAMCO GRAN PREMIO DE ESPAÑA,1262,practice_1,https://www.formula1.com/en/results.html/2025/races/1262/spain/practice-1.html,12,18,STR,Lance Stroll,Aston Martin Aramco Mercedes,24,1:14.786,+1.068s
2025,FORMULA 1 ARAMCO GRAN PREMIO DE ESPAÑA,1262,practice_1,https://www.formula1.com/en/results.html/2025/races/1262/spain/practice-1.html,13,14,ALO,Fernando Alonso,Aston Martin Aramco Mercedes,20,1:14.798,+1.080s
2025,FORMULA 1 ARAMCO GRAN PREMIO DE ESPAÑA,1262,practice_1,https://www.formula1.com/en/results.html/2025/races/1262/spain/practice-1.html,14,27,HUL,Nico Hulkenberg,Kick Sauber Ferrari,21,1:14.865,+1.147s
2025,FORMULA 1 ARAMCO GRAN PREMIO DE ESPAÑA,1262,practice_1,https://www.formula1.com/en/results.html/2025/races/1262/spain/practice-1.html,15,55,SAI,Carlos Sainz,Williams Mercedes,26,1:14.935,+1.217s
2025,FORMULA 1 ARAMCO GRAN PREMIO DE ESPAÑA,1262,practice_1,https://www.formula1.com/en/results.html/2025/races/1262/spain/practice-1.html,16,5,BOR,Gabriel Bortoleto,Kick Sauber Ferrari,23,1:15.155,+1.437s
2025,FORMULA 1 ARAMCO GRAN PREMIO DE ESPAÑA,1262,practice_1,https://www.formula1.com/en/results.html/2025/races/1262/spain/practice-1.html,17,50,HIR,Ryo Hirakawa,Haas Ferrari,23,1:15.298,+1.580s
2025,FORMULA 1 ARAMCO GRAN PREMIO DE ESPAÑA,1262,practice_1,https://www.formula1.com/en/results.html/2025/races/1262/spain/practice-1.html,18,12,ANT,Kimi Antonelli,Mercedes,31,1:15.369,+1.651s
2025,FORMULA 1 ARAMCO GRAN PREMIO DE ESPAÑA,1262,practice_1,https://www.formula1.com/en/results.html/2025/races/1262/spain/practice-1.html,19,45,MAR,Victor Martins,Williams Mercedes,26,1:15.522,+1.804s
2025,FORMULA 1 ARAMCO GRAN PREMIO DE ESPAÑA,1262,practice_1,https://www.formula1.com/en/results.html/2025/races/1262/spain/practice-1.html,20,43,COL,Franco Colapinto,Alpine Renault,19,1:15.530,+1.812s
