year,race_name,race_id,result_type,url,position,driver_number,driver_code,driver_name,team,lap,time_of_day,lap_time,avg_speed
2021,FORMULA 1 GULF AIR BAHRAIN,1064,fastest_lap,https://www.formula1.com/en/results.html/2021/races/1064/bahrain/fastest-laps.html,1,77,BOT,Valtteri Bottas,Mercedes,56,19:39:51,1:32.090,211.566
2021,FORMULA 1 GULF AIR BAHRAIN,1064,fastest_lap,https://www.formula1.com/en/results.html/2021/races/1064/bahrain/fastest-laps.html,2,33,VER,Max Verstappen,Red Bull Racing Honda,41,19:15:41,1:33.228,208.984
2021,FORMULA 1 GULF AIR BAHRAIN,1064,fastest_lap,https://www.formula1.com/en/results.html/2021/races/1064/bahrain/fastest-laps.html,3,11,PER,Sergio Perez,Red Bull Racing Honda,44,19:21:10,1:33.970,207.334
2021,FORMULA 1 GULF AIR BAHRAIN,1064,fastest_lap,https://www.formula1.com/en/results.html/2021/races/1064/bahrain/fastest-laps.html,4,44,HAM,Lewis Hamilton,Mercedes,44,19:20:17,1:34.015,207.235
2021,FORMULA 1 GULF AIR BAHRAIN,1064,fastest_lap,https://www.formula1.com/en/results.html/2021/races/1064/bahrain/fastest-laps.html,5,10,GAS,Pierre Gasly,AlphaTauri Honda,48,19:28:30,1:34.090,207.069
2021,FORMULA 1 GULF AIR BAHRAIN,1064,fastest_lap,https://www.formula1.com/en/results.html/2021/races/1064/bahrain/fastest-laps.html,6,4,NOR,Lando Norris,McLaren Mercedes,38,19:11:28,1:34.396,206.398
2021,FORMULA 1 GULF AIR BAHRAIN,1064,fastest_lap,https://www.formula1.com/en/results.html/2021/races/1064/bahrain/fastest-laps.html,7,55,SAI,Carlos Sainz,Ferrari,48,19:27:39,1:34.509,206.151
2021,FORMULA 1 GULF AIR BAHRAIN,1064,fastest_lap,https://www.formula1.com/en/results.html/2021/races/1064/bahrain/fastest-laps.html,8,22,TSU,Yuki Tsunoda,AlphaTauri Honda,38,19:11:55,1:34.761,205.603
2021,FORMULA 1 GULF AIR BAHRAIN,1064,fastest_lap,https://www.formula1.com/en/results.html/2021/races/1064/bahrain/fastest-laps.html,9,18,STR,Lance Stroll,Aston Martin Mercedes,31,19:00:34,1:34.865,205.378
2021,FORMULA 1 GULF AIR BAHRAIN,1064,fastest_lap,https://www.formula1.com/en/results.html/2021/races/1064/bahrain/fastest-laps.html,10,3,RIC,Daniel Ricciardo,McLaren Mercedes,36,19:08:28,1:34.932,205.233
2021,FORMULA 1 GULF AIR BAHRAIN,1064,fastest_lap,https://www.formula1.com/en/results.html/2021/races/1064/bahrain/fastest-laps.html,11,16,LEC,Charles Leclerc,Ferrari,39,19:13:07,1:34.988,205.112
2021,FORMULA 1 GULF AIR BAHRAIN,1064,fastest_lap,https://www.formula1.com/en/results.html/2021/races/1064/bahrain/fastest-laps.html,12,63,RUS,George Russell,Williams Mercedes,40,19:15:30,1:35.036,205.008
2021,FORMULA 1 GULF AIR BAHRAIN,1064,fastest_lap,https://www.formula1.com/en/results.html/2021/races/1064/bahrain/fastest-laps.html,13,99,GIO,Antonio Giovinazzi,Alfa Romeo Racing Ferrari,32,19:02:27,1:35.122,204.823
2021,FORMULA 1 GULF AIR BAHRAIN,1064,fastest_lap,https://www.formula1.com/en/results.html/2021/races/1064/bahrain/fastest-laps.html,14,7,RAI,Kimi Räikkönen,Alfa Romeo Racing Ferrari,45,19:23:10,1:35.192,204.672
2021,FORMULA 1 GULF AIR BAHRAIN,1064,fastest_lap,https://www.formula1.com/en/results.html/2021/races/1064/bahrain/fastest-laps.html,15,31,OCO,Esteban Ocon,Alpine Renault,33,19:04:02,1:35.250,204.548
2021,FORMULA 1 GULF AIR BAHRAIN,1064,fastest_lap,https://www.formula1.com/en/results.html/2021/races/1064/bahrain/fastest-laps.html,16,5,VET,Sebastian Vettel,Aston Martin Mercedes,26,18:52:42,1:35.566,203.871
2021,FORMULA 1 GULF AIR BAHRAIN,1064,fastest_lap,https://www.formula1.com/en/results.html/2021/races/1064/bahrain/fastest-laps.html,17,14,ALO,Fernando Alonso,Alpine Renault,31,19:00:49,1:36.063,202.816
2021,FORMULA 1 GULF AIR BAHRAIN,1064,fastest_lap,https://www.formula1.com/en/results.html/2021/races/1064/bahrain/fastest-laps.html,18,47,MSC,Mick Schumacher,Haas Ferrari,38,19:12:56,1:36.134,202.667
2021,FORMULA 1 GULF AIR BAHRAIN,1064,fastest_lap,https://www.formula1.com/en/results.html/2021/races/1064/bahrain/fastest-laps.html,19,6,LAT,Nicholas Latifi,Williams Mercedes,16,18:36:21,1:36.602,201.685
2021,EMILIA ROMAGNA,1065,fastest_lap,https://www.formula1.com/en/results.html/2021/races/1065/emilia-romagna/fastest-laps.html,1,44,HAM,Lewis Hamilton,Mercedes,60,17:02:16,1:16.702,230.403
2021,EMILIA ROMAGNA,1065,fastest_lap,https://www.formula1.com/en/results.html/2021/races/1065/emilia-romagna/fastest-laps.html,2,33,VER,Max Verstappen,Red Bull Racing Honda,60,17:01:56,1:17.524,227.960
2021,EMILIA ROMAGNA,1065,fastest_lap,https://www.formula1.com/en/results.html/2021/races/1065/emilia-romagna/fastest-laps.html,3,4,NOR,Lando Norris,McLaren Mercedes,63,17:06:13,1:18.259,225.819
2021,EMILIA ROMAGNA,1065,fastest_lap,https://www.formula1.com/en/results.html/2021/races/1065/emilia-romagna/fastest-laps.html,4,11,PER,Sergio Perez,Red Bull Racing Honda,49,16:48:23,1:18.334,225.603
2021,EMILIA ROMAGNA,1065,fastest_lap,https://www.formula1.com/en/results.html/2021/races/1065/emilia-romagna/fastest-laps.html,5,22,TSU,Yuki Tsunoda,AlphaTauri Honda,62,17:05:40,1:18.353,225.548
2021,EMILIA ROMAGNA,1065,fastest_lap,https://www.formula1.com/en/results.html/2021/races/1065/emilia-romagna/fastest-laps.html,6,16,LEC,Charles Leclerc,Ferrari,60,17:02:20,1:18.379,225.473
2021,EMILIA ROMAGNA,1065,fastest_lap,https://www.formula1.com/en/results.html/2021/races/1065/emilia-romagna/fastest-laps.html,7,55,SAI,Carlos Sainz,Ferrari,60,17:02:21,1:18.490,225.154
2021,EMILIA ROMAGNA,1065,fastest_lap,https://www.formula1.com/en/results.html/2021/races/1065/emilia-romagna/fastest-laps.html,8,10,GAS,Pierre Gasly,AlphaTauri Honda,59,17:01:24,1:18.782,224.320
2021,EMILIA ROMAGNA,1065,fastest_lap,https://www.formula1.com/en/results.html/2021/races/1065/emilia-romagna/fastest-laps.html,9,18,STR,Lance Stroll,Aston Martin Mercedes,52,16:52:07,1:18.994,223.718
2021,EMILIA ROMAGNA,1065,fastest_lap,https://www.formula1.com/en/results.html/2021/races/1065/emilia-romagna/fastest-laps.html,10,5,VET,Sebastian Vettel,Aston Martin Mercedes,59,17:01:48,1:19.074,223.491
2021,EMILIA ROMAGNA,1065,fastest_lap,https://www.formula1.com/en/results.html/2021/races/1065/emilia-romagna/fastest-laps.html,11,47,MSC,Mick Schumacher,Haas Ferrari,58,17:01:50,1:19.193,223.156
2021,EMILIA ROMAGNA,1065,fastest_lap,https://www.formula1.com/en/results.html/2021/races/1065/emilia-romagna/fastest-laps.html,12,3,RIC,Daniel Ricciardo,McLaren Mercedes,54,16:54:44,1:19.341,222.739
2021,EMILIA ROMAGNA,1065,fastest_lap,https://www.formula1.com/en/results.html/2021/races/1065/emilia-romagna/fastest-laps.html,13,14,ALO,Fernando Alonso,Alpine Renault,62,17:05:37,1:19.396,222.585
2021,EMILIA ROMAGNA,1065,fastest_lap,https://www.formula1.com/en/results.html/2021/races/1065/emilia-romagna/fastest-laps.html,14,31,OCO,Esteban Ocon,Alpine Renault,62,17:05:36,1:19.417,222.526
2021,EMILIA ROMAGNA,1065,fastest_lap,https://www.formula1.com/en/results.html/2021/races/1065/emilia-romagna/fastest-laps.html,15,7,RAI,Kimi Räikkönen,Alfa Romeo Racing Ferrari,62,17:05:35,1:19.422,222.512
2021,EMILIA ROMAGNA,1065,fastest_lap,https://www.formula1.com/en/results.html/2021/races/1065/emilia-romagna/fastest-laps.html,16,99,GIO,Antonio Giovinazzi,Alfa Romeo Racing Ferrari,57,16:59:24,1:19.470,222.378
2021,EMILIA ROMAGNA,1065,fastest_lap,https://www.formula1.com/en/results.html/2021/races/1065/emilia-romagna/fastest-laps.html,17,9,MAZ,Nikita Mazepin,Haas Ferrari,55,16:58:32,1:20.402,219.800
2021,EMILIA ROMAGNA,1065,fastest_lap,https://www.formula1.com/en/results.html/2021/races/1065/emilia-romagna/fastest-laps.html,18,63,RUS,George Russell,Williams Mercedes,28,15:51:18,1:26.543,204.203
2021,EMILIA ROMAGNA,1065,fastest_lap,https://www.formula1.com/en/results.html/2021/races/1065/emilia-romagna/fastest-laps.html,19,77,BOT,Valtteri Bottas,Mercedes,30,15:54:14,1:28.485,199.721
2021,FORMULA 1 HEINEKEN GRANDE PRÉMIO DE PORTUGAL,1066,fastest_lap,https://www.formula1.com/en/results.html/2021/races/1066/portugal/fastest-laps.html,1,77,BOT,Valtteri Bottas,Mercedes,65,16:36:46,1:19.865,209.738
2021,FORMULA 1 HEINEKEN GRANDE PRÉMIO DE PORTUGAL,1066,fastest_lap,https://www.formula1.com/en/results.html/2021/races/1066/portugal/fastest-laps.html,2,11,PER,Sergio Perez,Red Bull Racing Honda,55,16:23:11,1:20.643,207.715
2021,FORMULA 1 HEINEKEN GRANDE PRÉMIO DE PORTUGAL,1066,fastest_lap,https://www.formula1.com/en/results.html/2021/races/1066/portugal/fastest-laps.html,3,33,VER,Max Verstappen,Red Bull Racing Honda,62,16:32:12,1:20.695,207.581
2021,FORMULA 1 HEINEKEN GRANDE PRÉMIO DE PORTUGAL,1066,fastest_lap,https://www.formula1.com/en/results.html/2021/races/1066/portugal/fastest-laps.html,4,44,HAM,Lewis Hamilton,Mercedes,47,16:11:48,1:20.933,206.971
2021,FORMULA 1 HEINEKEN GRANDE PRÉMIO DE PORTUGAL,1066,fastest_lap,https://www.formula1.com/en/results.html/2021/races/1066/portugal/fastest-laps.html,5,14,ALO,Fernando Alonso,Alpine Renault,66,16:38:39,1:21.032,206.718
2021,FORMULA 1 HEINEKEN GRANDE PRÉMIO DE PORTUGAL,1066,fastest_lap,https://www.formula1.com/en/results.html/2021/races/1066/portugal/fastest-laps.html,6,16,LEC,Charles Leclerc,Ferrari,63,16:34:21,1:21.496,205.541
2021,FORMULA 1 HEINEKEN GRANDE PRÉMIO DE PORTUGAL,1066,fastest_lap,https://www.formula1.com/en/results.html/2021/races/1066/portugal/fastest-laps.html,7,4,NOR,Lando Norris,McLaren Mercedes,55,16:23:24,1:21.696,205.038
2021,FORMULA 1 HEINEKEN GRANDE PRÉMIO DE PORTUGAL,1066,fastest_lap,https://www.formula1.com/en/results.html/2021/races/1066/portugal/fastest-laps.html,8,31,OCO,Esteban Ocon,Alpine Renault,34,15:54:39,1:21.886,204.562
2021,FORMULA 1 HEINEKEN GRANDE PRÉMIO DE PORTUGAL,1066,fastest_lap,https://www.formula1.com/en/results.html/2021/races/1066/portugal/fastest-laps.html,9,18,STR,Lance Stroll,Aston Martin Mercedes,59,16:29:21,1:21.970,204.352
2021,FORMULA 1 HEINEKEN GRANDE PRÉMIO DE PORTUGAL,1066,fastest_lap,https://www.formula1.com/en/results.html/2021/races/1066/portugal/fastest-laps.html,10,3,RIC,Daniel Ricciardo,McLaren Mercedes,64,16:36:04,1:21.987,204.310
2021,FORMULA 1 HEINEKEN GRANDE PRÉMIO DE PORTUGAL,1066,fastest_lap,https://www.formula1.com/en/results.html/2021/races/1066/portugal/fastest-laps.html,11,10,GAS,Pierre Gasly,AlphaTauri Honda,65,16:37:28,1:22.014,204.243
2021,FORMULA 1 HEINEKEN GRANDE PRÉMIO DE PORTUGAL,1066,fastest_lap,https://www.formula1.com/en/results.html/2021/races/1066/portugal/fastest-laps.html,12,22,TSU,Yuki Tsunoda,AlphaTauri Honda,61,16:32:29,1:22.058,204.133
2021,FORMULA 1 HEINEKEN GRANDE PRÉMIO DE PORTUGAL,1066,fastest_lap,https://www.formula1.com/en/results.html/2021/races/1066/portugal/fastest-laps.html,13,99,GIO,Antonio Giovinazzi,Alfa Romeo Racing Ferrari,60,16:30:42,1:22.167,203.862
2021,FORMULA 1 HEINEKEN GRANDE PRÉMIO DE PORTUGAL,1066,fastest_lap,https://www.formula1.com/en/results.html/2021/races/1066/portugal/fastest-laps.html,14,55,SAI,Carlos Sainz,Ferrari,60,16:30:33,1:22.325,203.471
2021,FORMULA 1 HEINEKEN GRANDE PRÉMIO DE PORTUGAL,1066,fastest_lap,https://www.formula1.com/en/results.html/2021/races/1066/portugal/fastest-laps.html,15,5,VET,Sebastian Vettel,Aston Martin Mercedes,60,16:30:44,1:22.416,203.246
2021,FORMULA 1 HEINEKEN GRANDE PRÉMIO DE PORTUGAL,1066,fastest_lap,https://www.formula1.com/en/results.html/2021/races/1066/portugal/fastest-laps.html,16,63,RUS,George Russell,Williams Mercedes,60,16:31:42,1:22.654,202.661
2021,FORMULA 1 HEINEKEN GRANDE PRÉMIO DE PORTUGAL,1066,fastest_lap,https://www.formula1.com/en/results.html/2021/races/1066/portugal/fastest-laps.html,17,47,MSC,Mick Schumacher,Haas Ferrari,61,16:33:25,1:22.755,202.414
2021,FORMULA 1 HEINEKEN GRANDE PRÉMIO DE PORTUGAL,1066,fastest_lap,https://www.formula1.com/en/results.html/2021/races/1066/portugal/fastest-laps.html,18,6,LAT,Nicholas Latifi,Williams Mercedes,60,16:32:01,1:23.155,201.440
2021,FORMULA 1 HEINEKEN GRANDE PRÉMIO DE PORTUGAL,1066,fastest_lap,https://www.formula1.com/en/results.html/2021/races/1066/portugal/fastest-laps.html,19,9,MAZ,Nikita Mazepin,Haas Ferrari,64,16:38:44,1:23.641,200.270
2021,FORMULA 1 GRAND PRIX DE MONACO,1067,fastest_lap,https://www.formula1.com/en/results.html/2021/races/1067/monaco/fastest-laps.html,1,44,HAM,Lewis Hamilton,Mercedes,69,16:31:41,1:12.909,164.769
2021,FORMULA 1 GRAND PRIX DE MONACO,1067,fastest_lap,https://www.formula1.com/en/results.html/2021/races/1067/monaco/fastest-laps.html,2,22,TSU,Yuki Tsunoda,AlphaTauri Honda,66,16:29:05,1:14.037,162.259
2021,FORMULA 1 GRAND PRIX DE MONACO,1067,fastest_lap,https://www.formula1.com/en/results.html/2021/races/1067/monaco/fastest-laps.html,3,11,PER,Sergio Perez,Red Bull Racing Honda,32,15:44:05,1:14.552,161.138
2021,FORMULA 1 GRAND PRIX DE MONACO,1067,fastest_lap,https://www.formula1.com/en/results.html/2021/races/1067/monaco/fastest-laps.html,4,3,RIC,Daniel Ricciardo,McLaren Mercedes,43,15:59:09,1:14.578,161.082
2021,FORMULA 1 GRAND PRIX DE MONACO,1067,fastest_lap,https://www.formula1.com/en/results.html/2021/races/1067/monaco/fastest-laps.html,5,55,SAI,Carlos Sainz,Ferrari,35,15:48:00,1:14.621,160.989
2021,FORMULA 1 GRAND PRIX DE MONACO,1067,fastest_lap,https://www.formula1.com/en/results.html/2021/races/1067/monaco/fastest-laps.html,6,33,VER,Max Verstappen,Red Bull Racing Honda,58,16:16:44,1:14.649,160.929
2021,FORMULA 1 GRAND PRIX DE MONACO,1067,fastest_lap,https://www.formula1.com/en/results.html/2021/races/1067/monaco/fastest-laps.html,7,4,NOR,Lando Norris,McLaren Mercedes,76,16:39:40,1:14.670,160.883
2021,FORMULA 1 GRAND PRIX DE MONACO,1067,fastest_lap,https://www.formula1.com/en/results.html/2021/races/1067/monaco/fastest-laps.html,8,18,STR,Lance Stroll,Aston Martin Mercedes,74,16:38:08,1:14.674,160.875
2021,FORMULA 1 GRAND PRIX DE MONACO,1067,fastest_lap,https://www.formula1.com/en/results.html/2021/races/1067/monaco/fastest-laps.html,9,7,RAI,Kimi Räikkönen,Alfa Romeo Racing Ferrari,55,16:14:27,1:14.971,160.237
2021,FORMULA 1 GRAND PRIX DE MONACO,1067,fastest_lap,https://www.formula1.com/en/results.html/2021/races/1067/monaco/fastest-laps.html,10,14,ALO,Fernando Alonso,Alpine Renault,70,16:33:45,1:15.026,160.120
2021,FORMULA 1 GRAND PRIX DE MONACO,1067,fastest_lap,https://www.formula1.com/en/results.html/2021/races/1067/monaco/fastest-laps.html,11,5,VET,Sebastian Vettel,Aston Martin Mercedes,33,15:45:41,1:15.316,159.503
2021,FORMULA 1 GRAND PRIX DE MONACO,1067,fastest_lap,https://www.formula1.com/en/results.html/2021/races/1067/monaco/fastest-laps.html,12,31,OCO,Esteban Ocon,Alpine Renault,41,15:56:18,1:15.316,159.503
2021,FORMULA 1 GRAND PRIX DE MONACO,1067,fastest_lap,https://www.formula1.com/en/results.html/2021/races/1067/monaco/fastest-laps.html,13,99,GIO,Antonio Giovinazzi,Alfa Romeo Racing Ferrari,41,15:56:20,1:15.331,159.472
2021,FORMULA 1 GRAND PRIX DE MONACO,1067,fastest_lap,https://www.formula1.com/en/results.html/2021/races/1067/monaco/fastest-laps.html,14,10,GAS,Pierre Gasly,AlphaTauri Honda,71,16:33:55,1:15.412,159.300
2021,FORMULA 1 GRAND PRIX DE MONACO,1067,fastest_lap,https://www.formula1.com/en/results.html/2021/races/1067/monaco/fastest-laps.html,15,63,RUS,George Russell,Williams Mercedes,59,16:20:09,1:15.539,159.033
2021,FORMULA 1 GRAND PRIX DE MONACO,1067,fastest_lap,https://www.formula1.com/en/results.html/2021/races/1067/monaco/fastest-laps.html,16,6,LAT,Nicholas Latifi,Williams Mercedes,66,16:29:03,1:15.573,158.961
2021,FORMULA 1 GRAND PRIX DE MONACO,1067,fastest_lap,https://www.formula1.com/en/results.html/2021/races/1067/monaco/fastest-laps.html,17,77,BOT,Valtteri Bottas,Mercedes,18,15:26:01,1:15.706,158.682
2021,FORMULA 1 GRAND PRIX DE MONACO,1067,fastest_lap,https://www.formula1.com/en/results.html/2021/races/1067/monaco/fastest-laps.html,18,47,MSC,Mick Schumacher,Haas Ferrari,51,16:11:30,1:16.425,157.189
2021,FORMULA 1 GRAND PRIX DE MONACO,1067,fastest_lap,https://www.formula1.com/en/results.html/2021/races/1067/monaco/fastest-laps.html,19,9,MAZ,Nikita Mazepin,Haas Ferrari,64,16:28:16,1:16.866,156.287
2021,FORMULA 1 EMIRATES GRAND PRIX DE FRANCE,1070,fastest_lap,https://www.formula1.com/en/results.html/2021/races/1070/france/fastest-laps.html,1,33,VER,Max Verstappen,Red Bull Racing Honda,35,16:01:43,1:36.404,218.156
2021,FORMULA 1 EMIRATES GRAND PRIX DE FRANCE,1070,fastest_lap,https://www.formula1.com/en/results.html/2021/races/1070/france/fastest-laps.html,2,11,PER,Sergio Perez,Red Bull Racing Honda,53,16:31:00,1:36.693,217.504
2021,FORMULA 1 EMIRATES GRAND PRIX DE FRANCE,1070,fastest_lap,https://www.formula1.com/en/results.html/2021/races/1070/france/fastest-laps.html,3,77,BOT,Valtteri Bottas,Mercedes,19,15:35:21,1:36.960,216.905
2021,FORMULA 1 EMIRATES GRAND PRIX DE FRANCE,1070,fastest_lap,https://www.formula1.com/en/results.html/2021/races/1070/france/fastest-laps.html,4,5,VET,Sebastian Vettel,Aston Martin Mercedes,52,16:30:34,1:37.138,216.508
2021,FORMULA 1 EMIRATES GRAND PRIX DE FRANCE,1070,fastest_lap,https://www.formula1.com/en/results.html/2021/races/1070/france/fastest-laps.html,5,44,HAM,Lewis Hamilton,Mercedes,44,16:16:11,1:37.410,215.903
2021,FORMULA 1 EMIRATES GRAND PRIX DE FRANCE,1070,fastest_lap,https://www.formula1.com/en/results.html/2021/races/1070/france/fastest-laps.html,6,4,NOR,Lando Norris,McLaren Mercedes,52,16:30:18,1:37.425,215.870
2021,FORMULA 1 EMIRATES GRAND PRIX DE FRANCE,1070,fastest_lap,https://www.formula1.com/en/results.html/2021/races/1070/france/fastest-laps.html,7,14,ALO,Fernando Alonso,Alpine Renault,44,16:17:23,1:37.646,215.382
2021,FORMULA 1 EMIRATES GRAND PRIX DE FRANCE,1070,fastest_lap,https://www.formula1.com/en/results.html/2021/races/1070/france/fastest-laps.html,8,16,LEC,Charles Leclerc,Ferrari,43,16:16:13,1:37.681,215.304
2021,FORMULA 1 EMIRATES GRAND PRIX DE FRANCE,1070,fastest_lap,https://www.formula1.com/en/results.html/2021/races/1070/france/fastest-laps.html,9,18,STR,Lance Stroll,Aston Martin Mercedes,44,16:17:38,1:37.828,214.981
2021,FORMULA 1 EMIRATES GRAND PRIX DE FRANCE,1070,fastest_lap,https://www.formula1.com/en/results.html/2021/races/1070/france/fastest-laps.html,10,7,RAI,Kimi Räikkönen,Alfa Romeo Racing Ferrari,46,16:21:16,1:37.992,214.621
2021,FORMULA 1 EMIRATES GRAND PRIX DE FRANCE,1070,fastest_lap,https://www.formula1.com/en/results.html/2021/races/1070/france/fastest-laps.html,11,10,GAS,Pierre Gasly,AlphaTauri Honda,44,16:17:21,1:38.103,214.378
2021,FORMULA 1 EMIRATES GRAND PRIX DE FRANCE,1070,fastest_lap,https://www.formula1.com/en/results.html/2021/races/1070/france/fastest-laps.html,12,6,LAT,Nicholas Latifi,Williams Mercedes,50,16:27:58,1:38.313,213.920
2021,FORMULA 1 EMIRATES GRAND PRIX DE FRANCE,1070,fastest_lap,https://www.formula1.com/en/results.html/2021/races/1070/france/fastest-laps.html,13,63,RUS,George Russell,Williams Mercedes,52,16:31:00,1:38.314,213.918
2021,FORMULA 1 EMIRATES GRAND PRIX DE FRANCE,1070,fastest_lap,https://www.formula1.com/en/results.html/2021/races/1070/france/fastest-laps.html,14,3,RIC,Daniel Ricciardo,McLaren Mercedes,45,16:18:56,1:38.324,213.896
2021,FORMULA 1 EMIRATES GRAND PRIX DE FRANCE,1070,fastest_lap,https://www.formula1.com/en/results.html/2021/races/1070/france/fastest-laps.html,15,31,OCO,Esteban Ocon,Alpine Renault,33,15:59:36,1:38.645,213.200
2021,FORMULA 1 EMIRATES GRAND PRIX DE FRANCE,1070,fastest_lap,https://www.formula1.com/en/results.html/2021/races/1070/france/fastest-laps.html,16,99,GIO,Antonio Giovinazzi,Alfa Romeo Racing Ferrari,36,16:04:36,1:38.702,213.077
2021,FORMULA 1 EMIRATES GRAND PRIX DE FRANCE,1070,fastest_lap,https://www.formula1.com/en/results.html/2021/races/1070/france/fastest-laps.html,17,47,MSC,Mick Schumacher,Haas Ferrari,51,16:30:07,1:38.847,212.765
2021,FORMULA 1 EMIRATES GRAND PRIX DE FRANCE,1070,fastest_lap,https://www.formula1.com/en/results.html/2021/races/1070/france/fastest-laps.html,18,55,SAI,Carlos Sainz,Ferrari,19,15:35:52,1:38.931,212.584
2021,FORMULA 1 EMIRATES GRAND PRIX DE FRANCE,1070,fastest_lap,https://www.formula1.com/en/results.html/2021/races/1070/france/fastest-laps.html,19,22,TSU,Yuki Tsunoda,AlphaTauri Honda,18,15:34:24,1:38.980,212.479
2021,FORMULA 1 EMIRATES GRAND PRIX DE FRANCE,1070,fastest_lap,https://www.formula1.com/en/results.html/2021/races/1070/france/fastest-laps.html,20,9,MAZ,Nikita Mazepin,Haas Ferrari,34,16:01:54,1:39.317,211.758
2021,FORMULA 1 BWT GROSSER PREIS VON ÖSTERREICH,1071,fastest_lap,https://www.formula1.com/en/results.html/2021/races/1071/austria/fastest-laps.html,1,33,VER,Max Verstappen,Red Bull Racing Honda,62,16:16:38,1:06.200,234.815
2021,FORMULA 1 BWT GROSSER PREIS VON ÖSTERREICH,1071,fastest_lap,https://www.formula1.com/en/results.html/2021/races/1071/austria/fastest-laps.html,2,55,SAI,Carlos Sainz,Ferrari,70,16:26:38,1:07.762,229.402
2021,FORMULA 1 BWT GROSSER PREIS VON ÖSTERREICH,1071,fastest_lap,https://www.formula1.com/en/results.html/2021/races/1071/austria/fastest-laps.html,3,44,HAM,Lewis Hamilton,Mercedes,55,16:09:09,1:08.126,228.177
2021,FORMULA 1 BWT GROSSER PREIS VON ÖSTERREICH,1071,fastest_lap,https://www.formula1.com/en/results.html/2021/races/1071/austria/fastest-laps.html,4,10,GAS,Pierre Gasly,AlphaTauri Honda,54,16:08:26,1:08.146,228.110
2021,FORMULA 1 BWT GROSSER PREIS VON ÖSTERREICH,1071,fastest_lap,https://www.formula1.com/en/results.html/2021/races/1071/austria/fastest-laps.html,5,11,PER,Sergio Perez,Red Bull Racing Honda,55,16:09:20,1:08.192,227.956
2021,FORMULA 1 BWT GROSSER PREIS VON ÖSTERREICH,1071,fastest_lap,https://www.formula1.com/en/results.html/2021/races/1071/austria/fastest-laps.html,6,77,BOT,Valtteri Bottas,Mercedes,52,16:05:20,1:08.374,227.349
2021,FORMULA 1 BWT GROSSER PREIS VON ÖSTERREICH,1071,fastest_lap,https://www.formula1.com/en/results.html/2021/races/1071/austria/fastest-laps.html,7,14,ALO,Fernando Alonso,Alpine Renault,70,16:27:01,1:08.405,227.246
2021,FORMULA 1 BWT GROSSER PREIS VON ÖSTERREICH,1071,fastest_lap,https://www.formula1.com/en/results.html/2021/races/1071/austria/fastest-laps.html,8,5,VET,Sebastian Vettel,Aston Martin Mercedes,51,16:05:16,1:08.420,227.196
2021,FORMULA 1 BWT GROSSER PREIS VON ÖSTERREICH,1071,fastest_lap,https://www.formula1.com/en/results.html/2021/races/1071/austria/fastest-laps.html,9,22,TSU,Yuki Tsunoda,AlphaTauri Honda,54,16:08:50,1:08.455,227.080
2021,FORMULA 1 BWT GROSSER PREIS VON ÖSTERREICH,1071,fastest_lap,https://www.formula1.com/en/results.html/2021/races/1071/austria/fastest-laps.html,10,4,NOR,Lando Norris,McLaren Mercedes,62,16:16:49,1:08.471,227.027
2021,FORMULA 1 BWT GROSSER PREIS VON ÖSTERREICH,1071,fastest_lap,https://www.formula1.com/en/results.html/2021/races/1071/austria/fastest-laps.html,11,7,RAI,Kimi Räikkönen,Alfa Romeo Racing Ferrari,62,16:17:50,1:08.520,226.865
2021,FORMULA 1 BWT GROSSER PREIS VON ÖSTERREICH,1071,fastest_lap,https://www.formula1.com/en/results.html/2021/races/1071/austria/fastest-laps.html,12,18,STR,Lance Stroll,Aston Martin Mercedes,54,16:08:53,1:08.659,226.405
2021,FORMULA 1 BWT GROSSER PREIS VON ÖSTERREICH,1071,fastest_lap,https://www.formula1.com/en/results.html/2021/races/1071/austria/fastest-laps.html,13,16,LEC,Charles Leclerc,Ferrari,55,16:09:23,1:08.698,226.277
2021,FORMULA 1 BWT GROSSER PREIS VON ÖSTERREICH,1071,fastest_lap,https://www.formula1.com/en/results.html/2021/races/1071/austria/fastest-laps.html,14,3,RIC,Daniel Ricciardo,McLaren Mercedes,56,16:10:31,1:08.820,225.876
2021,FORMULA 1 BWT GROSSER PREIS VON ÖSTERREICH,1071,fastest_lap,https://www.formula1.com/en/results.html/2021/races/1071/austria/fastest-laps.html,15,6,LAT,Nicholas Latifi,Williams Mercedes,69,16:26:23,1:08.874,225.699
2021,FORMULA 1 BWT GROSSER PREIS VON ÖSTERREICH,1071,fastest_lap,https://www.formula1.com/en/results.html/2021/races/1071/austria/fastest-laps.html,16,63,RUS,George Russell,Williams Mercedes,56,16:10:49,1:08.900,225.613
2021,FORMULA 1 BWT GROSSER PREIS VON ÖSTERREICH,1071,fastest_lap,https://www.formula1.com/en/results.html/2021/races/1071/austria/fastest-laps.html,17,99,GIO,Antonio Giovinazzi,Alfa Romeo Racing Ferrari,55,16:10:06,1:09.042,225.149
2021,FORMULA 1 BWT GROSSER PREIS VON ÖSTERREICH,1071,fastest_lap,https://www.formula1.com/en/results.html/2021/races/1071/austria/fastest-laps.html,18,47,MSC,Mick Schumacher,Haas Ferrari,56,16:11:32,1:09.394,224.007
2021,FORMULA 1 BWT GROSSER PREIS VON ÖSTERREICH,1071,fastest_lap,https://www.formula1.com/en/results.html/2021/races/1071/austria/fastest-laps.html,19,9,MAZ,Nikita Mazepin,Haas Ferrari,49,16:04:03,1:09.757,222.842
2021,FORMULA 1 PIRELLI BRITISH,1072,fastest_lap,https://www.formula1.com/en/results.html/2021/races/1072/great-britain/fastest-laps.html,1,11,PER,Sergio Perez,Red Bull Racing Honda,50,17:00:26,1:28.617,239.317
2021,FORMULA 1 PIRELLI BRITISH,1072,fastest_lap,https://www.formula1.com/en/results.html/2021/races/1072/great-britain/fastest-laps.html,2,44,HAM,Lewis Hamilton,Mercedes,45,16:51:11,1:29.699,236.430
2021,FORMULA 1 PIRELLI BRITISH,1072,fastest_lap,https://www.formula1.com/en/results.html/2021/races/1072/great-britain/fastest-laps.html,3,10,GAS,Pierre Gasly,AlphaTauri Honda,52,17:03:11,1:30.266,234.945
2021,FORMULA 1 PIRELLI BRITISH,1072,fastest_lap,https://www.formula1.com/en/results.html/2021/races/1072/great-britain/fastest-laps.html,4,77,BOT,Valtteri Bottas,Mercedes,45,16:51:16,1:30.524,234.275
2021,FORMULA 1 PIRELLI BRITISH,1072,fastest_lap,https://www.formula1.com/en/results.html/2021/races/1072/great-britain/fastest-laps.html,5,16,LEC,Charles Leclerc,Ferrari,45,16:51:07,1:30.569,234.159
2021,FORMULA 1 PIRELLI BRITISH,1072,fastest_lap,https://www.formula1.com/en/results.html/2021/races/1072/great-britain/fastest-laps.html,6,22,TSU,Yuki Tsunoda,AlphaTauri Honda,51,17:01:36,1:30.826,233.497
2021,FORMULA 1 PIRELLI BRITISH,1072,fastest_lap,https://www.formula1.com/en/results.html/2021/races/1072/great-britain/fastest-laps.html,7,55,SAI,Carlos Sainz,Ferrari,51,17:00:57,1:31.223,232.480
2021,FORMULA 1 PIRELLI BRITISH,1072,fastest_lap,https://www.formula1.com/en/results.html/2021/races/1072/great-britain/fastest-laps.html,8,3,RIC,Daniel Ricciardo,McLaren Mercedes,51,17:00:57,1:31.284,232.325
2021,FORMULA 1 PIRELLI BRITISH,1072,fastest_lap,https://www.formula1.com/en/results.html/2021/races/1072/great-britain/fastest-laps.html,9,4,NOR,Lando Norris,McLaren Mercedes,44,16:49:57,1:31.420,231.979
2021,FORMULA 1 PIRELLI BRITISH,1072,fastest_lap,https://www.formula1.com/en/results.html/2021/races/1072/great-britain/fastest-laps.html,10,14,ALO,Fernando Alonso,Alpine Renault,48,16:56:47,1:31.698,231.276
2021,FORMULA 1 PIRELLI BRITISH,1072,fastest_lap,https://www.formula1.com/en/results.html/2021/races/1072/great-britain/fastest-laps.html,11,7,RAI,Kimi Räikkönen,Alfa Romeo Racing Ferrari,48,16:57:16,1:31.895,230.780
2021,FORMULA 1 PIRELLI BRITISH,1072,fastest_lap,https://www.formula1.com/en/results.html/2021/races/1072/great-britain/fastest-laps.html,12,18,STR,Lance Stroll,Aston Martin Mercedes,48,16:56:49,1:31.992,230.537
2021,FORMULA 1 PIRELLI BRITISH,1072,fastest_lap,https://www.formula1.com/en/results.html/2021/races/1072/great-britain/fastest-laps.html,13,63,RUS,George Russell,Williams Mercedes,49,16:58:38,1:32.049,230.394
2021,FORMULA 1 PIRELLI BRITISH,1072,fastest_lap,https://www.formula1.com/en/results.html/2021/races/1072/great-britain/fastest-laps.html,14,31,OCO,Esteban Ocon,Alpine Renault,48,16:56:51,1:32.210,229.992
2021,FORMULA 1 PIRELLI BRITISH,1072,fastest_lap,https://www.formula1.com/en/results.html/2021/races/1072/great-britain/fastest-laps.html,15,99,GIO,Antonio Giovinazzi,Alfa Romeo Racing Ferrari,49,16:58:41,1:32.346,229.653
2021,FORMULA 1 PIRELLI BRITISH,1072,fastest_lap,https://www.formula1.com/en/results.html/2021/races/1072/great-britain/fastest-laps.html,16,6,LAT,Nicholas Latifi,Williams Mercedes,51,17:01:52,1:32.477,229.328
2021,FORMULA 1 PIRELLI BRITISH,1072,fastest_lap,https://www.formula1.com/en/results.html/2021/races/1072/great-britain/fastest-laps.html,17,47,MSC,Mick Schumacher,Haas Ferrari,50,17:01:20,1:32.862,228.377
2021,FORMULA 1 PIRELLI BRITISH,1072,fastest_lap,https://www.formula1.com/en/results.html/2021/races/1072/great-britain/fastest-laps.html,18,9,MAZ,Nikita Mazepin,Haas Ferrari,51,17:02:52,1:32.909,228.262
2021,FORMULA 1 PIRELLI BRITISH,1072,fastest_lap,https://www.formula1.com/en/results.html/2021/races/1072/great-britain/fastest-laps.html,19,5,VET,Sebastian Vettel,Aston Martin Mercedes,35,16:37:02,1:33.059,227.894
2021,FORMULA 1 ROLEX MAGYAR NAGYDÍJ,1073,fastest_lap,https://www.formula1.com/en/results.html/2021/races/1073/hungary/fastest-laps.html,1,10,GAS,Pierre Gasly,AlphaTauri Honda,70,17:08:59,1:18.394,201.183
2021,FORMULA 1 ROLEX MAGYAR NAGYDÍJ,1073,fastest_lap,https://www.formula1.com/en/results.html/2021/races/1073/hungary/fastest-laps.html,2,44,HAM,Lewis Hamilton,Mercedes,49,16:39:39,1:18.715,200.363
2021,FORMULA 1 ROLEX MAGYAR NAGYDÍJ,1073,fastest_lap,https://www.formula1.com/en/results.html/2021/races/1073/hungary/fastest-laps.html,3,14,ALO,Fernando Alonso,Alpine Renault,41,16:28:37,1:20.359,196.264
2021,FORMULA 1 ROLEX MAGYAR NAGYDÍJ,1073,fastest_lap,https://www.formula1.com/en/results.html/2021/races/1073/hungary/fastest-laps.html,4,33,VER,Max Verstappen,Red Bull Racing Honda,43,16:32:12,1:20.945,194.843
2021,FORMULA 1 ROLEX MAGYAR NAGYDÍJ,1073,fastest_lap,https://www.formula1.com/en/results.html/2021/races/1073/hungary/fastest-laps.html,5,31,OCO,Esteban Ocon,Alpine Renault,54,16:46:08,1:21.421,193.704
2021,FORMULA 1 ROLEX MAGYAR NAGYDÍJ,1073,fastest_lap,https://www.formula1.com/en/results.html/2021/races/1073/hungary/fastest-laps.html,6,55,SAI,Carlos Sainz,Ferrari,54,16:46:15,1:21.423,193.699
2021,FORMULA 1 ROLEX MAGYAR NAGYDÍJ,1073,fastest_lap,https://www.formula1.com/en/results.html/2021/races/1073/hungary/fastest-laps.html,7,5,VET,Sebastian Vettel,Aston Martin Mercedes,60,16:54:19,1:21.459,193.613
2021,FORMULA 1 ROLEX MAGYAR NAGYDÍJ,1073,fastest_lap,https://www.formula1.com/en/results.html/2021/races/1073/hungary/fastest-laps.html,8,7,RAI,Kimi Räikkönen,Alfa Romeo Racing Ferrari,58,16:53:08,1:21.518,193.473
2021,FORMULA 1 ROLEX MAGYAR NAGYDÍJ,1073,fastest_lap,https://www.formula1.com/en/results.html/2021/races/1073/hungary/fastest-laps.html,9,63,RUS,George Russell,Williams Mercedes,62,16:58:15,1:22.112,192.074
2021,FORMULA 1 ROLEX MAGYAR NAGYDÍJ,1073,fastest_lap,https://www.formula1.com/en/results.html/2021/races/1073/hungary/fastest-laps.html,10,22,TSU,Yuki Tsunoda,AlphaTauri Honda,43,16:31:33,1:22.450,191.286
2021,FORMULA 1 ROLEX MAGYAR NAGYDÍJ,1073,fastest_lap,https://www.formula1.com/en/results.html/2021/races/1073/hungary/fastest-laps.html,11,47,MSC,Mick Schumacher,Haas Ferrari,44,16:33:45,1:22.711,190.683
2021,FORMULA 1 ROLEX MAGYAR NAGYDÍJ,1073,fastest_lap,https://www.formula1.com/en/results.html/2021/races/1073/hungary/fastest-laps.html,12,99,GIO,Antonio Giovinazzi,Alfa Romeo Racing Ferrari,44,16:33:46,1:22.736,190.625
2021,FORMULA 1 ROLEX MAGYAR NAGYDÍJ,1073,fastest_lap,https://www.formula1.com/en/results.html/2021/races/1073/hungary/fastest-laps.html,13,3,RIC,Daniel Ricciardo,McLaren Mercedes,58,16:52:47,1:22.802,190.473
2021,FORMULA 1 ROLEX MAGYAR NAGYDÍJ,1073,fastest_lap,https://www.formula1.com/en/results.html/2021/races/1073/hungary/fastest-laps.html,14,6,LAT,Nicholas Latifi,Williams Mercedes,62,16:58:03,1:22.831,190.406
2021,FORMULA 1 HEINEKEN DUTCH,1075,fastest_lap,https://www.formula1.com/en/results.html/2021/races/1075/netherlands/fastest-laps.html,1,44,HAM,Lewis Hamilton,Mercedes,72,16:33:34,1:11.097,215.654
2021,FORMULA 1 HEINEKEN DUTCH,1075,fastest_lap,https://www.formula1.com/en/results.html/2021/races/1075/netherlands/fastest-laps.html,2,77,BOT,Valtteri Bottas,Mercedes,69,16:30:25,1:12.549,211.338
2021,FORMULA 1 HEINEKEN DUTCH,1075,fastest_lap,https://www.formula1.com/en/results.html/2021/races/1075/netherlands/fastest-laps.html,3,33,VER,Max Verstappen,Red Bull Racing Honda,60,16:18:26,1:13.275,209.244
2021,FORMULA 1 HEINEKEN DUTCH,1075,fastest_lap,https://www.formula1.com/en/results.html/2021/races/1075/netherlands/fastest-laps.html,4,11,PER,Sergio Perez,Red Bull Racing Honda,59,16:19:00,1:13.461,208.714
2021,FORMULA 1 HEINEKEN DUTCH,1075,fastest_lap,https://www.formula1.com/en/results.html/2021/races/1075/netherlands/fastest-laps.html,5,5,VET,Sebastian Vettel,Aston Martin Mercedes,63,16:24:49,1:13.958,207.312
2021,FORMULA 1 HEINEKEN DUTCH,1075,fastest_lap,https://www.formula1.com/en/results.html/2021/races/1075/netherlands/fastest-laps.html,6,4,NOR,Lando Norris,McLaren Mercedes,48,16:05:15,1:14.236,206.535
2021,FORMULA 1 HEINEKEN DUTCH,1075,fastest_lap,https://www.formula1.com/en/results.html/2021/races/1075/netherlands/fastest-laps.html,7,14,ALO,Fernando Alonso,Alpine Renault,60,16:20:05,1:14.323,206.294
2021,FORMULA 1 HEINEKEN DUTCH,1075,fastest_lap,https://www.formula1.com/en/results.html/2021/races/1075/netherlands/fastest-laps.html,8,31,OCO,Esteban Ocon,Alpine Renault,54,16:12:40,1:14.675,205.321
2021,FORMULA 1 HEINEKEN DUTCH,1075,fastest_lap,https://www.formula1.com/en/results.html/2021/races/1075/netherlands/fastest-laps.html,9,16,LEC,Charles Leclerc,Ferrari,58,16:17:05,1:14.780,205.033
2021,FORMULA 1 HEINEKEN DUTCH,1075,fastest_lap,https://www.formula1.com/en/results.html/2021/races/1075/netherlands/fastest-laps.html,10,10,GAS,Pierre Gasly,AlphaTauri Honda,57,16:15:45,1:14.818,204.929
2021,FORMULA 1 HEINEKEN DUTCH,1075,fastest_lap,https://www.formula1.com/en/results.html/2021/races/1075/netherlands/fastest-laps.html,11,3,RIC,Daniel Ricciardo,McLaren Mercedes,59,16:19:09,1:14.920,204.650
2021,FORMULA 1 HEINEKEN DUTCH,1075,fastest_lap,https://www.formula1.com/en/results.html/2021/races/1075/netherlands/fastest-laps.html,12,99,GIO,Antonio Giovinazzi,Alfa Romeo Racing Ferrari,66,16:28:39,1:15.125,204.091
2021,FORMULA 1 HEINEKEN DUTCH,1075,fastest_lap,https://www.formula1.com/en/results.html/2021/races/1075/netherlands/fastest-laps.html,13,55,SAI,Carlos Sainz,Ferrari,45,16:01:00,1:15.260,203.725
2021,FORMULA 1 HEINEKEN DUTCH,1075,fastest_lap,https://www.formula1.com/en/results.html/2021/races/1075/netherlands/fastest-laps.html,14,88,KUB,Robert Kubica,Alfa Romeo Racing Ferrari,44,16:00:54,1:15.442,203.234
2021,FORMULA 1 HEINEKEN DUTCH,1075,fastest_lap,https://www.formula1.com/en/results.html/2021/races/1075/netherlands/fastest-laps.html,15,18,STR,Lance Stroll,Aston Martin Mercedes,57,16:16:50,1:15.611,202.780
2021,FORMULA 1 HEINEKEN DUTCH,1075,fastest_lap,https://www.formula1.com/en/results.html/2021/races/1075/netherlands/fastest-laps.html,16,63,RUS,George Russell,Williams Mercedes,57,16:16:50,1:15.628,202.734
2021,FORMULA 1 HEINEKEN DUTCH,1075,fastest_lap,https://www.formula1.com/en/results.html/2021/races/1075/netherlands/fastest-laps.html,17,22,TSU,Yuki Tsunoda,AlphaTauri Honda,44,16:00:27,1:15.783,202.319
2021,FORMULA 1 HEINEKEN DUTCH,1075,fastest_lap,https://www.formula1.com/en/results.html/2021/races/1075/netherlands/fastest-laps.html,18,6,LAT,Nicholas Latifi,Williams Mercedes,25,15:36:12,1:15.790,202.301
2021,FORMULA 1 HEINEKEN DUTCH,1075,fastest_lap,https://www.formula1.com/en/results.html/2021/races/1075/netherlands/fastest-laps.html,19,47,MSC,Mick Schumacher,Haas Ferrari,36,15:51:45,1:15.927,201.936
2021,FORMULA 1 HEINEKEN DUTCH,1075,fastest_lap,https://www.formula1.com/en/results.html/2021/races/1075/netherlands/fastest-laps.html,20,9,MAZ,Nikita Mazepin,Haas Ferrari,35,15:49:29,1:16.066,201.567
2021,ITALIA,1076,fastest_lap,https://www.formula1.com/en/results.html/2021/races/1076/italy/fastest-laps.html,1,3,RIC,Daniel Ricciardo,McLaren Mercedes,53,16:25:10,1:24.812,245.894
2021,ITALIA,1076,fastest_lap,https://www.formula1.com/en/results.html/2021/races/1076/italy/fastest-laps.html,2,77,BOT,Valtteri Bottas,Mercedes,34,15:57:45,1:24.827,245.850
2021,ITALIA,1076,fastest_lap,https://www.formula1.com/en/results.html/2021/races/1076/italy/fastest-laps.html,3,4,NOR,Lando Norris,McLaren Mercedes,53,16:25:12,1:24.971,245.434
2021,ITALIA,1076,fastest_lap,https://www.formula1.com/en/results.html/2021/races/1076/italy/fastest-laps.html,4,11,PER,Sergio Perez,Red Bull Racing Honda,53,16:25:14,1:25.156,244.901
2021,ITALIA,1076,fastest_lap,https://www.formula1.com/en/results.html/2021/races/1076/italy/fastest-laps.html,5,33,VER,Max Verstappen,Red Bull Racing Honda,25,15:40:09,1:25.173,244.852
2021,ITALIA,1076,fastest_lap,https://www.formula1.com/en/results.html/2021/races/1076/italy/fastest-laps.html,6,16,LEC,Charles Leclerc,Ferrari,53,16:25:17,1:25.319,244.433
2021,ITALIA,1076,fastest_lap,https://www.formula1.com/en/results.html/2021/races/1076/italy/fastest-laps.html,7,14,ALO,Fernando Alonso,Alpine Renault,52,16:24:02,1:25.472,243.995
2021,ITALIA,1076,fastest_lap,https://www.formula1.com/en/results.html/2021/races/1076/italy/fastest-laps.html,8,55,SAI,Carlos Sainz,Ferrari,53,16:25:21,1:25.559,243.747
2021,ITALIA,1076,fastest_lap,https://www.formula1.com/en/results.html/2021/races/1076/italy/fastest-laps.html,9,31,OCO,Esteban Ocon,Alpine Renault,53,16:25:31,1:25.566,243.727
2021,ITALIA,1076,fastest_lap,https://www.formula1.com/en/results.html/2021/races/1076/italy/fastest-laps.html,10,99,GIO,Antonio Giovinazzi,Alfa Romeo Racing Ferrari,50,16:21:19,1:25.718,243.295
2021,ITALIA,1076,fastest_lap,https://www.formula1.com/en/results.html/2021/races/1076/italy/fastest-laps.html,11,63,RUS,George Russell,Williams Mercedes,53,16:25:30,1:25.835,242.963
2021,ITALIA,1076,fastest_lap,https://www.formula1.com/en/results.html/2021/races/1076/italy/fastest-laps.html,12,88,KUB,Robert Kubica,Alfa Romeo Racing Ferrari,53,16:25:40,1:25.849,242.924
2021,ITALIA,1076,fastest_lap,https://www.formula1.com/en/results.html/2021/races/1076/italy/fastest-laps.html,13,18,STR,Lance Stroll,Aston Martin Mercedes,52,16:24:00,1:25.853,242.912
2021,ITALIA,1076,fastest_lap,https://www.formula1.com/en/results.html/2021/races/1076/italy/fastest-laps.html,14,44,HAM,Lewis Hamilton,Mercedes,3,15:07:55,1:25.870,242.864
2021,ITALIA,1076,fastest_lap,https://www.formula1.com/en/results.html/2021/races/1076/italy/fastest-laps.html,15,5,VET,Sebastian Vettel,Aston Martin Mercedes,50,16:21:16,1:25.938,242.672
2021,ITALIA,1076,fastest_lap,https://www.formula1.com/en/results.html/2021/races/1076/italy/fastest-laps.html,16,6,LAT,Nicholas Latifi,Williams Mercedes,50,16:21:15,1:25.953,242.630
2021,ITALIA,1076,fastest_lap,https://www.formula1.com/en/results.html/2021/races/1076/italy/fastest-laps.html,17,47,MSC,Mick Schumacher,Haas Ferrari,52,16:24:34,1:26.707,240.520
2021,ITALIA,1076,fastest_lap,https://www.formula1.com/en/results.html/2021/races/1076/italy/fastest-laps.html,18,9,MAZ,Nikita Mazepin,Haas Ferrari,41,16:08:50,1:27.202,239.155
2021,ITALIA,1076,fastest_lap,https://www.formula1.com/en/results.html/2021/races/1076/italy/fastest-laps.html,19,10,GAS,Pierre Gasly,AlphaTauri Honda,2,15:06:47,1:29.005,234.310
2021,FORMULA 1 VTB RUSSIAN,1077,fastest_lap,https://www.formula1.com/en/results.html/2021/races/1077/russia/fastest-laps.html,1,4,NOR,Lando Norris,McLaren Mercedes,39,16:09:38,1:37.423,216.096
2021,FORMULA 1 VTB RUSSIAN,1077,fastest_lap,https://www.formula1.com/en/results.html/2021/races/1077/russia/fastest-laps.html,2,44,HAM,Lewis Hamilton,Mercedes,43,16:16:10,1:37.575,215.760
2021,FORMULA 1 VTB RUSSIAN,1077,fastest_lap,https://www.formula1.com/en/results.html/2021/races/1077/russia/fastest-laps.html,3,77,BOT,Valtteri Bottas,Mercedes,31,15:57:00,1:38.216,214.352
2021,FORMULA 1 VTB RUSSIAN,1077,fastest_lap,https://www.formula1.com/en/results.html/2021/races/1077/russia/fastest-laps.html,4,10,GAS,Pierre Gasly,AlphaTauri Honda,35,16:03:46,1:38.279,214.214
2021,FORMULA 1 VTB RUSSIAN,1077,fastest_lap,https://www.formula1.com/en/results.html/2021/races/1077/russia/fastest-laps.html,5,33,VER,Max Verstappen,Red Bull Racing Honda,28,15:51:45,1:38.396,213.959
2021,FORMULA 1 VTB RUSSIAN,1077,fastest_lap,https://www.formula1.com/en/results.html/2021/races/1077/russia/fastest-laps.html,6,14,ALO,Fernando Alonso,Alpine Renault,44,16:18:28,1:38.686,213.331
2021,FORMULA 1 VTB RUSSIAN,1077,fastest_lap,https://www.formula1.com/en/results.html/2021/races/1077/russia/fastest-laps.html,7,16,LEC,Charles Leclerc,Ferrari,45,16:20:14,1:38.994,212.667
2021,FORMULA 1 VTB RUSSIAN,1077,fastest_lap,https://www.formula1.com/en/results.html/2021/races/1077/russia/fastest-laps.html,8,99,GIO,Antonio Giovinazzi,Alfa Romeo Racing Ferrari,39,16:10:55,1:39.058,212.530
2021,FORMULA 1 VTB RUSSIAN,1077,fastest_lap,https://www.formula1.com/en/results.html/2021/races/1077/russia/fastest-laps.html,9,3,RIC,Daniel Ricciardo,McLaren Mercedes,24,15:45:03,1:39.124,212.388
2021,FORMULA 1 VTB RUSSIAN,1077,fastest_lap,https://www.formula1.com/en/results.html/2021/races/1077/russia/fastest-laps.html,10,11,PER,Sergio Perez,Red Bull Racing Honda,45,16:20:03,1:39.215,212.193
2021,FORMULA 1 VTB RUSSIAN,1077,fastest_lap,https://www.formula1.com/en/results.html/2021/races/1077/russia/fastest-laps.html,11,5,VET,Sebastian Vettel,Aston Martin Mercedes,44,16:18:43,1:39.251,212.116
2021,FORMULA 1 VTB RUSSIAN,1077,fastest_lap,https://www.formula1.com/en/results.html/2021/races/1077/russia/fastest-laps.html,12,55,SAI,Carlos Sainz,Ferrari,40,16:11:42,1:39.294,212.024
2021,FORMULA 1 VTB RUSSIAN,1077,fastest_lap,https://www.formula1.com/en/results.html/2021/races/1077/russia/fastest-laps.html,13,22,TSU,Yuki Tsunoda,AlphaTauri Honda,42,16:15:49,1:39.960,210.612
2021,FORMULA 1 VTB RUSSIAN,1077,fastest_lap,https://www.formula1.com/en/results.html/2021/races/1077/russia/fastest-laps.html,14,6,LAT,Nicholas Latifi,Williams Mercedes,42,16:15:44,1:40.000,210.528
2021,FORMULA 1 VTB RUSSIAN,1077,fastest_lap,https://www.formula1.com/en/results.html/2021/races/1077/russia/fastest-laps.html,15,47,MSC,Mick Schumacher,Haas Ferrari,22,15:42:27,1:40.276,209.948
2021,FORMULA 1 VTB RUSSIAN,1077,fastest_lap,https://www.formula1.com/en/results.html/2021/races/1077/russia/fastest-laps.html,16,7,RAI,Kimi Räikkönen,Alfa Romeo Racing Ferrari,34,16:01:56,1:40.289,209.921
2021,FORMULA 1 VTB RUSSIAN,1077,fastest_lap,https://www.formula1.com/en/results.html/2021/races/1077/russia/fastest-laps.html,17,18,STR,Lance Stroll,Aston Martin Mercedes,35,16:03:28,1:40.464,209.555
2021,FORMULA 1 VTB RUSSIAN,1077,fastest_lap,https://www.formula1.com/en/results.html/2021/races/1077/russia/fastest-laps.html,18,63,RUS,George Russell,Williams Mercedes,40,16:11:57,1:40.596,209.280
2021,FORMULA 1 VTB RUSSIAN,1077,fastest_lap,https://www.formula1.com/en/results.html/2021/races/1077/russia/fastest-laps.html,19,31,OCO,Esteban Ocon,Alpine Renault,34,16:01:54,1:40.598,209.276
2021,FORMULA 1 VTB RUSSIAN,1077,fastest_lap,https://www.formula1.com/en/results.html/2021/races/1077/russia/fastest-laps.html,20,9,MAZ,Nikita Mazepin,Haas Ferrari,24,15:45:43,1:41.713,206.982
2021,FORMULA 1 ROLEX TURKISH,1078,fastest_lap,https://www.formula1.com/en/results.html/2021/races/1078/turkey/fastest-laps.html,1,77,BOT,Valtteri Bottas,Mercedes,58,16:34:25,1:30.432,212.500
2021,FORMULA 1 ROLEX TURKISH,1078,fastest_lap,https://www.formula1.com/en/results.html/2021/races/1078/turkey/fastest-laps.html,2,55,SAI,Carlos Sainz,Ferrari,49,16:21:24,1:31.921,209.057
2021,FORMULA 1 ROLEX TURKISH,1078,fastest_lap,https://www.formula1.com/en/results.html/2021/races/1078/turkey/fastest-laps.html,3,4,NOR,Lando Norris,McLaren Mercedes,50,16:22:44,1:32.446,207.870
2021,FORMULA 1 ROLEX TURKISH,1078,fastest_lap,https://www.formula1.com/en/results.html/2021/races/1078/turkey/fastest-laps.html,4,11,PER,Sergio Perez,Red Bull Racing Honda,53,16:27:11,1:32.459,207.841
2021,FORMULA 1 ROLEX TURKISH,1078,fastest_lap,https://www.formula1.com/en/results.html/2021/races/1078/turkey/fastest-laps.html,5,7,RAI,Kimi Räikkönen,Alfa Romeo Racing Ferrari,50,16:23:40,1:32.586,207.556
2021,FORMULA 1 ROLEX TURKISH,1078,fastest_lap,https://www.formula1.com/en/results.html/2021/races/1078/turkey/fastest-laps.html,6,18,STR,Lance Stroll,Aston Martin Mercedes,58,16:35:47,1:32.608,207.506
2021,FORMULA 1 ROLEX TURKISH,1078,fastest_lap,https://www.formula1.com/en/results.html/2021/races/1078/turkey/fastest-laps.html,7,5,VET,Sebastian Vettel,Aston Martin Mercedes,54,16:30:43,1:32.730,207.233
2021,FORMULA 1 ROLEX TURKISH,1078,fastest_lap,https://www.formula1.com/en/results.html/2021/races/1078/turkey/fastest-laps.html,8,16,LEC,Charles Leclerc,Ferrari,57,16:33:29,1:32.737,207.218
2021,FORMULA 1 ROLEX TURKISH,1078,fastest_lap,https://www.formula1.com/en/results.html/2021/races/1078/turkey/fastest-laps.html,9,33,VER,Max Verstappen,Red Bull Racing Honda,53,16:26:52,1:32.759,207.169
2021,FORMULA 1 ROLEX TURKISH,1078,fastest_lap,https://www.formula1.com/en/results.html/2021/races/1078/turkey/fastest-laps.html,10,44,HAM,Lewis Hamilton,Mercedes,52,16:25:43,1:32.763,207.160
2021,FORMULA 1 ROLEX TURKISH,1078,fastest_lap,https://www.formula1.com/en/results.html/2021/races/1078/turkey/fastest-laps.html,11,10,GAS,Pierre Gasly,AlphaTauri Honda,50,16:22:40,1:32.814,207.046
2021,FORMULA 1 ROLEX TURKISH,1078,fastest_lap,https://www.formula1.com/en/results.html/2021/races/1078/turkey/fastest-laps.html,12,22,TSU,Yuki Tsunoda,AlphaTauri Honda,54,16:30:09,1:32.844,206.979
2021,FORMULA 1 ROLEX TURKISH,1078,fastest_lap,https://www.formula1.com/en/results.html/2021/races/1078/turkey/fastest-laps.html,13,99,GIO,Antonio Giovinazzi,Alfa Romeo Racing Ferrari,57,16:34:37,1:32.904,206.845
2021,FORMULA 1 ROLEX TURKISH,1078,fastest_lap,https://www.formula1.com/en/results.html/2021/races/1078/turkey/fastest-laps.html,14,14,ALO,Fernando Alonso,Alpine Renault,55,16:31:47,1:33.252,206.073
2021,FORMULA 1 ROLEX TURKISH,1078,fastest_lap,https://www.formula1.com/en/results.html/2021/races/1078/turkey/fastest-laps.html,15,3,RIC,Daniel Ricciardo,McLaren Mercedes,34,15:58:07,1:33.255,206.067
2021,FORMULA 1 ROLEX TURKISH,1078,fastest_lap,https://www.formula1.com/en/results.html/2021/races/1078/turkey/fastest-laps.html,16,63,RUS,George Russell,Williams Mercedes,53,16:28:38,1:33.399,205.749
2021,FORMULA 1 ROLEX TURKISH,1078,fastest_lap,https://www.formula1.com/en/results.html/2021/races/1078/turkey/fastest-laps.html,17,6,LAT,Nicholas Latifi,Williams Mercedes,48,16:20:52,1:33.672,205.149
2021,FORMULA 1 ROLEX TURKISH,1078,fastest_lap,https://www.formula1.com/en/results.html/2021/races/1078/turkey/fastest-laps.html,18,47,MSC,Mick Schumacher,Haas Ferrari,52,16:28:14,1:34.209,203.980
2021,FORMULA 1 ROLEX TURKISH,1078,fastest_lap,https://www.formula1.com/en/results.html/2021/races/1078/turkey/fastest-laps.html,19,31,OCO,Esteban Ocon,Alpine Renault,24,15:41:50,1:34.584,203.171
2021,FORMULA 1 ROLEX TURKISH,1078,fastest_lap,https://www.formula1.com/en/results.html/2021/races/1078/turkey/fastest-laps.html,20,9,MAZ,Nikita Mazepin,Haas Ferrari,52,16:28:32,1:35.438,201.353
2021,FORMULA 1 ARAMCO GRAN PREMIO DE ESPAÑA,1086,fastest_lap,https://www.formula1.com/en/results.html/2021/races/1086/spain/fastest-laps.html,1,33,VER,Max Verstappen,Red Bull Racing Honda,62,16:31:20,1:18.149,215.357
2021,FORMULA 1 ARAMCO GRAN PREMIO DE ESPAÑA,1086,fastest_lap,https://www.formula1.com/en/results.html/2021/races/1086/spain/fastest-laps.html,2,77,BOT,Valtteri Bottas,Mercedes,65,16:35:31,1:19.430,211.884
2021,FORMULA 1 ARAMCO GRAN PREMIO DE ESPAÑA,1086,fastest_lap,https://www.formula1.com/en/results.html/2021/races/1086/spain/fastest-laps.html,3,11,PER,Sergio Perez,Red Bull Racing Honda,60,16:29:21,1:19.483,211.743
2021,FORMULA 1 ARAMCO GRAN PREMIO DE ESPAÑA,1086,fastest_lap,https://www.formula1.com/en/results.html/2021/races/1086/spain/fastest-laps.html,4,16,LEC,Charles Leclerc,Ferrari,64,16:34:34,1:20.459,209.174
2021,FORMULA 1 ARAMCO GRAN PREMIO DE ESPAÑA,1086,fastest_lap,https://www.formula1.com/en/results.html/2021/races/1086/spain/fastest-laps.html,5,44,HAM,Lewis Hamilton,Mercedes,54,16:20:08,1:20.665,208.640
2021,FORMULA 1 ARAMCO GRAN PREMIO DE ESPAÑA,1086,fastest_lap,https://www.formula1.com/en/results.html/2021/races/1086/spain/fastest-laps.html,6,14,ALO,Fernando Alonso,Alpine Renault,63,16:34:51,1:21.182,207.311
2021,FORMULA 1 ARAMCO GRAN PREMIO DE ESPAÑA,1086,fastest_lap,https://www.formula1.com/en/results.html/2021/races/1086/spain/fastest-laps.html,7,4,NOR,Lando Norris,McLaren Mercedes,56,16:24:24,1:21.279,207.064
2021,FORMULA 1 ARAMCO GRAN PREMIO DE ESPAÑA,1086,fastest_lap,https://www.formula1.com/en/results.html/2021/races/1086/spain/fastest-laps.html,8,10,GAS,Pierre Gasly,AlphaTauri Honda,64,16:35:40,1:21.375,206.820
2021,FORMULA 1 ARAMCO GRAN PREMIO DE ESPAÑA,1086,fastest_lap,https://www.formula1.com/en/results.html/2021/races/1086/spain/fastest-laps.html,9,55,SAI,Carlos Sainz,Ferrari,53,16:19:52,1:21.568,206.330
2021,FORMULA 1 ARAMCO GRAN PREMIO DE ESPAÑA,1086,fastest_lap,https://www.formula1.com/en/results.html/2021/races/1086/spain/fastest-laps.html,10,3,RIC,Daniel Ricciardo,McLaren Mercedes,60,16:29:25,1:21.853,205.612
2021,FORMULA 1 ARAMCO GRAN PREMIO DE ESPAÑA,1086,fastest_lap,https://www.formula1.com/en/results.html/2021/races/1086/spain/fastest-laps.html,11,18,STR,Lance Stroll,Aston Martin Mercedes,47,16:11:57,1:22.607,203.735
2021,FORMULA 1 ARAMCO GRAN PREMIO DE ESPAÑA,1086,fastest_lap,https://www.formula1.com/en/results.html/2021/races/1086/spain/fastest-laps.html,12,47,MSC,Mick Schumacher,Haas Ferrari,54,16:22:27,1:22.637,203.661
2021,FORMULA 1 ARAMCO GRAN PREMIO DE ESPAÑA,1086,fastest_lap,https://www.formula1.com/en/results.html/2021/races/1086/spain/fastest-laps.html,13,99,GIO,Antonio Giovinazzi,Alfa Romeo Racing Ferrari,42,16:05:25,1:22.802,203.255
2021,FORMULA 1 ARAMCO GRAN PREMIO DE ESPAÑA,1086,fastest_lap,https://www.formula1.com/en/results.html/2021/races/1086/spain/fastest-laps.html,14,5,VET,Sebastian Vettel,Aston Martin Mercedes,56,16:24:35,1:22.820,203.211
2021,FORMULA 1 ARAMCO GRAN PREMIO DE ESPAÑA,1086,fastest_lap,https://www.formula1.com/en/results.html/2021/races/1086/spain/fastest-laps.html,15,7,RAI,Kimi Räikkönen,Alfa Romeo Racing Ferrari,54,16:21:46,1:22.868,203.094
2021,FORMULA 1 ARAMCO GRAN PREMIO DE ESPAÑA,1086,fastest_lap,https://www.formula1.com/en/results.html/2021/races/1086/spain/fastest-laps.html,16,6,LAT,Nicholas Latifi,Williams Mercedes,57,16:26:23,1:22.905,203.003
2021,FORMULA 1 ARAMCO GRAN PREMIO DE ESPAÑA,1086,fastest_lap,https://www.formula1.com/en/results.html/2021/races/1086/spain/fastest-laps.html,17,63,RUS,George Russell,Williams Mercedes,30,15:47:59,1:23.208,202.264
2021,FORMULA 1 ARAMCO GRAN PREMIO DE ESPAÑA,1086,fastest_lap,https://www.formula1.com/en/results.html/2021/races/1086/spain/fastest-laps.html,18,31,OCO,Esteban Ocon,Alpine Renault,46,16:10:05,1:23.311,202.014
2021,FORMULA 1 ARAMCO GRAN PREMIO DE ESPAÑA,1086,fastest_lap,https://www.formula1.com/en/results.html/2021/races/1086/spain/fastest-laps.html,19,9,MAZ,Nikita Mazepin,Haas Ferrari,45,16:10:14,1:24.040,200.261
2021,FORMULA 1 ARAMCO GRAN PREMIO DE ESPAÑA,1086,fastest_lap,https://www.formula1.com/en/results.html/2021/races/1086/spain/fastest-laps.html,20,22,TSU,Yuki Tsunoda,AlphaTauri Honda,5,15:10:42,1:24.825,198.408
2021,FORMULA 1 BWT GROSSER PREIS DER STEIERMARK,1092,fastest_lap,https://www.formula1.com/en/results.html/2021/races/1092/styria/fastest-laps.html,1,44,HAM,Lewis Hamilton,Mercedes,71,16:26:00,1:07.058,231.811
2021,FORMULA 1 BWT GROSSER PREIS DER STEIERMARK,1092,fastest_lap,https://www.formula1.com/en/results.html/2021/races/1092/styria/fastest-laps.html,2,11,PER,Sergio Perez,Red Bull Racing Honda,57,16:10:10,1:07.894,228.956
2021,FORMULA 1 BWT GROSSER PREIS DER STEIERMARK,1092,fastest_lap,https://www.formula1.com/en/results.html/2021/races/1092/styria/fastest-laps.html,3,33,VER,Max Verstappen,Red Bull Racing Honda,68,16:21:55,1:08.017,228.542
2021,FORMULA 1 BWT GROSSER PREIS DER STEIERMARK,1092,fastest_lap,https://www.formula1.com/en/results.html/2021/races/1092/styria/fastest-laps.html,4,55,SAI,Carlos Sainz,Ferrari,64,16:18:42,1:08.609,226.570
2021,FORMULA 1 BWT GROSSER PREIS DER STEIERMARK,1092,fastest_lap,https://www.formula1.com/en/results.html/2021/races/1092/styria/fastest-laps.html,5,77,BOT,Valtteri Bottas,Mercedes,43,15:53:42,1:08.619,226.537
2021,FORMULA 1 BWT GROSSER PREIS DER STEIERMARK,1092,fastest_lap,https://www.formula1.com/en/results.html/2021/races/1092/styria/fastest-laps.html,6,16,LEC,Charles Leclerc,Ferrari,64,16:18:55,1:08.738,226.145
2021,FORMULA 1 BWT GROSSER PREIS DER STEIERMARK,1092,fastest_lap,https://www.formula1.com/en/results.html/2021/races/1092/styria/fastest-laps.html,7,4,NOR,Lando Norris,McLaren Mercedes,65,16:19:43,1:08.903,225.604
2021,FORMULA 1 BWT GROSSER PREIS DER STEIERMARK,1092,fastest_lap,https://www.formula1.com/en/results.html/2021/races/1092/styria/fastest-laps.html,8,7,RAI,Kimi Räikkönen,Alfa Romeo Racing Ferrari,57,16:11:00,1:09.128,224.869
2021,FORMULA 1 BWT GROSSER PREIS DER STEIERMARK,1092,fastest_lap,https://www.formula1.com/en/results.html/2021/races/1092/styria/fastest-laps.html,9,3,RIC,Daniel Ricciardo,McLaren Mercedes,45,15:57:05,1:09.305,224.295
2021,FORMULA 1 BWT GROSSER PREIS DER STEIERMARK,1092,fastest_lap,https://www.formula1.com/en/results.html/2021/races/1092/styria/fastest-laps.html,10,31,OCO,Esteban Ocon,Alpine Renault,70,16:26:16,1:09.576,223.421
2021,FORMULA 1 BWT GROSSER PREIS DER STEIERMARK,1092,fastest_lap,https://www.formula1.com/en/results.html/2021/races/1092/styria/fastest-laps.html,11,22,TSU,Yuki Tsunoda,AlphaTauri Honda,41,15:52:10,1:09.650,223.184
2021,FORMULA 1 BWT GROSSER PREIS DER STEIERMARK,1092,fastest_lap,https://www.formula1.com/en/results.html/2021/races/1092/styria/fastest-laps.html,12,99,GIO,Antonio Giovinazzi,Alfa Romeo Racing Ferrari,39,15:49:58,1:09.723,222.950
2021,FORMULA 1 BWT GROSSER PREIS DER STEIERMARK,1092,fastest_lap,https://www.formula1.com/en/results.html/2021/races/1092/styria/fastest-laps.html,13,14,ALO,Fernando Alonso,Alpine Renault,61,16:15:34,1:09.749,222.867
2021,FORMULA 1 BWT GROSSER PREIS DER STEIERMARK,1092,fastest_lap,https://www.formula1.com/en/results.html/2021/races/1092/styria/fastest-laps.html,14,18,STR,Lance Stroll,Aston Martin Mercedes,32,15:41:35,1:09.787,222.746
2021,FORMULA 1 BWT GROSSER PREIS DER STEIERMARK,1092,fastest_lap,https://www.formula1.com/en/results.html/2021/races/1092/styria/fastest-laps.html,15,5,VET,Sebastian Vettel,Aston Martin Mercedes,64,16:19:08,1:09.821,222.637
2021,FORMULA 1 BWT GROSSER PREIS DER STEIERMARK,1092,fastest_lap,https://www.formula1.com/en/results.html/2021/races/1092/styria/fastest-laps.html,16,47,MSC,Mick Schumacher,Haas Ferrari,57,16:11:56,1:10.005,222.052
2021,FORMULA 1 BWT GROSSER PREIS DER STEIERMARK,1092,fastest_lap,https://www.formula1.com/en/results.html/2021/races/1092/styria/fastest-laps.html,17,6,LAT,Nicholas Latifi,Williams Mercedes,34,15:45:13,1:10.104,221.739
2021,FORMULA 1 BWT GROSSER PREIS DER STEIERMARK,1092,fastest_lap,https://www.formula1.com/en/results.html/2021/races/1092/styria/fastest-laps.html,18,63,RUS,George Russell,Williams Mercedes,28,15:37:55,1:10.499,220.496
2021,FORMULA 1 BWT GROSSER PREIS DER STEIERMARK,1092,fastest_lap,https://www.formula1.com/en/results.html/2021/races/1092/styria/fastest-laps.html,19,9,MAZ,Nikita Mazepin,Haas Ferrari,39,15:50:34,1:10.951,219.092
2021,FORMULA 1 ARAMCO UNITED STATES,1102,fastest_lap,https://www.formula1.com/en/results.html/2021/races/1102/united-states/fastest-laps.html,1,44,HAM,Lewis Hamilton,Mercedes,41,15:13:29,1:38.485,201.521
2021,FORMULA 1 ARAMCO UNITED STATES,1102,fastest_lap,https://www.formula1.com/en/results.html/2021/races/1102/united-states/fastest-laps.html,2,33,VER,Max Verstappen,Red Bull Racing Honda,52,15:31:38,1:39.096,200.278
2021,FORMULA 1 ARAMCO UNITED STATES,1102,fastest_lap,https://www.formula1.com/en/results.html/2021/races/1102/united-states/fastest-laps.html,3,16,LEC,Charles Leclerc,Ferrari,41,15:13:57,1:39.303,199.861
2021,FORMULA 1 ARAMCO UNITED STATES,1102,fastest_lap,https://www.formula1.com/en/results.html/2021/races/1102/united-states/fastest-laps.html,4,11,PER,Sergio Perez,Red Bull Racing Honda,32,14:58:43,1:39.566,199.333
2021,FORMULA 1 ARAMCO UNITED STATES,1102,fastest_lap,https://www.formula1.com/en/results.html/2021/races/1102/united-states/fastest-laps.html,5,14,ALO,Fernando Alonso,Alpine Renault,46,15:23:43,1:40.067,198.335
2021,FORMULA 1 ARAMCO UNITED STATES,1102,fastest_lap,https://www.formula1.com/en/results.html/2021/races/1102/united-states/fastest-laps.html,6,77,BOT,Valtteri Bottas,Mercedes,41,15:14:20,1:40.147,198.176
2021,FORMULA 1 ARAMCO UNITED STATES,1102,fastest_lap,https://www.formula1.com/en/results.html/2021/races/1102/united-states/fastest-laps.html,7,4,NOR,Lando Norris,McLaren Mercedes,41,15:14:25,1:40.228,198.016
2021,FORMULA 1 ARAMCO UNITED STATES,1102,fastest_lap,https://www.formula1.com/en/results.html/2021/races/1102/united-states/fastest-laps.html,8,3,RIC,Daniel Ricciardo,McLaren Mercedes,43,15:17:39,1:40.345,197.785
2021,FORMULA 1 ARAMCO UNITED STATES,1102,fastest_lap,https://www.formula1.com/en/results.html/2021/races/1102/united-states/fastest-laps.html,9,55,SAI,Carlos Sainz,Ferrari,40,15:12:37,1:40.377,197.722
2021,FORMULA 1 ARAMCO UNITED STATES,1102,fastest_lap,https://www.formula1.com/en/results.html/2021/races/1102/united-states/fastest-laps.html,10,5,VET,Sebastian Vettel,Aston Martin Mercedes,40,15:13:33,1:40.481,197.517
2021,FORMULA 1 ARAMCO UNITED STATES,1102,fastest_lap,https://www.formula1.com/en/results.html/2021/races/1102/united-states/fastest-laps.html,11,63,RUS,George Russell,Williams Mercedes,36,15:06:57,1:41.120,196.269
2021,FORMULA 1 ARAMCO UNITED STATES,1102,fastest_lap,https://www.formula1.com/en/results.html/2021/races/1102/united-states/fastest-laps.html,12,99,GIO,Antonio Giovinazzi,Alfa Romeo Racing Ferrari,44,15:20:15,1:41.145,196.221
2021,FORMULA 1 ARAMCO UNITED STATES,1102,fastest_lap,https://www.formula1.com/en/results.html/2021/races/1102/united-states/fastest-laps.html,13,22,TSU,Yuki Tsunoda,AlphaTauri Honda,47,15:25:14,1:41.151,196.209
2021,FORMULA 1 ARAMCO UNITED STATES,1102,fastest_lap,https://www.formula1.com/en/results.html/2021/races/1102/united-states/fastest-laps.html,14,18,STR,Lance Stroll,Aston Martin Mercedes,36,15:06:54,1:41.189,196.135
2021,FORMULA 1 ARAMCO UNITED STATES,1102,fastest_lap,https://www.formula1.com/en/results.html/2021/races/1102/united-states/fastest-laps.html,15,7,RAI,Kimi Räikkönen,Alfa Romeo Racing Ferrari,43,15:18:31,1:41.340,195.843
2021,FORMULA 1 ARAMCO UNITED STATES,1102,fastest_lap,https://www.formula1.com/en/results.html/2021/races/1102/united-states/fastest-laps.html,16,47,MSC,Mick Schumacher,Haas Ferrari,36,15:07:25,1:41.395,195.737
2021,FORMULA 1 ARAMCO UNITED STATES,1102,fastest_lap,https://www.formula1.com/en/results.html/2021/races/1102/united-states/fastest-laps.html,17,6,LAT,Nicholas Latifi,Williams Mercedes,46,15:24:16,1:41.818,194.924
2021,FORMULA 1 ARAMCO UNITED STATES,1102,fastest_lap,https://www.formula1.com/en/results.html/2021/races/1102/united-states/fastest-laps.html,18,10,GAS,Pierre Gasly,AlphaTauri Honda,12,14:24:53,1:42.015,194.547
2021,FORMULA 1 ARAMCO UNITED STATES,1102,fastest_lap,https://www.formula1.com/en/results.html/2021/races/1102/united-states/fastest-laps.html,19,31,OCO,Esteban Ocon,Alpine Renault,28,14:53:30,1:42.194,194.207
2021,FORMULA 1 ARAMCO UNITED STATES,1102,fastest_lap,https://www.formula1.com/en/results.html/2021/races/1102/united-states/fastest-laps.html,20,9,MAZ,Nikita Mazepin,Haas Ferrari,42,15:18:57,1:42.886,192.900
2021,FORMULA 1 GRAN PREMIO DE LA CIUDAD DE MÉXICO,1103,fastest_lap,https://www.formula1.com/en/results.html/2021/races/1103/mexico/fastest-laps.html,1,77,BOT,Valtteri Bottas,Mercedes,69,14:42:16,1:17.774,199.223
2021,FORMULA 1 GRAN PREMIO DE LA CIUDAD DE MÉXICO,1103,fastest_lap,https://www.formula1.com/en/results.html/2021/races/1103/mexico/fastest-laps.html,2,33,VER,Max Verstappen,Red Bull Racing Honda,52,14:16:18,1:18.999,196.134
2021,FORMULA 1 GRAN PREMIO DE LA CIUDAD DE MÉXICO,1103,fastest_lap,https://www.formula1.com/en/results.html/2021/races/1103/mexico/fastest-laps.html,3,11,PER,Sergio Perez,Red Bull Racing Honda,49,14:12:37,1:19.468,194.976
2021,FORMULA 1 GRAN PREMIO DE LA CIUDAD DE MÉXICO,1103,fastest_lap,https://www.formula1.com/en/results.html/2021/races/1103/mexico/fastest-laps.html,4,44,HAM,Lewis Hamilton,Mercedes,66,14:35:18,1:19.820,194.116
2021,FORMULA 1 GRAN PREMIO DE LA CIUDAD DE MÉXICO,1103,fastest_lap,https://www.formula1.com/en/results.html/2021/races/1103/mexico/fastest-laps.html,5,55,SAI,Carlos Sainz,Ferrari,63,14:32:08,1:20.081,193.484
2021,FORMULA 1 GRAN PREMIO DE LA CIUDAD DE MÉXICO,1103,fastest_lap,https://www.formula1.com/en/results.html/2021/races/1103/mexico/fastest-laps.html,6,5,VET,Sebastian Vettel,Aston Martin Mercedes,70,14:41:53,1:20.460,192.572
2021,FORMULA 1 GRAN PREMIO DE LA CIUDAD DE MÉXICO,1103,fastest_lap,https://www.formula1.com/en/results.html/2021/races/1103/mexico/fastest-laps.html,7,10,GAS,Pierre Gasly,AlphaTauri Honda,66,14:36:02,1:20.510,192.453
2021,FORMULA 1 GRAN PREMIO DE LA CIUDAD DE MÉXICO,1103,fastest_lap,https://www.formula1.com/en/results.html/2021/races/1103/mexico/fastest-laps.html,8,4,NOR,Lando Norris,McLaren Mercedes,67,14:38:07,1:20.617,192.197
2021,FORMULA 1 GRAN PREMIO DE LA CIUDAD DE MÉXICO,1103,fastest_lap,https://www.formula1.com/en/results.html/2021/races/1103/mexico/fastest-laps.html,9,16,LEC,Charles Leclerc,Ferrari,63,14:32:14,1:20.665,192.083
2021,FORMULA 1 GRAN PREMIO DE LA CIUDAD DE MÉXICO,1103,fastest_lap,https://www.formula1.com/en/results.html/2021/races/1103/mexico/fastest-laps.html,10,14,ALO,Fernando Alonso,Alpine Renault,54,14:20:26,1:20.711,191.973
2021,FORMULA 1 GRAN PREMIO DE LA CIUDAD DE MÉXICO,1103,fastest_lap,https://www.formula1.com/en/results.html/2021/races/1103/mexico/fastest-laps.html,11,7,RAI,Kimi Räikkönen,Alfa Romeo Racing Ferrari,63,14:32:31,1:20.713,191.969
2021,FORMULA 1 GRAN PREMIO DE LA CIUDAD DE MÉXICO,1103,fastest_lap,https://www.formula1.com/en/results.html/2021/races/1103/mexico/fastest-laps.html,12,18,STR,Lance Stroll,Aston Martin Mercedes,61,14:30:58,1:20.930,191.454
2021,FORMULA 1 GRAN PREMIO DE LA CIUDAD DE MÉXICO,1103,fastest_lap,https://www.formula1.com/en/results.html/2021/races/1103/mexico/fastest-laps.html,13,3,RIC,Daniel Ricciardo,McLaren Mercedes,40,14:01:52,1:21.069,191.126
2021,FORMULA 1 GRAN PREMIO DE LA CIUDAD DE MÉXICO,1103,fastest_lap,https://www.formula1.com/en/results.html/2021/races/1103/mexico/fastest-laps.html,14,31,OCO,Esteban Ocon,Alpine Renault,67,14:38:51,1:21.348,190.470
2021,FORMULA 1 GRAN PREMIO DE LA CIUDAD DE MÉXICO,1103,fastest_lap,https://www.formula1.com/en/results.html/2021/races/1103/mexico/fastest-laps.html,15,9,MAZ,Nikita Mazepin,Haas Ferrari,61,14:32:53,1:21.402,190.344
2021,FORMULA 1 GRAN PREMIO DE LA CIUDAD DE MÉXICO,1103,fastest_lap,https://www.formula1.com/en/results.html/2021/races/1103/mexico/fastest-laps.html,16,99,GIO,Antonio Giovinazzi,Alfa Romeo Racing Ferrari,68,14:40:00,1:21.523,190.061
2021,FORMULA 1 GRAN PREMIO DE LA CIUDAD DE MÉXICO,1103,fastest_lap,https://www.formula1.com/en/results.html/2021/races/1103/mexico/fastest-laps.html,17,6,LAT,Nicholas Latifi,Williams Mercedes,66,14:38:31,1:21.546,190.008
2021,FORMULA 1 GRAN PREMIO DE LA CIUDAD DE MÉXICO,1103,fastest_lap,https://www.formula1.com/en/results.html/2021/races/1103/mexico/fastest-laps.html,18,63,RUS,George Russell,Williams Mercedes,61,14:31:13,1:22.016,188.919
2021,FORMULA 1 HEINEKEN GRANDE PRÊMIO DE SÃO PAULO,1104,fastest_lap,https://www.formula1.com/en/results.html/2021/races/1104/brazil/fastest-laps.html,1,11,PER,Sergio Perez,Red Bull Racing Honda,71,15:35:54,1:11.010,218.453
2021,FORMULA 1 HEINEKEN GRANDE PRÊMIO DE SÃO PAULO,1104,fastest_lap,https://www.formula1.com/en/results.html/2021/races/1104/brazil/fastest-laps.html,2,44,HAM,Lewis Hamilton,Mercedes,46,15:04:49,1:11.982,215.503
2021,FORMULA 1 HEINEKEN GRANDE PRÊMIO DE SÃO PAULO,1104,fastest_lap,https://www.formula1.com/en/results.html/2021/races/1104/brazil/fastest-laps.html,3,33,VER,Max Verstappen,Red Bull Racing Honda,47,15:06:01,1:12.486,214.005
2021,FORMULA 1 HEINEKEN GRANDE PRÊMIO DE SÃO PAULO,1104,fastest_lap,https://www.formula1.com/en/results.html/2021/races/1104/brazil/fastest-laps.html,4,77,BOT,Valtteri Bottas,Mercedes,49,15:08:35,1:12.526,213.887
2021,FORMULA 1 HEINEKEN GRANDE PRÊMIO DE SÃO PAULO,1104,fastest_lap,https://www.formula1.com/en/results.html/2021/races/1104/brazil/fastest-laps.html,5,7,RAI,Kimi Räikkönen,Alfa Romeo Racing Ferrari,54,15:16:04,1:12.621,213.607
2021,FORMULA 1 HEINEKEN GRANDE PRÊMIO DE SÃO PAULO,1104,fastest_lap,https://www.formula1.com/en/results.html/2021/races/1104/brazil/fastest-laps.html,6,55,SAI,Carlos Sainz,Ferrari,63,15:26:21,1:12.710,213.346
2021,FORMULA 1 HEINEKEN GRANDE PRÊMIO DE SÃO PAULO,1104,fastest_lap,https://www.formula1.com/en/results.html/2021/races/1104/brazil/fastest-laps.html,7,16,LEC,Charles Leclerc,Ferrari,61,15:23:51,1:12.822,213.018
2021,FORMULA 1 HEINEKEN GRANDE PRÊMIO DE SÃO PAULO,1104,fastest_lap,https://www.formula1.com/en/results.html/2021/races/1104/brazil/fastest-laps.html,8,10,GAS,Pierre Gasly,AlphaTauri Honda,53,15:14:14,1:13.227,211.839
2021,FORMULA 1 HEINEKEN GRANDE PRÊMIO DE SÃO PAULO,1104,fastest_lap,https://www.formula1.com/en/results.html/2021/races/1104/brazil/fastest-laps.html,9,5,VET,Sebastian Vettel,Aston Martin Mercedes,69,15:34:25,1:13.634,210.668
2021,FORMULA 1 HEINEKEN GRANDE PRÊMIO DE SÃO PAULO,1104,fastest_lap,https://www.formula1.com/en/results.html/2021/races/1104/brazil/fastest-laps.html,10,4,NOR,Lando Norris,McLaren Mercedes,53,15:14:28,1:13.761,210.306
2021,FORMULA 1 HEINEKEN GRANDE PRÊMIO DE SÃO PAULO,1104,fastest_lap,https://www.formula1.com/en/results.html/2021/races/1104/brazil/fastest-laps.html,11,47,MSC,Mick Schumacher,Haas Ferrari,66,15:32:43,1:13.793,210.215
2021,FORMULA 1 HEINEKEN GRANDE PRÊMIO DE SÃO PAULO,1104,fastest_lap,https://www.formula1.com/en/results.html/2021/races/1104/brazil/fastest-laps.html,12,14,ALO,Fernando Alonso,Alpine Renault,37,14:54:19,1:13.922,209.848
2021,FORMULA 1 HEINEKEN GRANDE PRÊMIO DE SÃO PAULO,1104,fastest_lap,https://www.formula1.com/en/results.html/2021/races/1104/brazil/fastest-laps.html,13,22,TSU,Yuki Tsunoda,AlphaTauri Honda,62,15:26:16,1:14.204,209.050
2021,FORMULA 1 HEINEKEN GRANDE PRÊMIO DE SÃO PAULO,1104,fastest_lap,https://www.formula1.com/en/results.html/2021/races/1104/brazil/fastest-laps.html,14,99,GIO,Antonio Giovinazzi,Alfa Romeo Racing Ferrari,44,15:03:40,1:14.227,208.985
2021,FORMULA 1 HEINEKEN GRANDE PRÊMIO DE SÃO PAULO,1104,fastest_lap,https://www.formula1.com/en/results.html/2021/races/1104/brazil/fastest-laps.html,15,63,RUS,George Russell,Williams Mercedes,45,15:04:53,1:14.355,208.626
2021,FORMULA 1 HEINEKEN GRANDE PRÊMIO DE SÃO PAULO,1104,fastest_lap,https://www.formula1.com/en/results.html/2021/races/1104/brazil/fastest-laps.html,16,31,OCO,Esteban Ocon,Alpine Renault,48,15:07:56,1:14.430,208.415
2021,FORMULA 1 HEINEKEN GRANDE PRÊMIO DE SÃO PAULO,1104,fastest_lap,https://www.formula1.com/en/results.html/2021/races/1104/brazil/fastest-laps.html,17,3,RIC,Daniel Ricciardo,McLaren Mercedes,40,14:57:47,1:14.443,208.379
2021,FORMULA 1 HEINEKEN GRANDE PRÊMIO DE SÃO PAULO,1104,fastest_lap,https://www.formula1.com/en/results.html/2021/races/1104/brazil/fastest-laps.html,18,6,LAT,Nicholas Latifi,Williams Mercedes,57,15:20:07,1:14.616,207.896
2021,FORMULA 1 HEINEKEN GRANDE PRÊMIO DE SÃO PAULO,1104,fastest_lap,https://www.formula1.com/en/results.html/2021/races/1104/brazil/fastest-laps.html,19,9,MAZ,Nikita Mazepin,Haas Ferrari,36,14:53:48,1:14.954,206.958
2021,FORMULA 1 HEINEKEN GRANDE PRÊMIO DE SÃO PAULO,1104,fastest_lap,https://www.formula1.com/en/results.html/2021/races/1104/brazil/fastest-laps.html,20,18,STR,Lance Stroll,Aston Martin Mercedes,25,14:38:59,1:15.344,205.887
2021,FORMULA 1 OOREDOO QATAR,1105,fastest_lap,https://www.formula1.com/en/results.html/2021/races/1105/qatar/fastest-laps.html,1,33,VER,Max Verstappen,Red Bull Racing Honda,57,18:28:42,1:23.196,232.799
2021,FORMULA 1 OOREDOO QATAR,1105,fastest_lap,https://www.formula1.com/en/results.html/2021/races/1105/qatar/fastest-laps.html,2,44,HAM,Lewis Hamilton,Mercedes,50,18:17:33,1:25.084,227.633
2021,FORMULA 1 OOREDOO QATAR,1105,fastest_lap,https://www.formula1.com/en/results.html/2021/races/1105/qatar/fastest-laps.html,3,11,PER,Sergio Perez,Red Bull Racing Honda,49,18:17:13,1:25.613,226.227
2021,FORMULA 1 OOREDOO QATAR,1105,fastest_lap,https://www.formula1.com/en/results.html/2021/races/1105/qatar/fastest-laps.html,4,4,NOR,Lando Norris,McLaren Mercedes,51,18:20:30,1:25.746,225.876
2021,FORMULA 1 OOREDOO QATAR,1105,fastest_lap,https://www.formula1.com/en/results.html/2021/races/1105/qatar/fastest-laps.html,5,63,RUS,George Russell,Williams Mercedes,55,18:28:35,1:25.768,225.818
2021,FORMULA 1 OOREDOO QATAR,1105,fastest_lap,https://www.formula1.com/en/results.html/2021/races/1105/qatar/fastest-laps.html,6,7,RAI,Kimi Räikkönen,Alfa Romeo Racing Ferrari,53,18:23:57,1:26.358,224.275
2021,FORMULA 1 OOREDOO QATAR,1105,fastest_lap,https://www.formula1.com/en/results.html/2021/races/1105/qatar/fastest-laps.html,7,5,VET,Sebastian Vettel,Aston Martin Mercedes,53,18:23:22,1:26.434,224.078
2021,FORMULA 1 OOREDOO QATAR,1105,fastest_lap,https://www.formula1.com/en/results.html/2021/races/1105/qatar/fastest-laps.html,8,16,LEC,Charles Leclerc,Ferrari,46,18:13:02,1:26.555,223.765
2021,FORMULA 1 OOREDOO QATAR,1105,fastest_lap,https://www.formula1.com/en/results.html/2021/races/1105/qatar/fastest-laps.html,9,55,SAI,Carlos Sainz,Ferrari,46,18:13:00,1:26.570,223.726
2021,FORMULA 1 OOREDOO QATAR,1105,fastest_lap,https://www.formula1.com/en/results.html/2021/races/1105/qatar/fastest-laps.html,10,14,ALO,Fernando Alonso,Alpine Renault,48,18:15:33,1:26.682,223.437
2021,FORMULA 1 OOREDOO QATAR,1105,fastest_lap,https://www.formula1.com/en/results.html/2021/races/1105/qatar/fastest-laps.html,11,10,GAS,Pierre Gasly,AlphaTauri Honda,46,18:13:13,1:27.019,222.572
2021,FORMULA 1 OOREDOO QATAR,1105,fastest_lap,https://www.formula1.com/en/results.html/2021/races/1105/qatar/fastest-laps.html,12,22,TSU,Yuki Tsunoda,AlphaTauri Honda,50,18:19:29,1:27.043,222.510
2021,FORMULA 1 OOREDOO QATAR,1105,fastest_lap,https://www.formula1.com/en/results.html/2021/races/1105/qatar/fastest-laps.html,13,31,OCO,Esteban Ocon,Alpine Renault,46,18:12:55,1:27.061,222.464
2021,FORMULA 1 OOREDOO QATAR,1105,fastest_lap,https://www.formula1.com/en/results.html/2021/races/1105/qatar/fastest-laps.html,14,3,RIC,Daniel Ricciardo,McLaren Mercedes,50,18:19:26,1:27.198,222.115
2021,FORMULA 1 OOREDOO QATAR,1105,fastest_lap,https://www.formula1.com/en/results.html/2021/races/1105/qatar/fastest-laps.html,15,77,BOT,Valtteri Bottas,Mercedes,39,18:03:13,1:27.246,221.992
2021,FORMULA 1 OOREDOO QATAR,1105,fastest_lap,https://www.formula1.com/en/results.html/2021/races/1105/qatar/fastest-laps.html,16,9,MAZ,Nikita Mazepin,Haas Ferrari,55,18:28:57,1:27.340,221.754
2021,FORMULA 1 OOREDOO QATAR,1105,fastest_lap,https://www.formula1.com/en/results.html/2021/races/1105/qatar/fastest-laps.html,17,18,STR,Lance Stroll,Aston Martin Mercedes,44,18:10:01,1:27.356,221.713
2021,FORMULA 1 OOREDOO QATAR,1105,fastest_lap,https://www.formula1.com/en/results.html/2021/races/1105/qatar/fastest-laps.html,18,99,GIO,Antonio Giovinazzi,Alfa Romeo Racing Ferrari,40,18:04:59,1:27.823,220.534
2021,FORMULA 1 OOREDOO QATAR,1105,fastest_lap,https://www.formula1.com/en/results.html/2021/races/1105/qatar/fastest-laps.html,19,47,MSC,Mick Schumacher,Haas Ferrari,46,18:13:53,1:28.412,219.065
2021,FORMULA 1 OOREDOO QATAR,1105,fastest_lap,https://www.formula1.com/en/results.html/2021/races/1105/qatar/fastest-laps.html,20,6,LAT,Nicholas Latifi,Williams Mercedes,44,18:10:53,1:28.732,218.275
2021,FORMULA 1 STC SAUDI ARABIAN,1106,fastest_lap,https://www.formula1.com/en/results.html/2021/races/1106/saudi-arabia/fastest-laps.html,1,44,HAM,Lewis Hamilton,Mercedes,47,22:35:18,1:30.734,244.962
2021,FORMULA 1 STC SAUDI ARABIAN,1106,fastest_lap,https://www.formula1.com/en/results.html/2021/races/1106/saudi-arabia/fastest-laps.html,2,77,BOT,Valtteri Bottas,Mercedes,47,22:35:49,1:31.408,243.155
2021,FORMULA 1 STC SAUDI ARABIAN,1106,fastest_lap,https://www.formula1.com/en/results.html/2021/races/1106/saudi-arabia/fastest-laps.html,3,33,VER,Max Verstappen,Red Bull Racing Honda,35,22:16:43,1:31.488,242.943
2021,FORMULA 1 STC SAUDI ARABIAN,1106,fastest_lap,https://www.formula1.com/en/results.html/2021/races/1106/saudi-arabia/fastest-laps.html,4,16,LEC,Charles Leclerc,Ferrari,46,22:34:33,1:31.601,242.643
2021,FORMULA 1 STC SAUDI ARABIAN,1106,fastest_lap,https://www.formula1.com/en/results.html/2021/races/1106/saudi-arabia/fastest-laps.html,5,14,ALO,Fernando Alonso,Alpine Renault,46,22:35:40,1:31.633,242.558
2021,FORMULA 1 STC SAUDI ARABIAN,1106,fastest_lap,https://www.formula1.com/en/results.html/2021/races/1106/saudi-arabia/fastest-laps.html,6,31,OCO,Esteban Ocon,Alpine Renault,47,22:35:49,1:31.797,242.125
2021,FORMULA 1 STC SAUDI ARABIAN,1106,fastest_lap,https://www.formula1.com/en/results.html/2021/races/1106/saudi-arabia/fastest-laps.html,7,55,SAI,Carlos Sainz,Ferrari,37,22:20:44,1:31.851,241.983
2021,FORMULA 1 STC SAUDI ARABIAN,1106,fastest_lap,https://www.formula1.com/en/results.html/2021/races/1106/saudi-arabia/fastest-laps.html,8,4,NOR,Lando Norris,McLaren Mercedes,49,22:39:29,1:31.914,241.817
2021,FORMULA 1 STC SAUDI ARABIAN,1106,fastest_lap,https://www.formula1.com/en/results.html/2021/races/1106/saudi-arabia/fastest-laps.html,9,10,GAS,Pierre Gasly,AlphaTauri Honda,46,22:34:30,1:32.297,240.813
2021,FORMULA 1 STC SAUDI ARABIAN,1106,fastest_lap,https://www.formula1.com/en/results.html/2021/races/1106/saudi-arabia/fastest-laps.html,10,22,TSU,Yuki Tsunoda,AlphaTauri Honda,44,22:32:38,1:32.506,240.269
2021,FORMULA 1 STC SAUDI ARABIAN,1106,fastest_lap,https://www.formula1.com/en/results.html/2021/races/1106/saudi-arabia/fastest-laps.html,11,3,RIC,Daniel Ricciardo,McLaren Mercedes,43,22:29:48,1:32.716,239.725
2021,FORMULA 1 STC SAUDI ARABIAN,1106,fastest_lap,https://www.formula1.com/en/results.html/2021/races/1106/saudi-arabia/fastest-laps.html,12,6,LAT,Nicholas Latifi,Williams Mercedes,49,22:39:49,1:32.751,239.635
2021,FORMULA 1 STC SAUDI ARABIAN,1106,fastest_lap,https://www.formula1.com/en/results.html/2021/races/1106/saudi-arabia/fastest-laps.html,13,7,RAI,Kimi Räikkönen,Alfa Romeo Racing Ferrari,45,22:34:16,1:32.778,239.565
2021,FORMULA 1 STC SAUDI ARABIAN,1106,fastest_lap,https://www.formula1.com/en/results.html/2021/races/1106/saudi-arabia/fastest-laps.html,14,18,STR,Lance Stroll,Aston Martin Mercedes,45,22:33:30,1:32.804,239.498
2021,FORMULA 1 STC SAUDI ARABIAN,1106,fastest_lap,https://www.formula1.com/en/results.html/2021/races/1106/saudi-arabia/fastest-laps.html,15,99,GIO,Antonio Giovinazzi,Alfa Romeo Racing Ferrari,37,22:20:43,1:32.865,239.340
2021,FORMULA 1 STC SAUDI ARABIAN,1106,fastest_lap,https://www.formula1.com/en/results.html/2021/races/1106/saudi-arabia/fastest-laps.html,16,5,VET,Sebastian Vettel,Aston Martin Mercedes,41,22:27:33,1:34.030,236.375
2021,FORMULA 1 STC SAUDI ARABIAN,1106,fastest_lap,https://www.formula1.com/en/results.html/2021/races/1106/saudi-arabia/fastest-laps.html,17,11,PER,Sergio Perez,Red Bull Racing Honda,9,20:48:00,1:34.138,236.104
2021,FORMULA 1 STC SAUDI ARABIAN,1106,fastest_lap,https://www.formula1.com/en/results.html/2021/races/1106/saudi-arabia/fastest-laps.html,18,47,MSC,Mick Schumacher,Haas Ferrari,8,20:46:53,1:36.043,231.421
2021,FORMULA 1 STC SAUDI ARABIAN,1106,fastest_lap,https://www.formula1.com/en/results.html/2021/races/1106/saudi-arabia/fastest-laps.html,19,63,RUS,George Russell,Williams Mercedes,7,20:45:15,1:36.130,231.211
2021,FORMULA 1 STC SAUDI ARABIAN,1106,fastest_lap,https://www.formula1.com/en/results.html/2021/races/1106/saudi-arabia/fastest-laps.html,20,9,MAZ,Nikita Mazepin,Haas Ferrari,7,20:45:21,1:37.043,229.036
2021,FORMULA 1 ETIHAD AIRWAYS ABU DHABI,1107,fastest_lap,https://www.formula1.com/en/results.html/2021/races/1107/abu-dhabi/fastest-laps.html,1,33,VER,Max Verstappen,Red Bull Racing Honda,39,18:02:08,1:26.103,220.800
2021,FORMULA 1 ETIHAD AIRWAYS ABU DHABI,1107,fastest_lap,https://www.formula1.com/en/results.html/2021/races/1107/abu-dhabi/fastest-laps.html,2,11,PER,Sergio Perez,Red Bull Racing Honda,51,18:19:56,1:26.419,219.993
2021,FORMULA 1 ETIHAD AIRWAYS ABU DHABI,1107,fastest_lap,https://www.formula1.com/en/results.html/2021/races/1107/abu-dhabi/fastest-laps.html,3,44,HAM,Lewis Hamilton,Mercedes,43,18:07:40,1:26.615,219.495
2021,FORMULA 1 ETIHAD AIRWAYS ABU DHABI,1107,fastest_lap,https://www.formula1.com/en/results.html/2021/races/1107/abu-dhabi/fastest-laps.html,4,4,NOR,Lando Norris,McLaren Mercedes,58,18:34:38,1:26.762,219.123
2021,FORMULA 1 ETIHAD AIRWAYS ABU DHABI,1107,fastest_lap,https://www.formula1.com/en/results.html/2021/races/1107/abu-dhabi/fastest-laps.html,5,77,BOT,Valtteri Bottas,Mercedes,51,18:20:28,1:26.862,218.871
2021,FORMULA 1 ETIHAD AIRWAYS ABU DHABI,1107,fastest_lap,https://www.formula1.com/en/results.html/2021/races/1107/abu-dhabi/fastest-laps.html,6,10,GAS,Pierre Gasly,AlphaTauri Honda,49,18:17:43,1:27.342,217.668
2021,FORMULA 1 ETIHAD AIRWAYS ABU DHABI,1107,fastest_lap,https://www.formula1.com/en/results.html/2021/races/1107/abu-dhabi/fastest-laps.html,7,22,TSU,Yuki Tsunoda,AlphaTauri Honda,50,18:19:08,1:27.496,217.285
2021,FORMULA 1 ETIHAD AIRWAYS ABU DHABI,1107,fastest_lap,https://www.formula1.com/en/results.html/2021/races/1107/abu-dhabi/fastest-laps.html,8,14,ALO,Fernando Alonso,Alpine Renault,58,18:34:40,1:27.607,217.010
2021,FORMULA 1 ETIHAD AIRWAYS ABU DHABI,1107,fastest_lap,https://www.formula1.com/en/results.html/2021/races/1107/abu-dhabi/fastest-laps.html,9,55,SAI,Carlos Sainz,Ferrari,51,18:20:24,1:27.618,216.982
2021,FORMULA 1 ETIHAD AIRWAYS ABU DHABI,1107,fastest_lap,https://www.formula1.com/en/results.html/2021/races/1107/abu-dhabi/fastest-laps.html,10,31,OCO,Esteban Ocon,Alpine Renault,58,18:34:43,1:28.249,215.431
2021,FORMULA 1 ETIHAD AIRWAYS ABU DHABI,1107,fastest_lap,https://www.formula1.com/en/results.html/2021/races/1107/abu-dhabi/fastest-laps.html,11,5,VET,Sebastian Vettel,Aston Martin Mercedes,58,18:34:46,1:28.303,215.299
2021,FORMULA 1 ETIHAD AIRWAYS ABU DHABI,1107,fastest_lap,https://www.formula1.com/en/results.html/2021/races/1107/abu-dhabi/fastest-laps.html,12,16,LEC,Charles Leclerc,Ferrari,40,18:04:37,1:28.433,214.983
2021,FORMULA 1 ETIHAD AIRWAYS ABU DHABI,1107,fastest_lap,https://www.formula1.com/en/results.html/2021/races/1107/abu-dhabi/fastest-laps.html,13,18,STR,Lance Stroll,Aston Martin Mercedes,48,18:16:44,1:28.567,214.657
2021,FORMULA 1 ETIHAD AIRWAYS ABU DHABI,1107,fastest_lap,https://www.formula1.com/en/results.html/2021/races/1107/abu-dhabi/fastest-laps.html,14,3,RIC,Daniel Ricciardo,McLaren Mercedes,48,18:16:28,1:28.723,214.280
2021,FORMULA 1 ETIHAD AIRWAYS ABU DHABI,1107,fastest_lap,https://www.formula1.com/en/results.html/2021/races/1107/abu-dhabi/fastest-laps.html,15,6,LAT,Nicholas Latifi,Williams Mercedes,30,17:49:38,1:29.293,212.912
2021,FORMULA 1 ETIHAD AIRWAYS ABU DHABI,1107,fastest_lap,https://www.formula1.com/en/results.html/2021/races/1107/abu-dhabi/fastest-laps.html,16,99,GIO,Antonio Giovinazzi,Alfa Romeo Racing Ferrari,33,17:53:42,1:29.442,212.557
2021,FORMULA 1 ETIHAD AIRWAYS ABU DHABI,1107,fastest_lap,https://www.formula1.com/en/results.html/2021/races/1107/abu-dhabi/fastest-laps.html,17,47,MSC,Mick Schumacher,Haas Ferrari,42,18:08:15,1:29.457,212.522
2021,FORMULA 1 ETIHAD AIRWAYS ABU DHABI,1107,fastest_lap,https://www.formula1.com/en/results.html/2021/races/1107/abu-dhabi/fastest-laps.html,18,7,RAI,Kimi Räikkönen,Alfa Romeo Racing Ferrari,23,17:38:51,1:29.698,211.951
2021,FORMULA 1 ETIHAD AIRWAYS ABU DHABI,1107,fastest_lap,https://www.formula1.com/en/results.html/2021/races/1107/abu-dhabi/fastest-laps.html,19,63,RUS,George Russell,Williams Mercedes,23,17:38:42,1:30.647,209.732
