year,race_name,race_id,result_type,url,position,driver_number,driver_code,driver_name,team,laps,lap_time,gap
2025,FORMULA 1 LOUIS VUITTON AUSTRALIAN,1254,practice_3,https://www.formula1.com/en/results.html/2025/races/1254/australia/practice-3.html,1,81,PIA,Oscar Piastri,McLaren Mercedes,16,1:15.921,
2025,FORMULA 1 LOUIS VUITTON AUSTRALIAN,1254,practice_3,https://www.formula1.com/en/results.html/2025/races/1254/australia/practice-3.html,2,63,RUS,George Russell,Mercedes,17,1:15.960,+0.039s
2025,FORMULA 1 LOUIS VUITTON AUSTRALIAN,1254,practice_3,https://www.formula1.com/en/results.html/2025/races/1254/australia/practice-3.html,3,1,VER,Max Verstappen,Red Bull Racing Honda RBPT,18,1:16.002,+0.081s
2025,FORMULA 1 LOUIS VUITTON AUSTRALIAN,1254,practice_3,https://www.formula1.com/en/results.html/2025/races/1254/australia/practice-3.html,4,16,LEC,Charles Leclerc,Ferrari,22,1:16.188,+0.267s
2025,FORMULA 1 LOUIS VUITTON AUSTRALIAN,1254,practice_3,https://www.formula1.com/en/results.html/2025/races/1254/australia/practice-3.html,5,12,ANT,Kimi Antonelli,Mercedes,20,1:16.206,+0.285s
2025,FORMULA 1 LOUIS VUITTON AUSTRALIAN,1254,practice_3,https://www.formula1.com/en/results.html/2025/races/1254/australia/practice-3.html,6,55,SAI,Carlos Sainz,Williams Mercedes,23,1:16.252,+0.331s
2025,FORMULA 1 LOUIS VUITTON AUSTRALIAN,1254,practice_3,https://www.formula1.com/en/results.html/2025/races/1254/australia/practice-3.html,7,23,ALB,Alexander Albon,Williams Mercedes,21,1:16.258,+0.337s
2025,FORMULA 1 LOUIS VUITTON AUSTRALIAN,1254,practice_3,https://www.formula1.com/en/results.html/2025/races/1254/australia/practice-3.html,8,44,HAM,Lewis Hamilton,Ferrari,21,1:16.378,+0.457s
2025,FORMULA 1 LOUIS VUITTON AUSTRALIAN,1254,practice_3,https://www.formula1.com/en/results.html/2025/races/1254/australia/practice-3.html,9,22,TSU,Yuki Tsunoda,Racing Bulls Honda RBPT,17,1:16.455,+0.534s
2025,FORMULA 1 LOUIS VUITTON AUSTRALIAN,1254,practice_3,https://www.formula1.com/en/results.html/2025/races/1254/australia/practice-3.html,10,4,NOR,Lando Norris,McLaren Mercedes,20,1:16.597,+0.676s
2025,FORMULA 1 LOUIS VUITTON AUSTRALIAN,1254,practice_3,https://www.formula1.com/en/results.html/2025/races/1254/australia/practice-3.html,11,5,BOR,Gabriel Bortoleto,Kick Sauber Ferrari,18,1:16.707,+0.786s
2025,FORMULA 1 LOUIS VUITTON AUSTRALIAN,1254,practice_3,https://www.formula1.com/en/results.html/2025/races/1254/australia/practice-3.html,12,10,GAS,Pierre Gasly,Alpine Renault,22,1:16.719,+0.798s
2025,FORMULA 1 LOUIS VUITTON AUSTRALIAN,1254,practice_3,https://www.formula1.com/en/results.html/2025/races/1254/australia/practice-3.html,13,6,HAD,Isack Hadjar,Racing Bulls Honda RBPT,18,1:16.732,+0.811s
2025,FORMULA 1 LOUIS VUITTON AUSTRALIAN,1254,practice_3,https://www.formula1.com/en/results.html/2025/races/1254/australia/practice-3.html,14,18,STR,Lance Stroll,Aston Martin Aramco Mercedes,22,1:16.948,+1.027s
2025,FORMULA 1 LOUIS VUITTON AUSTRALIAN,1254,practice_3,https://www.formula1.com/en/results.html/2025/races/1254/australia/practice-3.html,15,7,DOO,Jack Doohan,Alpine Renault,18,1:16.993,+1.072s
2025,FORMULA 1 LOUIS VUITTON AUSTRALIAN,1254,practice_3,https://www.formula1.com/en/results.html/2025/races/1254/australia/practice-3.html,16,27,HUL,Nico Hulkenberg,Kick Sauber Ferrari,15,1:17.146,+1.225s
2025,FORMULA 1 LOUIS VUITTON AUSTRALIAN,1254,practice_3,https://www.formula1.com/en/results.html/2025/races/1254/australia/practice-3.html,17,14,ALO,Fernando Alonso,Aston Martin Aramco Mercedes,22,1:17.270,+1.349s
2025,FORMULA 1 LOUIS VUITTON AUSTRALIAN,1254,practice_3,https://www.formula1.com/en/results.html/2025/races/1254/australia/practice-3.html,18,31,OCO,Esteban Ocon,Haas Ferrari,18,1:17.373,+1.452s
2025,FORMULA 1 LOUIS VUITTON AUSTRALIAN,1254,practice_3,https://www.formula1.com/en/results.html/2025/races/1254/australia/practice-3.html,19,87,BEA,Oliver Bearman,Haas Ferrari,2,,
2025,FORMULA 1 LOUIS VUITTON AUSTRALIAN,1254,practice_3,https://www.formula1.com/en/results.html/2025/races/1254/australia/practice-3.html,20,30,LAW,Liam Lawson,Red Bull Racing Honda RBPT,2,,
2025,FORMULA 1 LENOVO JAPANESE,1256,practice_3,https://www.formula1.com/en/results.html/2025/races/1256/japan/practice-3.html,1,4,NOR,Lando Norris,McLaren Mercedes,17,1:27.965,
2025,FORMULA 1 LENOVO JAPANESE,1256,practice_3,https://www.formula1.com/en/results.html/2025/races/1256/japan/practice-3.html,2,81,PIA,Oscar Piastri,McLaren Mercedes,17,1:27.991,+0.026s
2025,FORMULA 1 LENOVO JAPANESE,1256,practice_3,https://www.formula1.com/en/results.html/2025/races/1256/japan/practice-3.html,3,63,RUS,George Russell,Mercedes,15,1:28.077,+0.112s
2025,FORMULA 1 LENOVO JAPANESE,1256,practice_3,https://www.formula1.com/en/results.html/2025/races/1256/japan/practice-3.html,4,16,LEC,Charles Leclerc,Ferrari,13,1:28.414,+0.449s
2025,FORMULA 1 LENOVO JAPANESE,1256,practice_3,https://www.formula1.com/en/results.html/2025/races/1256/japan/practice-3.html,5,1,VER,Max Verstappen,Red Bull Racing Honda RBPT,21,1:28.497,+0.532s
2025,FORMULA 1 LENOVO JAPANESE,1256,practice_3,https://www.formula1.com/en/results.html/2025/races/1256/japan/practice-3.html,6,44,HAM,Lewis Hamilton,Ferrari,13,1:28.524,+0.559s
2025,FORMULA 1 LENOVO JAPANESE,1256,practice_3,https://www.formula1.com/en/results.html/2025/races/1256/japan/practice-3.html,7,23,ALB,Alexander Albon,Williams Mercedes,19,1:28.554,+0.589s
2025,FORMULA 1 LENOVO JAPANESE,1256,practice_3,https://www.formula1.com/en/results.html/2025/races/1256/japan/practice-3.html,8,10,GAS,Pierre Gasly,Alpine Renault,15,1:28.603,+0.638s
2025,FORMULA 1 LENOVO JAPANESE,1256,practice_3,https://www.formula1.com/en/results.html/2025/races/1256/japan/practice-3.html,9,22,TSU,Yuki Tsunoda,Red Bull Racing Honda RBPT,15,1:28.785,+0.820s
2025,FORMULA 1 LENOVO JAPANESE,1256,practice_3,https://www.formula1.com/en/results.html/2025/races/1256/japan/practice-3.html,10,6,HAD,Isack Hadjar,Racing Bulls Honda RBPT,16,1:28.786,+0.821s
2025,FORMULA 1 LENOVO JAPANESE,1256,practice_3,https://www.formula1.com/en/results.html/2025/races/1256/japan/practice-3.html,11,55,SAI,Carlos Sainz,Williams Mercedes,22,1:28.846,+0.881s
2025,FORMULA 1 LENOVO JAPANESE,1256,practice_3,https://www.formula1.com/en/results.html/2025/races/1256/japan/practice-3.html,12,30,LAW,Liam Lawson,Racing Bulls Honda RBPT,19,1:29.104,+1.139s
2025,FORMULA 1 LENOVO JAPANESE,1256,practice_3,https://www.formula1.com/en/results.html/2025/races/1256/japan/practice-3.html,13,12,ANT,Kimi Antonelli,Mercedes,20,1:29.126,+1.161s
2025,FORMULA 1 LENOVO JAPANESE,1256,practice_3,https://www.formula1.com/en/results.html/2025/races/1256/japan/practice-3.html,14,7,DOO,Jack Doohan,Alpine Renault,15,1:29.767,+1.802s
2025,FORMULA 1 LENOVO JAPANESE,1256,practice_3,https://www.formula1.com/en/results.html/2025/races/1256/japan/practice-3.html,15,14,ALO,Fernando Alonso,Aston Martin Aramco Mercedes,17,1:29.772,+1.807s
2025,FORMULA 1 LENOVO JAPANESE,1256,practice_3,https://www.formula1.com/en/results.html/2025/races/1256/japan/practice-3.html,16,87,BEA,Oliver Bearman,Haas Ferrari,17,1:30.084,+2.119s
2025,FORMULA 1 LENOVO JAPANESE,1256,practice_3,https://www.formula1.com/en/results.html/2025/races/1256/japan/practice-3.html,17,5,BOR,Gabriel Bortoleto,Kick Sauber Ferrari,13,1:30.134,+2.169s
2025,FORMULA 1 LENOVO JAPANESE,1256,practice_3,https://www.formula1.com/en/results.html/2025/races/1256/japan/practice-3.html,18,31,OCO,Esteban Ocon,Haas Ferrari,17,1:30.183,+2.218s
2025,FORMULA 1 LENOVO JAPANESE,1256,practice_3,https://www.formula1.com/en/results.html/2025/races/1256/japan/practice-3.html,19,18,STR,Lance Stroll,Aston Martin Aramco Mercedes,16,1:30.267,+2.302s
2025,FORMULA 1 LENOVO JAPANESE,1256,practice_3,https://www.formula1.com/en/results.html/2025/races/1256/japan/practice-3.html,20,27,HUL,Nico Hulkenberg,Kick Sauber Ferrari,17,1:30.621,+2.656s
2025,FORMULA 1 GULF AIR BAHRAIN,1257,practice_3,https://www.formula1.com/en/results.html/2025/races/1257/bahrain/practice-3.html,1,81,PIA,Oscar Piastri,McLaren Mercedes,13,1:31.646,
2025,FORMULA 1 GULF AIR BAHRAIN,1257,practice_3,https://www.formula1.com/en/results.html/2025/races/1257/bahrain/practice-3.html,2,4,NOR,Lando Norris,McLaren Mercedes,18,1:32.314,+0.668s
2025,FORMULA 1 GULF AIR BAHRAIN,1257,practice_3,https://www.formula1.com/en/results.html/2025/races/1257/bahrain/practice-3.html,3,16,LEC,Charles Leclerc,Ferrari,19,1:32.480,+0.834s
2025,FORMULA 1 GULF AIR BAHRAIN,1257,practice_3,https://www.formula1.com/en/results.html/2025/races/1257/bahrain/practice-3.html,4,63,RUS,George Russell,Mercedes,13,1:32.827,+1.181s
2025,FORMULA 1 GULF AIR BAHRAIN,1257,practice_3,https://www.formula1.com/en/results.html/2025/races/1257/bahrain/practice-3.html,5,12,ANT,Kimi Antonelli,Mercedes,12,1:32.916,+1.270s
2025,FORMULA 1 GULF AIR BAHRAIN,1257,practice_3,https://www.formula1.com/en/results.html/2025/races/1257/bahrain/practice-3.html,6,10,GAS,Pierre Gasly,Alpine Renault,18,1:32.974,+1.328s
2025,FORMULA 1 GULF AIR BAHRAIN,1257,practice_3,https://www.formula1.com/en/results.html/2025/races/1257/bahrain/practice-3.html,7,6,HAD,Isack Hadjar,Racing Bulls Honda RBPT,15,1:33.023,+1.377s
2025,FORMULA 1 GULF AIR BAHRAIN,1257,practice_3,https://www.formula1.com/en/results.html/2025/races/1257/bahrain/practice-3.html,8,1,VER,Max Verstappen,Red Bull Racing Honda RBPT,13,1:33.027,+1.381s
2025,FORMULA 1 GULF AIR BAHRAIN,1257,practice_3,https://www.formula1.com/en/results.html/2025/races/1257/bahrain/practice-3.html,9,55,SAI,Carlos Sainz,Williams Mercedes,15,1:33.092,+1.446s
2025,FORMULA 1 GULF AIR BAHRAIN,1257,practice_3,https://www.formula1.com/en/results.html/2025/races/1257/bahrain/practice-3.html,10,44,HAM,Lewis Hamilton,Ferrari,18,1:33.111,+1.465s
2025,FORMULA 1 GULF AIR BAHRAIN,1257,practice_3,https://www.formula1.com/en/results.html/2025/races/1257/bahrain/practice-3.html,11,31,OCO,Esteban Ocon,Haas Ferrari,17,1:33.240,+1.594s
2025,FORMULA 1 GULF AIR BAHRAIN,1257,practice_3,https://www.formula1.com/en/results.html/2025/races/1257/bahrain/practice-3.html,12,7,DOO,Jack Doohan,Alpine Renault,18,1:33.347,+1.701s
2025,FORMULA 1 GULF AIR BAHRAIN,1257,practice_3,https://www.formula1.com/en/results.html/2025/races/1257/bahrain/practice-3.html,13,30,LAW,Liam Lawson,Racing Bulls Honda RBPT,14,1:33.370,+1.724s
2025,FORMULA 1 GULF AIR BAHRAIN,1257,practice_3,https://www.formula1.com/en/results.html/2025/races/1257/bahrain/practice-3.html,14,14,ALO,Fernando Alonso,Aston Martin Aramco Mercedes,18,1:33.548,+1.902s
2025,FORMULA 1 GULF AIR BAHRAIN,1257,practice_3,https://www.formula1.com/en/results.html/2025/races/1257/bahrain/practice-3.html,15,23,ALB,Alexander Albon,Williams Mercedes,16,1:33.753,+2.107s
2025,FORMULA 1 GULF AIR BAHRAIN,1257,practice_3,https://www.formula1.com/en/results.html/2025/races/1257/bahrain/practice-3.html,16,87,BEA,Oliver Bearman,Haas Ferrari,18,1:34.335,+2.689s
2025,FORMULA 1 GULF AIR BAHRAIN,1257,practice_3,https://www.formula1.com/en/results.html/2025/races/1257/bahrain/practice-3.html,17,18,STR,Lance Stroll,Aston Martin Aramco Mercedes,16,1:34.363,+2.717s
2025,FORMULA 1 GULF AIR BAHRAIN,1257,practice_3,https://www.formula1.com/en/results.html/2025/races/1257/bahrain/practice-3.html,18,5,BOR,Gabriel Bortoleto,Kick Sauber Ferrari,16,1:34.518,+2.872s
2025,FORMULA 1 GULF AIR BAHRAIN,1257,practice_3,https://www.formula1.com/en/results.html/2025/races/1257/bahrain/practice-3.html,19,27,HUL,Nico Hulkenberg,Kick Sauber Ferrari,7,1:34.636,+2.990s
2025,FORMULA 1 GULF AIR BAHRAIN,1257,practice_3,https://www.formula1.com/en/results.html/2025/races/1257/bahrain/practice-3.html,20,22,TSU,Yuki Tsunoda,Red Bull Racing Honda RBPT,15,1:34.965,+3.319s
2025,FORMULA 1 STC SAUDI ARABIAN,1258,practice_3,https://www.formula1.com/en/results.html/2025/races/1258/saudi-arabia/practice-3.html,1,4,NOR,Lando Norris,McLaren Mercedes,18,1:27.489,
2025,FORMULA 1 STC SAUDI ARABIAN,1258,practice_3,https://www.formula1.com/en/results.html/2025/races/1258/saudi-arabia/practice-3.html,2,81,PIA,Oscar Piastri,McLaren Mercedes,19,1:27.513,+0.024s
2025,FORMULA 1 STC SAUDI ARABIAN,1258,practice_3,https://www.formula1.com/en/results.html/2025/races/1258/saudi-arabia/practice-3.html,3,63,RUS,George Russell,Mercedes,17,1:28.116,+0.627s
2025,FORMULA 1 STC SAUDI ARABIAN,1258,practice_3,https://www.formula1.com/en/results.html/2025/races/1258/saudi-arabia/practice-3.html,4,1,VER,Max Verstappen,Red Bull Racing Honda RBPT,14,1:28.334,+0.845s
2025,FORMULA 1 STC SAUDI ARABIAN,1258,practice_3,https://www.formula1.com/en/results.html/2025/races/1258/saudi-arabia/practice-3.html,5,16,LEC,Charles Leclerc,Ferrari,21,1:28.372,+0.883s
2025,FORMULA 1 STC SAUDI ARABIAN,1258,practice_3,https://www.formula1.com/en/results.html/2025/races/1258/saudi-arabia/practice-3.html,6,23,ALB,Alexander Albon,Williams Mercedes,16,1:28.389,+0.900s
2025,FORMULA 1 STC SAUDI ARABIAN,1258,practice_3,https://www.formula1.com/en/results.html/2025/races/1258/saudi-arabia/practice-3.html,7,55,SAI,Carlos Sainz,Williams Mercedes,15,1:28.570,+1.081s
2025,FORMULA 1 STC SAUDI ARABIAN,1258,practice_3,https://www.formula1.com/en/results.html/2025/races/1258/saudi-arabia/practice-3.html,8,10,GAS,Pierre Gasly,Alpine Renault,16,1:28.625,+1.136s
2025,FORMULA 1 STC SAUDI ARABIAN,1258,practice_3,https://www.formula1.com/en/results.html/2025/races/1258/saudi-arabia/practice-3.html,9,22,TSU,Yuki Tsunoda,Red Bull Racing Honda RBPT,14,1:28.670,+1.181s
2025,FORMULA 1 STC SAUDI ARABIAN,1258,practice_3,https://www.formula1.com/en/results.html/2025/races/1258/saudi-arabia/practice-3.html,10,12,ANT,Kimi Antonelli,Mercedes,18,1:28.679,+1.190s
2025,FORMULA 1 STC SAUDI ARABIAN,1258,practice_3,https://www.formula1.com/en/results.html/2025/races/1258/saudi-arabia/practice-3.html,11,6,HAD,Isack Hadjar,Racing Bulls Honda RBPT,17,1:28.769,+1.280s
2025,FORMULA 1 STC SAUDI ARABIAN,1258,practice_3,https://www.formula1.com/en/results.html/2025/races/1258/saudi-arabia/practice-3.html,12,44,HAM,Lewis Hamilton,Ferrari,20,1:28.780,+1.291s
2025,FORMULA 1 STC SAUDI ARABIAN,1258,practice_3,https://www.formula1.com/en/results.html/2025/races/1258/saudi-arabia/practice-3.html,13,30,LAW,Liam Lawson,Racing Bulls Honda RBPT,18,1:28.861,+1.372s
2025,FORMULA 1 STC SAUDI ARABIAN,1258,practice_3,https://www.formula1.com/en/results.html/2025/races/1258/saudi-arabia/practice-3.html,14,14,ALO,Fernando Alonso,Aston Martin Aramco Mercedes,19,1:28.888,+1.399s
2025,FORMULA 1 STC SAUDI ARABIAN,1258,practice_3,https://www.formula1.com/en/results.html/2025/races/1258/saudi-arabia/practice-3.html,15,7,DOO,Jack Doohan,Alpine Renault,21,1:28.898,+1.409s
2025,FORMULA 1 STC SAUDI ARABIAN,1258,practice_3,https://www.formula1.com/en/results.html/2025/races/1258/saudi-arabia/practice-3.html,16,87,BEA,Oliver Bearman,Haas Ferrari,15,1:28.989,+1.500s
2025,FORMULA 1 STC SAUDI ARABIAN,1258,practice_3,https://www.formula1.com/en/results.html/2025/races/1258/saudi-arabia/practice-3.html,17,27,HUL,Nico Hulkenberg,Kick Sauber Ferrari,16,1:29.220,+1.731s
2025,FORMULA 1 STC SAUDI ARABIAN,1258,practice_3,https://www.formula1.com/en/results.html/2025/races/1258/saudi-arabia/practice-3.html,18,31,OCO,Esteban Ocon,Haas Ferrari,20,1:29.336,+1.847s
2025,FORMULA 1 STC SAUDI ARABIAN,1258,practice_3,https://www.formula1.com/en/results.html/2025/races/1258/saudi-arabia/practice-3.html,19,5,BOR,Gabriel Bortoleto,Kick Sauber Ferrari,24,1:29.410,+1.921s
2025,FORMULA 1 STC SAUDI ARABIAN,1258,practice_3,https://www.formula1.com/en/results.html/2025/races/1258/saudi-arabia/practice-3.html,20,18,STR,Lance Stroll,Aston Martin Aramco Mercedes,19,1:29.478,+1.989s
2025,EMILIA-ROMAGNA,1260,practice_3,https://www.formula1.com/en/results.html/2025/races/1260/emilia-romagna/practice-3.html,1,4,NOR,Lando Norris,McLaren Mercedes,19,1:14.897,
2025,EMILIA-ROMAGNA,1260,practice_3,https://www.formula1.com/en/results.html/2025/races/1260/emilia-romagna/practice-3.html,2,81,PIA,Oscar Piastri,McLaren Mercedes,19,1:14.997,+0.100s
2025,EMILIA-ROMAGNA,1260,practice_3,https://www.formula1.com/en/results.html/2025/races/1260/emilia-romagna/practice-3.html,3,1,VER,Max Verstappen,Red Bull Racing Honda RBPT,17,1:15.078,+0.181s
2025,EMILIA-ROMAGNA,1260,practice_3,https://www.formula1.com/en/results.html/2025/races/1260/emilia-romagna/practice-3.html,4,12,ANT,Kimi Antonelli,Mercedes,15,1:15.399,+0.502s
2025,EMILIA-ROMAGNA,1260,practice_3,https://www.formula1.com/en/results.html/2025/races/1260/emilia-romagna/practice-3.html,5,16,LEC,Charles Leclerc,Ferrari,26,1:15.451,+0.554s
2025,EMILIA-ROMAGNA,1260,practice_3,https://www.formula1.com/en/results.html/2025/races/1260/emilia-romagna/practice-3.html,6,55,SAI,Carlos Sainz,Williams Mercedes,21,1:15.457,+0.560s
2025,EMILIA-ROMAGNA,1260,practice_3,https://www.formula1.com/en/results.html/2025/races/1260/emilia-romagna/practice-3.html,7,6,HAD,Isack Hadjar,Racing Bulls Honda RBPT,20,1:15.508,+0.611s
2025,EMILIA-ROMAGNA,1260,practice_3,https://www.formula1.com/en/results.html/2025/races/1260/emilia-romagna/practice-3.html,8,63,RUS,George Russell,Mercedes,14,1:15.662,+0.765s
2025,EMILIA-ROMAGNA,1260,practice_3,https://www.formula1.com/en/results.html/2025/races/1260/emilia-romagna/practice-3.html,9,23,ALB,Alexander Albon,Williams Mercedes,20,1:15.732,+0.835s
2025,EMILIA-ROMAGNA,1260,practice_3,https://www.formula1.com/en/results.html/2025/races/1260/emilia-romagna/practice-3.html,10,44,HAM,Lewis Hamilton,Ferrari,25,1:15.787,+0.890s
2025,EMILIA-ROMAGNA,1260,practice_3,https://www.formula1.com/en/results.html/2025/races/1260/emilia-romagna/practice-3.html,11,14,ALO,Fernando Alonso,Aston Martin Aramco Mercedes,18,1:15.819,+0.922s
2025,EMILIA-ROMAGNA,1260,practice_3,https://www.formula1.com/en/results.html/2025/races/1260/emilia-romagna/practice-3.html,12,87,BEA,Oliver Bearman,Haas Ferrari,14,1:15.944,+1.047s
2025,EMILIA-ROMAGNA,1260,practice_3,https://www.formula1.com/en/results.html/2025/races/1260/emilia-romagna/practice-3.html,13,18,STR,Lance Stroll,Aston Martin Aramco Mercedes,22,1:15.975,+1.078s
2025,EMILIA-ROMAGNA,1260,practice_3,https://www.formula1.com/en/results.html/2025/races/1260/emilia-romagna/practice-3.html,14,30,LAW,Liam Lawson,Racing Bulls Honda RBPT,21,1:15.977,+1.080s
2025,EMILIA-ROMAGNA,1260,practice_3,https://www.formula1.com/en/results.html/2025/races/1260/emilia-romagna/practice-3.html,15,10,GAS,Pierre Gasly,Alpine Renault,14,1:15.990,+1.093s
2025,EMILIA-ROMAGNA,1260,practice_3,https://www.formula1.com/en/results.html/2025/races/1260/emilia-romagna/practice-3.html,16,5,BOR,Gabriel Bortoleto,Kick Sauber Ferrari,17,1:16.046,+1.149s
2025,EMILIA-ROMAGNA,1260,practice_3,https://www.formula1.com/en/results.html/2025/races/1260/emilia-romagna/practice-3.html,17,22,TSU,Yuki Tsunoda,Red Bull Racing Honda RBPT,14,1:16.110,+1.213s
2025,EMILIA-ROMAGNA,1260,practice_3,https://www.formula1.com/en/results.html/2025/races/1260/emilia-romagna/practice-3.html,18,43,COL,Franco Colapinto,Alpine Renault,14,1:16.210,+1.313s
2025,EMILIA-ROMAGNA,1260,practice_3,https://www.formula1.com/en/results.html/2025/races/1260/emilia-romagna/practice-3.html,19,27,HUL,Nico Hulkenberg,Kick Sauber Ferrari,16,1:16.238,+1.341s
2025,EMILIA-ROMAGNA,1260,practice_3,https://www.formula1.com/en/results.html/2025/races/1260/emilia-romagna/practice-3.html,20,31,OCO,Esteban Ocon,Haas Ferrari,15,1:16.387,+1.490s
2025,FORMULA 1 TAG HEUER GRAND PRIX DE MONACO,1261,practice_3,https://www.formula1.com/en/results.html/2025/races/1261/monaco/practice-3.html,1,16,LEC,Charles Leclerc,Ferrari,25,1:10.953,
2025,FORMULA 1 TAG HEUER GRAND PRIX DE MONACO,1261,practice_3,https://www.formula1.com/en/results.html/2025/races/1261/monaco/practice-3.html,2,1,VER,Max Verstappen,Red Bull Racing Honda RBPT,23,1:11.233,+0.280s
2025,FORMULA 1 TAG HEUER GRAND PRIX DE MONACO,1261,practice_3,https://www.formula1.com/en/results.html/2025/races/1261/monaco/practice-3.html,3,4,NOR,Lando Norris,McLaren Mercedes,23,1:11.247,+0.294s
2025,FORMULA 1 TAG HEUER GRAND PRIX DE MONACO,1261,practice_3,https://www.formula1.com/en/results.html/2025/races/1261/monaco/practice-3.html,4,81,PIA,Oscar Piastri,McLaren Mercedes,21,1:11.398,+0.445s
2025,FORMULA 1 TAG HEUER GRAND PRIX DE MONACO,1261,practice_3,https://www.formula1.com/en/results.html/2025/races/1261/monaco/practice-3.html,5,44,HAM,Lewis Hamilton,Ferrari,26,1:11.516,+0.563s
2025,FORMULA 1 TAG HEUER GRAND PRIX DE MONACO,1261,practice_3,https://www.formula1.com/en/results.html/2025/races/1261/monaco/practice-3.html,6,23,ALB,Alexander Albon,Williams Mercedes,24,1:11.668,+0.715s
2025,FORMULA 1 TAG HEUER GRAND PRIX DE MONACO,1261,practice_3,https://www.formula1.com/en/results.html/2025/races/1261/monaco/practice-3.html,7,30,LAW,Liam Lawson,Racing Bulls Honda RBPT,33,1:11.814,+0.861s
2025,FORMULA 1 TAG HEUER GRAND PRIX DE MONACO,1261,practice_3,https://www.formula1.com/en/results.html/2025/races/1261/monaco/practice-3.html,8,55,SAI,Carlos Sainz,Williams Mercedes,24,1:11.893,+0.940s
2025,FORMULA 1 TAG HEUER GRAND PRIX DE MONACO,1261,practice_3,https://www.formula1.com/en/results.html/2025/races/1261/monaco/practice-3.html,9,22,TSU,Yuki Tsunoda,Red Bull Racing Honda RBPT,21,1:11.952,+0.999s
2025,FORMULA 1 TAG HEUER GRAND PRIX DE MONACO,1261,practice_3,https://www.formula1.com/en/results.html/2025/races/1261/monaco/practice-3.html,10,12,ANT,Kimi Antonelli,Mercedes,23,1:12.013,+1.060s
2025,FORMULA 1 TAG HEUER GRAND PRIX DE MONACO,1261,practice_3,https://www.formula1.com/en/results.html/2025/races/1261/monaco/practice-3.html,11,63,RUS,George Russell,Mercedes,22,1:12.066,+1.113s
2025,FORMULA 1 TAG HEUER GRAND PRIX DE MONACO,1261,practice_3,https://www.formula1.com/en/results.html/2025/races/1261/monaco/practice-3.html,12,14,ALO,Fernando Alonso,Aston Martin Aramco Mercedes,22,1:12.101,+1.148s
2025,FORMULA 1 TAG HEUER GRAND PRIX DE MONACO,1261,practice_3,https://www.formula1.com/en/results.html/2025/races/1261/monaco/practice-3.html,13,27,HUL,Nico Hulkenberg,Kick Sauber Ferrari,25,1:12.125,+1.172s
2025,FORMULA 1 TAG HEUER GRAND PRIX DE MONACO,1261,practice_3,https://www.formula1.com/en/results.html/2025/races/1261/monaco/practice-3.html,14,10,GAS,Pierre Gasly,Alpine Renault,20,1:12.194,+1.241s
2025,FORMULA 1 TAG HEUER GRAND PRIX DE MONACO,1261,practice_3,https://www.formula1.com/en/results.html/2025/races/1261/monaco/practice-3.html,15,18,STR,Lance Stroll,Aston Martin Aramco Mercedes,24,1:12.202,+1.249s
2025,FORMULA 1 TAG HEUER GRAND PRIX DE MONACO,1261,practice_3,https://www.formula1.com/en/results.html/2025/races/1261/monaco/practice-3.html,16,87,BEA,Oliver Bearman,Haas Ferrari,20,1:12.251,+1.298s
2025,FORMULA 1 TAG HEUER GRAND PRIX DE MONACO,1261,practice_3,https://www.formula1.com/en/results.html/2025/races/1261/monaco/practice-3.html,17,6,HAD,Isack Hadjar,Racing Bulls Honda RBPT,30,1:12.271,+1.318s
2025,FORMULA 1 TAG HEUER GRAND PRIX DE MONACO,1261,practice_3,https://www.formula1.com/en/results.html/2025/races/1261/monaco/practice-3.html,18,31,OCO,Esteban Ocon,Haas Ferrari,25,1:12.499,+1.546s
2025,FORMULA 1 TAG HEUER GRAND PRIX DE MONACO,1261,practice_3,https://www.formula1.com/en/results.html/2025/races/1261/monaco/practice-3.html,19,5,BOR,Gabriel Bortoleto,Kick Sauber Ferrari,28,1:12.601,+1.648s
2025,FORMULA 1 TAG HEUER GRAND PRIX DE MONACO,1261,practice_3,https://www.formula1.com/en/results.html/2025/races/1261/monaco/practice-3.html,20,43,COL,Franco Colapinto,Alpine Renault,32,1:12.851,+1.898s
2025,FORMULA 1 ARAMCO GRAN PREMIO DE ESPAÑA,1262,practice_3,https://www.formula1.com/en/results.html/2025/races/1262/spain/practice-3.html,1,81,PIA,Oscar Piastri,McLaren Mercedes,14,1:12.387,
2025,FORMULA 1 ARAMCO GRAN PREMIO DE ESPAÑA,1262,practice_3,https://www.formula1.com/en/results.html/2025/races/1262/spain/practice-3.html,2,4,NOR,Lando Norris,McLaren Mercedes,18,1:12.913,+0.526s
2025,FORMULA 1 ARAMCO GRAN PREMIO DE ESPAÑA,1262,practice_3,https://www.formula1.com/en/results.html/2025/races/1262/spain/practice-3.html,3,16,LEC,Charles Leclerc,Ferrari,17,1:13.130,+0.743s
2025,FORMULA 1 ARAMCO GRAN PREMIO DE ESPAÑA,1262,practice_3,https://www.formula1.com/en/results.html/2025/races/1262/spain/practice-3.html,4,63,RUS,George Russell,Mercedes,18,1:13.139,+0.752s
2025,FORMULA 1 ARAMCO GRAN PREMIO DE ESPAÑA,1262,practice_3,https://www.formula1.com/en/results.html/2025/races/1262/spain/practice-3.html,5,1,VER,Max Verstappen,Red Bull Racing Honda RBPT,14,1:13.375,+0.988s
2025,FORMULA 1 ARAMCO GRAN PREMIO DE ESPAÑA,1262,practice_3,https://www.formula1.com/en/results.html/2025/races/1262/spain/practice-3.html,6,6,HAD,Isack Hadjar,Racing Bulls Honda RBPT,17,1:13.382,+0.995s
2025,FORMULA 1 ARAMCO GRAN PREMIO DE ESPAÑA,1262,practice_3,https://www.formula1.com/en/results.html/2025/races/1262/spain/practice-3.html,7,12,ANT,Kimi Antonelli,Mercedes,12,1:13.405,+1.018s
2025,FORMULA 1 ARAMCO GRAN PREMIO DE ESPAÑA,1262,practice_3,https://www.formula1.com/en/results.html/2025/races/1262/spain/practice-3.html,8,14,ALO,Fernando Alonso,Aston Martin Aramco Mercedes,17,1:13.414,+1.027s
2025,FORMULA 1 ARAMCO GRAN PREMIO DE ESPAÑA,1262,practice_3,https://www.formula1.com/en/results.html/2025/races/1262/spain/practice-3.html,9,44,HAM,Lewis Hamilton,Ferrari,17,1:13.527,+1.140s
2025,FORMULA 1 ARAMCO GRAN PREMIO DE ESPAÑA,1262,practice_3,https://www.formula1.com/en/results.html/2025/races/1262/spain/practice-3.html,10,30,LAW,Liam Lawson,Racing Bulls Honda RBPT,18,1:13.637,+1.250s
2025,FORMULA 1 ARAMCO GRAN PREMIO DE ESPAÑA,1262,practice_3,https://www.formula1.com/en/results.html/2025/races/1262/spain/practice-3.html,11,5,BOR,Gabriel Bortoleto,Kick Sauber Ferrari,19,1:13.722,+1.335s
2025,FORMULA 1 ARAMCO GRAN PREMIO DE ESPAÑA,1262,practice_3,https://www.formula1.com/en/results.html/2025/races/1262/spain/practice-3.html,12,27,HUL,Nico Hulkenberg,Kick Sauber Ferrari,18,1:13.733,+1.346s
2025,FORMULA 1 ARAMCO GRAN PREMIO DE ESPAÑA,1262,practice_3,https://www.formula1.com/en/results.html/2025/races/1262/spain/practice-3.html,13,55,SAI,Carlos Sainz,Williams Mercedes,16,1:13.758,+1.371s
2025,FORMULA 1 ARAMCO GRAN PREMIO DE ESPAÑA,1262,practice_3,https://www.formula1.com/en/results.html/2025/races/1262/spain/practice-3.html,14,22,TSU,Yuki Tsunoda,Red Bull Racing Honda RBPT,13,1:13.892,+1.505s
2025,FORMULA 1 ARAMCO GRAN PREMIO DE ESPAÑA,1262,practice_3,https://www.formula1.com/en/results.html/2025/races/1262/spain/practice-3.html,15,18,STR,Lance Stroll,Aston Martin Aramco Mercedes,20,1:13.904,+1.517s
2025,FORMULA 1 ARAMCO GRAN PREMIO DE ESPAÑA,1262,practice_3,https://www.formula1.com/en/results.html/2025/races/1262/spain/practice-3.html,16,10,GAS,Pierre Gasly,Alpine Renault,20,1:13.954,+1.567s
2025,FORMULA 1 ARAMCO GRAN PREMIO DE ESPAÑA,1262,practice_3,https://www.formula1.com/en/results.html/2025/races/1262/spain/practice-3.html,17,43,COL,Franco Colapinto,Alpine Renault,23,1:14.085,+1.698s
2025,FORMULA 1 ARAMCO GRAN PREMIO DE ESPAÑA,1262,practice_3,https://www.formula1.com/en/results.html/2025/races/1262/spain/practice-3.html,18,31,OCO,Esteban Ocon,Haas Ferrari,14,1:14.138,+1.751s
2025,FORMULA 1 ARAMCO GRAN PREMIO DE ESPAÑA,1262,practice_3,https://www.formula1.com/en/results.html/2025/races/1262/spain/practice-3.html,19,23,ALB,Alexander Albon,Williams Mercedes,5,1:14.289,+1.902s
2025,FORMULA 1 ARAMCO GRAN PREMIO DE ESPAÑA,1262,practice_3,https://www.formula1.com/en/results.html/2025/races/1262/spain/practice-3.html,20,87,BEA,Oliver Bearman,Haas Ferrari,12,1:14.460,+2.073s
