year,race_name,race_id,result_type,url,position,driver_number,driver_code,driver_name,team,laps,lap_time,gap
2021,FORMULA 1 GULF AIR BAHRAIN,1064,practice_2,https://www.formula1.com/en/results.html/2021/races/1064/bahrain/practice-2.html,1,33,VER,Max Verstappen,Red Bull Racing Honda,23,1:30.847,
2021,FORMULA 1 GULF AIR BAHRAIN,1064,practice_2,https://www.formula1.com/en/results.html/2021/races/1064/bahrain/practice-2.html,2,4,NOR,Lando Norris,McLaren Mercedes,25,1:30.942,+0.095s
2021,FORMULA 1 GULF AIR BAHRAIN,1064,practice_2,https://www.formula1.com/en/results.html/2021/races/1064/bahrain/practice-2.html,3,44,HAM,Lewis Hamilton,Mercedes,24,1:31.082,+0.235s
2021,FORMULA 1 GULF AIR BAHRAIN,1064,practice_2,https://www.formula1.com/en/results.html/2021/races/1064/bahrain/practice-2.html,4,55,SAI,Carlos Sainz,Ferrari,26,1:31.127,+0.280s
2021,FORMULA 1 GULF AIR BAHRAIN,1064,practice_2,https://www.formula1.com/en/results.html/2021/races/1064/bahrain/practice-2.html,5,77,BOT,Valtteri Bottas,Mercedes,23,1:31.218,+0.371s
2021,FORMULA 1 GULF AIR BAHRAIN,1064,practice_2,https://www.formula1.com/en/results.html/2021/races/1064/bahrain/practice-2.html,6,3,RIC,Daniel Ricciardo,McLaren Mercedes,22,1:31.230,+0.383s
2021,FORMULA 1 GULF AIR BAHRAIN,1064,practice_2,https://www.formula1.com/en/results.html/2021/races/1064/bahrain/practice-2.html,7,22,TSU,Yuki Tsunoda,AlphaTauri Honda,23,1:31.294,+0.447s
2021,FORMULA 1 GULF AIR BAHRAIN,1064,practice_2,https://www.formula1.com/en/results.html/2021/races/1064/bahrain/practice-2.html,8,18,STR,Lance Stroll,Aston Martin Mercedes,24,1:31.393,+0.546s
2021,FORMULA 1 GULF AIR BAHRAIN,1064,practice_2,https://www.formula1.com/en/results.html/2021/races/1064/bahrain/practice-2.html,9,10,GAS,Pierre Gasly,AlphaTauri Honda,27,1:31.483,+0.636s
2021,FORMULA 1 GULF AIR BAHRAIN,1064,practice_2,https://www.formula1.com/en/results.html/2021/races/1064/bahrain/practice-2.html,10,11,PER,Sergio Perez,Red Bull Racing Honda,23,1:31.503,+0.656s
2021,FORMULA 1 GULF AIR BAHRAIN,1064,practice_2,https://www.formula1.com/en/results.html/2021/races/1064/bahrain/practice-2.html,11,31,OCO,Esteban Ocon,Alpine Renault,24,1:31.601,+0.754s
2021,FORMULA 1 GULF AIR BAHRAIN,1064,practice_2,https://www.formula1.com/en/results.html/2021/races/1064/bahrain/practice-2.html,12,16,LEC,Charles Leclerc,Ferrari,26,1:31.612,+0.765s
2021,FORMULA 1 GULF AIR BAHRAIN,1064,practice_2,https://www.formula1.com/en/results.html/2021/races/1064/bahrain/practice-2.html,13,99,GIO,Antonio Giovinazzi,Alfa Romeo Racing Ferrari,27,1:31.740,+0.893s
2021,FORMULA 1 GULF AIR BAHRAIN,1064,practice_2,https://www.formula1.com/en/results.html/2021/races/1064/bahrain/practice-2.html,14,5,VET,Sebastian Vettel,Aston Martin Mercedes,26,1:31.769,+0.922s
2021,FORMULA 1 GULF AIR BAHRAIN,1064,practice_2,https://www.formula1.com/en/results.html/2021/races/1064/bahrain/practice-2.html,15,14,ALO,Fernando Alonso,Alpine Renault,24,1:31.770,+0.923s
2021,FORMULA 1 GULF AIR BAHRAIN,1064,practice_2,https://www.formula1.com/en/results.html/2021/races/1064/bahrain/practice-2.html,16,7,RAI,Kimi Räikkönen,Alfa Romeo Racing Ferrari,15,1:31.862,+1.015s
2021,FORMULA 1 GULF AIR BAHRAIN,1064,practice_2,https://www.formula1.com/en/results.html/2021/races/1064/bahrain/practice-2.html,17,63,RUS,George Russell,Williams Mercedes,28,1:32.331,+1.484s
2021,FORMULA 1 GULF AIR BAHRAIN,1064,practice_2,https://www.formula1.com/en/results.html/2021/races/1064/bahrain/practice-2.html,18,47,MSC,Mick Schumacher,Haas Ferrari,24,1:33.297,+2.450s
2021,FORMULA 1 GULF AIR BAHRAIN,1064,practice_2,https://www.formula1.com/en/results.html/2021/races/1064/bahrain/practice-2.html,19,6,LAT,Nicholas Latifi,Williams Mercedes,28,1:33.400,+2.553s
2021,FORMULA 1 GULF AIR BAHRAIN,1064,practice_2,https://www.formula1.com/en/results.html/2021/races/1064/bahrain/practice-2.html,20,9,MAZ,Nikita Mazepin,Haas Ferrari,19,1:33.449,+2.602s
2021,EMILIA ROMAGNA,1065,practice_2,https://www.formula1.com/en/results.html/2021/races/1065/emilia-romagna/practice-2.html,1,77,BOT,Valtteri Bottas,Mercedes,25,1:15.551,
2021,EMILIA ROMAGNA,1065,practice_2,https://www.formula1.com/en/results.html/2021/races/1065/emilia-romagna/practice-2.html,2,44,HAM,Lewis Hamilton,Mercedes,26,1:15.561,+0.010s
2021,EMILIA ROMAGNA,1065,practice_2,https://www.formula1.com/en/results.html/2021/races/1065/emilia-romagna/practice-2.html,3,10,GAS,Pierre Gasly,AlphaTauri Honda,30,1:15.629,+0.078s
2021,EMILIA ROMAGNA,1065,practice_2,https://www.formula1.com/en/results.html/2021/races/1065/emilia-romagna/practice-2.html,4,55,SAI,Carlos Sainz,Ferrari,30,1:15.834,+0.283s
2021,EMILIA ROMAGNA,1065,practice_2,https://www.formula1.com/en/results.html/2021/races/1065/emilia-romagna/practice-2.html,5,16,LEC,Charles Leclerc,Ferrari,28,1:16.371,+0.820s
2021,EMILIA ROMAGNA,1065,practice_2,https://www.formula1.com/en/results.html/2021/races/1065/emilia-romagna/practice-2.html,6,11,PER,Sergio Perez,Red Bull Racing Honda,25,1:16.411,+0.860s
2021,EMILIA ROMAGNA,1065,practice_2,https://www.formula1.com/en/results.html/2021/races/1065/emilia-romagna/practice-2.html,7,22,TSU,Yuki Tsunoda,AlphaTauri Honda,26,1:16.419,+0.868s
2021,EMILIA ROMAGNA,1065,practice_2,https://www.formula1.com/en/results.html/2021/races/1065/emilia-romagna/practice-2.html,8,4,NOR,Lando Norris,McLaren Mercedes,23,1:16.485,+0.934s
2021,EMILIA ROMAGNA,1065,practice_2,https://www.formula1.com/en/results.html/2021/races/1065/emilia-romagna/practice-2.html,9,99,GIO,Antonio Giovinazzi,Alfa Romeo Racing Ferrari,25,1:16.513,+0.962s
2021,EMILIA ROMAGNA,1065,practice_2,https://www.formula1.com/en/results.html/2021/races/1065/emilia-romagna/practice-2.html,10,18,STR,Lance Stroll,Aston Martin Mercedes,25,1:16.737,+1.186s
2021,EMILIA ROMAGNA,1065,practice_2,https://www.formula1.com/en/results.html/2021/races/1065/emilia-romagna/practice-2.html,11,31,OCO,Esteban Ocon,Alpine Renault,27,1:16.817,+1.266s
2021,EMILIA ROMAGNA,1065,practice_2,https://www.formula1.com/en/results.html/2021/races/1065/emilia-romagna/practice-2.html,12,6,LAT,Nicholas Latifi,Williams Mercedes,29,1:16.823,+1.272s
2021,EMILIA ROMAGNA,1065,practice_2,https://www.formula1.com/en/results.html/2021/races/1065/emilia-romagna/practice-2.html,13,14,ALO,Fernando Alonso,Alpine Renault,27,1:16.835,+1.284s
2021,EMILIA ROMAGNA,1065,practice_2,https://www.formula1.com/en/results.html/2021/races/1065/emilia-romagna/practice-2.html,14,33,VER,Max Verstappen,Red Bull Racing Honda,5,1:16.999,+1.448s
2021,EMILIA ROMAGNA,1065,practice_2,https://www.formula1.com/en/results.html/2021/races/1065/emilia-romagna/practice-2.html,15,5,VET,Sebastian Vettel,Aston Martin Mercedes,27,1:17.092,+1.541s
2021,EMILIA ROMAGNA,1065,practice_2,https://www.formula1.com/en/results.html/2021/races/1065/emilia-romagna/practice-2.html,16,63,RUS,George Russell,Williams Mercedes,31,1:17.179,+1.628s
2021,EMILIA ROMAGNA,1065,practice_2,https://www.formula1.com/en/results.html/2021/races/1065/emilia-romagna/practice-2.html,17,7,RAI,Kimi Räikkönen,Alfa Romeo Racing Ferrari,27,1:17.273,+1.722s
2021,EMILIA ROMAGNA,1065,practice_2,https://www.formula1.com/en/results.html/2021/races/1065/emilia-romagna/practice-2.html,18,3,RIC,Daniel Ricciardo,McLaren Mercedes,24,1:17.281,+1.730s
2021,EMILIA ROMAGNA,1065,practice_2,https://www.formula1.com/en/results.html/2021/races/1065/emilia-romagna/practice-2.html,19,47,MSC,Mick Schumacher,Haas Ferrari,28,1:17.350,+1.799s
2021,EMILIA ROMAGNA,1065,practice_2,https://www.formula1.com/en/results.html/2021/races/1065/emilia-romagna/practice-2.html,20,9,MAZ,Nikita Mazepin,Haas Ferrari,16,1:17.857,+2.306s
2021,FORMULA 1 HEINEKEN GRANDE PRÉMIO DE PORTUGAL,1066,practice_2,https://www.formula1.com/en/results.html/2021/races/1066/portugal/practice-2.html,1,44,HAM,Lewis Hamilton,Mercedes,33,1:19.837,
2021,FORMULA 1 HEINEKEN GRANDE PRÉMIO DE PORTUGAL,1066,practice_2,https://www.formula1.com/en/results.html/2021/races/1066/portugal/practice-2.html,2,33,VER,Max Verstappen,Red Bull Racing Honda,26,1:19.980,+0.143s
2021,FORMULA 1 HEINEKEN GRANDE PRÉMIO DE PORTUGAL,1066,practice_2,https://www.formula1.com/en/results.html/2021/races/1066/portugal/practice-2.html,3,77,BOT,Valtteri Bottas,Mercedes,28,1:20.181,+0.344s
2021,FORMULA 1 HEINEKEN GRANDE PRÉMIO DE PORTUGAL,1066,practice_2,https://www.formula1.com/en/results.html/2021/races/1066/portugal/practice-2.html,4,55,SAI,Carlos Sainz,Ferrari,33,1:20.197,+0.360s
2021,FORMULA 1 HEINEKEN GRANDE PRÉMIO DE PORTUGAL,1066,practice_2,https://www.formula1.com/en/results.html/2021/races/1066/portugal/practice-2.html,5,14,ALO,Fernando Alonso,Alpine Renault,32,1:20.220,+0.383s
2021,FORMULA 1 HEINEKEN GRANDE PRÉMIO DE PORTUGAL,1066,practice_2,https://www.formula1.com/en/results.html/2021/races/1066/portugal/practice-2.html,6,31,OCO,Esteban Ocon,Alpine Renault,31,1:20.235,+0.398s
2021,FORMULA 1 HEINEKEN GRANDE PRÉMIO DE PORTUGAL,1066,practice_2,https://www.formula1.com/en/results.html/2021/races/1066/portugal/practice-2.html,7,16,LEC,Charles Leclerc,Ferrari,33,1:20.360,+0.523s
2021,FORMULA 1 HEINEKEN GRANDE PRÉMIO DE PORTUGAL,1066,practice_2,https://www.formula1.com/en/results.html/2021/races/1066/portugal/practice-2.html,8,3,RIC,Daniel Ricciardo,McLaren Mercedes,31,1:20.418,+0.581s
2021,FORMULA 1 HEINEKEN GRANDE PRÉMIO DE PORTUGAL,1066,practice_2,https://www.formula1.com/en/results.html/2021/races/1066/portugal/practice-2.html,9,18,STR,Lance Stroll,Aston Martin Mercedes,31,1:20.427,+0.590s
2021,FORMULA 1 HEINEKEN GRANDE PRÉMIO DE PORTUGAL,1066,practice_2,https://www.formula1.com/en/results.html/2021/races/1066/portugal/practice-2.html,10,11,PER,Sergio Perez,Red Bull Racing Honda,28,1:20.516,+0.679s
2021,FORMULA 1 HEINEKEN GRANDE PRÉMIO DE PORTUGAL,1066,practice_2,https://www.formula1.com/en/results.html/2021/races/1066/portugal/practice-2.html,11,10,GAS,Pierre Gasly,AlphaTauri Honda,34,1:20.558,+0.721s
2021,FORMULA 1 HEINEKEN GRANDE PRÉMIO DE PORTUGAL,1066,practice_2,https://www.formula1.com/en/results.html/2021/races/1066/portugal/practice-2.html,12,4,NOR,Lando Norris,McLaren Mercedes,28,1:20.757,+0.920s
2021,FORMULA 1 HEINEKEN GRANDE PRÉMIO DE PORTUGAL,1066,practice_2,https://www.formula1.com/en/results.html/2021/races/1066/portugal/practice-2.html,13,63,RUS,George Russell,Williams Mercedes,32,1:20.976,+1.139s
2021,FORMULA 1 HEINEKEN GRANDE PRÉMIO DE PORTUGAL,1066,practice_2,https://www.formula1.com/en/results.html/2021/races/1066/portugal/practice-2.html,14,22,TSU,Yuki Tsunoda,AlphaTauri Honda,33,1:21.053,+1.216s
2021,FORMULA 1 HEINEKEN GRANDE PRÉMIO DE PORTUGAL,1066,practice_2,https://www.formula1.com/en/results.html/2021/races/1066/portugal/practice-2.html,15,5,VET,Sebastian Vettel,Aston Martin Mercedes,32,1:21.074,+1.237s
2021,FORMULA 1 HEINEKEN GRANDE PRÉMIO DE PORTUGAL,1066,practice_2,https://www.formula1.com/en/results.html/2021/races/1066/portugal/practice-2.html,16,7,RAI,Kimi Räikkönen,Alfa Romeo Racing Ferrari,22,1:21.225,+1.388s
2021,FORMULA 1 HEINEKEN GRANDE PRÉMIO DE PORTUGAL,1066,practice_2,https://www.formula1.com/en/results.html/2021/races/1066/portugal/practice-2.html,17,99,GIO,Antonio Giovinazzi,Alfa Romeo Racing Ferrari,32,1:21.238,+1.401s
2021,FORMULA 1 HEINEKEN GRANDE PRÉMIO DE PORTUGAL,1066,practice_2,https://www.formula1.com/en/results.html/2021/races/1066/portugal/practice-2.html,18,47,MSC,Mick Schumacher,Haas Ferrari,29,1:21.537,+1.700s
2021,FORMULA 1 HEINEKEN GRANDE PRÉMIO DE PORTUGAL,1066,practice_2,https://www.formula1.com/en/results.html/2021/races/1066/portugal/practice-2.html,19,6,LAT,Nicholas Latifi,Williams Mercedes,31,1:21.855,+2.018s
2021,FORMULA 1 HEINEKEN GRANDE PRÉMIO DE PORTUGAL,1066,practice_2,https://www.formula1.com/en/results.html/2021/races/1066/portugal/practice-2.html,20,9,MAZ,Nikita Mazepin,Haas Ferrari,28,1:22.638,+2.801s
2021,FORMULA 1 GRAND PRIX DE MONACO,1067,practice_2,https://www.formula1.com/en/results.html/2021/races/1067/monaco/practice-2.html,1,16,LEC,Charles Leclerc,Ferrari,30,1:11.684,
2021,FORMULA 1 GRAND PRIX DE MONACO,1067,practice_2,https://www.formula1.com/en/results.html/2021/races/1067/monaco/practice-2.html,2,55,SAI,Carlos Sainz,Ferrari,32,1:11.796,+0.112s
2021,FORMULA 1 GRAND PRIX DE MONACO,1067,practice_2,https://www.formula1.com/en/results.html/2021/races/1067/monaco/practice-2.html,3,44,HAM,Lewis Hamilton,Mercedes,28,1:12.074,+0.390s
2021,FORMULA 1 GRAND PRIX DE MONACO,1067,practice_2,https://www.formula1.com/en/results.html/2021/races/1067/monaco/practice-2.html,4,33,VER,Max Verstappen,Red Bull Racing Honda,27,1:12.081,+0.397s
2021,FORMULA 1 GRAND PRIX DE MONACO,1067,practice_2,https://www.formula1.com/en/results.html/2021/races/1067/monaco/practice-2.html,5,77,BOT,Valtteri Bottas,Mercedes,32,1:12.107,+0.423s
2021,FORMULA 1 GRAND PRIX DE MONACO,1067,practice_2,https://www.formula1.com/en/results.html/2021/races/1067/monaco/practice-2.html,6,4,NOR,Lando Norris,McLaren Mercedes,24,1:12.379,+0.695s
2021,FORMULA 1 GRAND PRIX DE MONACO,1067,practice_2,https://www.formula1.com/en/results.html/2021/races/1067/monaco/practice-2.html,7,10,GAS,Pierre Gasly,AlphaTauri Honda,28,1:12.498,+0.814s
2021,FORMULA 1 GRAND PRIX DE MONACO,1067,practice_2,https://www.formula1.com/en/results.html/2021/races/1067/monaco/practice-2.html,8,11,PER,Sergio Perez,Red Bull Racing Honda,24,1:12.708,+1.024s
2021,FORMULA 1 GRAND PRIX DE MONACO,1067,practice_2,https://www.formula1.com/en/results.html/2021/races/1067/monaco/practice-2.html,9,99,GIO,Antonio Giovinazzi,Alfa Romeo Racing Ferrari,28,1:12.746,+1.062s
2021,FORMULA 1 GRAND PRIX DE MONACO,1067,practice_2,https://www.formula1.com/en/results.html/2021/races/1067/monaco/practice-2.html,10,5,VET,Sebastian Vettel,Aston Martin Mercedes,26,1:12.982,+1.298s
2021,FORMULA 1 GRAND PRIX DE MONACO,1067,practice_2,https://www.formula1.com/en/results.html/2021/races/1067/monaco/practice-2.html,11,7,RAI,Kimi Räikkönen,Alfa Romeo Racing Ferrari,31,1:13.065,+1.381s
2021,FORMULA 1 GRAND PRIX DE MONACO,1067,practice_2,https://www.formula1.com/en/results.html/2021/races/1067/monaco/practice-2.html,12,14,ALO,Fernando Alonso,Alpine Renault,27,1:13.175,+1.491s
2021,FORMULA 1 GRAND PRIX DE MONACO,1067,practice_2,https://www.formula1.com/en/results.html/2021/races/1067/monaco/practice-2.html,13,18,STR,Lance Stroll,Aston Martin Mercedes,26,1:13.195,+1.511s
2021,FORMULA 1 GRAND PRIX DE MONACO,1067,practice_2,https://www.formula1.com/en/results.html/2021/races/1067/monaco/practice-2.html,14,31,OCO,Esteban Ocon,Alpine Renault,28,1:13.199,+1.515s
2021,FORMULA 1 GRAND PRIX DE MONACO,1067,practice_2,https://www.formula1.com/en/results.html/2021/races/1067/monaco/practice-2.html,15,3,RIC,Daniel Ricciardo,McLaren Mercedes,26,1:13.257,+1.573s
2021,FORMULA 1 GRAND PRIX DE MONACO,1067,practice_2,https://www.formula1.com/en/results.html/2021/races/1067/monaco/practice-2.html,16,63,RUS,George Russell,Williams Mercedes,32,1:13.509,+1.825s
2021,FORMULA 1 GRAND PRIX DE MONACO,1067,practice_2,https://www.formula1.com/en/results.html/2021/races/1067/monaco/practice-2.html,17,6,LAT,Nicholas Latifi,Williams Mercedes,31,1:13.593,+1.909s
2021,FORMULA 1 GRAND PRIX DE MONACO,1067,practice_2,https://www.formula1.com/en/results.html/2021/races/1067/monaco/practice-2.html,18,9,MAZ,Nikita Mazepin,Haas Ferrari,26,1:14.407,+2.723s
2021,FORMULA 1 GRAND PRIX DE MONACO,1067,practice_2,https://www.formula1.com/en/results.html/2021/races/1067/monaco/practice-2.html,19,47,MSC,Mick Schumacher,Haas Ferrari,25,1:14.416,+2.732s
2021,FORMULA 1 GRAND PRIX DE MONACO,1067,practice_2,https://www.formula1.com/en/results.html/2021/races/1067/monaco/practice-2.html,20,22,TSU,Yuki Tsunoda,AlphaTauri Honda,11,1:14.829,+3.145s
2021,FORMULA 1 AZERBAIJAN,1068,practice_2,https://www.formula1.com/en/results.html/2021/races/1068/azerbaijan/practice-2.html,1,11,PER,Sergio Perez,Red Bull Racing Honda,22,1:42.115,
2021,FORMULA 1 AZERBAIJAN,1068,practice_2,https://www.formula1.com/en/results.html/2021/races/1068/azerbaijan/practice-2.html,2,33,VER,Max Verstappen,Red Bull Racing Honda,23,1:42.216,+0.101s
2021,FORMULA 1 AZERBAIJAN,1068,practice_2,https://www.formula1.com/en/results.html/2021/races/1068/azerbaijan/practice-2.html,3,55,SAI,Carlos Sainz,Ferrari,24,1:42.243,+0.128s
2021,FORMULA 1 AZERBAIJAN,1068,practice_2,https://www.formula1.com/en/results.html/2021/races/1068/azerbaijan/practice-2.html,4,16,LEC,Charles Leclerc,Ferrari,22,1:42.436,+0.321s
2021,FORMULA 1 AZERBAIJAN,1068,practice_2,https://www.formula1.com/en/results.html/2021/races/1068/azerbaijan/practice-2.html,5,10,GAS,Pierre Gasly,AlphaTauri Honda,26,1:42.534,+0.419s
2021,FORMULA 1 AZERBAIJAN,1068,practice_2,https://www.formula1.com/en/results.html/2021/races/1068/azerbaijan/practice-2.html,6,14,ALO,Fernando Alonso,Alpine Renault,24,1:42.693,+0.578s
2021,FORMULA 1 AZERBAIJAN,1068,practice_2,https://www.formula1.com/en/results.html/2021/races/1068/azerbaijan/practice-2.html,7,99,GIO,Antonio Giovinazzi,Alfa Romeo Racing Ferrari,25,1:42.941,+0.826s
2021,FORMULA 1 AZERBAIJAN,1068,practice_2,https://www.formula1.com/en/results.html/2021/races/1068/azerbaijan/practice-2.html,8,4,NOR,Lando Norris,McLaren Mercedes,24,1:43.018,+0.903s
2021,FORMULA 1 AZERBAIJAN,1068,practice_2,https://www.formula1.com/en/results.html/2021/races/1068/azerbaijan/practice-2.html,9,31,OCO,Esteban Ocon,Alpine Renault,23,1:43.020,+0.905s
2021,FORMULA 1 AZERBAIJAN,1068,practice_2,https://www.formula1.com/en/results.html/2021/races/1068/azerbaijan/practice-2.html,10,22,TSU,Yuki Tsunoda,AlphaTauri Honda,25,1:43.130,+1.015s
2021,FORMULA 1 AZERBAIJAN,1068,practice_2,https://www.formula1.com/en/results.html/2021/races/1068/azerbaijan/practice-2.html,11,44,HAM,Lewis Hamilton,Mercedes,24,1:43.156,+1.041s
2021,FORMULA 1 AZERBAIJAN,1068,practice_2,https://www.formula1.com/en/results.html/2021/races/1068/azerbaijan/practice-2.html,12,7,RAI,Kimi Räikkönen,Alfa Romeo Racing Ferrari,23,1:43.220,+1.105s
2021,FORMULA 1 AZERBAIJAN,1068,practice_2,https://www.formula1.com/en/results.html/2021/races/1068/azerbaijan/practice-2.html,13,3,RIC,Daniel Ricciardo,McLaren Mercedes,23,1:43.298,+1.183s
2021,FORMULA 1 AZERBAIJAN,1068,practice_2,https://www.formula1.com/en/results.html/2021/races/1068/azerbaijan/practice-2.html,14,18,STR,Lance Stroll,Aston Martin Mercedes,21,1:43.812,+1.697s
2021,FORMULA 1 AZERBAIJAN,1068,practice_2,https://www.formula1.com/en/results.html/2021/races/1068/azerbaijan/practice-2.html,15,5,VET,Sebastian Vettel,Aston Martin Mercedes,22,1:43.881,+1.766s
2021,FORMULA 1 AZERBAIJAN,1068,practice_2,https://www.formula1.com/en/results.html/2021/races/1068/azerbaijan/practice-2.html,16,77,BOT,Valtteri Bottas,Mercedes,23,1:44.184,+2.069s
2021,FORMULA 1 AZERBAIJAN,1068,practice_2,https://www.formula1.com/en/results.html/2021/races/1068/azerbaijan/practice-2.html,17,63,RUS,George Russell,Williams Mercedes,24,1:44.557,+2.442s
2021,FORMULA 1 AZERBAIJAN,1068,practice_2,https://www.formula1.com/en/results.html/2021/races/1068/azerbaijan/practice-2.html,18,9,MAZ,Nikita Mazepin,Haas Ferrari,23,1:45.563,+3.448s
2021,FORMULA 1 AZERBAIJAN,1068,practice_2,https://www.formula1.com/en/results.html/2021/races/1068/azerbaijan/practice-2.html,19,47,MSC,Mick Schumacher,Haas Ferrari,12,1:46.095,+3.980s
2021,FORMULA 1 AZERBAIJAN,1068,practice_2,https://www.formula1.com/en/results.html/2021/races/1068/azerbaijan/practice-2.html,20,6,LAT,Nicholas Latifi,Williams Mercedes,5,1:46.983,+4.868s
2021,FORMULA 1 EMIRATES GRAND PRIX DE FRANCE,1070,practice_2,https://www.formula1.com/en/results.html/2021/races/1070/france/practice-2.html,1,33,VER,Max Verstappen,Red Bull Racing Honda,21,1:32.872,
2021,FORMULA 1 EMIRATES GRAND PRIX DE FRANCE,1070,practice_2,https://www.formula1.com/en/results.html/2021/races/1070/france/practice-2.html,2,77,BOT,Valtteri Bottas,Mercedes,27,1:32.880,+0.008s
2021,FORMULA 1 EMIRATES GRAND PRIX DE FRANCE,1070,practice_2,https://www.formula1.com/en/results.html/2021/races/1070/france/practice-2.html,3,44,HAM,Lewis Hamilton,Mercedes,23,1:33.125,+0.253s
2021,FORMULA 1 EMIRATES GRAND PRIX DE FRANCE,1070,practice_2,https://www.formula1.com/en/results.html/2021/races/1070/france/practice-2.html,4,14,ALO,Fernando Alonso,Alpine Renault,25,1:33.340,+0.468s
2021,FORMULA 1 EMIRATES GRAND PRIX DE FRANCE,1070,practice_2,https://www.formula1.com/en/results.html/2021/races/1070/france/practice-2.html,5,16,LEC,Charles Leclerc,Ferrari,23,1:33.550,+0.678s
2021,FORMULA 1 EMIRATES GRAND PRIX DE FRANCE,1070,practice_2,https://www.formula1.com/en/results.html/2021/races/1070/france/practice-2.html,6,31,OCO,Esteban Ocon,Alpine Renault,23,1:33.685,+0.813s
2021,FORMULA 1 EMIRATES GRAND PRIX DE FRANCE,1070,practice_2,https://www.formula1.com/en/results.html/2021/races/1070/france/practice-2.html,7,10,GAS,Pierre Gasly,AlphaTauri Honda,25,1:33.696,+0.824s
2021,FORMULA 1 EMIRATES GRAND PRIX DE FRANCE,1070,practice_2,https://www.formula1.com/en/results.html/2021/races/1070/france/practice-2.html,8,55,SAI,Carlos Sainz,Ferrari,24,1:33.698,+0.826s
2021,FORMULA 1 EMIRATES GRAND PRIX DE FRANCE,1070,practice_2,https://www.formula1.com/en/results.html/2021/races/1070/france/practice-2.html,9,7,RAI,Kimi Räikkönen,Alfa Romeo Racing Ferrari,26,1:33.786,+0.914s
2021,FORMULA 1 EMIRATES GRAND PRIX DE FRANCE,1070,practice_2,https://www.formula1.com/en/results.html/2021/races/1070/france/practice-2.html,10,4,NOR,Lando Norris,McLaren Mercedes,24,1:33.822,+0.950s
2021,FORMULA 1 EMIRATES GRAND PRIX DE FRANCE,1070,practice_2,https://www.formula1.com/en/results.html/2021/races/1070/france/practice-2.html,11,99,GIO,Antonio Giovinazzi,Alfa Romeo Racing Ferrari,23,1:33.831,+0.959s
2021,FORMULA 1 EMIRATES GRAND PRIX DE FRANCE,1070,practice_2,https://www.formula1.com/en/results.html/2021/races/1070/france/practice-2.html,12,11,PER,Sergio Perez,Red Bull Racing Honda,24,1:33.921,+1.049s
2021,FORMULA 1 EMIRATES GRAND PRIX DE FRANCE,1070,practice_2,https://www.formula1.com/en/results.html/2021/races/1070/france/practice-2.html,13,22,TSU,Yuki Tsunoda,AlphaTauri Honda,25,1:33.955,+1.083s
2021,FORMULA 1 EMIRATES GRAND PRIX DE FRANCE,1070,practice_2,https://www.formula1.com/en/results.html/2021/races/1070/france/practice-2.html,14,3,RIC,Daniel Ricciardo,McLaren Mercedes,24,1:34.079,+1.207s
2021,FORMULA 1 EMIRATES GRAND PRIX DE FRANCE,1070,practice_2,https://www.formula1.com/en/results.html/2021/races/1070/france/practice-2.html,15,5,VET,Sebastian Vettel,Aston Martin Mercedes,25,1:34.447,+1.575s
2021,FORMULA 1 EMIRATES GRAND PRIX DE FRANCE,1070,practice_2,https://www.formula1.com/en/results.html/2021/races/1070/france/practice-2.html,16,18,STR,Lance Stroll,Aston Martin Mercedes,24,1:34.632,+1.760s
2021,FORMULA 1 EMIRATES GRAND PRIX DE FRANCE,1070,practice_2,https://www.formula1.com/en/results.html/2021/races/1070/france/practice-2.html,17,63,RUS,George Russell,Williams Mercedes,25,1:35.266,+2.394s
2021,FORMULA 1 EMIRATES GRAND PRIX DE FRANCE,1070,practice_2,https://www.formula1.com/en/results.html/2021/races/1070/france/practice-2.html,18,6,LAT,Nicholas Latifi,Williams Mercedes,25,1:35.331,+2.459s
2021,FORMULA 1 EMIRATES GRAND PRIX DE FRANCE,1070,practice_2,https://www.formula1.com/en/results.html/2021/races/1070/france/practice-2.html,19,47,MSC,Mick Schumacher,Haas Ferrari,24,1:35.512,+2.640s
2021,FORMULA 1 EMIRATES GRAND PRIX DE FRANCE,1070,practice_2,https://www.formula1.com/en/results.html/2021/races/1070/france/practice-2.html,20,9,MAZ,Nikita Mazepin,Haas Ferrari,23,1:35.551,+2.679s
2021,FORMULA 1 BWT GROSSER PREIS VON ÖSTERREICH,1071,practice_2,https://www.formula1.com/en/results.html/2021/races/1071/austria/practice-2.html,1,44,HAM,Lewis Hamilton,Mercedes,31,1:04.523,
2021,FORMULA 1 BWT GROSSER PREIS VON ÖSTERREICH,1071,practice_2,https://www.formula1.com/en/results.html/2021/races/1071/austria/practice-2.html,2,77,BOT,Valtteri Bottas,Mercedes,34,1:04.712,+0.189s
2021,FORMULA 1 BWT GROSSER PREIS VON ÖSTERREICH,1071,practice_2,https://www.formula1.com/en/results.html/2021/races/1071/austria/practice-2.html,3,33,VER,Max Verstappen,Red Bull Racing Honda,35,1:04.740,+0.217s
2021,FORMULA 1 BWT GROSSER PREIS VON ÖSTERREICH,1071,practice_2,https://www.formula1.com/en/results.html/2021/races/1071/austria/practice-2.html,4,18,STR,Lance Stroll,Aston Martin Mercedes,33,1:05.139,+0.616s
2021,FORMULA 1 BWT GROSSER PREIS VON ÖSTERREICH,1071,practice_2,https://www.formula1.com/en/results.html/2021/races/1071/austria/practice-2.html,5,5,VET,Sebastian Vettel,Aston Martin Mercedes,37,1:05.268,+0.745s
2021,FORMULA 1 BWT GROSSER PREIS VON ÖSTERREICH,1071,practice_2,https://www.formula1.com/en/results.html/2021/races/1071/austria/practice-2.html,6,22,TSU,Yuki Tsunoda,AlphaTauri Honda,37,1:05.356,+0.833s
2021,FORMULA 1 BWT GROSSER PREIS VON ÖSTERREICH,1071,practice_2,https://www.formula1.com/en/results.html/2021/races/1071/austria/practice-2.html,7,10,GAS,Pierre Gasly,AlphaTauri Honda,38,1:05.379,+0.856s
2021,FORMULA 1 BWT GROSSER PREIS VON ÖSTERREICH,1071,practice_2,https://www.formula1.com/en/results.html/2021/races/1071/austria/practice-2.html,8,14,ALO,Fernando Alonso,Alpine Renault,34,1:05.393,+0.870s
2021,FORMULA 1 BWT GROSSER PREIS VON ÖSTERREICH,1071,practice_2,https://www.formula1.com/en/results.html/2021/races/1071/austria/practice-2.html,9,4,NOR,Lando Norris,McLaren Mercedes,34,1:05.466,+0.943s
2021,FORMULA 1 BWT GROSSER PREIS VON ÖSTERREICH,1071,practice_2,https://www.formula1.com/en/results.html/2021/races/1071/austria/practice-2.html,10,99,GIO,Antonio Giovinazzi,Alfa Romeo Racing Ferrari,32,1:05.511,+0.988s
2021,FORMULA 1 BWT GROSSER PREIS VON ÖSTERREICH,1071,practice_2,https://www.formula1.com/en/results.html/2021/races/1071/austria/practice-2.html,11,11,PER,Sergio Perez,Red Bull Racing Honda,39,1:05.516,+0.993s
2021,FORMULA 1 BWT GROSSER PREIS VON ÖSTERREICH,1071,practice_2,https://www.formula1.com/en/results.html/2021/races/1071/austria/practice-2.html,12,31,OCO,Esteban Ocon,Alpine Renault,36,1:05.527,+1.004s
2021,FORMULA 1 BWT GROSSER PREIS VON ÖSTERREICH,1071,practice_2,https://www.formula1.com/en/results.html/2021/races/1071/austria/practice-2.html,13,55,SAI,Carlos Sainz,Ferrari,37,1:05.620,+1.097s
2021,FORMULA 1 BWT GROSSER PREIS VON ÖSTERREICH,1071,practice_2,https://www.formula1.com/en/results.html/2021/races/1071/austria/practice-2.html,14,7,RAI,Kimi Räikkönen,Alfa Romeo Racing Ferrari,33,1:05.624,+1.101s
2021,FORMULA 1 BWT GROSSER PREIS VON ÖSTERREICH,1071,practice_2,https://www.formula1.com/en/results.html/2021/races/1071/austria/practice-2.html,15,3,RIC,Daniel Ricciardo,McLaren Mercedes,32,1:05.698,+1.175s
2021,FORMULA 1 BWT GROSSER PREIS VON ÖSTERREICH,1071,practice_2,https://www.formula1.com/en/results.html/2021/races/1071/austria/practice-2.html,16,16,LEC,Charles Leclerc,Ferrari,33,1:05.708,+1.185s
2021,FORMULA 1 BWT GROSSER PREIS VON ÖSTERREICH,1071,practice_2,https://www.formula1.com/en/results.html/2021/races/1071/austria/practice-2.html,17,63,RUS,George Russell,Williams Mercedes,36,1:05.819,+1.296s
2021,FORMULA 1 BWT GROSSER PREIS VON ÖSTERREICH,1071,practice_2,https://www.formula1.com/en/results.html/2021/races/1071/austria/practice-2.html,18,47,MSC,Mick Schumacher,Haas Ferrari,35,1:05.911,+1.388s
2021,FORMULA 1 BWT GROSSER PREIS VON ÖSTERREICH,1071,practice_2,https://www.formula1.com/en/results.html/2021/races/1071/austria/practice-2.html,19,6,LAT,Nicholas Latifi,Williams Mercedes,38,1:06.014,+1.491s
2021,FORMULA 1 BWT GROSSER PREIS VON ÖSTERREICH,1071,practice_2,https://www.formula1.com/en/results.html/2021/races/1071/austria/practice-2.html,20,9,MAZ,Nikita Mazepin,Haas Ferrari,35,1:06.173,+1.650s
2021,FORMULA 1 PIRELLI BRITISH,1072,practice_2,https://www.formula1.com/en/results.html/2021/races/1072/great-britain/practice-2.html,1,33,VER,Max Verstappen,Red Bull Racing Honda,23,1:29.902,
2021,FORMULA 1 PIRELLI BRITISH,1072,practice_2,https://www.formula1.com/en/results.html/2021/races/1072/great-britain/practice-2.html,2,16,LEC,Charles Leclerc,Ferrari,30,1:30.277,+0.375s
2021,FORMULA 1 PIRELLI BRITISH,1072,practice_2,https://www.formula1.com/en/results.html/2021/races/1072/great-britain/practice-2.html,3,55,SAI,Carlos Sainz,Ferrari,29,1:30.507,+0.605s
2021,FORMULA 1 PIRELLI BRITISH,1072,practice_2,https://www.formula1.com/en/results.html/2021/races/1072/great-britain/practice-2.html,4,31,OCO,Esteban Ocon,Alpine Renault,31,1:30.707,+0.805s
2021,FORMULA 1 PIRELLI BRITISH,1072,practice_2,https://www.formula1.com/en/results.html/2021/races/1072/great-britain/practice-2.html,5,11,PER,Sergio Perez,Red Bull Racing Honda,27,1:30.800,+0.898s
2021,FORMULA 1 PIRELLI BRITISH,1072,practice_2,https://www.formula1.com/en/results.html/2021/races/1072/great-britain/practice-2.html,6,4,NOR,Lando Norris,McLaren Mercedes,24,1:31.030,+1.128s
2021,FORMULA 1 PIRELLI BRITISH,1072,practice_2,https://www.formula1.com/en/results.html/2021/races/1072/great-britain/practice-2.html,7,3,RIC,Daniel Ricciardo,McLaren Mercedes,23,1:31.034,+1.132s
2021,FORMULA 1 PIRELLI BRITISH,1072,practice_2,https://www.formula1.com/en/results.html/2021/races/1072/great-britain/practice-2.html,8,44,HAM,Lewis Hamilton,Mercedes,28,1:31.131,+1.229s
2021,FORMULA 1 PIRELLI BRITISH,1072,practice_2,https://www.formula1.com/en/results.html/2021/races/1072/great-britain/practice-2.html,9,77,BOT,Valtteri Bottas,Mercedes,27,1:31.180,+1.278s
2021,FORMULA 1 PIRELLI BRITISH,1072,practice_2,https://www.formula1.com/en/results.html/2021/races/1072/great-britain/practice-2.html,10,10,GAS,Pierre Gasly,AlphaTauri Honda,31,1:31.188,+1.286s
2021,FORMULA 1 PIRELLI BRITISH,1072,practice_2,https://www.formula1.com/en/results.html/2021/races/1072/great-britain/practice-2.html,11,63,RUS,George Russell,Williams Mercedes,24,1:31.237,+1.335s
2021,FORMULA 1 PIRELLI BRITISH,1072,practice_2,https://www.formula1.com/en/results.html/2021/races/1072/great-britain/practice-2.html,12,99,GIO,Antonio Giovinazzi,Alfa Romeo Racing Ferrari,29,1:31.263,+1.361s
2021,FORMULA 1 PIRELLI BRITISH,1072,practice_2,https://www.formula1.com/en/results.html/2021/races/1072/great-britain/practice-2.html,13,14,ALO,Fernando Alonso,Alpine Renault,27,1:31.289,+1.387s
2021,FORMULA 1 PIRELLI BRITISH,1072,practice_2,https://www.formula1.com/en/results.html/2021/races/1072/great-britain/practice-2.html,14,7,RAI,Kimi Räikkönen,Alfa Romeo Racing Ferrari,26,1:31.328,+1.426s
2021,FORMULA 1 PIRELLI BRITISH,1072,practice_2,https://www.formula1.com/en/results.html/2021/races/1072/great-britain/practice-2.html,15,6,LAT,Nicholas Latifi,Williams Mercedes,30,1:31.337,+1.435s
2021,FORMULA 1 PIRELLI BRITISH,1072,practice_2,https://www.formula1.com/en/results.html/2021/races/1072/great-britain/practice-2.html,16,22,TSU,Yuki Tsunoda,AlphaTauri Honda,32,1:31.404,+1.502s
2021,FORMULA 1 PIRELLI BRITISH,1072,practice_2,https://www.formula1.com/en/results.html/2021/races/1072/great-britain/practice-2.html,17,5,VET,Sebastian Vettel,Aston Martin Mercedes,34,1:31.593,+1.691s
2021,FORMULA 1 PIRELLI BRITISH,1072,practice_2,https://www.formula1.com/en/results.html/2021/races/1072/great-britain/practice-2.html,18,18,STR,Lance Stroll,Aston Martin Mercedes,31,1:32.041,+2.139s
2021,FORMULA 1 PIRELLI BRITISH,1072,practice_2,https://www.formula1.com/en/results.html/2021/races/1072/great-britain/practice-2.html,19,9,MAZ,Nikita Mazepin,Haas Ferrari,31,1:32.474,+2.572s
2021,FORMULA 1 PIRELLI BRITISH,1072,practice_2,https://www.formula1.com/en/results.html/2021/races/1072/great-britain/practice-2.html,20,47,MSC,Mick Schumacher,Haas Ferrari,28,1:34.017,+4.115s
2021,FORMULA 1 ROLEX MAGYAR NAGYDÍJ,1073,practice_2,https://www.formula1.com/en/results.html/2021/races/1073/hungary/practice-2.html,1,77,BOT,Valtteri Bottas,Mercedes,29,1:17.012,
2021,FORMULA 1 ROLEX MAGYAR NAGYDÍJ,1073,practice_2,https://www.formula1.com/en/results.html/2021/races/1073/hungary/practice-2.html,2,44,HAM,Lewis Hamilton,Mercedes,27,1:17.039,+0.027s
2021,FORMULA 1 ROLEX MAGYAR NAGYDÍJ,1073,practice_2,https://www.formula1.com/en/results.html/2021/races/1073/hungary/practice-2.html,3,33,VER,Max Verstappen,Red Bull Racing Honda,24,1:17.310,+0.298s
2021,FORMULA 1 ROLEX MAGYAR NAGYDÍJ,1073,practice_2,https://www.formula1.com/en/results.html/2021/races/1073/hungary/practice-2.html,4,31,OCO,Esteban Ocon,Alpine Renault,29,1:17.759,+0.747s
2021,FORMULA 1 ROLEX MAGYAR NAGYDÍJ,1073,practice_2,https://www.formula1.com/en/results.html/2021/races/1073/hungary/practice-2.html,5,11,PER,Sergio Perez,Red Bull Racing Honda,23,1:17.824,+0.812s
2021,FORMULA 1 ROLEX MAGYAR NAGYDÍJ,1073,practice_2,https://www.formula1.com/en/results.html/2021/races/1073/hungary/practice-2.html,6,10,GAS,Pierre Gasly,AlphaTauri Honda,31,1:18.113,+1.101s
2021,FORMULA 1 ROLEX MAGYAR NAGYDÍJ,1073,practice_2,https://www.formula1.com/en/results.html/2021/races/1073/hungary/practice-2.html,7,14,ALO,Fernando Alonso,Alpine Renault,27,1:18.169,+1.157s
2021,FORMULA 1 ROLEX MAGYAR NAGYDÍJ,1073,practice_2,https://www.formula1.com/en/results.html/2021/races/1073/hungary/practice-2.html,8,5,VET,Sebastian Vettel,Aston Martin Mercedes,31,1:18.228,+1.216s
2021,FORMULA 1 ROLEX MAGYAR NAGYDÍJ,1073,practice_2,https://www.formula1.com/en/results.html/2021/races/1073/hungary/practice-2.html,9,4,NOR,Lando Norris,McLaren Mercedes,25,1:18.313,+1.301s
2021,FORMULA 1 ROLEX MAGYAR NAGYDÍJ,1073,practice_2,https://www.formula1.com/en/results.html/2021/races/1073/hungary/practice-2.html,10,18,STR,Lance Stroll,Aston Martin Mercedes,30,1:18.320,+1.308s
2021,FORMULA 1 ROLEX MAGYAR NAGYDÍJ,1073,practice_2,https://www.formula1.com/en/results.html/2021/races/1073/hungary/practice-2.html,11,16,LEC,Charles Leclerc,Ferrari,30,1:18.370,+1.358s
2021,FORMULA 1 ROLEX MAGYAR NAGYDÍJ,1073,practice_2,https://www.formula1.com/en/results.html/2021/races/1073/hungary/practice-2.html,12,55,SAI,Carlos Sainz,Ferrari,32,1:18.441,+1.429s
2021,FORMULA 1 ROLEX MAGYAR NAGYDÍJ,1073,practice_2,https://www.formula1.com/en/results.html/2021/races/1073/hungary/practice-2.html,13,3,RIC,Daniel Ricciardo,McLaren Mercedes,26,1:18.737,+1.725s
2021,FORMULA 1 ROLEX MAGYAR NAGYDÍJ,1073,practice_2,https://www.formula1.com/en/results.html/2021/races/1073/hungary/practice-2.html,14,7,RAI,Kimi Räikkönen,Alfa Romeo Racing Ferrari,21,1:19.277,+2.265s
2021,FORMULA 1 ROLEX MAGYAR NAGYDÍJ,1073,practice_2,https://www.formula1.com/en/results.html/2021/races/1073/hungary/practice-2.html,15,63,RUS,George Russell,Williams Mercedes,29,1:19.292,+2.280s
2021,FORMULA 1 ROLEX MAGYAR NAGYDÍJ,1073,practice_2,https://www.formula1.com/en/results.html/2021/races/1073/hungary/practice-2.html,16,6,LAT,Nicholas Latifi,Williams Mercedes,30,1:19.479,+2.467s
2021,FORMULA 1 ROLEX MAGYAR NAGYDÍJ,1073,practice_2,https://www.formula1.com/en/results.html/2021/races/1073/hungary/practice-2.html,17,22,TSU,Yuki Tsunoda,AlphaTauri Honda,3,1:19.671,+2.659s
2021,FORMULA 1 ROLEX MAGYAR NAGYDÍJ,1073,practice_2,https://www.formula1.com/en/results.html/2021/races/1073/hungary/practice-2.html,18,47,MSC,Mick Schumacher,Haas Ferrari,29,1:19.817,+2.805s
2021,FORMULA 1 ROLEX MAGYAR NAGYDÍJ,1073,practice_2,https://www.formula1.com/en/results.html/2021/races/1073/hungary/practice-2.html,19,99,GIO,Antonio Giovinazzi,Alfa Romeo Racing Ferrari,28,1:20.186,+3.174s
2021,FORMULA 1 ROLEX MAGYAR NAGYDÍJ,1073,practice_2,https://www.formula1.com/en/results.html/2021/races/1073/hungary/practice-2.html,20,9,MAZ,Nikita Mazepin,Haas Ferrari,28,1:21.881,+4.869s
2021,FORMULA 1 ROLEX BELGIAN,1074,practice_2,https://www.formula1.com/en/results.html/2021/races/1074/belgium/practice-2.html,1,33,VER,Max Verstappen,Red Bull Racing Honda,12,1:44.472,
2021,FORMULA 1 ROLEX BELGIAN,1074,practice_2,https://www.formula1.com/en/results.html/2021/races/1074/belgium/practice-2.html,2,77,BOT,Valtteri Bottas,Mercedes,14,1:44.513,+0.041s
2021,FORMULA 1 ROLEX BELGIAN,1074,practice_2,https://www.formula1.com/en/results.html/2021/races/1074/belgium/practice-2.html,3,44,HAM,Lewis Hamilton,Mercedes,13,1:44.544,+0.072s
2021,FORMULA 1 ROLEX BELGIAN,1074,practice_2,https://www.formula1.com/en/results.html/2021/races/1074/belgium/practice-2.html,4,14,ALO,Fernando Alonso,Alpine Renault,15,1:44.953,+0.481s
2021,FORMULA 1 ROLEX BELGIAN,1074,practice_2,https://www.formula1.com/en/results.html/2021/races/1074/belgium/practice-2.html,5,10,GAS,Pierre Gasly,AlphaTauri Honda,17,1:44.965,+0.493s
2021,FORMULA 1 ROLEX BELGIAN,1074,practice_2,https://www.formula1.com/en/results.html/2021/races/1074/belgium/practice-2.html,6,18,STR,Lance Stroll,Aston Martin Mercedes,14,1:45.180,+0.708s
2021,FORMULA 1 ROLEX BELGIAN,1074,practice_2,https://www.formula1.com/en/results.html/2021/races/1074/belgium/practice-2.html,7,31,OCO,Esteban Ocon,Alpine Renault,15,1:45.302,+0.830s
2021,FORMULA 1 ROLEX BELGIAN,1074,practice_2,https://www.formula1.com/en/results.html/2021/races/1074/belgium/practice-2.html,8,5,VET,Sebastian Vettel,Aston Martin Mercedes,16,1:45.336,+0.864s
2021,FORMULA 1 ROLEX BELGIAN,1074,practice_2,https://www.formula1.com/en/results.html/2021/races/1074/belgium/practice-2.html,9,4,NOR,Lando Norris,McLaren Mercedes,18,1:45.386,+0.914s
2021,FORMULA 1 ROLEX BELGIAN,1074,practice_2,https://www.formula1.com/en/results.html/2021/races/1074/belgium/practice-2.html,10,11,PER,Sergio Perez,Red Bull Racing Honda,13,1:45.404,+0.932s
2021,FORMULA 1 ROLEX BELGIAN,1074,practice_2,https://www.formula1.com/en/results.html/2021/races/1074/belgium/practice-2.html,11,55,SAI,Carlos Sainz,Ferrari,14,1:45.517,+1.045s
2021,FORMULA 1 ROLEX BELGIAN,1074,practice_2,https://www.formula1.com/en/results.html/2021/races/1074/belgium/practice-2.html,12,22,TSU,Yuki Tsunoda,AlphaTauri Honda,17,1:45.758,+1.286s
2021,FORMULA 1 ROLEX BELGIAN,1074,practice_2,https://www.formula1.com/en/results.html/2021/races/1074/belgium/practice-2.html,13,99,GIO,Antonio Giovinazzi,Alfa Romeo Racing Ferrari,16,1:45.789,+1.317s
2021,FORMULA 1 ROLEX BELGIAN,1074,practice_2,https://www.formula1.com/en/results.html/2021/races/1074/belgium/practice-2.html,14,7,RAI,Kimi Räikkönen,Alfa Romeo Racing Ferrari,18,1:45.967,+1.495s
2021,FORMULA 1 ROLEX BELGIAN,1074,practice_2,https://www.formula1.com/en/results.html/2021/races/1074/belgium/practice-2.html,15,3,RIC,Daniel Ricciardo,McLaren Mercedes,14,1:46.118,+1.646s
2021,FORMULA 1 ROLEX BELGIAN,1074,practice_2,https://www.formula1.com/en/results.html/2021/races/1074/belgium/practice-2.html,16,6,LAT,Nicholas Latifi,Williams Mercedes,17,1:46.198,+1.726s
2021,FORMULA 1 ROLEX BELGIAN,1074,practice_2,https://www.formula1.com/en/results.html/2021/races/1074/belgium/practice-2.html,17,63,RUS,George Russell,Williams Mercedes,14,1:46.665,+2.193s
2021,FORMULA 1 ROLEX BELGIAN,1074,practice_2,https://www.formula1.com/en/results.html/2021/races/1074/belgium/practice-2.html,18,16,LEC,Charles Leclerc,Ferrari,13,1:46.836,+2.364s
2021,FORMULA 1 ROLEX BELGIAN,1074,practice_2,https://www.formula1.com/en/results.html/2021/races/1074/belgium/practice-2.html,19,9,MAZ,Nikita Mazepin,Haas Ferrari,14,1:47.335,+2.863s
2021,FORMULA 1 ROLEX BELGIAN,1074,practice_2,https://www.formula1.com/en/results.html/2021/races/1074/belgium/practice-2.html,20,47,MSC,Mick Schumacher,Haas Ferrari,15,1:47.529,+3.057s
2021,FORMULA 1 HEINEKEN DUTCH,1075,practice_2,https://www.formula1.com/en/results.html/2021/races/1075/netherlands/practice-2.html,1,16,LEC,Charles Leclerc,Ferrari,29,1:10.902,
2021,FORMULA 1 HEINEKEN DUTCH,1075,practice_2,https://www.formula1.com/en/results.html/2021/races/1075/netherlands/practice-2.html,2,55,SAI,Carlos Sainz,Ferrari,28,1:11.056,+0.154s
2021,FORMULA 1 HEINEKEN DUTCH,1075,practice_2,https://www.formula1.com/en/results.html/2021/races/1075/netherlands/practice-2.html,3,31,OCO,Esteban Ocon,Alpine Renault,33,1:11.074,+0.172s
2021,FORMULA 1 HEINEKEN DUTCH,1075,practice_2,https://www.formula1.com/en/results.html/2021/races/1075/netherlands/practice-2.html,4,77,BOT,Valtteri Bottas,Mercedes,33,1:11.132,+0.230s
2021,FORMULA 1 HEINEKEN DUTCH,1075,practice_2,https://www.formula1.com/en/results.html/2021/races/1075/netherlands/practice-2.html,5,33,VER,Max Verstappen,Red Bull Racing Honda,28,1:11.264,+0.362s
2021,FORMULA 1 HEINEKEN DUTCH,1075,practice_2,https://www.formula1.com/en/results.html/2021/races/1075/netherlands/practice-2.html,6,14,ALO,Fernando Alonso,Alpine Renault,30,1:11.280,+0.378s
2021,FORMULA 1 HEINEKEN DUTCH,1075,practice_2,https://www.formula1.com/en/results.html/2021/races/1075/netherlands/practice-2.html,7,10,GAS,Pierre Gasly,AlphaTauri Honda,29,1:11.462,+0.560s
2021,FORMULA 1 HEINEKEN DUTCH,1075,practice_2,https://www.formula1.com/en/results.html/2021/races/1075/netherlands/practice-2.html,8,4,NOR,Lando Norris,McLaren Mercedes,27,1:11.488,+0.586s
2021,FORMULA 1 HEINEKEN DUTCH,1075,practice_2,https://www.formula1.com/en/results.html/2021/races/1075/netherlands/practice-2.html,9,99,GIO,Antonio Giovinazzi,Alfa Romeo Racing Ferrari,30,1:11.678,+0.776s
2021,FORMULA 1 HEINEKEN DUTCH,1075,practice_2,https://www.formula1.com/en/results.html/2021/races/1075/netherlands/practice-2.html,10,5,VET,Sebastian Vettel,Aston Martin Mercedes,24,1:11.713,+0.811s
2021,FORMULA 1 HEINEKEN DUTCH,1075,practice_2,https://www.formula1.com/en/results.html/2021/races/1075/netherlands/practice-2.html,11,44,HAM,Lewis Hamilton,Mercedes,3,1:11.911,+1.009s
2021,FORMULA 1 HEINEKEN DUTCH,1075,practice_2,https://www.formula1.com/en/results.html/2021/races/1075/netherlands/practice-2.html,12,11,PER,Sergio Perez,Red Bull Racing Honda,27,1:11.946,+1.044s
2021,FORMULA 1 HEINEKEN DUTCH,1075,practice_2,https://www.formula1.com/en/results.html/2021/races/1075/netherlands/practice-2.html,13,22,TSU,Yuki Tsunoda,AlphaTauri Honda,31,1:12.096,+1.194s
2021,FORMULA 1 HEINEKEN DUTCH,1075,practice_2,https://www.formula1.com/en/results.html/2021/races/1075/netherlands/practice-2.html,14,18,STR,Lance Stroll,Aston Martin Mercedes,29,1:12.136,+1.234s
2021,FORMULA 1 HEINEKEN DUTCH,1075,practice_2,https://www.formula1.com/en/results.html/2021/races/1075/netherlands/practice-2.html,15,3,RIC,Daniel Ricciardo,McLaren Mercedes,25,1:12.157,+1.255s
2021,FORMULA 1 HEINEKEN DUTCH,1075,practice_2,https://www.formula1.com/en/results.html/2021/races/1075/netherlands/practice-2.html,16,7,RAI,Kimi Räikkönen,Alfa Romeo Racing Ferrari,31,1:12.206,+1.304s
2021,FORMULA 1 HEINEKEN DUTCH,1075,practice_2,https://www.formula1.com/en/results.html/2021/races/1075/netherlands/practice-2.html,17,47,MSC,Mick Schumacher,Haas Ferrari,31,1:12.607,+1.705s
2021,FORMULA 1 HEINEKEN DUTCH,1075,practice_2,https://www.formula1.com/en/results.html/2021/races/1075/netherlands/practice-2.html,18,6,LAT,Nicholas Latifi,Williams Mercedes,27,1:12.610,+1.708s
2021,FORMULA 1 HEINEKEN DUTCH,1075,practice_2,https://www.formula1.com/en/results.html/2021/races/1075/netherlands/practice-2.html,19,9,MAZ,Nikita Mazepin,Haas Ferrari,12,1:12.835,+1.933s
2021,FORMULA 1 HEINEKEN DUTCH,1075,practice_2,https://www.formula1.com/en/results.html/2021/races/1075/netherlands/practice-2.html,20,63,RUS,George Russell,Williams Mercedes,30,1:12.855,+1.953s
2021,ITALIA,1076,practice_2,https://www.formula1.com/en/results.html/2021/races/1076/italy/practice-2.html,1,44,HAM,Lewis Hamilton,Mercedes,25,1:23.246,
2021,ITALIA,1076,practice_2,https://www.formula1.com/en/results.html/2021/races/1076/italy/practice-2.html,2,77,BOT,Valtteri Bottas,Mercedes,24,1:23.468,+0.222s
2021,ITALIA,1076,practice_2,https://www.formula1.com/en/results.html/2021/races/1076/italy/practice-2.html,3,33,VER,Max Verstappen,Red Bull Racing Honda,23,1:23.662,+0.416s
2021,ITALIA,1076,practice_2,https://www.formula1.com/en/results.html/2021/races/1076/italy/practice-2.html,4,11,PER,Sergio Perez,Red Bull Racing Honda,29,1:23.917,+0.671s
2021,ITALIA,1076,practice_2,https://www.formula1.com/en/results.html/2021/races/1076/italy/practice-2.html,5,31,OCO,Esteban Ocon,Alpine Renault,20,1:24.263,+1.017s
2021,ITALIA,1076,practice_2,https://www.formula1.com/en/results.html/2021/races/1076/italy/practice-2.html,6,88,KUB,Robert Kubica,Alfa Romeo Racing Ferrari,28,1:24.280,+1.034s
2021,ITALIA,1076,practice_2,https://www.formula1.com/en/results.html/2021/races/1076/italy/practice-2.html,7,99,GIO,Antonio Giovinazzi,Alfa Romeo Racing Ferrari,26,1:24.502,+1.256s
2021,ITALIA,1076,practice_2,https://www.formula1.com/en/results.html/2021/races/1076/italy/practice-2.html,8,14,ALO,Fernando Alonso,Alpine Renault,16,1:24.539,+1.293s
2021,ITALIA,1076,practice_2,https://www.formula1.com/en/results.html/2021/races/1076/italy/practice-2.html,9,10,GAS,Pierre Gasly,AlphaTauri Honda,24,1:24.654,+1.408s
2021,ITALIA,1076,practice_2,https://www.formula1.com/en/results.html/2021/races/1076/italy/practice-2.html,10,4,NOR,Lando Norris,McLaren Mercedes,27,1:24.665,+1.419s
2021,ITALIA,1076,practice_2,https://www.formula1.com/en/results.html/2021/races/1076/italy/practice-2.html,11,16,LEC,Charles Leclerc,Ferrari,21,1:24.770,+1.524s
2021,ITALIA,1076,practice_2,https://www.formula1.com/en/results.html/2021/races/1076/italy/practice-2.html,12,3,RIC,Daniel Ricciardo,McLaren Mercedes,24,1:24.774,+1.528s
2021,ITALIA,1076,practice_2,https://www.formula1.com/en/results.html/2021/races/1076/italy/practice-2.html,13,6,LAT,Nicholas Latifi,Williams Mercedes,23,1:24.805,+1.559s
2021,ITALIA,1076,practice_2,https://www.formula1.com/en/results.html/2021/races/1076/italy/practice-2.html,14,63,RUS,George Russell,Williams Mercedes,22,1:25.083,+1.837s
2021,ITALIA,1076,practice_2,https://www.formula1.com/en/results.html/2021/races/1076/italy/practice-2.html,15,22,TSU,Yuki Tsunoda,AlphaTauri Honda,32,1:25.422,+2.176s
2021,ITALIA,1076,practice_2,https://www.formula1.com/en/results.html/2021/races/1076/italy/practice-2.html,16,9,MAZ,Nikita Mazepin,Haas Ferrari,23,1:25.729,+2.483s
2021,ITALIA,1076,practice_2,https://www.formula1.com/en/results.html/2021/races/1076/italy/practice-2.html,17,18,STR,Lance Stroll,Aston Martin Mercedes,28,1:25.763,+2.517s
2021,ITALIA,1076,practice_2,https://www.formula1.com/en/results.html/2021/races/1076/italy/practice-2.html,18,5,VET,Sebastian Vettel,Aston Martin Mercedes,28,1:25.935,+2.689s
2021,ITALIA,1076,practice_2,https://www.formula1.com/en/results.html/2021/races/1076/italy/practice-2.html,19,47,MSC,Mick Schumacher,Haas Ferrari,25,1:26.012,+2.766s
2021,ITALIA,1076,practice_2,https://www.formula1.com/en/results.html/2021/races/1076/italy/practice-2.html,20,55,SAI,Carlos Sainz,Ferrari,14,1:26.124,+2.878s
2021,FORMULA 1 VTB RUSSIAN,1077,practice_2,https://www.formula1.com/en/results.html/2021/races/1077/russia/practice-2.html,1,77,BOT,Valtteri Bottas,Mercedes,19,1:33.593,
2021,FORMULA 1 VTB RUSSIAN,1077,practice_2,https://www.formula1.com/en/results.html/2021/races/1077/russia/practice-2.html,2,44,HAM,Lewis Hamilton,Mercedes,22,1:33.637,+0.044s
2021,FORMULA 1 VTB RUSSIAN,1077,practice_2,https://www.formula1.com/en/results.html/2021/races/1077/russia/practice-2.html,3,10,GAS,Pierre Gasly,AlphaTauri Honda,22,1:33.845,+0.252s
2021,FORMULA 1 VTB RUSSIAN,1077,practice_2,https://www.formula1.com/en/results.html/2021/races/1077/russia/practice-2.html,4,4,NOR,Lando Norris,McLaren Mercedes,17,1:34.154,+0.561s
2021,FORMULA 1 VTB RUSSIAN,1077,practice_2,https://www.formula1.com/en/results.html/2021/races/1077/russia/practice-2.html,5,31,OCO,Esteban Ocon,Alpine Renault,23,1:34.402,+0.809s
2021,FORMULA 1 VTB RUSSIAN,1077,practice_2,https://www.formula1.com/en/results.html/2021/races/1077/russia/practice-2.html,6,33,VER,Max Verstappen,Red Bull Racing Honda,20,1:34.621,+1.028s
2021,FORMULA 1 VTB RUSSIAN,1077,practice_2,https://www.formula1.com/en/results.html/2021/races/1077/russia/practice-2.html,7,55,SAI,Carlos Sainz,Ferrari,22,1:34.678,+1.085s
2021,FORMULA 1 VTB RUSSIAN,1077,practice_2,https://www.formula1.com/en/results.html/2021/races/1077/russia/practice-2.html,8,14,ALO,Fernando Alonso,Alpine Renault,21,1:34.762,+1.169s
2021,FORMULA 1 VTB RUSSIAN,1077,practice_2,https://www.formula1.com/en/results.html/2021/races/1077/russia/practice-2.html,9,5,VET,Sebastian Vettel,Aston Martin Mercedes,22,1:34.837,+1.244s
2021,FORMULA 1 VTB RUSSIAN,1077,practice_2,https://www.formula1.com/en/results.html/2021/races/1077/russia/practice-2.html,10,16,LEC,Charles Leclerc,Ferrari,24,1:34.925,+1.332s
2021,FORMULA 1 VTB RUSSIAN,1077,practice_2,https://www.formula1.com/en/results.html/2021/races/1077/russia/practice-2.html,11,11,PER,Sergio Perez,Red Bull Racing Honda,22,1:34.938,+1.345s
2021,FORMULA 1 VTB RUSSIAN,1077,practice_2,https://www.formula1.com/en/results.html/2021/races/1077/russia/practice-2.html,12,7,RAI,Kimi Räikkönen,Alfa Romeo Racing Ferrari,23,1:35.052,+1.459s
2021,FORMULA 1 VTB RUSSIAN,1077,practice_2,https://www.formula1.com/en/results.html/2021/races/1077/russia/practice-2.html,13,63,RUS,George Russell,Williams Mercedes,19,1:35.094,+1.501s
2021,FORMULA 1 VTB RUSSIAN,1077,practice_2,https://www.formula1.com/en/results.html/2021/races/1077/russia/practice-2.html,14,99,GIO,Antonio Giovinazzi,Alfa Romeo Racing Ferrari,14,1:35.178,+1.585s
2021,FORMULA 1 VTB RUSSIAN,1077,practice_2,https://www.formula1.com/en/results.html/2021/races/1077/russia/practice-2.html,15,18,STR,Lance Stroll,Aston Martin Mercedes,21,1:35.334,+1.741s
2021,FORMULA 1 VTB RUSSIAN,1077,practice_2,https://www.formula1.com/en/results.html/2021/races/1077/russia/practice-2.html,16,6,LAT,Nicholas Latifi,Williams Mercedes,19,1:35.411,+1.818s
2021,FORMULA 1 VTB RUSSIAN,1077,practice_2,https://www.formula1.com/en/results.html/2021/races/1077/russia/practice-2.html,17,3,RIC,Daniel Ricciardo,McLaren Mercedes,12,1:35.630,+2.037s
2021,FORMULA 1 VTB RUSSIAN,1077,practice_2,https://www.formula1.com/en/results.html/2021/races/1077/russia/practice-2.html,18,22,TSU,Yuki Tsunoda,AlphaTauri Honda,23,1:35.954,+2.361s
2021,FORMULA 1 VTB RUSSIAN,1077,practice_2,https://www.formula1.com/en/results.html/2021/races/1077/russia/practice-2.html,19,9,MAZ,Nikita Mazepin,Haas Ferrari,19,1:36.099,+2.506s
2021,FORMULA 1 VTB RUSSIAN,1077,practice_2,https://www.formula1.com/en/results.html/2021/races/1077/russia/practice-2.html,20,47,MSC,Mick Schumacher,Haas Ferrari,20,1:36.230,+2.637s
2021,FORMULA 1 ROLEX TURKISH,1078,practice_2,https://www.formula1.com/en/results.html/2021/races/1078/turkey/practice-2.html,1,44,HAM,Lewis Hamilton,Mercedes,30,1:23.804,
2021,FORMULA 1 ROLEX TURKISH,1078,practice_2,https://www.formula1.com/en/results.html/2021/races/1078/turkey/practice-2.html,2,16,LEC,Charles Leclerc,Ferrari,29,1:23.970,+0.166s
2021,FORMULA 1 ROLEX TURKISH,1078,practice_2,https://www.formula1.com/en/results.html/2021/races/1078/turkey/practice-2.html,3,77,BOT,Valtteri Bottas,Mercedes,31,1:24.214,+0.410s
2021,FORMULA 1 ROLEX TURKISH,1078,practice_2,https://www.formula1.com/en/results.html/2021/races/1078/turkey/practice-2.html,4,11,PER,Sergio Perez,Red Bull Racing Honda,28,1:24.373,+0.569s
2021,FORMULA 1 ROLEX TURKISH,1078,practice_2,https://www.formula1.com/en/results.html/2021/races/1078/turkey/practice-2.html,5,33,VER,Max Verstappen,Red Bull Racing Honda,27,1:24.439,+0.635s
2021,FORMULA 1 ROLEX TURKISH,1078,practice_2,https://www.formula1.com/en/results.html/2021/races/1078/turkey/practice-2.html,6,4,NOR,Lando Norris,McLaren Mercedes,24,1:24.525,+0.721s
2021,FORMULA 1 ROLEX TURKISH,1078,practice_2,https://www.formula1.com/en/results.html/2021/races/1078/turkey/practice-2.html,7,14,ALO,Fernando Alonso,Alpine Renault,21,1:24.660,+0.856s
2021,FORMULA 1 ROLEX TURKISH,1078,practice_2,https://www.formula1.com/en/results.html/2021/races/1078/turkey/practice-2.html,8,31,OCO,Esteban Ocon,Alpine Renault,26,1:24.672,+0.868s
2021,FORMULA 1 ROLEX TURKISH,1078,practice_2,https://www.formula1.com/en/results.html/2021/races/1078/turkey/practice-2.html,9,10,GAS,Pierre Gasly,AlphaTauri Honda,32,1:24.756,+0.952s
2021,FORMULA 1 ROLEX TURKISH,1078,practice_2,https://www.formula1.com/en/results.html/2021/races/1078/turkey/practice-2.html,10,99,GIO,Antonio Giovinazzi,Alfa Romeo Racing Ferrari,29,1:24.796,+0.992s
2021,FORMULA 1 ROLEX TURKISH,1078,practice_2,https://www.formula1.com/en/results.html/2021/races/1078/turkey/practice-2.html,11,22,TSU,Yuki Tsunoda,AlphaTauri Honda,30,1:24.882,+1.078s
2021,FORMULA 1 ROLEX TURKISH,1078,practice_2,https://www.formula1.com/en/results.html/2021/races/1078/turkey/practice-2.html,12,55,SAI,Carlos Sainz,Ferrari,34,1:24.903,+1.099s
2021,FORMULA 1 ROLEX TURKISH,1078,practice_2,https://www.formula1.com/en/results.html/2021/races/1078/turkey/practice-2.html,13,18,STR,Lance Stroll,Aston Martin Mercedes,31,1:25.020,+1.216s
2021,FORMULA 1 ROLEX TURKISH,1078,practice_2,https://www.formula1.com/en/results.html/2021/races/1078/turkey/practice-2.html,14,3,RIC,Daniel Ricciardo,McLaren Mercedes,23,1:25.060,+1.256s
2021,FORMULA 1 ROLEX TURKISH,1078,practice_2,https://www.formula1.com/en/results.html/2021/races/1078/turkey/practice-2.html,15,7,RAI,Kimi Räikkönen,Alfa Romeo Racing Ferrari,27,1:25.143,+1.339s
2021,FORMULA 1 ROLEX TURKISH,1078,practice_2,https://www.formula1.com/en/results.html/2021/races/1078/turkey/practice-2.html,16,5,VET,Sebastian Vettel,Aston Martin Mercedes,30,1:25.229,+1.425s
2021,FORMULA 1 ROLEX TURKISH,1078,practice_2,https://www.formula1.com/en/results.html/2021/races/1078/turkey/practice-2.html,17,6,LAT,Nicholas Latifi,Williams Mercedes,30,1:25.307,+1.503s
2021,FORMULA 1 ROLEX TURKISH,1078,practice_2,https://www.formula1.com/en/results.html/2021/races/1078/turkey/practice-2.html,18,63,RUS,George Russell,Williams Mercedes,29,1:25.358,+1.554s
2021,FORMULA 1 ROLEX TURKISH,1078,practice_2,https://www.formula1.com/en/results.html/2021/races/1078/turkey/practice-2.html,19,47,MSC,Mick Schumacher,Haas Ferrari,26,1:25.480,+1.676s
2021,FORMULA 1 ROLEX TURKISH,1078,practice_2,https://www.formula1.com/en/results.html/2021/races/1078/turkey/practice-2.html,20,9,MAZ,Nikita Mazepin,Haas Ferrari,25,1:25.698,+1.894s
2021,FORMULA 1 ARAMCO GRAN PREMIO DE ESPAÑA,1086,practice_2,https://www.formula1.com/en/results.html/2021/races/1086/spain/practice-2.html,1,44,HAM,Lewis Hamilton,Mercedes,32,1:18.170,
2021,FORMULA 1 ARAMCO GRAN PREMIO DE ESPAÑA,1086,practice_2,https://www.formula1.com/en/results.html/2021/races/1086/spain/practice-2.html,2,77,BOT,Valtteri Bottas,Mercedes,31,1:18.309,+0.139s
2021,FORMULA 1 ARAMCO GRAN PREMIO DE ESPAÑA,1086,practice_2,https://www.formula1.com/en/results.html/2021/races/1086/spain/practice-2.html,3,16,LEC,Charles Leclerc,Ferrari,28,1:18.335,+0.165s
2021,FORMULA 1 ARAMCO GRAN PREMIO DE ESPAÑA,1086,practice_2,https://www.formula1.com/en/results.html/2021/races/1086/spain/practice-2.html,4,31,OCO,Esteban Ocon,Alpine Renault,29,1:18.466,+0.296s
2021,FORMULA 1 ARAMCO GRAN PREMIO DE ESPAÑA,1086,practice_2,https://www.formula1.com/en/results.html/2021/races/1086/spain/practice-2.html,5,14,ALO,Fernando Alonso,Alpine Renault,30,1:18.518,+0.348s
2021,FORMULA 1 ARAMCO GRAN PREMIO DE ESPAÑA,1086,practice_2,https://www.formula1.com/en/results.html/2021/races/1086/spain/practice-2.html,6,10,GAS,Pierre Gasly,AlphaTauri Honda,32,1:18.593,+0.423s
2021,FORMULA 1 ARAMCO GRAN PREMIO DE ESPAÑA,1086,practice_2,https://www.formula1.com/en/results.html/2021/races/1086/spain/practice-2.html,7,22,TSU,Yuki Tsunoda,AlphaTauri Honda,30,1:18.619,+0.449s
2021,FORMULA 1 ARAMCO GRAN PREMIO DE ESPAÑA,1086,practice_2,https://www.formula1.com/en/results.html/2021/races/1086/spain/practice-2.html,8,55,SAI,Carlos Sainz,Ferrari,30,1:18.674,+0.504s
2021,FORMULA 1 ARAMCO GRAN PREMIO DE ESPAÑA,1086,practice_2,https://www.formula1.com/en/results.html/2021/races/1086/spain/practice-2.html,9,33,VER,Max Verstappen,Red Bull Racing Honda,26,1:18.785,+0.615s
2021,FORMULA 1 ARAMCO GRAN PREMIO DE ESPAÑA,1086,practice_2,https://www.formula1.com/en/results.html/2021/races/1086/spain/practice-2.html,10,11,PER,Sergio Perez,Red Bull Racing Honda,23,1:18.918,+0.748s
2021,FORMULA 1 ARAMCO GRAN PREMIO DE ESPAÑA,1086,practice_2,https://www.formula1.com/en/results.html/2021/races/1086/spain/practice-2.html,11,5,VET,Sebastian Vettel,Aston Martin Mercedes,30,1:18.947,+0.777s
2021,FORMULA 1 ARAMCO GRAN PREMIO DE ESPAÑA,1086,practice_2,https://www.formula1.com/en/results.html/2021/races/1086/spain/practice-2.html,12,4,NOR,Lando Norris,McLaren Mercedes,28,1:19.092,+0.922s
2021,FORMULA 1 ARAMCO GRAN PREMIO DE ESPAÑA,1086,practice_2,https://www.formula1.com/en/results.html/2021/races/1086/spain/practice-2.html,13,99,GIO,Antonio Giovinazzi,Alfa Romeo Racing Ferrari,29,1:19.122,+0.952s
2021,FORMULA 1 ARAMCO GRAN PREMIO DE ESPAÑA,1086,practice_2,https://www.formula1.com/en/results.html/2021/races/1086/spain/practice-2.html,14,18,STR,Lance Stroll,Aston Martin Mercedes,29,1:19.134,+0.964s
2021,FORMULA 1 ARAMCO GRAN PREMIO DE ESPAÑA,1086,practice_2,https://www.formula1.com/en/results.html/2021/races/1086/spain/practice-2.html,15,3,RIC,Daniel Ricciardo,McLaren Mercedes,28,1:19.195,+1.025s
2021,FORMULA 1 ARAMCO GRAN PREMIO DE ESPAÑA,1086,practice_2,https://www.formula1.com/en/results.html/2021/races/1086/spain/practice-2.html,16,7,RAI,Kimi Räikkönen,Alfa Romeo Racing Ferrari,30,1:19.213,+1.043s
2021,FORMULA 1 ARAMCO GRAN PREMIO DE ESPAÑA,1086,practice_2,https://www.formula1.com/en/results.html/2021/races/1086/spain/practice-2.html,17,63,RUS,George Russell,Williams Mercedes,29,1:19.957,+1.787s
2021,FORMULA 1 ARAMCO GRAN PREMIO DE ESPAÑA,1086,practice_2,https://www.formula1.com/en/results.html/2021/races/1086/spain/practice-2.html,18,6,LAT,Nicholas Latifi,Williams Mercedes,26,1:20.046,+1.876s
2021,FORMULA 1 ARAMCO GRAN PREMIO DE ESPAÑA,1086,practice_2,https://www.formula1.com/en/results.html/2021/races/1086/spain/practice-2.html,19,47,MSC,Mick Schumacher,Haas Ferrari,30,1:20.326,+2.156s
2021,FORMULA 1 ARAMCO GRAN PREMIO DE ESPAÑA,1086,practice_2,https://www.formula1.com/en/results.html/2021/races/1086/spain/practice-2.html,20,9,MAZ,Nikita Mazepin,Haas Ferrari,27,1:20.753,+2.583s
2021,FORMULA 1 BWT GROSSER PREIS DER STEIERMARK,1092,practice_2,https://www.formula1.com/en/results.html/2021/races/1092/styria/practice-2.html,1,33,VER,Max Verstappen,Red Bull Racing Honda,37,1:05.412,
2021,FORMULA 1 BWT GROSSER PREIS DER STEIERMARK,1092,practice_2,https://www.formula1.com/en/results.html/2021/races/1092/styria/practice-2.html,2,3,RIC,Daniel Ricciardo,McLaren Mercedes,35,1:05.748,+0.336s
2021,FORMULA 1 BWT GROSSER PREIS DER STEIERMARK,1092,practice_2,https://www.formula1.com/en/results.html/2021/races/1092/styria/practice-2.html,3,31,OCO,Esteban Ocon,Alpine Renault,35,1:05.790,+0.378s
2021,FORMULA 1 BWT GROSSER PREIS DER STEIERMARK,1092,practice_2,https://www.formula1.com/en/results.html/2021/races/1092/styria/practice-2.html,4,44,HAM,Lewis Hamilton,Mercedes,35,1:05.796,+0.384s
2021,FORMULA 1 BWT GROSSER PREIS DER STEIERMARK,1092,practice_2,https://www.formula1.com/en/results.html/2021/races/1092/styria/practice-2.html,5,14,ALO,Fernando Alonso,Alpine Renault,39,1:05.827,+0.415s
2021,FORMULA 1 BWT GROSSER PREIS DER STEIERMARK,1092,practice_2,https://www.formula1.com/en/results.html/2021/races/1092/styria/practice-2.html,6,5,VET,Sebastian Vettel,Aston Martin Mercedes,38,1:05.934,+0.522s
2021,FORMULA 1 BWT GROSSER PREIS DER STEIERMARK,1092,practice_2,https://www.formula1.com/en/results.html/2021/races/1092/styria/practice-2.html,7,4,NOR,Lando Norris,McLaren Mercedes,39,1:05.994,+0.582s
2021,FORMULA 1 BWT GROSSER PREIS DER STEIERMARK,1092,practice_2,https://www.formula1.com/en/results.html/2021/races/1092/styria/practice-2.html,8,18,STR,Lance Stroll,Aston Martin Mercedes,36,1:06.079,+0.667s
2021,FORMULA 1 BWT GROSSER PREIS DER STEIERMARK,1092,practice_2,https://www.formula1.com/en/results.html/2021/races/1092/styria/practice-2.html,9,11,PER,Sergio Perez,Red Bull Racing Honda,36,1:06.089,+0.677s
2021,FORMULA 1 BWT GROSSER PREIS DER STEIERMARK,1092,practice_2,https://www.formula1.com/en/results.html/2021/races/1092/styria/practice-2.html,10,99,GIO,Antonio Giovinazzi,Alfa Romeo Racing Ferrari,37,1:06.145,+0.733s
2021,FORMULA 1 BWT GROSSER PREIS DER STEIERMARK,1092,practice_2,https://www.formula1.com/en/results.html/2021/races/1092/styria/practice-2.html,11,55,SAI,Carlos Sainz,Ferrari,39,1:06.147,+0.735s
2021,FORMULA 1 BWT GROSSER PREIS DER STEIERMARK,1092,practice_2,https://www.formula1.com/en/results.html/2021/races/1092/styria/practice-2.html,12,77,BOT,Valtteri Bottas,Mercedes,32,1:06.251,+0.839s
2021,FORMULA 1 BWT GROSSER PREIS DER STEIERMARK,1092,practice_2,https://www.formula1.com/en/results.html/2021/races/1092/styria/practice-2.html,13,16,LEC,Charles Leclerc,Ferrari,39,1:06.270,+0.858s
2021,FORMULA 1 BWT GROSSER PREIS DER STEIERMARK,1092,practice_2,https://www.formula1.com/en/results.html/2021/races/1092/styria/practice-2.html,14,7,RAI,Kimi Räikkönen,Alfa Romeo Racing Ferrari,41,1:06.297,+0.885s
2021,FORMULA 1 BWT GROSSER PREIS DER STEIERMARK,1092,practice_2,https://www.formula1.com/en/results.html/2021/races/1092/styria/practice-2.html,15,22,TSU,Yuki Tsunoda,AlphaTauri Honda,39,1:06.451,+1.039s
2021,FORMULA 1 BWT GROSSER PREIS DER STEIERMARK,1092,practice_2,https://www.formula1.com/en/results.html/2021/races/1092/styria/practice-2.html,16,63,RUS,George Russell,Williams Mercedes,39,1:06.628,+1.216s
2021,FORMULA 1 BWT GROSSER PREIS DER STEIERMARK,1092,practice_2,https://www.formula1.com/en/results.html/2021/races/1092/styria/practice-2.html,17,47,MSC,Mick Schumacher,Haas Ferrari,29,1:06.886,+1.474s
2021,FORMULA 1 BWT GROSSER PREIS DER STEIERMARK,1092,practice_2,https://www.formula1.com/en/results.html/2021/races/1092/styria/practice-2.html,18,9,MAZ,Nikita Mazepin,Haas Ferrari,30,1:07.404,+1.992s
2021,FORMULA 1 BWT GROSSER PREIS DER STEIERMARK,1092,practice_2,https://www.formula1.com/en/results.html/2021/races/1092/styria/practice-2.html,19,6,LAT,Nicholas Latifi,Williams Mercedes,32,1:07.669,+2.257s
2021,FORMULA 1 ARAMCO UNITED STATES,1102,practice_2,https://www.formula1.com/en/results.html/2021/races/1102/united-states/practice-2.html,1,11,PER,Sergio Perez,Red Bull Racing Honda,24,1:34.946,
2021,FORMULA 1 ARAMCO UNITED STATES,1102,practice_2,https://www.formula1.com/en/results.html/2021/races/1102/united-states/practice-2.html,2,4,NOR,Lando Norris,McLaren Mercedes,20,1:35.203,+0.257s
2021,FORMULA 1 ARAMCO UNITED STATES,1102,practice_2,https://www.formula1.com/en/results.html/2021/races/1102/united-states/practice-2.html,3,44,HAM,Lewis Hamilton,Mercedes,22,1:35.310,+0.364s
2021,FORMULA 1 ARAMCO UNITED STATES,1102,practice_2,https://www.formula1.com/en/results.html/2021/races/1102/united-states/practice-2.html,4,77,BOT,Valtteri Bottas,Mercedes,24,1:35.360,+0.414s
2021,FORMULA 1 ARAMCO UNITED STATES,1102,practice_2,https://www.formula1.com/en/results.html/2021/races/1102/united-states/practice-2.html,5,3,RIC,Daniel Ricciardo,McLaren Mercedes,21,1:35.457,+0.511s
2021,FORMULA 1 ARAMCO UNITED STATES,1102,practice_2,https://www.formula1.com/en/results.html/2021/races/1102/united-states/practice-2.html,6,18,STR,Lance Stroll,Aston Martin Mercedes,25,1:35.561,+0.615s
2021,FORMULA 1 ARAMCO UNITED STATES,1102,practice_2,https://www.formula1.com/en/results.html/2021/races/1102/united-states/practice-2.html,7,16,LEC,Charles Leclerc,Ferrari,23,1:35.572,+0.626s
2021,FORMULA 1 ARAMCO UNITED STATES,1102,practice_2,https://www.formula1.com/en/results.html/2021/races/1102/united-states/practice-2.html,8,33,VER,Max Verstappen,Red Bull Racing Honda,23,1:35.824,+0.878s
2021,FORMULA 1 ARAMCO UNITED STATES,1102,practice_2,https://www.formula1.com/en/results.html/2021/races/1102/united-states/practice-2.html,9,55,SAI,Carlos Sainz,Ferrari,24,1:35.919,+0.973s
2021,FORMULA 1 ARAMCO UNITED STATES,1102,practice_2,https://www.formula1.com/en/results.html/2021/races/1102/united-states/practice-2.html,10,99,GIO,Antonio Giovinazzi,Alfa Romeo Racing Ferrari,26,1:36.138,+1.192s
2021,FORMULA 1 ARAMCO UNITED STATES,1102,practice_2,https://www.formula1.com/en/results.html/2021/races/1102/united-states/practice-2.html,11,31,OCO,Esteban Ocon,Alpine Renault,23,1:36.158,+1.212s
2021,FORMULA 1 ARAMCO UNITED STATES,1102,practice_2,https://www.formula1.com/en/results.html/2021/races/1102/united-states/practice-2.html,12,10,GAS,Pierre Gasly,AlphaTauri Honda,25,1:36.242,+1.296s
2021,FORMULA 1 ARAMCO UNITED STATES,1102,practice_2,https://www.formula1.com/en/results.html/2021/races/1102/united-states/practice-2.html,13,14,ALO,Fernando Alonso,Alpine Renault,18,1:36.376,+1.430s
2021,FORMULA 1 ARAMCO UNITED STATES,1102,practice_2,https://www.formula1.com/en/results.html/2021/races/1102/united-states/practice-2.html,14,7,RAI,Kimi Räikkönen,Alfa Romeo Racing Ferrari,25,1:36.558,+1.612s
2021,FORMULA 1 ARAMCO UNITED STATES,1102,practice_2,https://www.formula1.com/en/results.html/2021/races/1102/united-states/practice-2.html,15,5,VET,Sebastian Vettel,Aston Martin Mercedes,30,1:36.718,+1.772s
2021,FORMULA 1 ARAMCO UNITED STATES,1102,practice_2,https://www.formula1.com/en/results.html/2021/races/1102/united-states/practice-2.html,16,22,TSU,Yuki Tsunoda,AlphaTauri Honda,24,1:36.983,+2.037s
2021,FORMULA 1 ARAMCO UNITED STATES,1102,practice_2,https://www.formula1.com/en/results.html/2021/races/1102/united-states/practice-2.html,17,47,MSC,Mick Schumacher,Haas Ferrari,24,1:37.041,+2.095s
2021,FORMULA 1 ARAMCO UNITED STATES,1102,practice_2,https://www.formula1.com/en/results.html/2021/races/1102/united-states/practice-2.html,18,6,LAT,Nicholas Latifi,Williams Mercedes,26,1:37.254,+2.308s
2021,FORMULA 1 ARAMCO UNITED STATES,1102,practice_2,https://www.formula1.com/en/results.html/2021/races/1102/united-states/practice-2.html,19,63,RUS,George Russell,Williams Mercedes,21,1:37.490,+2.544s
2021,FORMULA 1 ARAMCO UNITED STATES,1102,practice_2,https://www.formula1.com/en/results.html/2021/races/1102/united-states/practice-2.html,20,9,MAZ,Nikita Mazepin,Haas Ferrari,23,1:38.026,+3.080s
2021,FORMULA 1 GRAN PREMIO DE LA CIUDAD DE MÉXICO,1103,practice_2,https://www.formula1.com/en/results.html/2021/races/1103/mexico/practice-2.html,1,33,VER,Max Verstappen,Red Bull Racing Honda,28,1:17.301,
2021,FORMULA 1 GRAN PREMIO DE LA CIUDAD DE MÉXICO,1103,practice_2,https://www.formula1.com/en/results.html/2021/races/1103/mexico/practice-2.html,2,77,BOT,Valtteri Bottas,Mercedes,31,1:17.725,+0.424s
2021,FORMULA 1 GRAN PREMIO DE LA CIUDAD DE MÉXICO,1103,practice_2,https://www.formula1.com/en/results.html/2021/races/1103/mexico/practice-2.html,3,44,HAM,Lewis Hamilton,Mercedes,26,1:17.810,+0.509s
2021,FORMULA 1 GRAN PREMIO DE LA CIUDAD DE MÉXICO,1103,practice_2,https://www.formula1.com/en/results.html/2021/races/1103/mexico/practice-2.html,4,11,PER,Sergio Perez,Red Bull Racing Honda,26,1:17.871,+0.570s
2021,FORMULA 1 GRAN PREMIO DE LA CIUDAD DE MÉXICO,1103,practice_2,https://www.formula1.com/en/results.html/2021/races/1103/mexico/practice-2.html,5,55,SAI,Carlos Sainz,Ferrari,29,1:18.318,+1.017s
2021,FORMULA 1 GRAN PREMIO DE LA CIUDAD DE MÉXICO,1103,practice_2,https://www.formula1.com/en/results.html/2021/races/1103/mexico/practice-2.html,6,10,GAS,Pierre Gasly,AlphaTauri Honda,29,1:18.429,+1.128s
2021,FORMULA 1 GRAN PREMIO DE LA CIUDAD DE MÉXICO,1103,practice_2,https://www.formula1.com/en/results.html/2021/races/1103/mexico/practice-2.html,7,16,LEC,Charles Leclerc,Ferrari,28,1:18.605,+1.304s
2021,FORMULA 1 GRAN PREMIO DE LA CIUDAD DE MÉXICO,1103,practice_2,https://www.formula1.com/en/results.html/2021/races/1103/mexico/practice-2.html,8,22,TSU,Yuki Tsunoda,AlphaTauri Honda,31,1:18.644,+1.343s
2021,FORMULA 1 GRAN PREMIO DE LA CIUDAD DE MÉXICO,1103,practice_2,https://www.formula1.com/en/results.html/2021/races/1103/mexico/practice-2.html,9,5,VET,Sebastian Vettel,Aston Martin Mercedes,32,1:18.681,+1.380s
2021,FORMULA 1 GRAN PREMIO DE LA CIUDAD DE MÉXICO,1103,practice_2,https://www.formula1.com/en/results.html/2021/races/1103/mexico/practice-2.html,10,14,ALO,Fernando Alonso,Alpine Renault,27,1:18.732,+1.431s
2021,FORMULA 1 GRAN PREMIO DE LA CIUDAD DE MÉXICO,1103,practice_2,https://www.formula1.com/en/results.html/2021/races/1103/mexico/practice-2.html,11,7,RAI,Kimi Räikkönen,Alfa Romeo Racing Ferrari,25,1:18.841,+1.540s
2021,FORMULA 1 GRAN PREMIO DE LA CIUDAD DE MÉXICO,1103,practice_2,https://www.formula1.com/en/results.html/2021/races/1103/mexico/practice-2.html,12,4,NOR,Lando Norris,McLaren Mercedes,27,1:18.979,+1.678s
2021,FORMULA 1 GRAN PREMIO DE LA CIUDAD DE MÉXICO,1103,practice_2,https://www.formula1.com/en/results.html/2021/races/1103/mexico/practice-2.html,13,99,GIO,Antonio Giovinazzi,Alfa Romeo Racing Ferrari,31,1:19.227,+1.926s
2021,FORMULA 1 GRAN PREMIO DE LA CIUDAD DE MÉXICO,1103,practice_2,https://www.formula1.com/en/results.html/2021/races/1103/mexico/practice-2.html,14,31,OCO,Esteban Ocon,Alpine Renault,37,1:19.431,+2.130s
2021,FORMULA 1 GRAN PREMIO DE LA CIUDAD DE MÉXICO,1103,practice_2,https://www.formula1.com/en/results.html/2021/races/1103/mexico/practice-2.html,15,3,RIC,Daniel Ricciardo,McLaren Mercedes,7,1:19.521,+2.220s
2021,FORMULA 1 GRAN PREMIO DE LA CIUDAD DE MÉXICO,1103,practice_2,https://www.formula1.com/en/results.html/2021/races/1103/mexico/practice-2.html,16,47,MSC,Mick Schumacher,Haas Ferrari,30,1:19.620,+2.319s
2021,FORMULA 1 GRAN PREMIO DE LA CIUDAD DE MÉXICO,1103,practice_2,https://www.formula1.com/en/results.html/2021/races/1103/mexico/practice-2.html,17,18,STR,Lance Stroll,Aston Martin Mercedes,36,1:19.730,+2.429s
2021,FORMULA 1 GRAN PREMIO DE LA CIUDAD DE MÉXICO,1103,practice_2,https://www.formula1.com/en/results.html/2021/races/1103/mexico/practice-2.html,18,6,LAT,Nicholas Latifi,Williams Mercedes,17,1:20.820,+3.519s
2021,FORMULA 1 GRAN PREMIO DE LA CIUDAD DE MÉXICO,1103,practice_2,https://www.formula1.com/en/results.html/2021/races/1103/mexico/practice-2.html,19,9,MAZ,Nikita Mazepin,Haas Ferrari,28,1:21.581,+4.280s
2021,FORMULA 1 GRAN PREMIO DE LA CIUDAD DE MÉXICO,1103,practice_2,https://www.formula1.com/en/results.html/2021/races/1103/mexico/practice-2.html,20,63,RUS,George Russell,Williams Mercedes,2,,
2021,FORMULA 1 HEINEKEN GRANDE PRÊMIO DE SÃO PAULO,1104,practice_2,https://www.formula1.com/en/results.html/2021/races/1104/brazil/practice-2.html,1,14,ALO,Fernando Alonso,Alpine Renault,23,1:11.238,
2021,FORMULA 1 HEINEKEN GRANDE PRÊMIO DE SÃO PAULO,1104,practice_2,https://www.formula1.com/en/results.html/2021/races/1104/brazil/practice-2.html,2,33,VER,Max Verstappen,Red Bull Racing Honda,26,1:12.102,+0.864s
2021,FORMULA 1 HEINEKEN GRANDE PRÊMIO DE SÃO PAULO,1104,practice_2,https://www.formula1.com/en/results.html/2021/races/1104/brazil/practice-2.html,3,77,BOT,Valtteri Bottas,Mercedes,24,1:12.355,+1.117s
2021,FORMULA 1 HEINEKEN GRANDE PRÊMIO DE SÃO PAULO,1104,practice_2,https://www.formula1.com/en/results.html/2021/races/1104/brazil/practice-2.html,4,31,OCO,Esteban Ocon,Alpine Renault,26,1:12.407,+1.169s
2021,FORMULA 1 HEINEKEN GRANDE PRÊMIO DE SÃO PAULO,1104,practice_2,https://www.formula1.com/en/results.html/2021/races/1104/brazil/practice-2.html,5,44,HAM,Lewis Hamilton,Mercedes,25,1:12.741,+1.503s
2021,FORMULA 1 HEINEKEN GRANDE PRÊMIO DE SÃO PAULO,1104,practice_2,https://www.formula1.com/en/results.html/2021/races/1104/brazil/practice-2.html,6,11,PER,Sergio Perez,Red Bull Racing Honda,29,1:12.903,+1.665s
2021,FORMULA 1 HEINEKEN GRANDE PRÊMIO DE SÃO PAULO,1104,practice_2,https://www.formula1.com/en/results.html/2021/races/1104/brazil/practice-2.html,7,99,GIO,Antonio Giovinazzi,Alfa Romeo Racing Ferrari,37,1:12.997,+1.759s
2021,FORMULA 1 HEINEKEN GRANDE PRÊMIO DE SÃO PAULO,1104,practice_2,https://www.formula1.com/en/results.html/2021/races/1104/brazil/practice-2.html,8,55,SAI,Carlos Sainz,Ferrari,31,1:13.078,+1.840s
2021,FORMULA 1 HEINEKEN GRANDE PRÊMIO DE SÃO PAULO,1104,practice_2,https://www.formula1.com/en/results.html/2021/races/1104/brazil/practice-2.html,9,16,LEC,Charles Leclerc,Ferrari,33,1:13.099,+1.861s
2021,FORMULA 1 HEINEKEN GRANDE PRÊMIO DE SÃO PAULO,1104,practice_2,https://www.formula1.com/en/results.html/2021/races/1104/brazil/practice-2.html,10,7,RAI,Kimi Räikkönen,Alfa Romeo Racing Ferrari,39,1:13.355,+2.117s
2021,FORMULA 1 HEINEKEN GRANDE PRÊMIO DE SÃO PAULO,1104,practice_2,https://www.formula1.com/en/results.html/2021/races/1104/brazil/practice-2.html,11,18,STR,Lance Stroll,Aston Martin Mercedes,41,1:13.426,+2.188s
2021,FORMULA 1 HEINEKEN GRANDE PRÊMIO DE SÃO PAULO,1104,practice_2,https://www.formula1.com/en/results.html/2021/races/1104/brazil/practice-2.html,12,3,RIC,Daniel Ricciardo,McLaren Mercedes,25,1:13.448,+2.210s
2021,FORMULA 1 HEINEKEN GRANDE PRÊMIO DE SÃO PAULO,1104,practice_2,https://www.formula1.com/en/results.html/2021/races/1104/brazil/practice-2.html,13,4,NOR,Lando Norris,McLaren Mercedes,23,1:13.581,+2.343s
2021,FORMULA 1 HEINEKEN GRANDE PRÊMIO DE SÃO PAULO,1104,practice_2,https://www.formula1.com/en/results.html/2021/races/1104/brazil/practice-2.html,14,10,GAS,Pierre Gasly,AlphaTauri Honda,32,1:13.608,+2.370s
2021,FORMULA 1 HEINEKEN GRANDE PRÊMIO DE SÃO PAULO,1104,practice_2,https://www.formula1.com/en/results.html/2021/races/1104/brazil/practice-2.html,15,63,RUS,George Russell,Williams Mercedes,24,1:13.615,+2.377s
2021,FORMULA 1 HEINEKEN GRANDE PRÊMIO DE SÃO PAULO,1104,practice_2,https://www.formula1.com/en/results.html/2021/races/1104/brazil/practice-2.html,16,22,TSU,Yuki Tsunoda,AlphaTauri Honda,38,1:13.726,+2.488s
2021,FORMULA 1 HEINEKEN GRANDE PRÊMIO DE SÃO PAULO,1104,practice_2,https://www.formula1.com/en/results.html/2021/races/1104/brazil/practice-2.html,17,5,VET,Sebastian Vettel,Aston Martin Mercedes,42,1:13.747,+2.509s
2021,FORMULA 1 HEINEKEN GRANDE PRÊMIO DE SÃO PAULO,1104,practice_2,https://www.formula1.com/en/results.html/2021/races/1104/brazil/practice-2.html,18,6,LAT,Nicholas Latifi,Williams Mercedes,24,1:14.025,+2.787s
2021,FORMULA 1 HEINEKEN GRANDE PRÊMIO DE SÃO PAULO,1104,practice_2,https://www.formula1.com/en/results.html/2021/races/1104/brazil/practice-2.html,19,47,MSC,Mick Schumacher,Haas Ferrari,40,1:14.066,+2.828s
2021,FORMULA 1 HEINEKEN GRANDE PRÊMIO DE SÃO PAULO,1104,practice_2,https://www.formula1.com/en/results.html/2021/races/1104/brazil/practice-2.html,20,9,MAZ,Nikita Mazepin,Haas Ferrari,37,1:14.909,+3.671s
2021,FORMULA 1 OOREDOO QATAR,1105,practice_2,https://www.formula1.com/en/results.html/2021/races/1105/qatar/practice-2.html,1,77,BOT,Valtteri Bottas,Mercedes,27,1:23.148,
2021,FORMULA 1 OOREDOO QATAR,1105,practice_2,https://www.formula1.com/en/results.html/2021/races/1105/qatar/practice-2.html,2,10,GAS,Pierre Gasly,AlphaTauri Honda,27,1:23.357,+0.209s
2021,FORMULA 1 OOREDOO QATAR,1105,practice_2,https://www.formula1.com/en/results.html/2021/races/1105/qatar/practice-2.html,3,33,VER,Max Verstappen,Red Bull Racing Honda,20,1:23.498,+0.350s
2021,FORMULA 1 OOREDOO QATAR,1105,practice_2,https://www.formula1.com/en/results.html/2021/races/1105/qatar/practice-2.html,4,44,HAM,Lewis Hamilton,Mercedes,25,1:23.570,+0.422s
2021,FORMULA 1 OOREDOO QATAR,1105,practice_2,https://www.formula1.com/en/results.html/2021/races/1105/qatar/practice-2.html,5,4,NOR,Lando Norris,McLaren Mercedes,24,1:23.632,+0.484s
2021,FORMULA 1 OOREDOO QATAR,1105,practice_2,https://www.formula1.com/en/results.html/2021/races/1105/qatar/practice-2.html,6,18,STR,Lance Stroll,Aston Martin Mercedes,26,1:23.705,+0.557s
2021,FORMULA 1 OOREDOO QATAR,1105,practice_2,https://www.formula1.com/en/results.html/2021/races/1105/qatar/practice-2.html,7,22,TSU,Yuki Tsunoda,AlphaTauri Honda,28,1:23.735,+0.587s
2021,FORMULA 1 OOREDOO QATAR,1105,practice_2,https://www.formula1.com/en/results.html/2021/races/1105/qatar/practice-2.html,8,11,PER,Sergio Perez,Red Bull Racing Honda,20,1:23.787,+0.639s
2021,FORMULA 1 OOREDOO QATAR,1105,practice_2,https://www.formula1.com/en/results.html/2021/races/1105/qatar/practice-2.html,9,5,VET,Sebastian Vettel,Aston Martin Mercedes,27,1:24.020,+0.872s
2021,FORMULA 1 OOREDOO QATAR,1105,practice_2,https://www.formula1.com/en/results.html/2021/races/1105/qatar/practice-2.html,10,55,SAI,Carlos Sainz,Ferrari,28,1:24.033,+0.885s
2021,FORMULA 1 OOREDOO QATAR,1105,practice_2,https://www.formula1.com/en/results.html/2021/races/1105/qatar/practice-2.html,11,31,OCO,Esteban Ocon,Alpine Renault,29,1:24.041,+0.893s
2021,FORMULA 1 OOREDOO QATAR,1105,practice_2,https://www.formula1.com/en/results.html/2021/races/1105/qatar/practice-2.html,12,14,ALO,Fernando Alonso,Alpine Renault,25,1:24.056,+0.908s
2021,FORMULA 1 OOREDOO QATAR,1105,practice_2,https://www.formula1.com/en/results.html/2021/races/1105/qatar/practice-2.html,13,16,LEC,Charles Leclerc,Ferrari,23,1:24.095,+0.947s
2021,FORMULA 1 OOREDOO QATAR,1105,practice_2,https://www.formula1.com/en/results.html/2021/races/1105/qatar/practice-2.html,14,3,RIC,Daniel Ricciardo,McLaren Mercedes,24,1:24.135,+0.987s
2021,FORMULA 1 OOREDOO QATAR,1105,practice_2,https://www.formula1.com/en/results.html/2021/races/1105/qatar/practice-2.html,15,7,RAI,Kimi Räikkönen,Alfa Romeo Racing Ferrari,26,1:24.631,+1.483s
2021,FORMULA 1 OOREDOO QATAR,1105,practice_2,https://www.formula1.com/en/results.html/2021/races/1105/qatar/practice-2.html,16,63,RUS,George Russell,Williams Mercedes,27,1:24.954,+1.806s
2021,FORMULA 1 OOREDOO QATAR,1105,practice_2,https://www.formula1.com/en/results.html/2021/races/1105/qatar/practice-2.html,17,99,GIO,Antonio Giovinazzi,Alfa Romeo Racing Ferrari,23,1:25.072,+1.924s
2021,FORMULA 1 OOREDOO QATAR,1105,practice_2,https://www.formula1.com/en/results.html/2021/races/1105/qatar/practice-2.html,18,6,LAT,Nicholas Latifi,Williams Mercedes,28,1:25.209,+2.061s
2021,FORMULA 1 OOREDOO QATAR,1105,practice_2,https://www.formula1.com/en/results.html/2021/races/1105/qatar/practice-2.html,19,47,MSC,Mick Schumacher,Haas Ferrari,27,1:25.575,+2.427s
2021,FORMULA 1 STC SAUDI ARABIAN,1106,practice_2,https://www.formula1.com/en/results.html/2021/races/1106/saudi-arabia/practice-2.html,1,44,HAM,Lewis Hamilton,Mercedes,22,1:29.018,
2021,FORMULA 1 STC SAUDI ARABIAN,1106,practice_2,https://www.formula1.com/en/results.html/2021/races/1106/saudi-arabia/practice-2.html,2,77,BOT,Valtteri Bottas,Mercedes,23,1:29.079,+0.061s
2021,FORMULA 1 STC SAUDI ARABIAN,1106,practice_2,https://www.formula1.com/en/results.html/2021/races/1106/saudi-arabia/practice-2.html,3,10,GAS,Pierre Gasly,AlphaTauri Honda,22,1:29.099,+0.081s
2021,FORMULA 1 STC SAUDI ARABIAN,1106,practice_2,https://www.formula1.com/en/results.html/2021/races/1106/saudi-arabia/practice-2.html,4,33,VER,Max Verstappen,Red Bull Racing Honda,20,1:29.213,+0.195s
2021,FORMULA 1 STC SAUDI ARABIAN,1106,practice_2,https://www.formula1.com/en/results.html/2021/races/1106/saudi-arabia/practice-2.html,5,14,ALO,Fernando Alonso,Alpine Renault,21,1:29.441,+0.423s
2021,FORMULA 1 STC SAUDI ARABIAN,1106,practice_2,https://www.formula1.com/en/results.html/2021/races/1106/saudi-arabia/practice-2.html,6,31,OCO,Esteban Ocon,Alpine Renault,22,1:29.555,+0.537s
2021,FORMULA 1 STC SAUDI ARABIAN,1106,practice_2,https://www.formula1.com/en/results.html/2021/races/1106/saudi-arabia/practice-2.html,7,55,SAI,Carlos Sainz,Ferrari,24,1:29.589,+0.571s
2021,FORMULA 1 STC SAUDI ARABIAN,1106,practice_2,https://www.formula1.com/en/results.html/2021/races/1106/saudi-arabia/practice-2.html,8,22,TSU,Yuki Tsunoda,AlphaTauri Honda,20,1:29.597,+0.579s
2021,FORMULA 1 STC SAUDI ARABIAN,1106,practice_2,https://www.formula1.com/en/results.html/2021/races/1106/saudi-arabia/practice-2.html,9,11,PER,Sergio Perez,Red Bull Racing Honda,22,1:29.768,+0.750s
2021,FORMULA 1 STC SAUDI ARABIAN,1106,practice_2,https://www.formula1.com/en/results.html/2021/races/1106/saudi-arabia/practice-2.html,10,16,LEC,Charles Leclerc,Ferrari,23,1:29.772,+0.754s
2021,FORMULA 1 STC SAUDI ARABIAN,1106,practice_2,https://www.formula1.com/en/results.html/2021/races/1106/saudi-arabia/practice-2.html,11,3,RIC,Daniel Ricciardo,McLaren Mercedes,22,1:29.968,+0.950s
2021,FORMULA 1 STC SAUDI ARABIAN,1106,practice_2,https://www.formula1.com/en/results.html/2021/races/1106/saudi-arabia/practice-2.html,12,4,NOR,Lando Norris,McLaren Mercedes,19,1:30.004,+0.986s
2021,FORMULA 1 STC SAUDI ARABIAN,1106,practice_2,https://www.formula1.com/en/results.html/2021/races/1106/saudi-arabia/practice-2.html,13,99,GIO,Antonio Giovinazzi,Alfa Romeo Racing Ferrari,23,1:30.110,+1.092s
2021,FORMULA 1 STC SAUDI ARABIAN,1106,practice_2,https://www.formula1.com/en/results.html/2021/races/1106/saudi-arabia/practice-2.html,14,7,RAI,Kimi Räikkönen,Alfa Romeo Racing Ferrari,24,1:30.276,+1.258s
2021,FORMULA 1 STC SAUDI ARABIAN,1106,practice_2,https://www.formula1.com/en/results.html/2021/races/1106/saudi-arabia/practice-2.html,15,18,STR,Lance Stroll,Aston Martin Mercedes,22,1:30.442,+1.424s
2021,FORMULA 1 STC SAUDI ARABIAN,1106,practice_2,https://www.formula1.com/en/results.html/2021/races/1106/saudi-arabia/practice-2.html,16,5,VET,Sebastian Vettel,Aston Martin Mercedes,22,1:30.502,+1.484s
2021,FORMULA 1 STC SAUDI ARABIAN,1106,practice_2,https://www.formula1.com/en/results.html/2021/races/1106/saudi-arabia/practice-2.html,17,63,RUS,George Russell,Williams Mercedes,24,1:30.506,+1.488s
2021,FORMULA 1 STC SAUDI ARABIAN,1106,practice_2,https://www.formula1.com/en/results.html/2021/races/1106/saudi-arabia/practice-2.html,18,47,MSC,Mick Schumacher,Haas Ferrari,20,1:30.652,+1.634s
2021,FORMULA 1 STC SAUDI ARABIAN,1106,practice_2,https://www.formula1.com/en/results.html/2021/races/1106/saudi-arabia/practice-2.html,19,6,LAT,Nicholas Latifi,Williams Mercedes,23,1:31.039,+2.021s
2021,FORMULA 1 STC SAUDI ARABIAN,1106,practice_2,https://www.formula1.com/en/results.html/2021/races/1106/saudi-arabia/practice-2.html,20,9,MAZ,Nikita Mazepin,Haas Ferrari,20,1:31.629,+2.611s
2021,FORMULA 1 ETIHAD AIRWAYS ABU DHABI,1107,practice_2,https://www.formula1.com/en/results.html/2021/races/1107/abu-dhabi/practice-2.html,1,44,HAM,Lewis Hamilton,Mercedes,26,1:23.691,
2021,FORMULA 1 ETIHAD AIRWAYS ABU DHABI,1107,practice_2,https://www.formula1.com/en/results.html/2021/races/1107/abu-dhabi/practice-2.html,2,31,OCO,Esteban Ocon,Alpine Renault,29,1:24.034,+0.343s
2021,FORMULA 1 ETIHAD AIRWAYS ABU DHABI,1107,practice_2,https://www.formula1.com/en/results.html/2021/races/1107/abu-dhabi/practice-2.html,3,77,BOT,Valtteri Bottas,Mercedes,29,1:24.083,+0.392s
2021,FORMULA 1 ETIHAD AIRWAYS ABU DHABI,1107,practice_2,https://www.formula1.com/en/results.html/2021/races/1107/abu-dhabi/practice-2.html,4,33,VER,Max Verstappen,Red Bull Racing Honda,25,1:24.332,+0.641s
2021,FORMULA 1 ETIHAD AIRWAYS ABU DHABI,1107,practice_2,https://www.formula1.com/en/results.html/2021/races/1107/abu-dhabi/practice-2.html,5,11,PER,Sergio Perez,Red Bull Racing Honda,26,1:24.400,+0.709s
2021,FORMULA 1 ETIHAD AIRWAYS ABU DHABI,1107,practice_2,https://www.formula1.com/en/results.html/2021/races/1107/abu-dhabi/practice-2.html,6,14,ALO,Fernando Alonso,Alpine Renault,27,1:24.495,+0.804s
2021,FORMULA 1 ETIHAD AIRWAYS ABU DHABI,1107,practice_2,https://www.formula1.com/en/results.html/2021/races/1107/abu-dhabi/practice-2.html,7,22,TSU,Yuki Tsunoda,AlphaTauri Honda,26,1:24.532,+0.841s
2021,FORMULA 1 ETIHAD AIRWAYS ABU DHABI,1107,practice_2,https://www.formula1.com/en/results.html/2021/races/1107/abu-dhabi/practice-2.html,8,16,LEC,Charles Leclerc,Ferrari,29,1:24.557,+0.866s
2021,FORMULA 1 ETIHAD AIRWAYS ABU DHABI,1107,practice_2,https://www.formula1.com/en/results.html/2021/races/1107/abu-dhabi/practice-2.html,9,55,SAI,Carlos Sainz,Ferrari,29,1:24.844,+1.153s
2021,FORMULA 1 ETIHAD AIRWAYS ABU DHABI,1107,practice_2,https://www.formula1.com/en/results.html/2021/races/1107/abu-dhabi/practice-2.html,10,10,GAS,Pierre Gasly,AlphaTauri Honda,27,1:24.940,+1.249s
2021,FORMULA 1 ETIHAD AIRWAYS ABU DHABI,1107,practice_2,https://www.formula1.com/en/results.html/2021/races/1107/abu-dhabi/practice-2.html,11,3,RIC,Daniel Ricciardo,McLaren Mercedes,26,1:24.959,+1.268s
2021,FORMULA 1 ETIHAD AIRWAYS ABU DHABI,1107,practice_2,https://www.formula1.com/en/results.html/2021/races/1107/abu-dhabi/practice-2.html,12,99,GIO,Antonio Giovinazzi,Alfa Romeo Racing Ferrari,27,1:25.108,+1.417s
2021,FORMULA 1 ETIHAD AIRWAYS ABU DHABI,1107,practice_2,https://www.formula1.com/en/results.html/2021/races/1107/abu-dhabi/practice-2.html,13,4,NOR,Lando Norris,McLaren Mercedes,27,1:25.153,+1.462s
2021,FORMULA 1 ETIHAD AIRWAYS ABU DHABI,1107,practice_2,https://www.formula1.com/en/results.html/2021/races/1107/abu-dhabi/practice-2.html,14,5,VET,Sebastian Vettel,Aston Martin Mercedes,27,1:25.195,+1.504s
2021,FORMULA 1 ETIHAD AIRWAYS ABU DHABI,1107,practice_2,https://www.formula1.com/en/results.html/2021/races/1107/abu-dhabi/practice-2.html,15,18,STR,Lance Stroll,Aston Martin Mercedes,26,1:25.385,+1.694s
2021,FORMULA 1 ETIHAD AIRWAYS ABU DHABI,1107,practice_2,https://www.formula1.com/en/results.html/2021/races/1107/abu-dhabi/practice-2.html,16,7,RAI,Kimi Räikkönen,Alfa Romeo Racing Ferrari,23,1:25.440,+1.749s
2021,FORMULA 1 ETIHAD AIRWAYS ABU DHABI,1107,practice_2,https://www.formula1.com/en/results.html/2021/races/1107/abu-dhabi/practice-2.html,17,63,RUS,George Russell,Williams Mercedes,29,1:25.549,+1.858s
2021,FORMULA 1 ETIHAD AIRWAYS ABU DHABI,1107,practice_2,https://www.formula1.com/en/results.html/2021/races/1107/abu-dhabi/practice-2.html,18,6,LAT,Nicholas Latifi,Williams Mercedes,22,1:25.687,+1.996s
2021,FORMULA 1 ETIHAD AIRWAYS ABU DHABI,1107,practice_2,https://www.formula1.com/en/results.html/2021/races/1107/abu-dhabi/practice-2.html,19,47,MSC,Mick Schumacher,Haas Ferrari,27,1:25.784,+2.093s
2021,FORMULA 1 ETIHAD AIRWAYS ABU DHABI,1107,practice_2,https://www.formula1.com/en/results.html/2021/races/1107/abu-dhabi/practice-2.html,20,9,MAZ,Nikita Mazepin,Haas Ferrari,26,1:26.336,+2.645s
