year,race_name,race_id,result_type,url,position,driver_number,driver_code,driver_name,team,laps,q1_time,q2_time,q3_time
2024,FORMULA 1 GULF AIR BAHRAIN,1229,qualifying,https://www.formula1.com/en/results.html/2024/races/1229/bahrain/qualifying.html,1,1,VER,Max Verstappen,Red Bull Racing Honda RBPT,17,1:30.031,1:29.374,1:29.179
2024,FORMULA 1 GULF AIR BAHRAIN,1229,qualifying,https://www.formula1.com/en/results.html/2024/races/1229/bahrain/qualifying.html,2,16,LEC,Charles Leclerc,Ferrari,19,1:30.243,1:29.165,1:29.407
2024,FORMULA 1 GULF AIR BAHRAIN,1229,qualifying,https://www.formula1.com/en/results.html/2024/races/1229/bahrain/qualifying.html,3,63,RUS,George Russell,Mercedes,17,1:30.350,1:29.922,1:29.485
2024,FORMULA 1 GULF AIR BAHRAIN,1229,qualifying,https://www.formula1.com/en/results.html/2024/races/1229/bahrain/qualifying.html,4,55,SAI,Carlos Sainz,Ferrari,18,1:29.909,1:29.573,1:29.507
2024,FORMULA 1 GULF AIR BAHRAIN,1229,qualifying,https://www.formula1.com/en/results.html/2024/races/1229/bahrain/qualifying.html,5,11,PER,Sergio Perez,Red Bull Racing Honda RBPT,17,1:30.221,1:29.932,1:29.537
2024,FORMULA 1 GULF AIR BAHRAIN,1229,qualifying,https://www.formula1.com/en/results.html/2024/races/1229/bahrain/qualifying.html,6,14,ALO,Fernando Alonso,Aston Martin Aramco Mercedes,14,1:30.179,1:29.801,1:29.542
2024,FORMULA 1 GULF AIR BAHRAIN,1229,qualifying,https://www.formula1.com/en/results.html/2024/races/1229/bahrain/qualifying.html,7,4,NOR,Lando Norris,McLaren Mercedes,15,1:30.143,1:29.941,1:29.614
2024,FORMULA 1 GULF AIR BAHRAIN,1229,qualifying,https://www.formula1.com/en/results.html/2024/races/1229/bahrain/qualifying.html,8,81,PIA,Oscar Piastri,McLaren Mercedes,18,1:30.531,1:30.122,1:29.683
2024,FORMULA 1 GULF AIR BAHRAIN,1229,qualifying,https://www.formula1.com/en/results.html/2024/races/1229/bahrain/qualifying.html,9,44,HAM,Lewis Hamilton,Mercedes,18,1:30.451,1:29.718,1:29.710
2024,FORMULA 1 GULF AIR BAHRAIN,1229,qualifying,https://www.formula1.com/en/results.html/2024/races/1229/bahrain/qualifying.html,10,27,HUL,Nico Hulkenberg,Haas Ferrari,18,1:30.566,1:29.851,1:30.502
2024,FORMULA 1 GULF AIR BAHRAIN,1229,qualifying,https://www.formula1.com/en/results.html/2024/races/1229/bahrain/qualifying.html,11,22,TSU,Yuki Tsunoda,RB Honda RBPT,12,1:30.481,1:30.129,
2024,FORMULA 1 GULF AIR BAHRAIN,1229,qualifying,https://www.formula1.com/en/results.html/2024/races/1229/bahrain/qualifying.html,12,18,STR,Lance Stroll,Aston Martin Aramco Mercedes,12,1:29.965,1:30.200,
2024,FORMULA 1 GULF AIR BAHRAIN,1229,qualifying,https://www.formula1.com/en/results.html/2024/races/1229/bahrain/qualifying.html,13,23,ALB,Alexander Albon,Williams Mercedes,12,1:30.397,1:30.221,
2024,FORMULA 1 GULF AIR BAHRAIN,1229,qualifying,https://www.formula1.com/en/results.html/2024/races/1229/bahrain/qualifying.html,14,3,RIC,Daniel Ricciardo,RB Honda RBPT,12,1:30.562,1:30.278,
2024,FORMULA 1 GULF AIR BAHRAIN,1229,qualifying,https://www.formula1.com/en/results.html/2024/races/1229/bahrain/qualifying.html,15,20,MAG,Kevin Magnussen,Haas Ferrari,12,1:30.646,1:30.529,
2024,FORMULA 1 GULF AIR BAHRAIN,1229,qualifying,https://www.formula1.com/en/results.html/2024/races/1229/bahrain/qualifying.html,16,77,BOT,Valtteri Bottas,Kick Sauber Ferrari,6,1:30.756,,
2024,FORMULA 1 GULF AIR BAHRAIN,1229,qualifying,https://www.formula1.com/en/results.html/2024/races/1229/bahrain/qualifying.html,17,24,ZHO,Zhou Guanyu,Kick Sauber Ferrari,6,1:30.757,,
2024,FORMULA 1 GULF AIR BAHRAIN,1229,qualifying,https://www.formula1.com/en/results.html/2024/races/1229/bahrain/qualifying.html,18,2,SAR,Logan Sargeant,Williams Mercedes,6,1:30.770,,
2024,FORMULA 1 GULF AIR BAHRAIN,1229,qualifying,https://www.formula1.com/en/results.html/2024/races/1229/bahrain/qualifying.html,19,31,OCO,Esteban Ocon,Alpine Renault,9,1:30.793,,
2024,FORMULA 1 GULF AIR BAHRAIN,1229,qualifying,https://www.formula1.com/en/results.html/2024/races/1229/bahrain/qualifying.html,20,10,GAS,Pierre Gasly,Alpine Renault,9,1:30.948,,
2024,FORMULA 1 STC SAUDI ARABIAN,1230,qualifying,https://www.formula1.com/en/results.html/2024/races/1230/saudi-arabia/qualifying.html,1,1,VER,Max Verstappen,Red Bull Racing Honda RBPT,18,1:28.171,1:28.033,1:27.472
2024,FORMULA 1 STC SAUDI ARABIAN,1230,qualifying,https://www.formula1.com/en/results.html/2024/races/1230/saudi-arabia/qualifying.html,2,16,LEC,Charles Leclerc,Ferrari,23,1:28.318,1:28.112,1:27.791
2024,FORMULA 1 STC SAUDI ARABIAN,1230,qualifying,https://www.formula1.com/en/results.html/2024/races/1230/saudi-arabia/qualifying.html,3,11,PER,Sergio Perez,Red Bull Racing Honda RBPT,19,1:28.638,1:28.467,1:27.807
2024,FORMULA 1 STC SAUDI ARABIAN,1230,qualifying,https://www.formula1.com/en/results.html/2024/races/1230/saudi-arabia/qualifying.html,4,14,ALO,Fernando Alonso,Aston Martin Aramco Mercedes,17,1:28.706,1:28.122,1:27.846
2024,FORMULA 1 STC SAUDI ARABIAN,1230,qualifying,https://www.formula1.com/en/results.html/2024/races/1230/saudi-arabia/qualifying.html,5,81,PIA,Oscar Piastri,McLaren Mercedes,22,1:28.755,1:28.343,1:28.089
2024,FORMULA 1 STC SAUDI ARABIAN,1230,qualifying,https://www.formula1.com/en/results.html/2024/races/1230/saudi-arabia/qualifying.html,6,4,NOR,Lando Norris,McLaren Mercedes,22,1:28.805,1:28.479,1:28.132
2024,FORMULA 1 STC SAUDI ARABIAN,1230,qualifying,https://www.formula1.com/en/results.html/2024/races/1230/saudi-arabia/qualifying.html,7,63,RUS,George Russell,Mercedes,22,1:28.749,1:28.448,1:28.316
2024,FORMULA 1 STC SAUDI ARABIAN,1230,qualifying,https://www.formula1.com/en/results.html/2024/races/1230/saudi-arabia/qualifying.html,8,44,HAM,Lewis Hamilton,Mercedes,24,1:28.994,1:28.606,1:28.460
2024,FORMULA 1 STC SAUDI ARABIAN,1230,qualifying,https://www.formula1.com/en/results.html/2024/races/1230/saudi-arabia/qualifying.html,9,22,TSU,Yuki Tsunoda,RB Honda RBPT,18,1:28.988,1:28.564,1:28.547
2024,FORMULA 1 STC SAUDI ARABIAN,1230,qualifying,https://www.formula1.com/en/results.html/2024/races/1230/saudi-arabia/qualifying.html,10,18,STR,Lance Stroll,Aston Martin Aramco Mercedes,19,1:28.250,1:28.578,1:28.572
2024,FORMULA 1 STC SAUDI ARABIAN,1230,qualifying,https://www.formula1.com/en/results.html/2024/races/1230/saudi-arabia/qualifying.html,11,38,BEA,Oliver Bearman,Ferrari,18,1:28.984,1:28.642,
2024,FORMULA 1 STC SAUDI ARABIAN,1230,qualifying,https://www.formula1.com/en/results.html/2024/races/1230/saudi-arabia/qualifying.html,12,23,ALB,Alexander Albon,Williams Mercedes,16,1:29.107,1:28.980,
2024,FORMULA 1 STC SAUDI ARABIAN,1230,qualifying,https://www.formula1.com/en/results.html/2024/races/1230/saudi-arabia/qualifying.html,13,20,MAG,Kevin Magnussen,Haas Ferrari,17,1:29.069,1:29.020,
2024,FORMULA 1 STC SAUDI ARABIAN,1230,qualifying,https://www.formula1.com/en/results.html/2024/races/1230/saudi-arabia/qualifying.html,14,3,RIC,Daniel Ricciardo,RB Honda RBPT,12,1:29.065,1:29.025,
2024,FORMULA 1 STC SAUDI ARABIAN,1230,qualifying,https://www.formula1.com/en/results.html/2024/races/1230/saudi-arabia/qualifying.html,15,27,HUL,Nico Hulkenberg,Haas Ferrari,10,1:29.055,DNF,
2024,FORMULA 1 STC SAUDI ARABIAN,1230,qualifying,https://www.formula1.com/en/results.html/2024/races/1230/saudi-arabia/qualifying.html,16,77,BOT,Valtteri Bottas,Kick Sauber Ferrari,9,1:29.179,,
2024,FORMULA 1 STC SAUDI ARABIAN,1230,qualifying,https://www.formula1.com/en/results.html/2024/races/1230/saudi-arabia/qualifying.html,17,31,OCO,Esteban Ocon,Alpine Renault,10,1:29.475,,
2024,FORMULA 1 STC SAUDI ARABIAN,1230,qualifying,https://www.formula1.com/en/results.html/2024/races/1230/saudi-arabia/qualifying.html,18,10,GAS,Pierre Gasly,Alpine Renault,9,1:29.479,,
2024,FORMULA 1 STC SAUDI ARABIAN,1230,qualifying,https://www.formula1.com/en/results.html/2024/races/1230/saudi-arabia/qualifying.html,19,2,SAR,Logan Sargeant,Williams Mercedes,9,1:29.526,,
2024,FORMULA 1 STC SAUDI ARABIAN,1230,qualifying,https://www.formula1.com/en/results.html/2024/races/1230/saudi-arabia/qualifying.html,NC,24,ZHO,Zhou Guanyu,Kick Sauber Ferrari,2,DNF,,
2024,FORMULA 1 ROLEX AUSTRALIAN,1231,qualifying,https://www.formula1.com/en/results.html/2024/races/1231/australia/qualifying.html,1,1,VER,Max Verstappen,Red Bull Racing Honda RBPT,21,1:16.819,1:16.387,1:15.915
2024,FORMULA 1 ROLEX AUSTRALIAN,1231,qualifying,https://www.formula1.com/en/results.html/2024/races/1231/australia/qualifying.html,2,55,SAI,Carlos Sainz,Ferrari,18,1:16.731,1:16.189,1:16.185
2024,FORMULA 1 ROLEX AUSTRALIAN,1231,qualifying,https://www.formula1.com/en/results.html/2024/races/1231/australia/qualifying.html,3,11,PER,Sergio Perez,Red Bull Racing Honda RBPT,22,1:16.805,1:16.631,1:16.274
2024,FORMULA 1 ROLEX AUSTRALIAN,1231,qualifying,https://www.formula1.com/en/results.html/2024/races/1231/australia/qualifying.html,4,4,NOR,Lando Norris,McLaren Mercedes,19,1:17.430,1:16.750,1:16.315
2024,FORMULA 1 ROLEX AUSTRALIAN,1231,qualifying,https://www.formula1.com/en/results.html/2024/races/1231/australia/qualifying.html,5,16,LEC,Charles Leclerc,Ferrari,20,1:16.984,1:16.304,1:16.435
2024,FORMULA 1 ROLEX AUSTRALIAN,1231,qualifying,https://www.formula1.com/en/results.html/2024/races/1231/australia/qualifying.html,6,81,PIA,Oscar Piastri,McLaren Mercedes,18,1:17.369,1:16.601,1:16.572
2024,FORMULA 1 ROLEX AUSTRALIAN,1231,qualifying,https://www.formula1.com/en/results.html/2024/races/1231/australia/qualifying.html,7,63,RUS,George Russell,Mercedes,23,1:17.062,1:16.901,1:16.724
2024,FORMULA 1 ROLEX AUSTRALIAN,1231,qualifying,https://www.formula1.com/en/results.html/2024/races/1231/australia/qualifying.html,8,22,TSU,Yuki Tsunoda,RB Honda RBPT,18,1:17.356,1:16.791,1:16.788
2024,FORMULA 1 ROLEX AUSTRALIAN,1231,qualifying,https://www.formula1.com/en/results.html/2024/races/1231/australia/qualifying.html,9,18,STR,Lance Stroll,Aston Martin Aramco Mercedes,23,1:17.376,1:16.780,1:17.072
2024,FORMULA 1 ROLEX AUSTRALIAN,1231,qualifying,https://www.formula1.com/en/results.html/2024/races/1231/australia/qualifying.html,10,14,ALO,Fernando Alonso,Aston Martin Aramco Mercedes,21,1:16.991,1:16.710,1:17.552
2024,FORMULA 1 ROLEX AUSTRALIAN,1231,qualifying,https://www.formula1.com/en/results.html/2024/races/1231/australia/qualifying.html,11,44,HAM,Lewis Hamilton,Mercedes,15,1:17.499,1:16.960,
2024,FORMULA 1 ROLEX AUSTRALIAN,1231,qualifying,https://www.formula1.com/en/results.html/2024/races/1231/australia/qualifying.html,12,23,ALB,Alexander Albon,Williams Mercedes,15,1:17.130,1:17.167,
2024,FORMULA 1 ROLEX AUSTRALIAN,1231,qualifying,https://www.formula1.com/en/results.html/2024/races/1231/australia/qualifying.html,13,77,BOT,Valtteri Bottas,Kick Sauber Ferrari,15,1:17.543,1:17.340,
2024,FORMULA 1 ROLEX AUSTRALIAN,1231,qualifying,https://www.formula1.com/en/results.html/2024/races/1231/australia/qualifying.html,14,20,MAG,Kevin Magnussen,Haas Ferrari,13,1:17.709,1:17.427,
2024,FORMULA 1 ROLEX AUSTRALIAN,1231,qualifying,https://www.formula1.com/en/results.html/2024/races/1231/australia/qualifying.html,15,31,OCO,Esteban Ocon,Alpine Renault,21,1:17.617,1:17.697,
2024,FORMULA 1 ROLEX AUSTRALIAN,1231,qualifying,https://www.formula1.com/en/results.html/2024/races/1231/australia/qualifying.html,16,27,HUL,Nico Hulkenberg,Haas Ferrari,8,1:17.976,,
2024,FORMULA 1 ROLEX AUSTRALIAN,1231,qualifying,https://www.formula1.com/en/results.html/2024/races/1231/australia/qualifying.html,17,10,GAS,Pierre Gasly,Alpine Renault,11,1:17.982,,
2024,FORMULA 1 ROLEX AUSTRALIAN,1231,qualifying,https://www.formula1.com/en/results.html/2024/races/1231/australia/qualifying.html,18,3,RIC,Daniel Ricciardo,RB Honda RBPT,6,1:18.085,,
2024,FORMULA 1 ROLEX AUSTRALIAN,1231,qualifying,https://www.formula1.com/en/results.html/2024/races/1231/australia/qualifying.html,19,24,ZHO,Zhou Guanyu,Kick Sauber Ferrari,9,1:18.188,,
2024,FORMULA 1 MSC CRUISES JAPANESE,1232,qualifying,https://www.formula1.com/en/results.html/2024/races/1232/japan/qualifying.html,1,1,VER,Max Verstappen,Red Bull Racing Honda RBPT,12,1:28.866,1:28.740,1:28.197
2024,FORMULA 1 MSC CRUISES JAPANESE,1232,qualifying,https://www.formula1.com/en/results.html/2024/races/1232/japan/qualifying.html,2,11,PER,Sergio Perez,Red Bull Racing Honda RBPT,12,1:29.303,1:28.752,1:28.263
2024,FORMULA 1 MSC CRUISES JAPANESE,1232,qualifying,https://www.formula1.com/en/results.html/2024/races/1232/japan/qualifying.html,3,4,NOR,Lando Norris,McLaren Mercedes,13,1:29.536,1:28.940,1:28.489
2024,FORMULA 1 MSC CRUISES JAPANESE,1232,qualifying,https://www.formula1.com/en/results.html/2024/races/1232/japan/qualifying.html,4,55,SAI,Carlos Sainz,Ferrari,12,1:29.513,1:29.099,1:28.682
2024,FORMULA 1 MSC CRUISES JAPANESE,1232,qualifying,https://www.formula1.com/en/results.html/2024/races/1232/japan/qualifying.html,5,14,ALO,Fernando Alonso,Aston Martin Aramco Mercedes,12,1:29.254,1:29.082,1:28.686
2024,FORMULA 1 MSC CRUISES JAPANESE,1232,qualifying,https://www.formula1.com/en/results.html/2024/races/1232/japan/qualifying.html,6,81,PIA,Oscar Piastri,McLaren Mercedes,12,1:29.425,1:29.148,1:28.760
2024,FORMULA 1 MSC CRUISES JAPANESE,1232,qualifying,https://www.formula1.com/en/results.html/2024/races/1232/japan/qualifying.html,7,44,HAM,Lewis Hamilton,Mercedes,15,1:29.661,1:28.887,1:28.766
2024,FORMULA 1 MSC CRUISES JAPANESE,1232,qualifying,https://www.formula1.com/en/results.html/2024/races/1232/japan/qualifying.html,8,16,LEC,Charles Leclerc,Ferrari,12,1:29.338,1:29.196,1:28.786
2024,FORMULA 1 MSC CRUISES JAPANESE,1232,qualifying,https://www.formula1.com/en/results.html/2024/races/1232/japan/qualifying.html,9,63,RUS,George Russell,Mercedes,15,1:29.799,1:29.140,1:29.008
2024,FORMULA 1 MSC CRUISES JAPANESE,1232,qualifying,https://www.formula1.com/en/results.html/2024/races/1232/japan/qualifying.html,10,22,TSU,Yuki Tsunoda,RB Honda RBPT,18,1:29.775,1:29.417,1:29.413
2024,FORMULA 1 MSC CRUISES JAPANESE,1232,qualifying,https://www.formula1.com/en/results.html/2024/races/1232/japan/qualifying.html,11,3,RIC,Daniel Ricciardo,RB Honda RBPT,12,1:29.727,1:29.472,
2024,FORMULA 1 MSC CRUISES JAPANESE,1232,qualifying,https://www.formula1.com/en/results.html/2024/races/1232/japan/qualifying.html,12,27,HUL,Nico Hulkenberg,Haas Ferrari,12,1:29.821,1:29.494,
2024,FORMULA 1 MSC CRUISES JAPANESE,1232,qualifying,https://www.formula1.com/en/results.html/2024/races/1232/japan/qualifying.html,13,77,BOT,Valtteri Bottas,Kick Sauber Ferrari,12,1:29.602,1:29.593,
2024,FORMULA 1 MSC CRUISES JAPANESE,1232,qualifying,https://www.formula1.com/en/results.html/2024/races/1232/japan/qualifying.html,14,23,ALB,Alexander Albon,Williams Mercedes,9,1:29.963,1:29.714,
2024,FORMULA 1 MSC CRUISES JAPANESE,1232,qualifying,https://www.formula1.com/en/results.html/2024/races/1232/japan/qualifying.html,15,31,OCO,Esteban Ocon,Alpine Renault,12,1:29.811,1:29.816,
2024,FORMULA 1 MSC CRUISES JAPANESE,1232,qualifying,https://www.formula1.com/en/results.html/2024/races/1232/japan/qualifying.html,16,18,STR,Lance Stroll,Aston Martin Aramco Mercedes,6,1:30.024,,
2024,FORMULA 1 MSC CRUISES JAPANESE,1232,qualifying,https://www.formula1.com/en/results.html/2024/races/1232/japan/qualifying.html,17,10,GAS,Pierre Gasly,Alpine Renault,6,1:30.119,,
2024,FORMULA 1 MSC CRUISES JAPANESE,1232,qualifying,https://www.formula1.com/en/results.html/2024/races/1232/japan/qualifying.html,18,20,MAG,Kevin Magnussen,Haas Ferrari,9,1:30.131,,
2024,FORMULA 1 MSC CRUISES JAPANESE,1232,qualifying,https://www.formula1.com/en/results.html/2024/races/1232/japan/qualifying.html,19,2,SAR,Logan Sargeant,Williams Mercedes,6,1:30.139,,
2024,FORMULA 1 MSC CRUISES JAPANESE,1232,qualifying,https://www.formula1.com/en/results.html/2024/races/1232/japan/qualifying.html,20,24,ZHO,Zhou Guanyu,Kick Sauber Ferrari,6,1:30.143,,
2024,FORMULA 1 LENOVO CHINESE,1233,qualifying,https://www.formula1.com/en/results.html/2024/races/1233/china/qualifying.html,1,1,VER,Max Verstappen,Red Bull Racing Honda RBPT,18,1:34.742,1:33.794,1:33.660
2024,FORMULA 1 LENOVO CHINESE,1233,qualifying,https://www.formula1.com/en/results.html/2024/races/1233/china/qualifying.html,2,11,PER,Sergio Perez,Red Bull Racing Honda RBPT,19,1:35.457,1:34.026,1:33.982
2024,FORMULA 1 LENOVO CHINESE,1233,qualifying,https://www.formula1.com/en/results.html/2024/races/1233/china/qualifying.html,3,14,ALO,Fernando Alonso,Aston Martin Aramco Mercedes,15,1:35.116,1:34.652,1:34.148
2024,FORMULA 1 LENOVO CHINESE,1233,qualifying,https://www.formula1.com/en/results.html/2024/races/1233/china/qualifying.html,4,4,NOR,Lando Norris,McLaren Mercedes,15,1:34.842,1:34.460,1:34.165
2024,FORMULA 1 LENOVO CHINESE,1233,qualifying,https://www.formula1.com/en/results.html/2024/races/1233/china/qualifying.html,5,81,PIA,Oscar Piastri,McLaren Mercedes,16,1:35.014,1:34.659,1:34.273
2024,FORMULA 1 LENOVO CHINESE,1233,qualifying,https://www.formula1.com/en/results.html/2024/races/1233/china/qualifying.html,6,16,LEC,Charles Leclerc,Ferrari,20,1:34.797,1:34.399,1:34.289
2024,FORMULA 1 LENOVO CHINESE,1233,qualifying,https://www.formula1.com/en/results.html/2024/races/1233/china/qualifying.html,7,55,SAI,Carlos Sainz,Ferrari,17,1:34.970,1:34.368,1:34.297
2024,FORMULA 1 LENOVO CHINESE,1233,qualifying,https://www.formula1.com/en/results.html/2024/races/1233/china/qualifying.html,8,63,RUS,George Russell,Mercedes,20,1:35.084,1:34.609,1:34.433
2024,FORMULA 1 LENOVO CHINESE,1233,qualifying,https://www.formula1.com/en/results.html/2024/races/1233/china/qualifying.html,9,27,HUL,Nico Hulkenberg,Haas Ferrari,21,1:35.068,1:34.667,1:34.604
2024,FORMULA 1 LENOVO CHINESE,1233,qualifying,https://www.formula1.com/en/results.html/2024/races/1233/china/qualifying.html,10,77,BOT,Valtteri Bottas,Kick Sauber Ferrari,15,1:35.169,1:34.769,1:34.665
2024,FORMULA 1 LENOVO CHINESE,1233,qualifying,https://www.formula1.com/en/results.html/2024/races/1233/china/qualifying.html,11,18,STR,Lance Stroll,Aston Martin Aramco Mercedes,12,1:35.334,1:34.838,
2024,FORMULA 1 LENOVO CHINESE,1233,qualifying,https://www.formula1.com/en/results.html/2024/races/1233/china/qualifying.html,12,3,RIC,Daniel Ricciardo,RB Honda RBPT,12,1:35.443,1:34.934,
2024,FORMULA 1 LENOVO CHINESE,1233,qualifying,https://www.formula1.com/en/results.html/2024/races/1233/china/qualifying.html,13,31,OCO,Esteban Ocon,Alpine Renault,15,1:35.356,1:35.223,
2024,FORMULA 1 LENOVO CHINESE,1233,qualifying,https://www.formula1.com/en/results.html/2024/races/1233/china/qualifying.html,14,23,ALB,Alexander Albon,Williams Mercedes,14,1:35.384,1:35.241,
2024,FORMULA 1 LENOVO CHINESE,1233,qualifying,https://www.formula1.com/en/results.html/2024/races/1233/china/qualifying.html,15,10,GAS,Pierre Gasly,Alpine Renault,15,1:35.287,1:35.463,
2024,FORMULA 1 LENOVO CHINESE,1233,qualifying,https://www.formula1.com/en/results.html/2024/races/1233/china/qualifying.html,16,24,ZHO,Zhou Guanyu,Kick Sauber Ferrari,8,1:35.505,,
2024,FORMULA 1 LENOVO CHINESE,1233,qualifying,https://www.formula1.com/en/results.html/2024/races/1233/china/qualifying.html,17,20,MAG,Kevin Magnussen,Haas Ferrari,6,1:35.516,,
2024,FORMULA 1 LENOVO CHINESE,1233,qualifying,https://www.formula1.com/en/results.html/2024/races/1233/china/qualifying.html,18,44,HAM,Lewis Hamilton,Mercedes,6,1:35.573,,
2024,FORMULA 1 LENOVO CHINESE,1233,qualifying,https://www.formula1.com/en/results.html/2024/races/1233/china/qualifying.html,19,22,TSU,Yuki Tsunoda,RB Honda RBPT,9,1:35.746,,
2024,FORMULA 1 LENOVO CHINESE,1233,qualifying,https://www.formula1.com/en/results.html/2024/races/1233/china/qualifying.html,20,2,SAR,Logan Sargeant,Williams Mercedes,7,1:36.358,,
2024,COM MIAMI,1234,qualifying,https://www.formula1.com/en/results.html/2024/races/1234/miami/qualifying.html,1,1,VER,Max Verstappen,Red Bull Racing Honda RBPT,18,1:27.689,1:27.566,1:27.241
2024,COM MIAMI,1234,qualifying,https://www.formula1.com/en/results.html/2024/races/1234/miami/qualifying.html,2,16,LEC,Charles Leclerc,Ferrari,21,1:28.081,1:27.533,1:27.382
2024,COM MIAMI,1234,qualifying,https://www.formula1.com/en/results.html/2024/races/1234/miami/qualifying.html,3,55,SAI,Carlos Sainz,Ferrari,21,1:27.937,1:27.941,1:27.455
2024,COM MIAMI,1234,qualifying,https://www.formula1.com/en/results.html/2024/races/1234/miami/qualifying.html,4,11,PER,Sergio Perez,Red Bull Racing Honda RBPT,18,1:27.772,1:27.839,1:27.460
2024,COM MIAMI,1234,qualifying,https://www.formula1.com/en/results.html/2024/races/1234/miami/qualifying.html,5,4,NOR,Lando Norris,McLaren Mercedes,21,1:27.913,1:27.871,1:27.594
2024,COM MIAMI,1234,qualifying,https://www.formula1.com/en/results.html/2024/races/1234/miami/qualifying.html,6,81,PIA,Oscar Piastri,McLaren Mercedes,19,1:28.032,1:27.721,1:27.675
2024,COM MIAMI,1234,qualifying,https://www.formula1.com/en/results.html/2024/races/1234/miami/qualifying.html,7,63,RUS,George Russell,Mercedes,21,1:28.159,1:28.095,1:28.067
2024,COM MIAMI,1234,qualifying,https://www.formula1.com/en/results.html/2024/races/1234/miami/qualifying.html,8,44,HAM,Lewis Hamilton,Mercedes,21,1:28.167,1:27.697,1:28.107
2024,COM MIAMI,1234,qualifying,https://www.formula1.com/en/results.html/2024/races/1234/miami/qualifying.html,9,27,HUL,Nico Hulkenberg,Haas Ferrari,21,1:28.383,1:28.200,1:28.146
2024,COM MIAMI,1234,qualifying,https://www.formula1.com/en/results.html/2024/races/1234/miami/qualifying.html,10,22,TSU,Yuki Tsunoda,RB Honda RBPT,21,1:28.324,1:28.167,1:28.192
2024,COM MIAMI,1234,qualifying,https://www.formula1.com/en/results.html/2024/races/1234/miami/qualifying.html,11,18,STR,Lance Stroll,Aston Martin Aramco Mercedes,15,1:28.177,1:28.222,
2024,COM MIAMI,1234,qualifying,https://www.formula1.com/en/results.html/2024/races/1234/miami/qualifying.html,12,10,GAS,Pierre Gasly,Alpine Renault,15,1:27.976,1:28.324,
2024,COM MIAMI,1234,qualifying,https://www.formula1.com/en/results.html/2024/races/1234/miami/qualifying.html,13,31,OCO,Esteban Ocon,Alpine Renault,15,1:28.209,1:28.371,
2024,COM MIAMI,1234,qualifying,https://www.formula1.com/en/results.html/2024/races/1234/miami/qualifying.html,14,23,ALB,Alexander Albon,Williams Mercedes,15,1:28.343,1:28.413,
2024,COM MIAMI,1234,qualifying,https://www.formula1.com/en/results.html/2024/races/1234/miami/qualifying.html,15,14,ALO,Fernando Alonso,Aston Martin Aramco Mercedes,15,1:28.453,1:28.427,
2024,COM MIAMI,1234,qualifying,https://www.formula1.com/en/results.html/2024/races/1234/miami/qualifying.html,16,77,BOT,Valtteri Bottas,Kick Sauber Ferrari,6,1:28.463,,
2024,COM MIAMI,1234,qualifying,https://www.formula1.com/en/results.html/2024/races/1234/miami/qualifying.html,17,2,SAR,Logan Sargeant,Williams Mercedes,8,1:28.487,,
2024,COM MIAMI,1234,qualifying,https://www.formula1.com/en/results.html/2024/races/1234/miami/qualifying.html,18,3,RIC,Daniel Ricciardo,RB Honda RBPT,9,1:28.617,,
2024,COM MIAMI,1234,qualifying,https://www.formula1.com/en/results.html/2024/races/1234/miami/qualifying.html,19,20,MAG,Kevin Magnussen,Haas Ferrari,9,1:28.619,,
2024,COM MIAMI,1234,qualifying,https://www.formula1.com/en/results.html/2024/races/1234/miami/qualifying.html,20,24,ZHO,Zhou Guanyu,Kick Sauber Ferrari,9,1:28.824,,
2024,EMILIA-ROMAGNA,1235,qualifying,https://www.formula1.com/en/results.html/2024/races/1235/emilia-romagna/qualifying.html,1,1,VER,Max Verstappen,Red Bull Racing Honda RBPT,18,1:15.762,1:15.176,1:14.746
2024,EMILIA-ROMAGNA,1235,qualifying,https://www.formula1.com/en/results.html/2024/races/1235/emilia-romagna/qualifying.html,2,81,PIA,Oscar Piastri,McLaren Mercedes,15,1:15.940,1:15.407,1:14.820
2024,EMILIA-ROMAGNA,1235,qualifying,https://www.formula1.com/en/results.html/2024/races/1235/emilia-romagna/qualifying.html,3,4,NOR,Lando Norris,McLaren Mercedes,19,1:15.915,1:15.371,1:14.837
2024,EMILIA-ROMAGNA,1235,qualifying,https://www.formula1.com/en/results.html/2024/races/1235/emilia-romagna/qualifying.html,4,16,LEC,Charles Leclerc,Ferrari,21,1:15.823,1:15.328,1:14.970
2024,EMILIA-ROMAGNA,1235,qualifying,https://www.formula1.com/en/results.html/2024/races/1235/emilia-romagna/qualifying.html,5,55,SAI,Carlos Sainz,Ferrari,20,1:16.015,1:15.512,1:15.233
2024,EMILIA-ROMAGNA,1235,qualifying,https://www.formula1.com/en/results.html/2024/races/1235/emilia-romagna/qualifying.html,6,63,RUS,George Russell,Mercedes,18,1:16.107,1:15.671,1:15.234
2024,EMILIA-ROMAGNA,1235,qualifying,https://www.formula1.com/en/results.html/2024/races/1235/emilia-romagna/qualifying.html,7,22,TSU,Yuki Tsunoda,RB Honda RBPT,15,1:15.894,1:15.358,1:15.465
2024,EMILIA-ROMAGNA,1235,qualifying,https://www.formula1.com/en/results.html/2024/races/1235/emilia-romagna/qualifying.html,8,44,HAM,Lewis Hamilton,Mercedes,20,1:16.604,1:15.677,1:15.504
2024,EMILIA-ROMAGNA,1235,qualifying,https://www.formula1.com/en/results.html/2024/races/1235/emilia-romagna/qualifying.html,9,3,RIC,Daniel Ricciardo,RB Honda RBPT,15,1:16.060,1:15.691,1:15.674
2024,EMILIA-ROMAGNA,1235,qualifying,https://www.formula1.com/en/results.html/2024/races/1235/emilia-romagna/qualifying.html,10,27,HUL,Nico Hulkenberg,Haas Ferrari,21,1:15.841,1:15.569,1:15.980
2024,EMILIA-ROMAGNA,1235,qualifying,https://www.formula1.com/en/results.html/2024/races/1235/emilia-romagna/qualifying.html,11,11,PER,Sergio Perez,Red Bull Racing Honda RBPT,10,1:16.404,1:15.706,
2024,EMILIA-ROMAGNA,1235,qualifying,https://www.formula1.com/en/results.html/2024/races/1235/emilia-romagna/qualifying.html,12,31,OCO,Esteban Ocon,Alpine Renault,15,1:16.361,1:15.906,
2024,EMILIA-ROMAGNA,1235,qualifying,https://www.formula1.com/en/results.html/2024/races/1235/emilia-romagna/qualifying.html,13,18,STR,Lance Stroll,Aston Martin Aramco Mercedes,15,1:16.458,1:15.992,
2024,EMILIA-ROMAGNA,1235,qualifying,https://www.formula1.com/en/results.html/2024/races/1235/emilia-romagna/qualifying.html,14,23,ALB,Alexander Albon,Williams Mercedes,12,1:16.524,1:16.200,
2024,EMILIA-ROMAGNA,1235,qualifying,https://www.formula1.com/en/results.html/2024/races/1235/emilia-romagna/qualifying.html,15,10,GAS,Pierre Gasly,Alpine Renault,14,1:16.015,1:16.381,
2024,EMILIA-ROMAGNA,1235,qualifying,https://www.formula1.com/en/results.html/2024/races/1235/emilia-romagna/qualifying.html,16,77,BOT,Valtteri Bottas,Kick Sauber Ferrari,6,1:16.626,,
2024,EMILIA-ROMAGNA,1235,qualifying,https://www.formula1.com/en/results.html/2024/races/1235/emilia-romagna/qualifying.html,17,24,ZHO,Zhou Guanyu,Kick Sauber Ferrari,9,1:16.834,,
2024,EMILIA-ROMAGNA,1235,qualifying,https://www.formula1.com/en/results.html/2024/races/1235/emilia-romagna/qualifying.html,18,20,MAG,Kevin Magnussen,Haas Ferrari,8,1:16.854,,
2024,EMILIA-ROMAGNA,1235,qualifying,https://www.formula1.com/en/results.html/2024/races/1235/emilia-romagna/qualifying.html,19,14,ALO,Fernando Alonso,Aston Martin Aramco Mercedes,7,1:16.917,,
2024,EMILIA-ROMAGNA,1235,qualifying,https://www.formula1.com/en/results.html/2024/races/1235/emilia-romagna/qualifying.html,NC,2,SAR,Logan Sargeant,Williams Mercedes,8,DNF,,
2024,FORMULA 1 GRAND PRIX DE MONACO,1236,qualifying,https://www.formula1.com/en/results.html/2024/races/1236/monaco/qualifying.html,1,16,LEC,Charles Leclerc,Ferrari,26,1:11.584,1:10.825,1:10.270
2024,FORMULA 1 GRAND PRIX DE MONACO,1236,qualifying,https://www.formula1.com/en/results.html/2024/races/1236/monaco/qualifying.html,2,81,PIA,Oscar Piastri,McLaren Mercedes,24,1:11.500,1:10.756,1:10.424
2024,FORMULA 1 GRAND PRIX DE MONACO,1236,qualifying,https://www.formula1.com/en/results.html/2024/races/1236/monaco/qualifying.html,3,55,SAI,Carlos Sainz,Ferrari,28,1:11.543,1:11.075,1:10.518
2024,FORMULA 1 GRAND PRIX DE MONACO,1236,qualifying,https://www.formula1.com/en/results.html/2024/races/1236/monaco/qualifying.html,4,4,NOR,Lando Norris,McLaren Mercedes,27,1:11.760,1:10.732,1:10.542
2024,FORMULA 1 GRAND PRIX DE MONACO,1236,qualifying,https://www.formula1.com/en/results.html/2024/races/1236/monaco/qualifying.html,5,63,RUS,George Russell,Mercedes,28,1:11.492,1:10.929,1:10.543
2024,FORMULA 1 GRAND PRIX DE MONACO,1236,qualifying,https://www.formula1.com/en/results.html/2024/races/1236/monaco/qualifying.html,6,1,VER,Max Verstappen,Red Bull Racing Honda RBPT,28,1:11.711,1:10.745,1:10.567
2024,FORMULA 1 GRAND PRIX DE MONACO,1236,qualifying,https://www.formula1.com/en/results.html/2024/races/1236/monaco/qualifying.html,7,44,HAM,Lewis Hamilton,Mercedes,28,1:11.528,1:11.056,1:10.621
2024,FORMULA 1 GRAND PRIX DE MONACO,1236,qualifying,https://www.formula1.com/en/results.html/2024/races/1236/monaco/qualifying.html,8,22,TSU,Yuki Tsunoda,RB Honda RBPT,25,1:11.852,1:11.106,1:10.858
2024,FORMULA 1 GRAND PRIX DE MONACO,1236,qualifying,https://www.formula1.com/en/results.html/2024/races/1236/monaco/qualifying.html,9,23,ALB,Alexander Albon,Williams Mercedes,29,1:11.623,1:11.216,1:10.948
2024,FORMULA 1 GRAND PRIX DE MONACO,1236,qualifying,https://www.formula1.com/en/results.html/2024/races/1236/monaco/qualifying.html,10,10,GAS,Pierre Gasly,Alpine Renault,30,1:11.714,1:10.896,1:11.311
2024,FORMULA 1 GRAND PRIX DE MONACO,1236,qualifying,https://www.formula1.com/en/results.html/2024/races/1236/monaco/qualifying.html,11,31,OCO,Esteban Ocon,Alpine Renault,20,1:11.887,1:11.285,
2024,FORMULA 1 GRAND PRIX DE MONACO,1236,qualifying,https://www.formula1.com/en/results.html/2024/races/1236/monaco/qualifying.html,DQ,27,HUL,Nico Hulkenberg,Haas Ferrari,20,1:11.876,1:11.440,
2024,FORMULA 1 GRAND PRIX DE MONACO,1236,qualifying,https://www.formula1.com/en/results.html/2024/races/1236/monaco/qualifying.html,12,3,RIC,Daniel Ricciardo,RB Honda RBPT,21,1:11.785,1:11.482,
2024,FORMULA 1 GRAND PRIX DE MONACO,1236,qualifying,https://www.formula1.com/en/results.html/2024/races/1236/monaco/qualifying.html,13,18,STR,Lance Stroll,Aston Martin Aramco Mercedes,17,1:11.728,1:11.563,
2024,FORMULA 1 GRAND PRIX DE MONACO,1236,qualifying,https://www.formula1.com/en/results.html/2024/races/1236/monaco/qualifying.html,DQ,20,MAG,Kevin Magnussen,Haas Ferrari,18,1:11.832,1:11.725,
2024,FORMULA 1 GRAND PRIX DE MONACO,1236,qualifying,https://www.formula1.com/en/results.html/2024/races/1236/monaco/qualifying.html,14,14,ALO,Fernando Alonso,Aston Martin Aramco Mercedes,11,1:12.019,,
2024,FORMULA 1 GRAND PRIX DE MONACO,1236,qualifying,https://www.formula1.com/en/results.html/2024/races/1236/monaco/qualifying.html,15,2,SAR,Logan Sargeant,Williams Mercedes,12,1:12.020,,
2024,FORMULA 1 GRAND PRIX DE MONACO,1236,qualifying,https://www.formula1.com/en/results.html/2024/races/1236/monaco/qualifying.html,16,11,PER,Sergio Perez,Red Bull Racing Honda RBPT,12,1:12.060,,
2024,FORMULA 1 GRAND PRIX DE MONACO,1236,qualifying,https://www.formula1.com/en/results.html/2024/races/1236/monaco/qualifying.html,17,77,BOT,Valtteri Bottas,Kick Sauber Ferrari,11,1:12.512,,
2024,FORMULA 1 GRAND PRIX DE MONACO,1236,qualifying,https://www.formula1.com/en/results.html/2024/races/1236/monaco/qualifying.html,18,24,ZHO,Zhou Guanyu,Kick Sauber Ferrari,11,1:13.028,,
2024,FORMULA 1 AWS GRAND PRIX DU CANADA,1237,qualifying,https://www.formula1.com/en/results.html/2024/races/1237/canada/qualifying.html,1,63,RUS,George Russell,Mercedes,26,1:13.013,1:11.742,1:12.000
2024,FORMULA 1 AWS GRAND PRIX DU CANADA,1237,qualifying,https://www.formula1.com/en/results.html/2024/races/1237/canada/qualifying.html,2,1,VER,Max Verstappen,Red Bull Racing Honda RBPT,27,1:12.360,1:12.549,1:12.000
2024,FORMULA 1 AWS GRAND PRIX DU CANADA,1237,qualifying,https://www.formula1.com/en/results.html/2024/races/1237/canada/qualifying.html,3,4,NOR,Lando Norris,McLaren Mercedes,25,1:12.959,1:12.201,1:12.021
2024,FORMULA 1 AWS GRAND PRIX DU CANADA,1237,qualifying,https://www.formula1.com/en/results.html/2024/races/1237/canada/qualifying.html,4,81,PIA,Oscar Piastri,McLaren Mercedes,29,1:12.907,1:12.462,1:12.103
2024,FORMULA 1 AWS GRAND PRIX DU CANADA,1237,qualifying,https://www.formula1.com/en/results.html/2024/races/1237/canada/qualifying.html,5,3,RIC,Daniel Ricciardo,RB Honda RBPT,25,1:13.240,1:12.572,1:12.178
2024,FORMULA 1 AWS GRAND PRIX DU CANADA,1237,qualifying,https://www.formula1.com/en/results.html/2024/races/1237/canada/qualifying.html,6,14,ALO,Fernando Alonso,Aston Martin Aramco Mercedes,23,1:13.117,1:12.635,1:12.228
2024,FORMULA 1 AWS GRAND PRIX DU CANADA,1237,qualifying,https://www.formula1.com/en/results.html/2024/races/1237/canada/qualifying.html,7,44,HAM,Lewis Hamilton,Mercedes,26,1:12.851,1:11.979,1:12.280
2024,FORMULA 1 AWS GRAND PRIX DU CANADA,1237,qualifying,https://www.formula1.com/en/results.html/2024/races/1237/canada/qualifying.html,8,22,TSU,Yuki Tsunoda,RB Honda RBPT,24,1:12.748,1:12.303,1:12.414
2024,FORMULA 1 AWS GRAND PRIX DU CANADA,1237,qualifying,https://www.formula1.com/en/results.html/2024/races/1237/canada/qualifying.html,9,18,STR,Lance Stroll,Aston Martin Aramco Mercedes,25,1:13.088,1:12.659,1:12.701
2024,FORMULA 1 AWS GRAND PRIX DU CANADA,1237,qualifying,https://www.formula1.com/en/results.html/2024/races/1237/canada/qualifying.html,10,23,ALB,Alexander Albon,Williams Mercedes,26,1:12.896,1:12.485,1:12.796
2024,FORMULA 1 AWS GRAND PRIX DU CANADA,1237,qualifying,https://www.formula1.com/en/results.html/2024/races/1237/canada/qualifying.html,11,16,LEC,Charles Leclerc,Ferrari,21,1:13.107,1:12.691,
2024,FORMULA 1 AWS GRAND PRIX DU CANADA,1237,qualifying,https://www.formula1.com/en/results.html/2024/races/1237/canada/qualifying.html,12,55,SAI,Carlos Sainz,Ferrari,22,1:13.038,1:12.728,
2024,FORMULA 1 AWS GRAND PRIX DU CANADA,1237,qualifying,https://www.formula1.com/en/results.html/2024/races/1237/canada/qualifying.html,13,2,SAR,Logan Sargeant,Williams Mercedes,22,1:13.063,1:12.736,
2024,FORMULA 1 AWS GRAND PRIX DU CANADA,1237,qualifying,https://www.formula1.com/en/results.html/2024/races/1237/canada/qualifying.html,14,20,MAG,Kevin Magnussen,Haas Ferrari,16,1:13.217,1:12.916,
2024,FORMULA 1 AWS GRAND PRIX DU CANADA,1237,qualifying,https://www.formula1.com/en/results.html/2024/races/1237/canada/qualifying.html,15,10,GAS,Pierre Gasly,Alpine Renault,18,1:13.289,1:12.940,
2024,FORMULA 1 AWS GRAND PRIX DU CANADA,1237,qualifying,https://www.formula1.com/en/results.html/2024/races/1237/canada/qualifying.html,16,11,PER,Sergio Perez,Red Bull Racing Honda RBPT,11,1:13.326,,
2024,FORMULA 1 AWS GRAND PRIX DU CANADA,1237,qualifying,https://www.formula1.com/en/results.html/2024/races/1237/canada/qualifying.html,17,77,BOT,Valtteri Bottas,Kick Sauber Ferrari,10,1:13.366,,
2024,FORMULA 1 AWS GRAND PRIX DU CANADA,1237,qualifying,https://www.formula1.com/en/results.html/2024/races/1237/canada/qualifying.html,18,31,OCO,Esteban Ocon,Alpine Renault,11,1:13.435,,
2024,FORMULA 1 AWS GRAND PRIX DU CANADA,1237,qualifying,https://www.formula1.com/en/results.html/2024/races/1237/canada/qualifying.html,19,27,HUL,Nico Hulkenberg,Haas Ferrari,10,1:13.978,,
2024,FORMULA 1 AWS GRAND PRIX DU CANADA,1237,qualifying,https://www.formula1.com/en/results.html/2024/races/1237/canada/qualifying.html,20,24,ZHO,Zhou Guanyu,Kick Sauber Ferrari,11,1:14.292,,
2024,FORMULA 1 ARAMCO GRAN PREMIO DE ESPAÑA,1238,qualifying,https://www.formula1.com/en/results.html/2024/races/1238/spain/qualifying.html,1,4,NOR,Lando Norris,McLaren Mercedes,12,1:12.386,1:11.872,1:11.383
2024,FORMULA 1 ARAMCO GRAN PREMIO DE ESPAÑA,1238,qualifying,https://www.formula1.com/en/results.html/2024/races/1238/spain/qualifying.html,2,1,VER,Max Verstappen,Red Bull Racing Honda RBPT,12,1:12.306,1:11.653,1:11.403
2024,FORMULA 1 ARAMCO GRAN PREMIO DE ESPAÑA,1238,qualifying,https://www.formula1.com/en/results.html/2024/races/1238/spain/qualifying.html,3,44,HAM,Lewis Hamilton,Mercedes,18,1:12.143,1:11.792,1:11.701
2024,FORMULA 1 ARAMCO GRAN PREMIO DE ESPAÑA,1238,qualifying,https://www.formula1.com/en/results.html/2024/races/1238/spain/qualifying.html,4,63,RUS,George Russell,Mercedes,16,1:12.456,1:11.812,1:11.703
2024,FORMULA 1 ARAMCO GRAN PREMIO DE ESPAÑA,1238,qualifying,https://www.formula1.com/en/results.html/2024/races/1238/spain/qualifying.html,5,16,LEC,Charles Leclerc,Ferrari,12,1:12.257,1:12.038,1:11.731
2024,FORMULA 1 ARAMCO GRAN PREMIO DE ESPAÑA,1238,qualifying,https://www.formula1.com/en/results.html/2024/races/1238/spain/qualifying.html,6,55,SAI,Carlos Sainz,Ferrari,12,1:12.403,1:11.874,1:11.736
2024,FORMULA 1 ARAMCO GRAN PREMIO DE ESPAÑA,1238,qualifying,https://www.formula1.com/en/results.html/2024/races/1238/spain/qualifying.html,7,10,GAS,Pierre Gasly,Alpine Renault,18,1:12.651,1:12.079,1:11.857
2024,FORMULA 1 ARAMCO GRAN PREMIO DE ESPAÑA,1238,qualifying,https://www.formula1.com/en/results.html/2024/races/1238/spain/qualifying.html,8,11,PER,Sergio Perez,Red Bull Racing Honda RBPT,18,1:12.477,1:12.054,1:12.061
2024,FORMULA 1 ARAMCO GRAN PREMIO DE ESPAÑA,1238,qualifying,https://www.formula1.com/en/results.html/2024/races/1238/spain/qualifying.html,9,31,OCO,Esteban Ocon,Alpine Renault,18,1:12.691,1:12.109,1:12.125
2024,FORMULA 1 ARAMCO GRAN PREMIO DE ESPAÑA,1238,qualifying,https://www.formula1.com/en/results.html/2024/races/1238/spain/qualifying.html,10,81,PIA,Oscar Piastri,McLaren Mercedes,16,1:12.460,1:12.011,DNF
2024,FORMULA 1 ARAMCO GRAN PREMIO DE ESPAÑA,1238,qualifying,https://www.formula1.com/en/results.html/2024/races/1238/spain/qualifying.html,11,14,ALO,Fernando Alonso,Aston Martin Aramco Mercedes,12,1:12.505,1:12.128,
2024,FORMULA 1 ARAMCO GRAN PREMIO DE ESPAÑA,1238,qualifying,https://www.formula1.com/en/results.html/2024/races/1238/spain/qualifying.html,12,77,BOT,Valtteri Bottas,Kick Sauber Ferrari,12,1:12.758,1:12.227,
2024,FORMULA 1 ARAMCO GRAN PREMIO DE ESPAÑA,1238,qualifying,https://www.formula1.com/en/results.html/2024/races/1238/spain/qualifying.html,13,27,HUL,Nico Hulkenberg,Haas Ferrari,12,1:12.708,1:12.310,
2024,FORMULA 1 ARAMCO GRAN PREMIO DE ESPAÑA,1238,qualifying,https://www.formula1.com/en/results.html/2024/races/1238/spain/qualifying.html,14,18,STR,Lance Stroll,Aston Martin Aramco Mercedes,15,1:12.881,1:12.372,
2024,FORMULA 1 ARAMCO GRAN PREMIO DE ESPAÑA,1238,qualifying,https://www.formula1.com/en/results.html/2024/races/1238/spain/qualifying.html,15,24,ZHO,Zhou Guanyu,Kick Sauber Ferrari,15,1:12.880,1:12.738,
2024,FORMULA 1 ARAMCO GRAN PREMIO DE ESPAÑA,1238,qualifying,https://www.formula1.com/en/results.html/2024/races/1238/spain/qualifying.html,16,20,MAG,Kevin Magnussen,Haas Ferrari,6,1:12.937,,
2024,FORMULA 1 ARAMCO GRAN PREMIO DE ESPAÑA,1238,qualifying,https://www.formula1.com/en/results.html/2024/races/1238/spain/qualifying.html,17,22,TSU,Yuki Tsunoda,RB Honda RBPT,9,1:12.985,,
2024,FORMULA 1 ARAMCO GRAN PREMIO DE ESPAÑA,1238,qualifying,https://www.formula1.com/en/results.html/2024/races/1238/spain/qualifying.html,18,3,RIC,Daniel Ricciardo,RB Honda RBPT,9,1:13.075,,
2024,FORMULA 1 ARAMCO GRAN PREMIO DE ESPAÑA,1238,qualifying,https://www.formula1.com/en/results.html/2024/races/1238/spain/qualifying.html,19,23,ALB,Alexander Albon,Williams Mercedes,6,1:13.153,,
2024,FORMULA 1 ARAMCO GRAN PREMIO DE ESPAÑA,1238,qualifying,https://www.formula1.com/en/results.html/2024/races/1238/spain/qualifying.html,20,2,SAR,Logan Sargeant,Williams Mercedes,9,1:13.509,,
2024,FORMULA 1 QATAR AIRWAYS AUSTRIAN,1239,qualifying,https://www.formula1.com/en/results.html/2024/races/1239/austria/qualifying.html,1,1,VER,Max Verstappen,Red Bull Racing Honda RBPT,18,1:05.336,1:04.469,1:04.314
2024,FORMULA 1 QATAR AIRWAYS AUSTRIAN,1239,qualifying,https://www.formula1.com/en/results.html/2024/races/1239/austria/qualifying.html,2,4,NOR,Lando Norris,McLaren Mercedes,20,1:05.450,1:05.103,1:04.718
2024,FORMULA 1 QATAR AIRWAYS AUSTRIAN,1239,qualifying,https://www.formula1.com/en/results.html/2024/races/1239/austria/qualifying.html,3,63,RUS,George Russell,Mercedes,18,1:05.585,1:05.016,1:04.840
2024,FORMULA 1 QATAR AIRWAYS AUSTRIAN,1239,qualifying,https://www.formula1.com/en/results.html/2024/races/1239/austria/qualifying.html,4,55,SAI,Carlos Sainz,Ferrari,18,1:05.263,1:05.016,1:04.851
2024,FORMULA 1 QATAR AIRWAYS AUSTRIAN,1239,qualifying,https://www.formula1.com/en/results.html/2024/races/1239/austria/qualifying.html,5,44,HAM,Lewis Hamilton,Mercedes,18,1:05.541,1:05.053,1:04.903
2024,FORMULA 1 QATAR AIRWAYS AUSTRIAN,1239,qualifying,https://www.formula1.com/en/results.html/2024/races/1239/austria/qualifying.html,6,16,LEC,Charles Leclerc,Ferrari,22,1:05.509,1:05.104,1:05.044
2024,FORMULA 1 QATAR AIRWAYS AUSTRIAN,1239,qualifying,https://www.formula1.com/en/results.html/2024/races/1239/austria/qualifying.html,7,81,PIA,Oscar Piastri,McLaren Mercedes,17,1:05.311,1:05.070,1:05.048
2024,FORMULA 1 QATAR AIRWAYS AUSTRIAN,1239,qualifying,https://www.formula1.com/en/results.html/2024/races/1239/austria/qualifying.html,8,11,PER,Sergio Perez,Red Bull Racing Honda RBPT,21,1:05.587,1:05.144,1:05.202
2024,FORMULA 1 QATAR AIRWAYS AUSTRIAN,1239,qualifying,https://www.formula1.com/en/results.html/2024/races/1239/austria/qualifying.html,9,27,HUL,Nico Hulkenberg,Haas Ferrari,21,1:05.596,1:05.262,1:05.385
2024,FORMULA 1 QATAR AIRWAYS AUSTRIAN,1239,qualifying,https://www.formula1.com/en/results.html/2024/races/1239/austria/qualifying.html,10,31,OCO,Esteban Ocon,Alpine Renault,24,1:05.574,1:05.274,1:05.883
2024,FORMULA 1 QATAR AIRWAYS AUSTRIAN,1239,qualifying,https://www.formula1.com/en/results.html/2024/races/1239/austria/qualifying.html,11,3,RIC,Daniel Ricciardo,RB Honda RBPT,15,1:05.569,1:05.289,
2024,FORMULA 1 QATAR AIRWAYS AUSTRIAN,1239,qualifying,https://www.formula1.com/en/results.html/2024/races/1239/austria/qualifying.html,12,20,MAG,Kevin Magnussen,Haas Ferrari,15,1:05.508,1:05.347,
2024,FORMULA 1 QATAR AIRWAYS AUSTRIAN,1239,qualifying,https://www.formula1.com/en/results.html/2024/races/1239/austria/qualifying.html,13,10,GAS,Pierre Gasly,Alpine Renault,18,1:05.598,1:05.359,
2024,FORMULA 1 QATAR AIRWAYS AUSTRIAN,1239,qualifying,https://www.formula1.com/en/results.html/2024/races/1239/austria/qualifying.html,14,22,TSU,Yuki Tsunoda,RB Honda RBPT,15,1:05.563,1:05.412,
2024,FORMULA 1 QATAR AIRWAYS AUSTRIAN,1239,qualifying,https://www.formula1.com/en/results.html/2024/races/1239/austria/qualifying.html,15,14,ALO,Fernando Alonso,Aston Martin Aramco Mercedes,15,1:05.656,1:05.639,
2024,FORMULA 1 QATAR AIRWAYS AUSTRIAN,1239,qualifying,https://www.formula1.com/en/results.html/2024/races/1239/austria/qualifying.html,16,23,ALB,Alexander Albon,Williams Mercedes,9,1:05.736,,
2024,FORMULA 1 QATAR AIRWAYS AUSTRIAN,1239,qualifying,https://www.formula1.com/en/results.html/2024/races/1239/austria/qualifying.html,17,18,STR,Lance Stroll,Aston Martin Aramco Mercedes,9,1:05.819,,
2024,FORMULA 1 QATAR AIRWAYS AUSTRIAN,1239,qualifying,https://www.formula1.com/en/results.html/2024/races/1239/austria/qualifying.html,18,77,BOT,Valtteri Bottas,Kick Sauber Ferrari,9,1:05.847,,
2024,FORMULA 1 QATAR AIRWAYS AUSTRIAN,1239,qualifying,https://www.formula1.com/en/results.html/2024/races/1239/austria/qualifying.html,19,2,SAR,Logan Sargeant,Williams Mercedes,9,1:05.856,,
2024,FORMULA 1 QATAR AIRWAYS AUSTRIAN,1239,qualifying,https://www.formula1.com/en/results.html/2024/races/1239/austria/qualifying.html,20,24,ZHO,Zhou Guanyu,Kick Sauber Ferrari,9,1:06.061,,
2024,FORMULA 1 QATAR AIRWAYS BRITISH,1240,qualifying,https://www.formula1.com/en/results.html/2024/races/1240/great-britain/qualifying.html,1,63,RUS,George Russell,Mercedes,26,1:30.106,1:26.723,1:25.819
2024,FORMULA 1 QATAR AIRWAYS BRITISH,1240,qualifying,https://www.formula1.com/en/results.html/2024/races/1240/great-britain/qualifying.html,2,44,HAM,Lewis Hamilton,Mercedes,25,1:29.547,1:26.770,1:25.990
2024,FORMULA 1 QATAR AIRWAYS BRITISH,1240,qualifying,https://www.formula1.com/en/results.html/2024/races/1240/great-britain/qualifying.html,3,4,NOR,Lando Norris,McLaren Mercedes,22,1:31.596,1:26.559,1:26.030
2024,FORMULA 1 QATAR AIRWAYS BRITISH,1240,qualifying,https://www.formula1.com/en/results.html/2024/races/1240/great-britain/qualifying.html,4,1,VER,Max Verstappen,Red Bull Racing Honda RBPT,24,1:31.342,1:26.796,1:26.203
2024,FORMULA 1 QATAR AIRWAYS BRITISH,1240,qualifying,https://www.formula1.com/en/results.html/2024/races/1240/great-britain/qualifying.html,5,81,PIA,Oscar Piastri,McLaren Mercedes,24,1:30.895,1:26.733,1:26.237
2024,FORMULA 1 QATAR AIRWAYS BRITISH,1240,qualifying,https://www.formula1.com/en/results.html/2024/races/1240/great-britain/qualifying.html,6,27,HUL,Nico Hulkenberg,Haas Ferrari,17,1:31.929,1:26.847,1:26.338
2024,FORMULA 1 QATAR AIRWAYS BRITISH,1240,qualifying,https://www.formula1.com/en/results.html/2024/races/1240/great-britain/qualifying.html,7,55,SAI,Carlos Sainz,Ferrari,24,1:30.557,1:26.843,1:26.509
2024,FORMULA 1 QATAR AIRWAYS BRITISH,1240,qualifying,https://www.formula1.com/en/results.html/2024/races/1240/great-britain/qualifying.html,8,18,STR,Lance Stroll,Aston Martin Aramco Mercedes,24,1:31.410,1:26.938,1:26.585
2024,FORMULA 1 QATAR AIRWAYS BRITISH,1240,qualifying,https://www.formula1.com/en/results.html/2024/races/1240/great-britain/qualifying.html,9,23,ALB,Alexander Albon,Williams Mercedes,23,1:31.135,1:26.933,1:26.640
2024,FORMULA 1 QATAR AIRWAYS BRITISH,1240,qualifying,https://www.formula1.com/en/results.html/2024/races/1240/great-britain/qualifying.html,10,14,ALO,Fernando Alonso,Aston Martin Aramco Mercedes,24,1:31.264,1:26.730,1:26.917
2024,FORMULA 1 QATAR AIRWAYS BRITISH,1240,qualifying,https://www.formula1.com/en/results.html/2024/races/1240/great-britain/qualifying.html,11,16,LEC,Charles Leclerc,Ferrari,18,1:30.496,1:27.097,
2024,FORMULA 1 QATAR AIRWAYS BRITISH,1240,qualifying,https://www.formula1.com/en/results.html/2024/races/1240/great-britain/qualifying.html,12,2,SAR,Logan Sargeant,Williams Mercedes,20,1:31.608,1:27.175,
2024,FORMULA 1 QATAR AIRWAYS BRITISH,1240,qualifying,https://www.formula1.com/en/results.html/2024/races/1240/great-britain/qualifying.html,13,22,TSU,Yuki Tsunoda,RB Honda RBPT,17,1:30.994,1:27.269,
2024,FORMULA 1 QATAR AIRWAYS BRITISH,1240,qualifying,https://www.formula1.com/en/results.html/2024/races/1240/great-britain/qualifying.html,14,24,ZHO,Zhou Guanyu,Kick Sauber Ferrari,22,1:31.190,1:27.867,
2024,FORMULA 1 QATAR AIRWAYS BRITISH,1240,qualifying,https://www.formula1.com/en/results.html/2024/races/1240/great-britain/qualifying.html,15,3,RIC,Daniel Ricciardo,RB Honda RBPT,18,1:31.291,1:27.949,
2024,FORMULA 1 QATAR AIRWAYS BRITISH,1240,qualifying,https://www.formula1.com/en/results.html/2024/races/1240/great-britain/qualifying.html,16,77,BOT,Valtteri Bottas,Kick Sauber Ferrari,11,1:32.431,,
2024,FORMULA 1 QATAR AIRWAYS BRITISH,1240,qualifying,https://www.formula1.com/en/results.html/2024/races/1240/great-britain/qualifying.html,17,20,MAG,Kevin Magnussen,Haas Ferrari,6,1:32.905,,
2024,FORMULA 1 QATAR AIRWAYS BRITISH,1240,qualifying,https://www.formula1.com/en/results.html/2024/races/1240/great-britain/qualifying.html,18,31,OCO,Esteban Ocon,Alpine Renault,11,1:34.557,,
2024,FORMULA 1 QATAR AIRWAYS BRITISH,1240,qualifying,https://www.formula1.com/en/results.html/2024/races/1240/great-britain/qualifying.html,19,11,PER,Sergio Perez,Red Bull Racing Honda RBPT,5,1:38.348,,
2024,FORMULA 1 QATAR AIRWAYS BRITISH,1240,qualifying,https://www.formula1.com/en/results.html/2024/races/1240/great-britain/qualifying.html,20,10,GAS,Pierre Gasly,Alpine Renault,7,1:39.804,,
2024,FORMULA 1 HUNGARIAN,1241,qualifying,https://www.formula1.com/en/results.html/2024/races/1241/hungary/qualifying.html,1,4,NOR,Lando Norris,McLaren Mercedes,22,1:17.755,1:15.540,1:15.227
2024,FORMULA 1 HUNGARIAN,1241,qualifying,https://www.formula1.com/en/results.html/2024/races/1241/hungary/qualifying.html,2,81,PIA,Oscar Piastri,McLaren Mercedes,21,1:17.504,1:15.785,1:15.249
2024,FORMULA 1 HUNGARIAN,1241,qualifying,https://www.formula1.com/en/results.html/2024/races/1241/hungary/qualifying.html,3,1,VER,Max Verstappen,Red Bull Racing Honda RBPT,21,1:17.087,1:15.770,1:15.273
2024,FORMULA 1 HUNGARIAN,1241,qualifying,https://www.formula1.com/en/results.html/2024/races/1241/hungary/qualifying.html,4,55,SAI,Carlos Sainz,Ferrari,26,1:17.244,1:15.885,1:15.696
2024,FORMULA 1 HUNGARIAN,1241,qualifying,https://www.formula1.com/en/results.html/2024/races/1241/hungary/qualifying.html,5,44,HAM,Lewis Hamilton,Mercedes,24,1:17.087,1:16.307,1:15.854
2024,FORMULA 1 HUNGARIAN,1241,qualifying,https://www.formula1.com/en/results.html/2024/races/1241/hungary/qualifying.html,6,16,LEC,Charles Leclerc,Ferrari,22,1:17.437,1:15.891,1:15.905
2024,FORMULA 1 HUNGARIAN,1241,qualifying,https://www.formula1.com/en/results.html/2024/races/1241/hungary/qualifying.html,7,14,ALO,Fernando Alonso,Aston Martin Aramco Mercedes,18,1:17.624,1:16.117,1:16.043
2024,FORMULA 1 HUNGARIAN,1241,qualifying,https://www.formula1.com/en/results.html/2024/races/1241/hungary/qualifying.html,8,18,STR,Lance Stroll,Aston Martin Aramco Mercedes,22,1:17.405,1:16.075,1:16.244
2024,FORMULA 1 HUNGARIAN,1241,qualifying,https://www.formula1.com/en/results.html/2024/races/1241/hungary/qualifying.html,9,3,RIC,Daniel Ricciardo,RB Honda RBPT,20,1:17.050,1:16.202,1:16.447
2024,FORMULA 1 HUNGARIAN,1241,qualifying,https://www.formula1.com/en/results.html/2024/races/1241/hungary/qualifying.html,10,22,TSU,Yuki Tsunoda,RB Honda RBPT,20,1:17.436,1:16.121,1:16.477
2024,FORMULA 1 HUNGARIAN,1241,qualifying,https://www.formula1.com/en/results.html/2024/races/1241/hungary/qualifying.html,11,27,HUL,Nico Hulkenberg,Haas Ferrari,16,1:17.362,1:16.317,
2024,FORMULA 1 HUNGARIAN,1241,qualifying,https://www.formula1.com/en/results.html/2024/races/1241/hungary/qualifying.html,12,77,BOT,Valtteri Bottas,Kick Sauber Ferrari,19,1:17.487,1:16.384,
2024,FORMULA 1 HUNGARIAN,1241,qualifying,https://www.formula1.com/en/results.html/2024/races/1241/hungary/qualifying.html,13,23,ALB,Alexander Albon,Williams Mercedes,16,1:17.280,1:16.429,
2024,FORMULA 1 HUNGARIAN,1241,qualifying,https://www.formula1.com/en/results.html/2024/races/1241/hungary/qualifying.html,14,2,SAR,Logan Sargeant,Williams Mercedes,13,1:17.770,1:16.543,
2024,FORMULA 1 HUNGARIAN,1241,qualifying,https://www.formula1.com/en/results.html/2024/races/1241/hungary/qualifying.html,15,20,MAG,Kevin Magnussen,Haas Ferrari,15,1:17.851,1:16.548,
2024,FORMULA 1 HUNGARIAN,1241,qualifying,https://www.formula1.com/en/results.html/2024/races/1241/hungary/qualifying.html,16,11,PER,Sergio Perez,Red Bull Racing Honda RBPT,6,1:17.886,,
2024,FORMULA 1 HUNGARIAN,1241,qualifying,https://www.formula1.com/en/results.html/2024/races/1241/hungary/qualifying.html,17,63,RUS,George Russell,Mercedes,9,1:17.968,,
2024,FORMULA 1 HUNGARIAN,1241,qualifying,https://www.formula1.com/en/results.html/2024/races/1241/hungary/qualifying.html,18,24,ZHO,Zhou Guanyu,Kick Sauber Ferrari,12,1:18.037,,
2024,FORMULA 1 HUNGARIAN,1241,qualifying,https://www.formula1.com/en/results.html/2024/races/1241/hungary/qualifying.html,19,31,OCO,Esteban Ocon,Alpine Renault,6,1:18.049,,
2024,FORMULA 1 HUNGARIAN,1241,qualifying,https://www.formula1.com/en/results.html/2024/races/1241/hungary/qualifying.html,20,10,GAS,Pierre Gasly,Alpine Renault,6,1:18.166,,
2024,FORMULA 1 ROLEX BELGIAN,1242,qualifying,https://www.formula1.com/en/results.html/2024/races/1242/belgium/qualifying.html,1,1,VER,Max Verstappen,Red Bull Racing Honda RBPT,21,1:54.938,1:53.837,1:53.159
2024,FORMULA 1 ROLEX BELGIAN,1242,qualifying,https://www.formula1.com/en/results.html/2024/races/1242/belgium/qualifying.html,2,16,LEC,Charles Leclerc,Ferrari,22,1:55.349,1:54.193,1:53.754
2024,FORMULA 1 ROLEX BELGIAN,1242,qualifying,https://www.formula1.com/en/results.html/2024/races/1242/belgium/qualifying.html,3,11,PER,Sergio Perez,Red Bull Racing Honda RBPT,21,1:55.139,1:54.470,1:53.765
2024,FORMULA 1 ROLEX BELGIAN,1242,qualifying,https://www.formula1.com/en/results.html/2024/races/1242/belgium/qualifying.html,4,44,HAM,Lewis Hamilton,Mercedes,22,1:55.692,1:54.037,1:53.835
2024,FORMULA 1 ROLEX BELGIAN,1242,qualifying,https://www.formula1.com/en/results.html/2024/races/1242/belgium/qualifying.html,5,4,NOR,Lando Norris,McLaren Mercedes,24,1:55.582,1:54.358,1:53.981
2024,FORMULA 1 ROLEX BELGIAN,1242,qualifying,https://www.formula1.com/en/results.html/2024/races/1242/belgium/qualifying.html,6,81,PIA,Oscar Piastri,McLaren Mercedes,23,1:54.835,1:54.136,1:54.027
2024,FORMULA 1 ROLEX BELGIAN,1242,qualifying,https://www.formula1.com/en/results.html/2024/races/1242/belgium/qualifying.html,7,63,RUS,George Russell,Mercedes,22,1:55.353,1:54.095,1:54.184
2024,FORMULA 1 ROLEX BELGIAN,1242,qualifying,https://www.formula1.com/en/results.html/2024/races/1242/belgium/qualifying.html,8,55,SAI,Carlos Sainz,Ferrari,23,1:55.169,1:54.112,1:54.477
2024,FORMULA 1 ROLEX BELGIAN,1242,qualifying,https://www.formula1.com/en/results.html/2024/races/1242/belgium/qualifying.html,9,14,ALO,Fernando Alonso,Aston Martin Aramco Mercedes,23,1:55.489,1:54.258,1:54.765
2024,FORMULA 1 ROLEX BELGIAN,1242,qualifying,https://www.formula1.com/en/results.html/2024/races/1242/belgium/qualifying.html,10,31,OCO,Esteban Ocon,Alpine Renault,23,1:55.417,1:54.460,1:54.810
2024,FORMULA 1 ROLEX BELGIAN,1242,qualifying,https://www.formula1.com/en/results.html/2024/races/1242/belgium/qualifying.html,11,23,ALB,Alexander Albon,Williams Mercedes,16,1:55.722,1:54.473,
2024,FORMULA 1 ROLEX BELGIAN,1242,qualifying,https://www.formula1.com/en/results.html/2024/races/1242/belgium/qualifying.html,12,10,GAS,Pierre Gasly,Alpine Renault,17,1:54.911,1:54.635,
2024,FORMULA 1 ROLEX BELGIAN,1242,qualifying,https://www.formula1.com/en/results.html/2024/races/1242/belgium/qualifying.html,13,3,RIC,Daniel Ricciardo,RB Honda RBPT,14,1:55.451,1:54.682,
2024,FORMULA 1 ROLEX BELGIAN,1242,qualifying,https://www.formula1.com/en/results.html/2024/races/1242/belgium/qualifying.html,14,77,BOT,Valtteri Bottas,Kick Sauber Ferrari,17,1:55.531,1:54.764,
2024,FORMULA 1 ROLEX BELGIAN,1242,qualifying,https://www.formula1.com/en/results.html/2024/races/1242/belgium/qualifying.html,15,18,STR,Lance Stroll,Aston Martin Aramco Mercedes,17,1:56.072,1:55.716,
2024,FORMULA 1 ROLEX BELGIAN,1242,qualifying,https://www.formula1.com/en/results.html/2024/races/1242/belgium/qualifying.html,16,27,HUL,Nico Hulkenberg,Haas Ferrari,9,1:56.308,,
2024,FORMULA 1 ROLEX BELGIAN,1242,qualifying,https://www.formula1.com/en/results.html/2024/races/1242/belgium/qualifying.html,17,20,MAG,Kevin Magnussen,Haas Ferrari,9,1:56.500,,
2024,FORMULA 1 ROLEX BELGIAN,1242,qualifying,https://www.formula1.com/en/results.html/2024/races/1242/belgium/qualifying.html,18,22,TSU,Yuki Tsunoda,RB Honda RBPT,8,1:56.593,,
2024,FORMULA 1 ROLEX BELGIAN,1242,qualifying,https://www.formula1.com/en/results.html/2024/races/1242/belgium/qualifying.html,19,2,SAR,Logan Sargeant,Williams Mercedes,8,1:57.230,,
2024,FORMULA 1 ROLEX BELGIAN,1242,qualifying,https://www.formula1.com/en/results.html/2024/races/1242/belgium/qualifying.html,20,24,ZHO,Zhou Guanyu,Kick Sauber Ferrari,9,1:57.775,,
2024,FORMULA 1 HEINEKEN DUTCH,1243,qualifying,https://www.formula1.com/en/results.html/2024/races/1243/netherlands/qualifying.html,1,4,NOR,Lando Norris,McLaren Mercedes,14,1:11.377,1:10.496,1:09.673
2024,FORMULA 1 HEINEKEN DUTCH,1243,qualifying,https://www.formula1.com/en/results.html/2024/races/1243/netherlands/qualifying.html,2,1,VER,Max Verstappen,Red Bull Racing Honda RBPT,14,1:11.393,1:10.811,1:10.029
2024,FORMULA 1 HEINEKEN DUTCH,1243,qualifying,https://www.formula1.com/en/results.html/2024/races/1243/netherlands/qualifying.html,3,81,PIA,Oscar Piastri,McLaren Mercedes,16,1:11.541,1:10.505,1:10.172
2024,FORMULA 1 HEINEKEN DUTCH,1243,qualifying,https://www.formula1.com/en/results.html/2024/races/1243/netherlands/qualifying.html,4,63,RUS,George Russell,Mercedes,18,1:11.049,1:10.552,1:10.244
2024,FORMULA 1 HEINEKEN DUTCH,1243,qualifying,https://www.formula1.com/en/results.html/2024/races/1243/netherlands/qualifying.html,5,11,PER,Sergio Perez,Red Bull Racing Honda RBPT,17,1:11.006,1:10.678,1:10.416
2024,FORMULA 1 HEINEKEN DUTCH,1243,qualifying,https://www.formula1.com/en/results.html/2024/races/1243/netherlands/qualifying.html,6,16,LEC,Charles Leclerc,Ferrari,24,1:11.370,1:10.689,1:10.582
2024,FORMULA 1 HEINEKEN DUTCH,1243,qualifying,https://www.formula1.com/en/results.html/2024/races/1243/netherlands/qualifying.html,7,14,ALO,Fernando Alonso,Aston Martin Aramco Mercedes,16,1:11.493,1:10.845,1:10.633
2024,FORMULA 1 HEINEKEN DUTCH,1243,qualifying,https://www.formula1.com/en/results.html/2024/races/1243/netherlands/qualifying.html,DQ,23,ALB,Alexander Albon,Williams Mercedes,0,,,
2024,FORMULA 1 HEINEKEN DUTCH,1243,qualifying,https://www.formula1.com/en/results.html/2024/races/1243/netherlands/qualifying.html,8,18,STR,Lance Stroll,Aston Martin Aramco Mercedes,19,1:11.518,1:10.661,1:10.857
2024,FORMULA 1 HEINEKEN DUTCH,1243,qualifying,https://www.formula1.com/en/results.html/2024/races/1243/netherlands/qualifying.html,9,10,GAS,Pierre Gasly,Alpine Renault,20,1:11.718,1:10.815,1:10.977
2024,FORMULA 1 HEINEKEN DUTCH,1243,qualifying,https://www.formula1.com/en/results.html/2024/races/1243/netherlands/qualifying.html,10,55,SAI,Carlos Sainz,Ferrari,18,1:11.327,1:10.914,
2024,FORMULA 1 HEINEKEN DUTCH,1243,qualifying,https://www.formula1.com/en/results.html/2024/races/1243/netherlands/qualifying.html,11,44,HAM,Lewis Hamilton,Mercedes,13,1:11.375,1:10.948,
2024,FORMULA 1 HEINEKEN DUTCH,1243,qualifying,https://www.formula1.com/en/results.html/2024/races/1243/netherlands/qualifying.html,12,22,TSU,Yuki Tsunoda,RB Honda RBPT,15,1:11.603,1:10.955,
2024,FORMULA 1 HEINEKEN DUTCH,1243,qualifying,https://www.formula1.com/en/results.html/2024/races/1243/netherlands/qualifying.html,13,27,HUL,Nico Hulkenberg,Haas Ferrari,17,1:11.832,1:11.215,
2024,FORMULA 1 HEINEKEN DUTCH,1243,qualifying,https://www.formula1.com/en/results.html/2024/races/1243/netherlands/qualifying.html,14,20,MAG,Kevin Magnussen,Haas Ferrari,15,1:11.630,1:11.295,
2024,FORMULA 1 HEINEKEN DUTCH,1243,qualifying,https://www.formula1.com/en/results.html/2024/races/1243/netherlands/qualifying.html,15,3,RIC,Daniel Ricciardo,RB Honda RBPT,9,1:11.943,,
2024,FORMULA 1 HEINEKEN DUTCH,1243,qualifying,https://www.formula1.com/en/results.html/2024/races/1243/netherlands/qualifying.html,16,31,OCO,Esteban Ocon,Alpine Renault,9,1:11.995,,
2024,FORMULA 1 HEINEKEN DUTCH,1243,qualifying,https://www.formula1.com/en/results.html/2024/races/1243/netherlands/qualifying.html,17,77,BOT,Valtteri Bottas,Kick Sauber Ferrari,9,1:12.168,,
2024,FORMULA 1 HEINEKEN DUTCH,1243,qualifying,https://www.formula1.com/en/results.html/2024/races/1243/netherlands/qualifying.html,18,24,ZHO,Zhou Guanyu,Kick Sauber Ferrari,9,1:13.261,,
2024,ITALIA,1244,qualifying,https://www.formula1.com/en/results.html/2024/races/1244/italy/qualifying.html,1,4,NOR,Lando Norris,McLaren Mercedes,12,1:19.911,1:19.727,1:19.327
2024,ITALIA,1244,qualifying,https://www.formula1.com/en/results.html/2024/races/1244/italy/qualifying.html,2,81,PIA,Oscar Piastri,McLaren Mercedes,19,1:20.076,1:19.808,1:19.436
2024,ITALIA,1244,qualifying,https://www.formula1.com/en/results.html/2024/races/1244/italy/qualifying.html,3,63,RUS,George Russell,Mercedes,18,1:20.169,1:19.877,1:19.440
2024,ITALIA,1244,qualifying,https://www.formula1.com/en/results.html/2024/races/1244/italy/qualifying.html,4,16,LEC,Charles Leclerc,Ferrari,21,1:20.074,1:20.007,1:19.461
2024,ITALIA,1244,qualifying,https://www.formula1.com/en/results.html/2024/races/1244/italy/qualifying.html,5,55,SAI,Carlos Sainz,Ferrari,18,1:20.149,1:19.799,1:19.467
2024,ITALIA,1244,qualifying,https://www.formula1.com/en/results.html/2024/races/1244/italy/qualifying.html,6,44,HAM,Lewis Hamilton,Mercedes,18,1:20.477,1:19.641,1:19.513
2024,ITALIA,1244,qualifying,https://www.formula1.com/en/results.html/2024/races/1244/italy/qualifying.html,7,1,VER,Max Verstappen,Red Bull Racing Honda RBPT,18,1:20.226,1:19.662,1:20.022
2024,ITALIA,1244,qualifying,https://www.formula1.com/en/results.html/2024/races/1244/italy/qualifying.html,8,11,PER,Sergio Perez,Red Bull Racing Honda RBPT,17,1:20.598,1:20.216,1:20.062
2024,ITALIA,1244,qualifying,https://www.formula1.com/en/results.html/2024/races/1244/italy/qualifying.html,9,23,ALB,Alexander Albon,Williams Mercedes,18,1:20.542,1:20.314,1:20.299
2024,ITALIA,1244,qualifying,https://www.formula1.com/en/results.html/2024/races/1244/italy/qualifying.html,10,27,HUL,Nico Hulkenberg,Haas Ferrari,18,1:20.781,1:20.411,1:20.339
2024,ITALIA,1244,qualifying,https://www.formula1.com/en/results.html/2024/races/1244/italy/qualifying.html,11,14,ALO,Fernando Alonso,Aston Martin Aramco Mercedes,11,1:20.617,1:20.421,
2024,ITALIA,1244,qualifying,https://www.formula1.com/en/results.html/2024/races/1244/italy/qualifying.html,12,3,RIC,Daniel Ricciardo,RB Honda RBPT,12,1:20.901,1:20.479,
2024,ITALIA,1244,qualifying,https://www.formula1.com/en/results.html/2024/races/1244/italy/qualifying.html,13,20,MAG,Kevin Magnussen,Haas Ferrari,11,1:20.856,1:20.698,
2024,ITALIA,1244,qualifying,https://www.formula1.com/en/results.html/2024/races/1244/italy/qualifying.html,14,10,GAS,Pierre Gasly,Alpine Renault,16,1:20.748,1:20.738,
2024,ITALIA,1244,qualifying,https://www.formula1.com/en/results.html/2024/races/1244/italy/qualifying.html,15,31,OCO,Esteban Ocon,Alpine Renault,16,1:20.764,1:20.766,
2024,ITALIA,1244,qualifying,https://www.formula1.com/en/results.html/2024/races/1244/italy/qualifying.html,16,22,TSU,Yuki Tsunoda,RB Honda RBPT,6,1:20.945,,
2024,ITALIA,1244,qualifying,https://www.formula1.com/en/results.html/2024/races/1244/italy/qualifying.html,17,18,STR,Lance Stroll,Aston Martin Aramco Mercedes,6,1:21.013,,
2024,ITALIA,1244,qualifying,https://www.formula1.com/en/results.html/2024/races/1244/italy/qualifying.html,18,43,COL,Franco Colapinto,Williams Mercedes,6,1:21.061,,
2024,ITALIA,1244,qualifying,https://www.formula1.com/en/results.html/2024/races/1244/italy/qualifying.html,19,77,BOT,Valtteri Bottas,Kick Sauber Ferrari,6,1:21.101,,
2024,ITALIA,1244,qualifying,https://www.formula1.com/en/results.html/2024/races/1244/italy/qualifying.html,20,24,ZHO,Zhou Guanyu,Kick Sauber Ferrari,9,1:21.445,,
2024,FORMULA 1 QATAR AIRWAYS AZERBAIJAN,1245,qualifying,https://www.formula1.com/en/results.html/2024/races/1245/azerbaijan/qualifying.html,1,16,LEC,Charles Leclerc,Ferrari,20,1:42.775,1:42.056,1:41.365
2024,FORMULA 1 QATAR AIRWAYS AZERBAIJAN,1245,qualifying,https://www.formula1.com/en/results.html/2024/races/1245/azerbaijan/qualifying.html,2,81,PIA,Oscar Piastri,McLaren Mercedes,19,1:43.033,1:42.598,1:41.686
2024,FORMULA 1 QATAR AIRWAYS AZERBAIJAN,1245,qualifying,https://www.formula1.com/en/results.html/2024/races/1245/azerbaijan/qualifying.html,3,55,SAI,Carlos Sainz,Ferrari,23,1:43.357,1:42.503,1:41.805
2024,FORMULA 1 QATAR AIRWAYS AZERBAIJAN,1245,qualifying,https://www.formula1.com/en/results.html/2024/races/1245/azerbaijan/qualifying.html,4,11,PER,Sergio Perez,Red Bull Racing Honda RBPT,15,1:43.213,1:42.263,1:41.813
2024,FORMULA 1 QATAR AIRWAYS AZERBAIJAN,1245,qualifying,https://www.formula1.com/en/results.html/2024/races/1245/azerbaijan/qualifying.html,5,63,RUS,George Russell,Mercedes,20,1:43.139,1:42.329,1:41.874
2024,FORMULA 1 QATAR AIRWAYS AZERBAIJAN,1245,qualifying,https://www.formula1.com/en/results.html/2024/races/1245/azerbaijan/qualifying.html,6,1,VER,Max Verstappen,Red Bull Racing Honda RBPT,20,1:43.097,1:42.042,1:42.023
2024,FORMULA 1 QATAR AIRWAYS AZERBAIJAN,1245,qualifying,https://www.formula1.com/en/results.html/2024/races/1245/azerbaijan/qualifying.html,7,44,HAM,Lewis Hamilton,Mercedes,22,1:43.089,1:42.765,1:42.289
2024,FORMULA 1 QATAR AIRWAYS AZERBAIJAN,1245,qualifying,https://www.formula1.com/en/results.html/2024/races/1245/azerbaijan/qualifying.html,8,14,ALO,Fernando Alonso,Aston Martin Aramco Mercedes,19,1:43.472,1:42.426,1:42.369
2024,FORMULA 1 QATAR AIRWAYS AZERBAIJAN,1245,qualifying,https://www.formula1.com/en/results.html/2024/races/1245/azerbaijan/qualifying.html,9,43,COL,Franco Colapinto,Williams Mercedes,20,1:43.138,1:42.473,1:42.530
2024,FORMULA 1 QATAR AIRWAYS AZERBAIJAN,1245,qualifying,https://www.formula1.com/en/results.html/2024/races/1245/azerbaijan/qualifying.html,10,23,ALB,Alexander Albon,Williams Mercedes,19,1:42.899,1:42.840,1:42.859
2024,FORMULA 1 QATAR AIRWAYS AZERBAIJAN,1245,qualifying,https://www.formula1.com/en/results.html/2024/races/1245/azerbaijan/qualifying.html,11,50,BEA,Oliver Bearman,Haas Ferrari,14,1:43.471,1:42.968,
2024,FORMULA 1 QATAR AIRWAYS AZERBAIJAN,1245,qualifying,https://www.formula1.com/en/results.html/2024/races/1245/azerbaijan/qualifying.html,12,22,TSU,Yuki Tsunoda,RB Honda RBPT,16,1:43.337,1:43.035,
2024,FORMULA 1 QATAR AIRWAYS AZERBAIJAN,1245,qualifying,https://www.formula1.com/en/results.html/2024/races/1245/azerbaijan/qualifying.html,DQ,10,GAS,Pierre Gasly,Alpine Renault,0,,,
2024,FORMULA 1 QATAR AIRWAYS AZERBAIJAN,1245,qualifying,https://www.formula1.com/en/results.html/2024/races/1245/azerbaijan/qualifying.html,13,27,HUL,Nico Hulkenberg,Haas Ferrari,14,1:43.101,1:43.191,
2024,FORMULA 1 QATAR AIRWAYS AZERBAIJAN,1245,qualifying,https://www.formula1.com/en/results.html/2024/races/1245/azerbaijan/qualifying.html,14,18,STR,Lance Stroll,Aston Martin Aramco Mercedes,14,1:43.370,1:43.404,
2024,FORMULA 1 QATAR AIRWAYS AZERBAIJAN,1245,qualifying,https://www.formula1.com/en/results.html/2024/races/1245/azerbaijan/qualifying.html,15,3,RIC,Daniel Ricciardo,RB Honda RBPT,9,1:43.547,,
2024,FORMULA 1 QATAR AIRWAYS AZERBAIJAN,1245,qualifying,https://www.formula1.com/en/results.html/2024/races/1245/azerbaijan/qualifying.html,16,4,NOR,Lando Norris,McLaren Mercedes,7,1:43.609,,
2024,FORMULA 1 QATAR AIRWAYS AZERBAIJAN,1245,qualifying,https://www.formula1.com/en/results.html/2024/races/1245/azerbaijan/qualifying.html,17,77,BOT,Valtteri Bottas,Kick Sauber Ferrari,7,1:43.618,,
2024,FORMULA 1 QATAR AIRWAYS AZERBAIJAN,1245,qualifying,https://www.formula1.com/en/results.html/2024/races/1245/azerbaijan/qualifying.html,18,24,ZHO,Zhou Guanyu,Kick Sauber Ferrari,10,1:44.246,,
2024,FORMULA 1 QATAR AIRWAYS AZERBAIJAN,1245,qualifying,https://www.formula1.com/en/results.html/2024/races/1245/azerbaijan/qualifying.html,19,31,OCO,Esteban Ocon,Alpine Renault,8,1:44.504,,
2024,FORMULA 1 SINGAPORE AIRLINES SINGAPORE,1246,qualifying,https://www.formula1.com/en/results.html/2024/races/1246/singapore/qualifying.html,1,4,NOR,Lando Norris,McLaren Mercedes,16,1:30.002,1:30.007,1:29.525
2024,FORMULA 1 SINGAPORE AIRLINES SINGAPORE,1246,qualifying,https://www.formula1.com/en/results.html/2024/races/1246/singapore/qualifying.html,2,1,VER,Max Verstappen,Red Bull Racing Honda RBPT,18,1:30.157,1:29.680,1:29.728
2024,FORMULA 1 SINGAPORE AIRLINES SINGAPORE,1246,qualifying,https://www.formula1.com/en/results.html/2024/races/1246/singapore/qualifying.html,3,44,HAM,Lewis Hamilton,Mercedes,16,1:30.393,1:29.929,1:29.841
2024,FORMULA 1 SINGAPORE AIRLINES SINGAPORE,1246,qualifying,https://www.formula1.com/en/results.html/2024/races/1246/singapore/qualifying.html,4,63,RUS,George Russell,Mercedes,17,1:30.811,1:30.153,1:29.867
2024,FORMULA 1 SINGAPORE AIRLINES SINGAPORE,1246,qualifying,https://www.formula1.com/en/results.html/2024/races/1246/singapore/qualifying.html,5,81,PIA,Oscar Piastri,McLaren Mercedes,18,1:30.258,1:29.640,1:29.953
2024,FORMULA 1 SINGAPORE AIRLINES SINGAPORE,1246,qualifying,https://www.formula1.com/en/results.html/2024/races/1246/singapore/qualifying.html,6,27,HUL,Nico Hulkenberg,Haas Ferrari,18,1:30.724,1:30.150,1:30.115
2024,FORMULA 1 SINGAPORE AIRLINES SINGAPORE,1246,qualifying,https://www.formula1.com/en/results.html/2024/races/1246/singapore/qualifying.html,7,14,ALO,Fernando Alonso,Aston Martin Aramco Mercedes,17,1:30.684,1:30.450,1:30.214
2024,FORMULA 1 SINGAPORE AIRLINES SINGAPORE,1246,qualifying,https://www.formula1.com/en/results.html/2024/races/1246/singapore/qualifying.html,8,22,TSU,Yuki Tsunoda,RB Honda RBPT,17,1:30.716,1:30.289,1:30.354
2024,FORMULA 1 SINGAPORE AIRLINES SINGAPORE,1246,qualifying,https://www.formula1.com/en/results.html/2024/races/1246/singapore/qualifying.html,9,16,LEC,Charles Leclerc,Ferrari,19,1:30.786,1:29.747,DNF
2024,FORMULA 1 SINGAPORE AIRLINES SINGAPORE,1246,qualifying,https://www.formula1.com/en/results.html/2024/races/1246/singapore/qualifying.html,10,55,SAI,Carlos Sainz,Ferrari,16,1:30.670,1:30.108,DNS
2024,FORMULA 1 SINGAPORE AIRLINES SINGAPORE,1246,qualifying,https://www.formula1.com/en/results.html/2024/races/1246/singapore/qualifying.html,11,23,ALB,Alexander Albon,Williams Mercedes,12,1:30.679,1:30.474,
2024,FORMULA 1 SINGAPORE AIRLINES SINGAPORE,1246,qualifying,https://www.formula1.com/en/results.html/2024/races/1246/singapore/qualifying.html,12,43,COL,Franco Colapinto,Williams Mercedes,12,1:30.704,1:30.481,
2024,FORMULA 1 SINGAPORE AIRLINES SINGAPORE,1246,qualifying,https://www.formula1.com/en/results.html/2024/races/1246/singapore/qualifying.html,13,11,PER,Sergio Perez,Red Bull Racing Honda RBPT,14,1:30.624,1:30.579,
2024,FORMULA 1 SINGAPORE AIRLINES SINGAPORE,1246,qualifying,https://www.formula1.com/en/results.html/2024/races/1246/singapore/qualifying.html,14,20,MAG,Kevin Magnussen,Haas Ferrari,12,1:30.829,1:30.653,
2024,FORMULA 1 SINGAPORE AIRLINES SINGAPORE,1246,qualifying,https://www.formula1.com/en/results.html/2024/races/1246/singapore/qualifying.html,15,31,OCO,Esteban Ocon,Alpine Renault,15,1:30.958,1:30.769,
2024,FORMULA 1 SINGAPORE AIRLINES SINGAPORE,1246,qualifying,https://www.formula1.com/en/results.html/2024/races/1246/singapore/qualifying.html,16,3,RIC,Daniel Ricciardo,RB Honda RBPT,6,1:31.085,,
2024,FORMULA 1 SINGAPORE AIRLINES SINGAPORE,1246,qualifying,https://www.formula1.com/en/results.html/2024/races/1246/singapore/qualifying.html,17,18,STR,Lance Stroll,Aston Martin Aramco Mercedes,6,1:31.094,,
2024,FORMULA 1 SINGAPORE AIRLINES SINGAPORE,1246,qualifying,https://www.formula1.com/en/results.html/2024/races/1246/singapore/qualifying.html,18,10,GAS,Pierre Gasly,Alpine Renault,9,1:31.312,,
2024,FORMULA 1 SINGAPORE AIRLINES SINGAPORE,1246,qualifying,https://www.formula1.com/en/results.html/2024/races/1246/singapore/qualifying.html,19,77,BOT,Valtteri Bottas,Kick Sauber Ferrari,9,1:31.572,,
2024,FORMULA 1 SINGAPORE AIRLINES SINGAPORE,1246,qualifying,https://www.formula1.com/en/results.html/2024/races/1246/singapore/qualifying.html,20,24,ZHO,Zhou Guanyu,Kick Sauber Ferrari,9,1:32.054,,
2024,FORMULA 1 PIRELLI UNITED STATES,1247,qualifying,https://www.formula1.com/en/results.html/2024/races/1247/united-states/qualifying.html,1,4,NOR,Lando Norris,McLaren Mercedes,16,1:33.616,1:32.851,1:32.330
2024,FORMULA 1 PIRELLI UNITED STATES,1247,qualifying,https://www.formula1.com/en/results.html/2024/races/1247/united-states/qualifying.html,2,1,VER,Max Verstappen,Red Bull Racing Honda RBPT,17,1:33.046,1:32.584,1:32.361
2024,FORMULA 1 PIRELLI UNITED STATES,1247,qualifying,https://www.formula1.com/en/results.html/2024/races/1247/united-states/qualifying.html,3,55,SAI,Carlos Sainz,Ferrari,19,1:33.556,1:32.836,1:32.652
2024,FORMULA 1 PIRELLI UNITED STATES,1247,qualifying,https://www.formula1.com/en/results.html/2024/races/1247/united-states/qualifying.html,4,16,LEC,Charles Leclerc,Ferrari,20,1:33.241,1:32.962,1:32.740
2024,FORMULA 1 PIRELLI UNITED STATES,1247,qualifying,https://www.formula1.com/en/results.html/2024/races/1247/united-states/qualifying.html,5,81,PIA,Oscar Piastri,McLaren Mercedes,19,1:33.864,1:33.057,1:32.950
2024,FORMULA 1 PIRELLI UNITED STATES,1247,qualifying,https://www.formula1.com/en/results.html/2024/races/1247/united-states/qualifying.html,6,63,RUS,George Russell,Mercedes,15,1:33.536,1:33.142,1:32.974
2024,FORMULA 1 PIRELLI UNITED STATES,1247,qualifying,https://www.formula1.com/en/results.html/2024/races/1247/united-states/qualifying.html,7,10,GAS,Pierre Gasly,Alpine Renault,20,1:33.550,1:33.162,1:33.018
2024,FORMULA 1 PIRELLI UNITED STATES,1247,qualifying,https://www.formula1.com/en/results.html/2024/races/1247/united-states/qualifying.html,8,14,ALO,Fernando Alonso,Aston Martin Aramco Mercedes,18,1:33.973,1:33.429,1:33.309
2024,FORMULA 1 PIRELLI UNITED STATES,1247,qualifying,https://www.formula1.com/en/results.html/2024/races/1247/united-states/qualifying.html,9,20,MAG,Kevin Magnussen,Haas Ferrari,17,1:33.564,1:33.474,1:33.481
2024,FORMULA 1 PIRELLI UNITED STATES,1247,qualifying,https://www.formula1.com/en/results.html/2024/races/1247/united-states/qualifying.html,10,11,PER,Sergio Perez,Red Bull Racing Honda RBPT,17,1:33.611,1:33.020,DNF
2024,FORMULA 1 PIRELLI UNITED STATES,1247,qualifying,https://www.formula1.com/en/results.html/2024/races/1247/united-states/qualifying.html,11,22,TSU,Yuki Tsunoda,RB Honda RBPT,14,1:33.795,1:33.506,
2024,FORMULA 1 PIRELLI UNITED STATES,1247,qualifying,https://www.formula1.com/en/results.html/2024/races/1247/united-states/qualifying.html,12,27,HUL,Nico Hulkenberg,Haas Ferrari,12,1:33.601,1:33.544,
2024,FORMULA 1 PIRELLI UNITED STATES,1247,qualifying,https://www.formula1.com/en/results.html/2024/races/1247/united-states/qualifying.html,13,31,OCO,Esteban Ocon,Alpine Renault,15,1:33.986,1:33.597,
2024,FORMULA 1 PIRELLI UNITED STATES,1247,qualifying,https://www.formula1.com/en/results.html/2024/races/1247/united-states/qualifying.html,14,18,STR,Lance Stroll,Aston Martin Aramco Mercedes,14,1:34.033,1:33.759,
2024,FORMULA 1 PIRELLI UNITED STATES,1247,qualifying,https://www.formula1.com/en/results.html/2024/races/1247/united-states/qualifying.html,15,30,LAW,Liam Lawson,RB Honda RBPT,11,1:33.339,DNS,
2024,FORMULA 1 PIRELLI UNITED STATES,1247,qualifying,https://www.formula1.com/en/results.html/2024/races/1247/united-states/qualifying.html,16,23,ALB,Alexander Albon,Williams Mercedes,8,1:34.051,,
2024,FORMULA 1 PIRELLI UNITED STATES,1247,qualifying,https://www.formula1.com/en/results.html/2024/races/1247/united-states/qualifying.html,17,43,COL,Franco Colapinto,Williams Mercedes,6,1:34.062,,
2024,FORMULA 1 PIRELLI UNITED STATES,1247,qualifying,https://www.formula1.com/en/results.html/2024/races/1247/united-states/qualifying.html,18,77,BOT,Valtteri Bottas,Kick Sauber Ferrari,9,1:34.152,,
2024,FORMULA 1 PIRELLI UNITED STATES,1247,qualifying,https://www.formula1.com/en/results.html/2024/races/1247/united-states/qualifying.html,19,44,HAM,Lewis Hamilton,Mercedes,6,1:34.154,,
2024,FORMULA 1 PIRELLI UNITED STATES,1247,qualifying,https://www.formula1.com/en/results.html/2024/races/1247/united-states/qualifying.html,20,24,ZHO,Zhou Guanyu,Kick Sauber Ferrari,9,1:34.228,,
2024,FORMULA 1 GRAN PREMIO DE LA CIUDAD DE MÉXICO,1248,qualifying,https://www.formula1.com/en/results.html/2024/races/1248/mexico/qualifying.html,1,55,SAI,Carlos Sainz,Ferrari,21,1:16.778,1:16.515,1:15.946
2024,FORMULA 1 GRAN PREMIO DE LA CIUDAD DE MÉXICO,1248,qualifying,https://www.formula1.com/en/results.html/2024/races/1248/mexico/qualifying.html,2,1,VER,Max Verstappen,Red Bull Racing Honda RBPT,18,1:16.803,1:16.514,1:16.171
2024,FORMULA 1 GRAN PREMIO DE LA CIUDAD DE MÉXICO,1248,qualifying,https://www.formula1.com/en/results.html/2024/races/1248/mexico/qualifying.html,3,4,NOR,Lando Norris,McLaren Mercedes,15,1:16.505,1:16.301,1:16.260
2024,FORMULA 1 GRAN PREMIO DE LA CIUDAD DE MÉXICO,1248,qualifying,https://www.formula1.com/en/results.html/2024/races/1248/mexico/qualifying.html,4,16,LEC,Charles Leclerc,Ferrari,21,1:16.972,1:16.641,1:16.265
2024,FORMULA 1 GRAN PREMIO DE LA CIUDAD DE MÉXICO,1248,qualifying,https://www.formula1.com/en/results.html/2024/races/1248/mexico/qualifying.html,5,63,RUS,George Russell,Mercedes,19,1:17.194,1:16.937,1:16.356
2024,FORMULA 1 GRAN PREMIO DE LA CIUDAD DE MÉXICO,1248,qualifying,https://www.formula1.com/en/results.html/2024/races/1248/mexico/qualifying.html,6,44,HAM,Lewis Hamilton,Mercedes,19,1:17.306,1:16.973,1:16.651
2024,FORMULA 1 GRAN PREMIO DE LA CIUDAD DE MÉXICO,1248,qualifying,https://www.formula1.com/en/results.html/2024/races/1248/mexico/qualifying.html,7,20,MAG,Kevin Magnussen,Haas Ferrari,18,1:17.125,1:17.003,1:16.886
2024,FORMULA 1 GRAN PREMIO DE LA CIUDAD DE MÉXICO,1248,qualifying,https://www.formula1.com/en/results.html/2024/races/1248/mexico/qualifying.html,8,10,GAS,Pierre Gasly,Alpine Renault,18,1:17.149,1:17.048,1:16.892
2024,FORMULA 1 GRAN PREMIO DE LA CIUDAD DE MÉXICO,1248,qualifying,https://www.formula1.com/en/results.html/2024/races/1248/mexico/qualifying.html,9,23,ALB,Alexander Albon,Williams Mercedes,18,1:17.189,1:16.988,1:17.065
2024,FORMULA 1 GRAN PREMIO DE LA CIUDAD DE MÉXICO,1248,qualifying,https://www.formula1.com/en/results.html/2024/races/1248/mexico/qualifying.html,10,27,HUL,Nico Hulkenberg,Haas Ferrari,18,1:17.186,1:16.995,1:17.365
2024,FORMULA 1 GRAN PREMIO DE LA CIUDAD DE MÉXICO,1248,qualifying,https://www.formula1.com/en/results.html/2024/races/1248/mexico/qualifying.html,11,22,TSU,Yuki Tsunoda,RB Honda RBPT,11,1:17.182,1:17.129,
2024,FORMULA 1 GRAN PREMIO DE LA CIUDAD DE MÉXICO,1248,qualifying,https://www.formula1.com/en/results.html/2024/races/1248/mexico/qualifying.html,12,30,LAW,Liam Lawson,RB Honda RBPT,11,1:17.380,1:17.162,
2024,FORMULA 1 GRAN PREMIO DE LA CIUDAD DE MÉXICO,1248,qualifying,https://www.formula1.com/en/results.html/2024/races/1248/mexico/qualifying.html,13,14,ALO,Fernando Alonso,Aston Martin Aramco Mercedes,13,1:17.307,1:17.168,
2024,FORMULA 1 GRAN PREMIO DE LA CIUDAD DE MÉXICO,1248,qualifying,https://www.formula1.com/en/results.html/2024/races/1248/mexico/qualifying.html,14,18,STR,Lance Stroll,Aston Martin Aramco Mercedes,14,1:17.407,1:17.294,
2024,FORMULA 1 GRAN PREMIO DE LA CIUDAD DE MÉXICO,1248,qualifying,https://www.formula1.com/en/results.html/2024/races/1248/mexico/qualifying.html,15,77,BOT,Valtteri Bottas,Kick Sauber Ferrari,14,1:17.393,1:17.817,
2024,FORMULA 1 GRAN PREMIO DE LA CIUDAD DE MÉXICO,1248,qualifying,https://www.formula1.com/en/results.html/2024/races/1248/mexico/qualifying.html,16,43,COL,Franco Colapinto,Williams Mercedes,6,1:17.558,,
2024,FORMULA 1 GRAN PREMIO DE LA CIUDAD DE MÉXICO,1248,qualifying,https://www.formula1.com/en/results.html/2024/races/1248/mexico/qualifying.html,17,81,PIA,Oscar Piastri,McLaren Mercedes,8,1:17.597,,
2024,FORMULA 1 GRAN PREMIO DE LA CIUDAD DE MÉXICO,1248,qualifying,https://www.formula1.com/en/results.html/2024/races/1248/mexico/qualifying.html,18,11,PER,Sergio Perez,Red Bull Racing Honda RBPT,9,1:17.611,,
2024,FORMULA 1 GRAN PREMIO DE LA CIUDAD DE MÉXICO,1248,qualifying,https://www.formula1.com/en/results.html/2024/races/1248/mexico/qualifying.html,19,31,OCO,Esteban Ocon,Alpine Renault,9,1:17.617,,
2024,FORMULA 1 GRAN PREMIO DE LA CIUDAD DE MÉXICO,1248,qualifying,https://www.formula1.com/en/results.html/2024/races/1248/mexico/qualifying.html,20,24,ZHO,Zhou Guanyu,Kick Sauber Ferrari,9,1:18.072,,
2024,FORMULA 1 LENOVO GRANDE PRÊMIO DE SÃO PAULO,1249,qualifying,https://www.formula1.com/en/results.html/2024/races/1249/brazil/qualifying.html,1,4,NOR,Lando Norris,McLaren Mercedes,33,1:30.944,1:24.844,1:23.405
2024,FORMULA 1 LENOVO GRANDE PRÊMIO DE SÃO PAULO,1249,qualifying,https://www.formula1.com/en/results.html/2024/races/1249/brazil/qualifying.html,2,63,RUS,George Russell,Mercedes,29,1:29.121,1:26.307,1:23.578
2024,FORMULA 1 LENOVO GRANDE PRÊMIO DE SÃO PAULO,1249,qualifying,https://www.formula1.com/en/results.html/2024/races/1249/brazil/qualifying.html,3,22,TSU,Yuki Tsunoda,RB Honda RBPT,30,1:29.172,1:26.464,1:24.111
2024,FORMULA 1 LENOVO GRANDE PRÊMIO DE SÃO PAULO,1249,qualifying,https://www.formula1.com/en/results.html/2024/races/1249/brazil/qualifying.html,4,31,OCO,Esteban Ocon,Alpine Renault,31,1:29.171,1:26.206,1:24.475
2024,FORMULA 1 LENOVO GRANDE PRÊMIO DE SÃO PAULO,1249,qualifying,https://www.formula1.com/en/results.html/2024/races/1249/brazil/qualifying.html,5,30,LAW,Liam Lawson,RB Honda RBPT,30,1:30.758,1:25.654,1:24.484
2024,FORMULA 1 LENOVO GRANDE PRÊMIO DE SÃO PAULO,1249,qualifying,https://www.formula1.com/en/results.html/2024/races/1249/brazil/qualifying.html,6,16,LEC,Charles Leclerc,Ferrari,29,1:29.839,1:26.097,1:24.525
2024,FORMULA 1 LENOVO GRANDE PRÊMIO DE SÃO PAULO,1249,qualifying,https://www.formula1.com/en/results.html/2024/races/1249/brazil/qualifying.html,7,23,ALB,Alexander Albon,Williams Mercedes,28,1:29.072,1:25.889,1:24.657
2024,FORMULA 1 LENOVO GRANDE PRÊMIO DE SÃO PAULO,1249,qualifying,https://www.formula1.com/en/results.html/2024/races/1249/brazil/qualifying.html,8,81,PIA,Oscar Piastri,McLaren Mercedes,28,1:30.114,1:25.179,1:24.686
2024,FORMULA 1 LENOVO GRANDE PRÊMIO DE SÃO PAULO,1249,qualifying,https://www.formula1.com/en/results.html/2024/races/1249/brazil/qualifying.html,9,14,ALO,Fernando Alonso,Aston Martin Aramco Mercedes,21,1:30.207,1:25.035,1:28.998
2024,FORMULA 1 LENOVO GRANDE PRÊMIO DE SÃO PAULO,1249,qualifying,https://www.formula1.com/en/results.html/2024/races/1249/brazil/qualifying.html,10,18,STR,Lance Stroll,Aston Martin Aramco Mercedes,19,1:30.580,1:26.334,
2024,FORMULA 1 LENOVO GRANDE PRÊMIO DE SÃO PAULO,1249,qualifying,https://www.formula1.com/en/results.html/2024/races/1249/brazil/qualifying.html,11,77,BOT,Valtteri Bottas,Kick Sauber Ferrari,21,1:30.633,1:26.472,
2024,FORMULA 1 LENOVO GRANDE PRÊMIO DE SÃO PAULO,1249,qualifying,https://www.formula1.com/en/results.html/2024/races/1249/brazil/qualifying.html,12,1,VER,Max Verstappen,Red Bull Racing Honda RBPT,19,1:28.522,1:27.771,
2024,FORMULA 1 LENOVO GRANDE PRÊMIO DE SÃO PAULO,1249,qualifying,https://www.formula1.com/en/results.html/2024/races/1249/brazil/qualifying.html,13,11,PER,Sergio Perez,Red Bull Racing Honda RBPT,18,1:30.035,1:28.158,
2024,FORMULA 1 LENOVO GRANDE PRÊMIO DE SÃO PAULO,1249,qualifying,https://www.formula1.com/en/results.html/2024/races/1249/brazil/qualifying.html,14,55,SAI,Carlos Sainz,Ferrari,17,1:30.303,1:29.406,
2024,FORMULA 1 LENOVO GRANDE PRÊMIO DE SÃO PAULO,1249,qualifying,https://www.formula1.com/en/results.html/2024/races/1249/brazil/qualifying.html,15,10,GAS,Pierre Gasly,Alpine Renault,21,1:29.420,1:29.614,
2024,FORMULA 1 LENOVO GRANDE PRÊMIO DE SÃO PAULO,1249,qualifying,https://www.formula1.com/en/results.html/2024/races/1249/brazil/qualifying.html,16,44,HAM,Lewis Hamilton,Mercedes,11,1:31.150,,
2024,FORMULA 1 LENOVO GRANDE PRÊMIO DE SÃO PAULO,1249,qualifying,https://www.formula1.com/en/results.html/2024/races/1249/brazil/qualifying.html,17,50,BEA,Oliver Bearman,Haas Ferrari,11,1:31.229,,
2024,FORMULA 1 LENOVO GRANDE PRÊMIO DE SÃO PAULO,1249,qualifying,https://www.formula1.com/en/results.html/2024/races/1249/brazil/qualifying.html,18,43,COL,Franco Colapinto,Williams Mercedes,5,1:31.270,,
2024,FORMULA 1 LENOVO GRANDE PRÊMIO DE SÃO PAULO,1249,qualifying,https://www.formula1.com/en/results.html/2024/races/1249/brazil/qualifying.html,19,27,HUL,Nico Hulkenberg,Haas Ferrari,12,1:31.623,,
2024,FORMULA 1 LENOVO GRANDE PRÊMIO DE SÃO PAULO,1249,qualifying,https://www.formula1.com/en/results.html/2024/races/1249/brazil/qualifying.html,20,24,ZHO,Zhou Guanyu,Kick Sauber Ferrari,12,1:32.263,,
2024,FORMULA 1 HEINEKEN SILVER LAS VEGAS,1250,qualifying,https://www.formula1.com/en/results.html/2024/races/1250/las-vegas/qualifying.html,1,63,RUS,George Russell,Mercedes,25,1:33.186,1:32.779,1:32.312
2024,FORMULA 1 HEINEKEN SILVER LAS VEGAS,1250,qualifying,https://www.formula1.com/en/results.html/2024/races/1250/las-vegas/qualifying.html,2,55,SAI,Carlos Sainz,Ferrari,24,1:33.484,1:32.711,1:32.410
2024,FORMULA 1 HEINEKEN SILVER LAS VEGAS,1250,qualifying,https://www.formula1.com/en/results.html/2024/races/1250/las-vegas/qualifying.html,3,10,GAS,Pierre Gasly,Alpine Renault,25,1:33.691,1:32.879,1:32.664
2024,FORMULA 1 HEINEKEN SILVER LAS VEGAS,1250,qualifying,https://www.formula1.com/en/results.html/2024/races/1250/las-vegas/qualifying.html,4,16,LEC,Charles Leclerc,Ferrari,23,1:33.446,1:33.016,1:32.783
2024,FORMULA 1 HEINEKEN SILVER LAS VEGAS,1250,qualifying,https://www.formula1.com/en/results.html/2024/races/1250/las-vegas/qualifying.html,5,1,VER,Max Verstappen,Red Bull Racing Honda RBPT,21,1:33.299,1:33.085,1:32.797
2024,FORMULA 1 HEINEKEN SILVER LAS VEGAS,1250,qualifying,https://www.formula1.com/en/results.html/2024/races/1250/las-vegas/qualifying.html,6,4,NOR,Lando Norris,McLaren Mercedes,20,1:33.592,1:33.099,1:33.008
2024,FORMULA 1 HEINEKEN SILVER LAS VEGAS,1250,qualifying,https://www.formula1.com/en/results.html/2024/races/1250/las-vegas/qualifying.html,7,22,TSU,Yuki Tsunoda,RB Honda RBPT,25,1:33.789,1:33.089,1:33.029
2024,FORMULA 1 HEINEKEN SILVER LAS VEGAS,1250,qualifying,https://www.formula1.com/en/results.html/2024/races/1250/las-vegas/qualifying.html,8,81,PIA,Oscar Piastri,McLaren Mercedes,21,1:33.450,1:33.024,1:33.033
2024,FORMULA 1 HEINEKEN SILVER LAS VEGAS,1250,qualifying,https://www.formula1.com/en/results.html/2024/races/1250/las-vegas/qualifying.html,9,27,HUL,Nico Hulkenberg,Haas Ferrari,17,1:33.920,1:33.114,1:33.062
2024,FORMULA 1 HEINEKEN SILVER LAS VEGAS,1250,qualifying,https://www.formula1.com/en/results.html/2024/races/1250/las-vegas/qualifying.html,10,44,HAM,Lewis Hamilton,Mercedes,24,1:33.225,1:32.567,1:48.106
2024,FORMULA 1 HEINEKEN SILVER LAS VEGAS,1250,qualifying,https://www.formula1.com/en/results.html/2024/races/1250/las-vegas/qualifying.html,11,31,OCO,Esteban Ocon,Alpine Renault,18,1:33.968,1:33.221,
2024,FORMULA 1 HEINEKEN SILVER LAS VEGAS,1250,qualifying,https://www.formula1.com/en/results.html/2024/races/1250/las-vegas/qualifying.html,12,20,MAG,Kevin Magnussen,Haas Ferrari,12,1:33.991,1:33.297,
2024,FORMULA 1 HEINEKEN SILVER LAS VEGAS,1250,qualifying,https://www.formula1.com/en/results.html/2024/races/1250/las-vegas/qualifying.html,13,24,ZHO,Zhou Guanyu,Kick Sauber Ferrari,17,1:34.079,1:33.566,
2024,FORMULA 1 HEINEKEN SILVER LAS VEGAS,1250,qualifying,https://www.formula1.com/en/results.html/2024/races/1250/las-vegas/qualifying.html,14,43,COL,Franco Colapinto,Williams Mercedes,16,1:33.746,1:33.749,
2024,FORMULA 1 HEINEKEN SILVER LAS VEGAS,1250,qualifying,https://www.formula1.com/en/results.html/2024/races/1250/las-vegas/qualifying.html,15,30,LAW,Liam Lawson,RB Honda RBPT,17,1:34.087,1:34.257,
2024,FORMULA 1 HEINEKEN SILVER LAS VEGAS,1250,qualifying,https://www.formula1.com/en/results.html/2024/races/1250/las-vegas/qualifying.html,16,11,PER,Sergio Perez,Red Bull Racing Honda RBPT,10,1:34.155,,
2024,FORMULA 1 HEINEKEN SILVER LAS VEGAS,1250,qualifying,https://www.formula1.com/en/results.html/2024/races/1250/las-vegas/qualifying.html,17,14,ALO,Fernando Alonso,Aston Martin Aramco Mercedes,9,1:34.258,,
2024,FORMULA 1 HEINEKEN SILVER LAS VEGAS,1250,qualifying,https://www.formula1.com/en/results.html/2024/races/1250/las-vegas/qualifying.html,18,23,ALB,Alexander Albon,Williams Mercedes,10,1:34.425,,
2024,FORMULA 1 HEINEKEN SILVER LAS VEGAS,1250,qualifying,https://www.formula1.com/en/results.html/2024/races/1250/las-vegas/qualifying.html,19,77,BOT,Valtteri Bottas,Kick Sauber Ferrari,10,1:34.430,,
2024,FORMULA 1 HEINEKEN SILVER LAS VEGAS,1250,qualifying,https://www.formula1.com/en/results.html/2024/races/1250/las-vegas/qualifying.html,20,18,STR,Lance Stroll,Aston Martin Aramco Mercedes,3,1:34.484,,
2024,FORMULA 1 QATAR AIRWAYS QATAR,1251,qualifying,https://www.formula1.com/en/results.html/2024/races/1251/qatar/qualifying.html,1,1,VER,Max Verstappen,Red Bull Racing Honda RBPT,22,1:21.579,1:20.687,1:20.520
2024,FORMULA 1 QATAR AIRWAYS QATAR,1251,qualifying,https://www.formula1.com/en/results.html/2024/races/1251/qatar/qualifying.html,2,63,RUS,George Russell,Mercedes,28,1:21.241,1:21.069,1:20.575
2024,FORMULA 1 QATAR AIRWAYS QATAR,1251,qualifying,https://www.formula1.com/en/results.html/2024/races/1251/qatar/qualifying.html,3,4,NOR,Lando Norris,McLaren Mercedes,22,1:21.578,1:20.983,1:20.772
2024,FORMULA 1 QATAR AIRWAYS QATAR,1251,qualifying,https://www.formula1.com/en/results.html/2024/races/1251/qatar/qualifying.html,4,81,PIA,Oscar Piastri,McLaren Mercedes,22,1:21.821,1:21.121,1:20.829
2024,FORMULA 1 QATAR AIRWAYS QATAR,1251,qualifying,https://www.formula1.com/en/results.html/2024/races/1251/qatar/qualifying.html,5,16,LEC,Charles Leclerc,Ferrari,26,1:21.278,1:21.000,1:20.852
2024,FORMULA 1 QATAR AIRWAYS QATAR,1251,qualifying,https://www.formula1.com/en/results.html/2024/races/1251/qatar/qualifying.html,6,44,HAM,Lewis Hamilton,Mercedes,27,1:21.637,1:21.095,1:21.011
2024,FORMULA 1 QATAR AIRWAYS QATAR,1251,qualifying,https://www.formula1.com/en/results.html/2024/races/1251/qatar/qualifying.html,7,55,SAI,Carlos Sainz,Ferrari,26,1:21.447,1:21.199,1:21.041
2024,FORMULA 1 QATAR AIRWAYS QATAR,1251,qualifying,https://www.formula1.com/en/results.html/2024/races/1251/qatar/qualifying.html,8,14,ALO,Fernando Alonso,Aston Martin Aramco Mercedes,19,1:21.608,1:21.208,1:21.251
2024,FORMULA 1 QATAR AIRWAYS QATAR,1251,qualifying,https://www.formula1.com/en/results.html/2024/races/1251/qatar/qualifying.html,9,11,PER,Sergio Perez,Red Bull Racing Honda RBPT,22,1:21.675,1:21.425,1:21.425
2024,FORMULA 1 QATAR AIRWAYS QATAR,1251,qualifying,https://www.formula1.com/en/results.html/2024/races/1251/qatar/qualifying.html,10,20,MAG,Kevin Magnussen,Haas Ferrari,26,1:21.891,1:21.387,1:21.500
2024,FORMULA 1 QATAR AIRWAYS QATAR,1251,qualifying,https://www.formula1.com/en/results.html/2024/races/1251/qatar/qualifying.html,11,10,GAS,Pierre Gasly,Alpine Renault,18,1:21.843,1:21.437,
2024,FORMULA 1 QATAR AIRWAYS QATAR,1251,qualifying,https://www.formula1.com/en/results.html/2024/races/1251/qatar/qualifying.html,12,24,ZHO,Zhou Guanyu,Kick Sauber Ferrari,19,1:22.103,1:21.501,
2024,FORMULA 1 QATAR AIRWAYS QATAR,1251,qualifying,https://www.formula1.com/en/results.html/2024/races/1251/qatar/qualifying.html,13,77,BOT,Valtteri Bottas,Kick Sauber Ferrari,19,1:21.927,1:21.731,
2024,FORMULA 1 QATAR AIRWAYS QATAR,1251,qualifying,https://www.formula1.com/en/results.html/2024/races/1251/qatar/qualifying.html,14,22,TSU,Yuki Tsunoda,RB Honda RBPT,16,1:22.364,1:21.771,
2024,FORMULA 1 QATAR AIRWAYS QATAR,1251,qualifying,https://www.formula1.com/en/results.html/2024/races/1251/qatar/qualifying.html,15,18,STR,Lance Stroll,Aston Martin Aramco Mercedes,14,1:22.011,1:21.911,
2024,FORMULA 1 QATAR AIRWAYS QATAR,1251,qualifying,https://www.formula1.com/en/results.html/2024/races/1251/qatar/qualifying.html,16,23,ALB,Alexander Albon,Williams Mercedes,9,1:22.390,,
2024,FORMULA 1 QATAR AIRWAYS QATAR,1251,qualifying,https://www.formula1.com/en/results.html/2024/races/1251/qatar/qualifying.html,17,30,LAW,Liam Lawson,RB Honda RBPT,10,1:22.411,,
2024,FORMULA 1 QATAR AIRWAYS QATAR,1251,qualifying,https://www.formula1.com/en/results.html/2024/races/1251/qatar/qualifying.html,18,27,HUL,Nico Hulkenberg,Haas Ferrari,10,1:22.442,,
2024,FORMULA 1 QATAR AIRWAYS QATAR,1251,qualifying,https://www.formula1.com/en/results.html/2024/races/1251/qatar/qualifying.html,19,43,COL,Franco Colapinto,Williams Mercedes,9,1:22.594,,
2024,FORMULA 1 QATAR AIRWAYS QATAR,1251,qualifying,https://www.formula1.com/en/results.html/2024/races/1251/qatar/qualifying.html,20,31,OCO,Esteban Ocon,Alpine Renault,10,1:22.714,,
2024,FORMULA 1 ETIHAD AIRWAYS ABU DHABI,1252,qualifying,https://www.formula1.com/en/results.html/2024/races/1252/abu-dhabi/qualifying.html,1,4,NOR,Lando Norris,McLaren Mercedes,16,1:23.682,1:23.098,1:22.595
2024,FORMULA 1 ETIHAD AIRWAYS ABU DHABI,1252,qualifying,https://www.formula1.com/en/results.html/2024/races/1252/abu-dhabi/qualifying.html,2,81,PIA,Oscar Piastri,McLaren Mercedes,16,1:23.640,1:23.199,1:22.804
2024,FORMULA 1 ETIHAD AIRWAYS ABU DHABI,1252,qualifying,https://www.formula1.com/en/results.html/2024/races/1252/abu-dhabi/qualifying.html,3,55,SAI,Carlos Sainz,Ferrari,16,1:23.487,1:22.985,1:22.824
2024,FORMULA 1 ETIHAD AIRWAYS ABU DHABI,1252,qualifying,https://www.formula1.com/en/results.html/2024/races/1252/abu-dhabi/qualifying.html,4,27,HUL,Nico Hulkenberg,Haas Ferrari,17,1:23.722,1:23.040,1:22.886
2024,FORMULA 1 ETIHAD AIRWAYS ABU DHABI,1252,qualifying,https://www.formula1.com/en/results.html/2024/races/1252/abu-dhabi/qualifying.html,5,1,VER,Max Verstappen,Red Bull Racing Honda RBPT,15,1:23.516,1:22.998,1:22.945
2024,FORMULA 1 ETIHAD AIRWAYS ABU DHABI,1252,qualifying,https://www.formula1.com/en/results.html/2024/races/1252/abu-dhabi/qualifying.html,6,10,GAS,Pierre Gasly,Alpine Renault,18,1:23.548,1:23.086,1:22.984
2024,FORMULA 1 ETIHAD AIRWAYS ABU DHABI,1252,qualifying,https://www.formula1.com/en/results.html/2024/races/1252/abu-dhabi/qualifying.html,7,63,RUS,George Russell,Mercedes,19,1:23.678,1:23.283,1:23.132
2024,FORMULA 1 ETIHAD AIRWAYS ABU DHABI,1252,qualifying,https://www.formula1.com/en/results.html/2024/races/1252/abu-dhabi/qualifying.html,8,14,ALO,Fernando Alonso,Aston Martin Aramco Mercedes,19,1:23.794,1:23.268,1:23.196
2024,FORMULA 1 ETIHAD AIRWAYS ABU DHABI,1252,qualifying,https://www.formula1.com/en/results.html/2024/races/1252/abu-dhabi/qualifying.html,9,77,BOT,Valtteri Bottas,Kick Sauber Ferrari,15,1:23.481,1:23.341,1:23.204
2024,FORMULA 1 ETIHAD AIRWAYS ABU DHABI,1252,qualifying,https://www.formula1.com/en/results.html/2024/races/1252/abu-dhabi/qualifying.html,10,11,PER,Sergio Perez,Red Bull Racing Honda RBPT,18,1:23.559,1:23.379,1:23.264
2024,FORMULA 1 ETIHAD AIRWAYS ABU DHABI,1252,qualifying,https://www.formula1.com/en/results.html/2024/races/1252/abu-dhabi/qualifying.html,11,22,TSU,Yuki Tsunoda,RB Honda RBPT,12,1:23.735,1:23.419,
2024,FORMULA 1 ETIHAD AIRWAYS ABU DHABI,1252,qualifying,https://www.formula1.com/en/results.html/2024/races/1252/abu-dhabi/qualifying.html,12,30,LAW,Liam Lawson,RB Honda RBPT,12,1:23.733,1:23.472,
2024,FORMULA 1 ETIHAD AIRWAYS ABU DHABI,1252,qualifying,https://www.formula1.com/en/results.html/2024/races/1252/abu-dhabi/qualifying.html,13,18,STR,Lance Stroll,Aston Martin Aramco Mercedes,14,1:23.729,1:23.784,
2024,FORMULA 1 ETIHAD AIRWAYS ABU DHABI,1252,qualifying,https://www.formula1.com/en/results.html/2024/races/1252/abu-dhabi/qualifying.html,14,16,LEC,Charles Leclerc,Ferrari,12,1:23.302,1:23.833,
2024,FORMULA 1 ETIHAD AIRWAYS ABU DHABI,1252,qualifying,https://www.formula1.com/en/results.html/2024/races/1252/abu-dhabi/qualifying.html,15,20,MAG,Kevin Magnussen,Haas Ferrari,11,1:23.632,1:23.877,
2024,FORMULA 1 ETIHAD AIRWAYS ABU DHABI,1252,qualifying,https://www.formula1.com/en/results.html/2024/races/1252/abu-dhabi/qualifying.html,16,23,ALB,Alexander Albon,Williams Mercedes,6,1:23.821,,
2024,FORMULA 1 ETIHAD AIRWAYS ABU DHABI,1252,qualifying,https://www.formula1.com/en/results.html/2024/races/1252/abu-dhabi/qualifying.html,17,24,ZHO,Zhou Guanyu,Kick Sauber Ferrari,6,1:23.880,,
2024,FORMULA 1 ETIHAD AIRWAYS ABU DHABI,1252,qualifying,https://www.formula1.com/en/results.html/2024/races/1252/abu-dhabi/qualifying.html,18,44,HAM,Lewis Hamilton,Mercedes,7,1:23.887,,
2024,FORMULA 1 ETIHAD AIRWAYS ABU DHABI,1252,qualifying,https://www.formula1.com/en/results.html/2024/races/1252/abu-dhabi/qualifying.html,19,43,COL,Franco Colapinto,Williams Mercedes,6,1:23.912,,
2024,FORMULA 1 ETIHAD AIRWAYS ABU DHABI,1252,qualifying,https://www.formula1.com/en/results.html/2024/races/1252/abu-dhabi/qualifying.html,20,61,DOO,Jack Doohan,Alpine Renault,6,1:24.105,,
