year,race_name,race_id,result_type,url,position,driver_number,driver_code,driver_name,team,laps,lap_time,gap
2021,FORMULA 1 GULF AIR BAHRAIN,1064,practice_3,https://www.formula1.com/en/results.html/2021/races/1064/bahrain/practice-3.html,1,33,VER,Max Verstappen,Red Bull Racing Honda,11,1:30.577,
2021,FORMULA 1 GULF AIR BAHRAIN,1064,practice_3,https://www.formula1.com/en/results.html/2021/races/1064/bahrain/practice-3.html,2,44,HAM,Lewis Hamilton,Mercedes,14,1:31.316,+0.739s
2021,FORMULA 1 GULF AIR BAHRAIN,1064,practice_3,https://www.formula1.com/en/results.html/2021/races/1064/bahrain/practice-3.html,3,10,GAS,Pierre Gasly,AlphaTauri Honda,13,1:31.583,+1.006s
2021,FORMULA 1 GULF AIR BAHRAIN,1064,practice_3,https://www.formula1.com/en/results.html/2021/races/1064/bahrain/practice-3.html,4,77,BOT,Valtteri Bottas,Mercedes,16,1:31.855,+1.278s
2021,FORMULA 1 GULF AIR BAHRAIN,1064,practice_3,https://www.formula1.com/en/results.html/2021/races/1064/bahrain/practice-3.html,5,11,PER,Sergio Perez,Red Bull Racing Honda,11,1:31.908,+1.331s
2021,FORMULA 1 GULF AIR BAHRAIN,1064,practice_3,https://www.formula1.com/en/results.html/2021/races/1064/bahrain/practice-3.html,6,55,SAI,Carlos Sainz,Ferrari,16,1:32.108,+1.531s
2021,FORMULA 1 GULF AIR BAHRAIN,1064,practice_3,https://www.formula1.com/en/results.html/2021/races/1064/bahrain/practice-3.html,7,7,RAI,Kimi Räikkönen,Alfa Romeo Racing Ferrari,15,1:32.224,+1.647s
2021,FORMULA 1 GULF AIR BAHRAIN,1064,practice_3,https://www.formula1.com/en/results.html/2021/races/1064/bahrain/practice-3.html,8,31,OCO,Esteban Ocon,Alpine Renault,11,1:32.423,+1.846s
2021,FORMULA 1 GULF AIR BAHRAIN,1064,practice_3,https://www.formula1.com/en/results.html/2021/races/1064/bahrain/practice-3.html,9,18,STR,Lance Stroll,Aston Martin Mercedes,13,1:32.431,+1.854s
2021,FORMULA 1 GULF AIR BAHRAIN,1064,practice_3,https://www.formula1.com/en/results.html/2021/races/1064/bahrain/practice-3.html,10,3,RIC,Daniel Ricciardo,McLaren Mercedes,12,1:32.477,+1.900s
2021,FORMULA 1 GULF AIR BAHRAIN,1064,practice_3,https://www.formula1.com/en/results.html/2021/races/1064/bahrain/practice-3.html,11,16,LEC,Charles Leclerc,Ferrari,17,1:32.482,+1.905s
2021,FORMULA 1 GULF AIR BAHRAIN,1064,practice_3,https://www.formula1.com/en/results.html/2021/races/1064/bahrain/practice-3.html,12,99,GIO,Antonio Giovinazzi,Alfa Romeo Racing Ferrari,11,1:32.500,+1.923s
2021,FORMULA 1 GULF AIR BAHRAIN,1064,practice_3,https://www.formula1.com/en/results.html/2021/races/1064/bahrain/practice-3.html,13,22,TSU,Yuki Tsunoda,AlphaTauri Honda,15,1:32.709,+2.132s
2021,FORMULA 1 GULF AIR BAHRAIN,1064,practice_3,https://www.formula1.com/en/results.html/2021/races/1064/bahrain/practice-3.html,14,5,VET,Sebastian Vettel,Aston Martin Mercedes,15,1:32.755,+2.178s
2021,FORMULA 1 GULF AIR BAHRAIN,1064,practice_3,https://www.formula1.com/en/results.html/2021/races/1064/bahrain/practice-3.html,15,14,ALO,Fernando Alonso,Alpine Renault,15,1:32.820,+2.243s
2021,FORMULA 1 GULF AIR BAHRAIN,1064,practice_3,https://www.formula1.com/en/results.html/2021/races/1064/bahrain/practice-3.html,16,4,NOR,Lando Norris,McLaren Mercedes,10,1:32.860,+2.283s
2021,FORMULA 1 GULF AIR BAHRAIN,1064,practice_3,https://www.formula1.com/en/results.html/2021/races/1064/bahrain/practice-3.html,17,63,RUS,George Russell,Williams Mercedes,14,1:33.323,+2.746s
2021,FORMULA 1 GULF AIR BAHRAIN,1064,practice_3,https://www.formula1.com/en/results.html/2021/races/1064/bahrain/practice-3.html,18,47,MSC,Mick Schumacher,Haas Ferrari,14,1:33.422,+2.845s
2021,FORMULA 1 GULF AIR BAHRAIN,1064,practice_3,https://www.formula1.com/en/results.html/2021/races/1064/bahrain/practice-3.html,19,9,MAZ,Nikita Mazepin,Haas Ferrari,14,1:33.622,+3.045s
2021,FORMULA 1 GULF AIR BAHRAIN,1064,practice_3,https://www.formula1.com/en/results.html/2021/races/1064/bahrain/practice-3.html,20,6,LAT,Nicholas Latifi,Williams Mercedes,16,1:33.959,+3.382s
2021,EMILIA ROMAGNA,1065,practice_3,https://www.formula1.com/en/results.html/2021/races/1065/emilia-romagna/practice-3.html,1,33,VER,Max Verstappen,Red Bull Racing Honda,18,1:14.958,
2021,EMILIA ROMAGNA,1065,practice_3,https://www.formula1.com/en/results.html/2021/races/1065/emilia-romagna/practice-3.html,2,4,NOR,Lando Norris,McLaren Mercedes,17,1:15.414,+0.456s
2021,EMILIA ROMAGNA,1065,practice_3,https://www.formula1.com/en/results.html/2021/races/1065/emilia-romagna/practice-3.html,3,44,HAM,Lewis Hamilton,Mercedes,18,1:15.515,+0.557s
2021,EMILIA ROMAGNA,1065,practice_3,https://www.formula1.com/en/results.html/2021/races/1065/emilia-romagna/practice-3.html,4,11,PER,Sergio Perez,Red Bull Racing Honda,18,1:15.551,+0.593s
2021,EMILIA ROMAGNA,1065,practice_3,https://www.formula1.com/en/results.html/2021/races/1065/emilia-romagna/practice-3.html,5,16,LEC,Charles Leclerc,Ferrari,21,1:15.738,+0.780s
2021,EMILIA ROMAGNA,1065,practice_3,https://www.formula1.com/en/results.html/2021/races/1065/emilia-romagna/practice-3.html,6,10,GAS,Pierre Gasly,AlphaTauri Honda,22,1:15.890,+0.932s
2021,EMILIA ROMAGNA,1065,practice_3,https://www.formula1.com/en/results.html/2021/races/1065/emilia-romagna/practice-3.html,7,55,SAI,Carlos Sainz,Ferrari,21,1:15.908,+0.950s
2021,EMILIA ROMAGNA,1065,practice_3,https://www.formula1.com/en/results.html/2021/races/1065/emilia-romagna/practice-3.html,8,77,BOT,Valtteri Bottas,Mercedes,19,1:15.908,+0.950s
2021,EMILIA ROMAGNA,1065,practice_3,https://www.formula1.com/en/results.html/2021/races/1065/emilia-romagna/practice-3.html,9,14,ALO,Fernando Alonso,Alpine Renault,20,1:16.186,+1.228s
2021,EMILIA ROMAGNA,1065,practice_3,https://www.formula1.com/en/results.html/2021/races/1065/emilia-romagna/practice-3.html,10,31,OCO,Esteban Ocon,Alpine Renault,20,1:16.228,+1.270s
2021,EMILIA ROMAGNA,1065,practice_3,https://www.formula1.com/en/results.html/2021/races/1065/emilia-romagna/practice-3.html,11,22,TSU,Yuki Tsunoda,AlphaTauri Honda,20,1:16.230,+1.272s
2021,EMILIA ROMAGNA,1065,practice_3,https://www.formula1.com/en/results.html/2021/races/1065/emilia-romagna/practice-3.html,12,18,STR,Lance Stroll,Aston Martin Mercedes,19,1:16.245,+1.287s
2021,EMILIA ROMAGNA,1065,practice_3,https://www.formula1.com/en/results.html/2021/races/1065/emilia-romagna/practice-3.html,13,3,RIC,Daniel Ricciardo,McLaren Mercedes,17,1:16.253,+1.295s
2021,EMILIA ROMAGNA,1065,practice_3,https://www.formula1.com/en/results.html/2021/races/1065/emilia-romagna/practice-3.html,14,5,VET,Sebastian Vettel,Aston Martin Mercedes,19,1:16.389,+1.431s
2021,EMILIA ROMAGNA,1065,practice_3,https://www.formula1.com/en/results.html/2021/races/1065/emilia-romagna/practice-3.html,15,63,RUS,George Russell,Williams Mercedes,20,1:16.427,+1.469s
2021,EMILIA ROMAGNA,1065,practice_3,https://www.formula1.com/en/results.html/2021/races/1065/emilia-romagna/practice-3.html,16,47,MSC,Mick Schumacher,Haas Ferrari,22,1:16.448,+1.490s
2021,EMILIA ROMAGNA,1065,practice_3,https://www.formula1.com/en/results.html/2021/races/1065/emilia-romagna/practice-3.html,17,6,LAT,Nicholas Latifi,Williams Mercedes,15,1:16.537,+1.579s
2021,EMILIA ROMAGNA,1065,practice_3,https://www.formula1.com/en/results.html/2021/races/1065/emilia-romagna/practice-3.html,18,99,GIO,Antonio Giovinazzi,Alfa Romeo Racing Ferrari,22,1:16.612,+1.654s
2021,EMILIA ROMAGNA,1065,practice_3,https://www.formula1.com/en/results.html/2021/races/1065/emilia-romagna/practice-3.html,19,7,RAI,Kimi Räikkönen,Alfa Romeo Racing Ferrari,23,1:16.803,+1.845s
2021,EMILIA ROMAGNA,1065,practice_3,https://www.formula1.com/en/results.html/2021/races/1065/emilia-romagna/practice-3.html,20,9,MAZ,Nikita Mazepin,Haas Ferrari,23,1:17.398,+2.440s
2021,FORMULA 1 HEINEKEN GRANDE PRÉMIO DE PORTUGAL,1066,practice_3,https://www.formula1.com/en/results.html/2021/races/1066/portugal/practice-3.html,1,33,VER,Max Verstappen,Red Bull Racing Honda,21,1:18.489,
2021,FORMULA 1 HEINEKEN GRANDE PRÉMIO DE PORTUGAL,1066,practice_3,https://www.formula1.com/en/results.html/2021/races/1066/portugal/practice-3.html,2,44,HAM,Lewis Hamilton,Mercedes,21,1:18.725,+0.236s
2021,FORMULA 1 HEINEKEN GRANDE PRÉMIO DE PORTUGAL,1066,practice_3,https://www.formula1.com/en/results.html/2021/races/1066/portugal/practice-3.html,3,77,BOT,Valtteri Bottas,Mercedes,19,1:18.820,+0.331s
2021,FORMULA 1 HEINEKEN GRANDE PRÉMIO DE PORTUGAL,1066,practice_3,https://www.formula1.com/en/results.html/2021/races/1066/portugal/practice-3.html,4,11,PER,Sergio Perez,Red Bull Racing Honda,25,1:18.840,+0.351s
2021,FORMULA 1 HEINEKEN GRANDE PRÉMIO DE PORTUGAL,1066,practice_3,https://www.formula1.com/en/results.html/2021/races/1066/portugal/practice-3.html,5,31,OCO,Esteban Ocon,Alpine Renault,19,1:18.860,+0.371s
2021,FORMULA 1 HEINEKEN GRANDE PRÉMIO DE PORTUGAL,1066,practice_3,https://www.formula1.com/en/results.html/2021/races/1066/portugal/practice-3.html,6,16,LEC,Charles Leclerc,Ferrari,23,1:19.001,+0.512s
2021,FORMULA 1 HEINEKEN GRANDE PRÉMIO DE PORTUGAL,1066,practice_3,https://www.formula1.com/en/results.html/2021/races/1066/portugal/practice-3.html,7,55,SAI,Carlos Sainz,Ferrari,24,1:19.050,+0.561s
2021,FORMULA 1 HEINEKEN GRANDE PRÉMIO DE PORTUGAL,1066,practice_3,https://www.formula1.com/en/results.html/2021/races/1066/portugal/practice-3.html,8,4,NOR,Lando Norris,McLaren Mercedes,18,1:19.272,+0.783s
2021,FORMULA 1 HEINEKEN GRANDE PRÉMIO DE PORTUGAL,1066,practice_3,https://www.formula1.com/en/results.html/2021/races/1066/portugal/practice-3.html,9,10,GAS,Pierre Gasly,AlphaTauri Honda,26,1:19.374,+0.885s
2021,FORMULA 1 HEINEKEN GRANDE PRÉMIO DE PORTUGAL,1066,practice_3,https://www.formula1.com/en/results.html/2021/races/1066/portugal/practice-3.html,10,7,RAI,Kimi Räikkönen,Alfa Romeo Racing Ferrari,26,1:19.415,+0.926s
2021,FORMULA 1 HEINEKEN GRANDE PRÉMIO DE PORTUGAL,1066,practice_3,https://www.formula1.com/en/results.html/2021/races/1066/portugal/practice-3.html,11,22,TSU,Yuki Tsunoda,AlphaTauri Honda,25,1:19.485,+0.996s
2021,FORMULA 1 HEINEKEN GRANDE PRÉMIO DE PORTUGAL,1066,practice_3,https://www.formula1.com/en/results.html/2021/races/1066/portugal/practice-3.html,12,3,RIC,Daniel Ricciardo,McLaren Mercedes,19,1:19.582,+1.093s
2021,FORMULA 1 HEINEKEN GRANDE PRÉMIO DE PORTUGAL,1066,practice_3,https://www.formula1.com/en/results.html/2021/races/1066/portugal/practice-3.html,13,99,GIO,Antonio Giovinazzi,Alfa Romeo Racing Ferrari,23,1:19.588,+1.099s
2021,FORMULA 1 HEINEKEN GRANDE PRÉMIO DE PORTUGAL,1066,practice_3,https://www.formula1.com/en/results.html/2021/races/1066/portugal/practice-3.html,14,14,ALO,Fernando Alonso,Alpine Renault,20,1:19.949,+1.460s
2021,FORMULA 1 HEINEKEN GRANDE PRÉMIO DE PORTUGAL,1066,practice_3,https://www.formula1.com/en/results.html/2021/races/1066/portugal/practice-3.html,15,47,MSC,Mick Schumacher,Haas Ferrari,22,1:20.033,+1.544s
2021,FORMULA 1 HEINEKEN GRANDE PRÉMIO DE PORTUGAL,1066,practice_3,https://www.formula1.com/en/results.html/2021/races/1066/portugal/practice-3.html,16,18,STR,Lance Stroll,Aston Martin Mercedes,17,1:20.090,+1.601s
2021,FORMULA 1 HEINEKEN GRANDE PRÉMIO DE PORTUGAL,1066,practice_3,https://www.formula1.com/en/results.html/2021/races/1066/portugal/practice-3.html,17,63,RUS,George Russell,Williams Mercedes,18,1:20.127,+1.638s
2021,FORMULA 1 HEINEKEN GRANDE PRÉMIO DE PORTUGAL,1066,practice_3,https://www.formula1.com/en/results.html/2021/races/1066/portugal/practice-3.html,18,5,VET,Sebastian Vettel,Aston Martin Mercedes,21,1:20.214,+1.725s
2021,FORMULA 1 HEINEKEN GRANDE PRÉMIO DE PORTUGAL,1066,practice_3,https://www.formula1.com/en/results.html/2021/races/1066/portugal/practice-3.html,19,6,LAT,Nicholas Latifi,Williams Mercedes,19,1:20.681,+2.192s
2021,FORMULA 1 HEINEKEN GRANDE PRÉMIO DE PORTUGAL,1066,practice_3,https://www.formula1.com/en/results.html/2021/races/1066/portugal/practice-3.html,20,9,MAZ,Nikita Mazepin,Haas Ferrari,20,1:20.690,+2.201s
2021,FORMULA 1 GRAND PRIX DE MONACO,1067,practice_3,https://www.formula1.com/en/results.html/2021/races/1067/monaco/practice-3.html,1,33,VER,Max Verstappen,Red Bull Racing Honda,19,1:11.294,
2021,FORMULA 1 GRAND PRIX DE MONACO,1067,practice_3,https://www.formula1.com/en/results.html/2021/races/1067/monaco/practice-3.html,2,55,SAI,Carlos Sainz,Ferrari,28,1:11.341,+0.047s
2021,FORMULA 1 GRAND PRIX DE MONACO,1067,practice_3,https://www.formula1.com/en/results.html/2021/races/1067/monaco/practice-3.html,3,16,LEC,Charles Leclerc,Ferrari,27,1:11.552,+0.258s
2021,FORMULA 1 GRAND PRIX DE MONACO,1067,practice_3,https://www.formula1.com/en/results.html/2021/races/1067/monaco/practice-3.html,4,77,BOT,Valtteri Bottas,Mercedes,21,1:11.765,+0.471s
2021,FORMULA 1 GRAND PRIX DE MONACO,1067,practice_3,https://www.formula1.com/en/results.html/2021/races/1067/monaco/practice-3.html,5,11,PER,Sergio Perez,Red Bull Racing Honda,18,1:11.817,+0.523s
2021,FORMULA 1 GRAND PRIX DE MONACO,1067,practice_3,https://www.formula1.com/en/results.html/2021/races/1067/monaco/practice-3.html,6,4,NOR,Lando Norris,McLaren Mercedes,20,1:11.988,+0.694s
2021,FORMULA 1 GRAND PRIX DE MONACO,1067,practice_3,https://www.formula1.com/en/results.html/2021/races/1067/monaco/practice-3.html,7,44,HAM,Lewis Hamilton,Mercedes,20,1:12.020,+0.726s
2021,FORMULA 1 GRAND PRIX DE MONACO,1067,practice_3,https://www.formula1.com/en/results.html/2021/races/1067/monaco/practice-3.html,8,7,RAI,Kimi Räikkönen,Alfa Romeo Racing Ferrari,25,1:12.298,+1.004s
2021,FORMULA 1 GRAND PRIX DE MONACO,1067,practice_3,https://www.formula1.com/en/results.html/2021/races/1067/monaco/practice-3.html,9,10,GAS,Pierre Gasly,AlphaTauri Honda,28,1:12.357,+1.063s
2021,FORMULA 1 GRAND PRIX DE MONACO,1067,practice_3,https://www.formula1.com/en/results.html/2021/races/1067/monaco/practice-3.html,10,5,VET,Sebastian Vettel,Aston Martin Mercedes,24,1:12.537,+1.243s
2021,FORMULA 1 GRAND PRIX DE MONACO,1067,practice_3,https://www.formula1.com/en/results.html/2021/races/1067/monaco/practice-3.html,11,99,GIO,Antonio Giovinazzi,Alfa Romeo Racing Ferrari,21,1:12.539,+1.245s
2021,FORMULA 1 GRAND PRIX DE MONACO,1067,practice_3,https://www.formula1.com/en/results.html/2021/races/1067/monaco/practice-3.html,12,18,STR,Lance Stroll,Aston Martin Mercedes,22,1:12.700,+1.406s
2021,FORMULA 1 GRAND PRIX DE MONACO,1067,practice_3,https://www.formula1.com/en/results.html/2021/races/1067/monaco/practice-3.html,13,3,RIC,Daniel Ricciardo,McLaren Mercedes,25,1:12.959,+1.665s
2021,FORMULA 1 GRAND PRIX DE MONACO,1067,practice_3,https://www.formula1.com/en/results.html/2021/races/1067/monaco/practice-3.html,14,47,MSC,Mick Schumacher,Haas Ferrari,21,1:13.139,+1.845s
2021,FORMULA 1 GRAND PRIX DE MONACO,1067,practice_3,https://www.formula1.com/en/results.html/2021/races/1067/monaco/practice-3.html,15,14,ALO,Fernando Alonso,Alpine Renault,19,1:13.329,+2.035s
2021,FORMULA 1 GRAND PRIX DE MONACO,1067,practice_3,https://www.formula1.com/en/results.html/2021/races/1067/monaco/practice-3.html,16,9,MAZ,Nikita Mazepin,Haas Ferrari,20,1:13.390,+2.096s
2021,FORMULA 1 GRAND PRIX DE MONACO,1067,practice_3,https://www.formula1.com/en/results.html/2021/races/1067/monaco/practice-3.html,17,63,RUS,George Russell,Williams Mercedes,29,1:13.447,+2.153s
2021,FORMULA 1 GRAND PRIX DE MONACO,1067,practice_3,https://www.formula1.com/en/results.html/2021/races/1067/monaco/practice-3.html,18,6,LAT,Nicholas Latifi,Williams Mercedes,22,1:13.475,+2.181s
2021,FORMULA 1 GRAND PRIX DE MONACO,1067,practice_3,https://www.formula1.com/en/results.html/2021/races/1067/monaco/practice-3.html,19,22,TSU,Yuki Tsunoda,AlphaTauri Honda,30,1:13.522,+2.228s
2021,FORMULA 1 GRAND PRIX DE MONACO,1067,practice_3,https://www.formula1.com/en/results.html/2021/races/1067/monaco/practice-3.html,20,31,OCO,Esteban Ocon,Alpine Renault,18,1:13.614,+2.320s
2021,FORMULA 1 AZERBAIJAN,1068,practice_3,https://www.formula1.com/en/results.html/2021/races/1068/azerbaijan/practice-3.html,1,10,GAS,Pierre Gasly,AlphaTauri Honda,16,1:42.251,
2021,FORMULA 1 AZERBAIJAN,1068,practice_3,https://www.formula1.com/en/results.html/2021/races/1068/azerbaijan/practice-3.html,2,11,PER,Sergio Perez,Red Bull Racing Honda,19,1:42.595,+0.344s
2021,FORMULA 1 AZERBAIJAN,1068,practice_3,https://www.formula1.com/en/results.html/2021/races/1068/azerbaijan/practice-3.html,3,44,HAM,Lewis Hamilton,Mercedes,16,1:42.697,+0.446s
2021,FORMULA 1 AZERBAIJAN,1068,practice_3,https://www.formula1.com/en/results.html/2021/races/1068/azerbaijan/practice-3.html,4,16,LEC,Charles Leclerc,Ferrari,16,1:42.778,+0.527s
2021,FORMULA 1 AZERBAIJAN,1068,practice_3,https://www.formula1.com/en/results.html/2021/races/1068/azerbaijan/practice-3.html,5,55,SAI,Carlos Sainz,Ferrari,17,1:43.006,+0.755s
2021,FORMULA 1 AZERBAIJAN,1068,practice_3,https://www.formula1.com/en/results.html/2021/races/1068/azerbaijan/practice-3.html,6,4,NOR,Lando Norris,McLaren Mercedes,15,1:43.011,+0.760s
2021,FORMULA 1 AZERBAIJAN,1068,practice_3,https://www.formula1.com/en/results.html/2021/races/1068/azerbaijan/practice-3.html,7,14,ALO,Fernando Alonso,Alpine Renault,15,1:43.080,+0.829s
2021,FORMULA 1 AZERBAIJAN,1068,practice_3,https://www.formula1.com/en/results.html/2021/races/1068/azerbaijan/practice-3.html,8,22,TSU,Yuki Tsunoda,AlphaTauri Honda,19,1:43.244,+0.993s
2021,FORMULA 1 AZERBAIJAN,1068,practice_3,https://www.formula1.com/en/results.html/2021/races/1068/azerbaijan/practice-3.html,9,31,OCO,Esteban Ocon,Alpine Renault,15,1:43.294,+1.043s
2021,FORMULA 1 AZERBAIJAN,1068,practice_3,https://www.formula1.com/en/results.html/2021/races/1068/azerbaijan/practice-3.html,10,3,RIC,Daniel Ricciardo,McLaren Mercedes,17,1:43.557,+1.306s
2021,FORMULA 1 AZERBAIJAN,1068,practice_3,https://www.formula1.com/en/results.html/2021/races/1068/azerbaijan/practice-3.html,11,5,VET,Sebastian Vettel,Aston Martin Mercedes,13,1:43.585,+1.334s
2021,FORMULA 1 AZERBAIJAN,1068,practice_3,https://www.formula1.com/en/results.html/2021/races/1068/azerbaijan/practice-3.html,12,18,STR,Lance Stroll,Aston Martin Mercedes,13,1:43.682,+1.431s
2021,FORMULA 1 AZERBAIJAN,1068,practice_3,https://www.formula1.com/en/results.html/2021/races/1068/azerbaijan/practice-3.html,13,77,BOT,Valtteri Bottas,Mercedes,16,1:43.745,+1.494s
2021,FORMULA 1 AZERBAIJAN,1068,practice_3,https://www.formula1.com/en/results.html/2021/races/1068/azerbaijan/practice-3.html,14,7,RAI,Kimi Räikkönen,Alfa Romeo Racing Ferrari,17,1:43.826,+1.575s
2021,FORMULA 1 AZERBAIJAN,1068,practice_3,https://www.formula1.com/en/results.html/2021/races/1068/azerbaijan/practice-3.html,15,33,VER,Max Verstappen,Red Bull Racing Honda,6,1:43.984,+1.733s
2021,FORMULA 1 AZERBAIJAN,1068,practice_3,https://www.formula1.com/en/results.html/2021/races/1068/azerbaijan/practice-3.html,16,6,LAT,Nicholas Latifi,Williams Mercedes,17,1:44.054,+1.803s
2021,FORMULA 1 AZERBAIJAN,1068,practice_3,https://www.formula1.com/en/results.html/2021/races/1068/azerbaijan/practice-3.html,17,99,GIO,Antonio Giovinazzi,Alfa Romeo Racing Ferrari,11,1:44.113,+1.862s
2021,FORMULA 1 AZERBAIJAN,1068,practice_3,https://www.formula1.com/en/results.html/2021/races/1068/azerbaijan/practice-3.html,18,63,RUS,George Russell,Williams Mercedes,12,1:44.434,+2.183s
2021,FORMULA 1 AZERBAIJAN,1068,practice_3,https://www.formula1.com/en/results.html/2021/races/1068/azerbaijan/practice-3.html,19,47,MSC,Mick Schumacher,Haas Ferrari,17,1:45.282,+3.031s
2021,FORMULA 1 AZERBAIJAN,1068,practice_3,https://www.formula1.com/en/results.html/2021/races/1068/azerbaijan/practice-3.html,20,9,MAZ,Nikita Mazepin,Haas Ferrari,12,1:45.711,+3.460s
2021,FORMULA 1 EMIRATES GRAND PRIX DE FRANCE,1070,practice_3,https://www.formula1.com/en/results.html/2021/races/1070/france/practice-3.html,1,33,VER,Max Verstappen,Red Bull Racing Honda,11,1:31.300,
2021,FORMULA 1 EMIRATES GRAND PRIX DE FRANCE,1070,practice_3,https://www.formula1.com/en/results.html/2021/races/1070/france/practice-3.html,2,77,BOT,Valtteri Bottas,Mercedes,14,1:32.047,+0.747s
2021,FORMULA 1 EMIRATES GRAND PRIX DE FRANCE,1070,practice_3,https://www.formula1.com/en/results.html/2021/races/1070/france/practice-3.html,3,55,SAI,Carlos Sainz,Ferrari,17,1:32.195,+0.895s
2021,FORMULA 1 EMIRATES GRAND PRIX DE FRANCE,1070,practice_3,https://www.formula1.com/en/results.html/2021/races/1070/france/practice-3.html,4,11,PER,Sergio Perez,Red Bull Racing Honda,15,1:32.238,+0.938s
2021,FORMULA 1 EMIRATES GRAND PRIX DE FRANCE,1070,practice_3,https://www.formula1.com/en/results.html/2021/races/1070/france/practice-3.html,5,44,HAM,Lewis Hamilton,Mercedes,15,1:32.266,+0.966s
2021,FORMULA 1 EMIRATES GRAND PRIX DE FRANCE,1070,practice_3,https://www.formula1.com/en/results.html/2021/races/1070/france/practice-3.html,6,4,NOR,Lando Norris,McLaren Mercedes,14,1:32.336,+1.036s
2021,FORMULA 1 EMIRATES GRAND PRIX DE FRANCE,1070,practice_3,https://www.formula1.com/en/results.html/2021/races/1070/france/practice-3.html,7,14,ALO,Fernando Alonso,Alpine Renault,15,1:32.624,+1.324s
2021,FORMULA 1 EMIRATES GRAND PRIX DE FRANCE,1070,practice_3,https://www.formula1.com/en/results.html/2021/races/1070/france/practice-3.html,8,31,OCO,Esteban Ocon,Alpine Renault,16,1:32.681,+1.381s
2021,FORMULA 1 EMIRATES GRAND PRIX DE FRANCE,1070,practice_3,https://www.formula1.com/en/results.html/2021/races/1070/france/practice-3.html,9,10,GAS,Pierre Gasly,AlphaTauri Honda,16,1:32.707,+1.407s
2021,FORMULA 1 EMIRATES GRAND PRIX DE FRANCE,1070,practice_3,https://www.formula1.com/en/results.html/2021/races/1070/france/practice-3.html,10,3,RIC,Daniel Ricciardo,McLaren Mercedes,14,1:32.759,+1.459s
2021,FORMULA 1 EMIRATES GRAND PRIX DE FRANCE,1070,practice_3,https://www.formula1.com/en/results.html/2021/races/1070/france/practice-3.html,11,16,LEC,Charles Leclerc,Ferrari,15,1:32.820,+1.520s
2021,FORMULA 1 EMIRATES GRAND PRIX DE FRANCE,1070,practice_3,https://www.formula1.com/en/results.html/2021/races/1070/france/practice-3.html,12,99,GIO,Antonio Giovinazzi,Alfa Romeo Racing Ferrari,17,1:33.017,+1.717s
2021,FORMULA 1 EMIRATES GRAND PRIX DE FRANCE,1070,practice_3,https://www.formula1.com/en/results.html/2021/races/1070/france/practice-3.html,13,18,STR,Lance Stroll,Aston Martin Mercedes,15,1:33.051,+1.751s
2021,FORMULA 1 EMIRATES GRAND PRIX DE FRANCE,1070,practice_3,https://www.formula1.com/en/results.html/2021/races/1070/france/practice-3.html,14,5,VET,Sebastian Vettel,Aston Martin Mercedes,18,1:33.200,+1.900s
2021,FORMULA 1 EMIRATES GRAND PRIX DE FRANCE,1070,practice_3,https://www.formula1.com/en/results.html/2021/races/1070/france/practice-3.html,15,7,RAI,Kimi Räikkönen,Alfa Romeo Racing Ferrari,16,1:33.328,+2.028s
2021,FORMULA 1 EMIRATES GRAND PRIX DE FRANCE,1070,practice_3,https://www.formula1.com/en/results.html/2021/races/1070/france/practice-3.html,16,63,RUS,George Russell,Williams Mercedes,16,1:33.364,+2.064s
2021,FORMULA 1 EMIRATES GRAND PRIX DE FRANCE,1070,practice_3,https://www.formula1.com/en/results.html/2021/races/1070/france/practice-3.html,17,22,TSU,Yuki Tsunoda,AlphaTauri Honda,17,1:33.424,+2.124s
2021,FORMULA 1 EMIRATES GRAND PRIX DE FRANCE,1070,practice_3,https://www.formula1.com/en/results.html/2021/races/1070/france/practice-3.html,18,6,LAT,Nicholas Latifi,Williams Mercedes,16,1:33.584,+2.284s
2021,FORMULA 1 EMIRATES GRAND PRIX DE FRANCE,1070,practice_3,https://www.formula1.com/en/results.html/2021/races/1070/france/practice-3.html,19,47,MSC,Mick Schumacher,Haas Ferrari,14,1:34.143,+2.843s
2021,FORMULA 1 EMIRATES GRAND PRIX DE FRANCE,1070,practice_3,https://www.formula1.com/en/results.html/2021/races/1070/france/practice-3.html,20,9,MAZ,Nikita Mazepin,Haas Ferrari,13,1:34.642,+3.342s
2021,FORMULA 1 BWT GROSSER PREIS VON ÖSTERREICH,1071,practice_3,https://www.formula1.com/en/results.html/2021/races/1071/austria/practice-3.html,1,33,VER,Max Verstappen,Red Bull Racing Honda,15,1:04.591,
2021,FORMULA 1 BWT GROSSER PREIS VON ÖSTERREICH,1071,practice_3,https://www.formula1.com/en/results.html/2021/races/1071/austria/practice-3.html,2,77,BOT,Valtteri Bottas,Mercedes,22,1:05.129,+0.538s
2021,FORMULA 1 BWT GROSSER PREIS VON ÖSTERREICH,1071,practice_3,https://www.formula1.com/en/results.html/2021/races/1071/austria/practice-3.html,3,44,HAM,Lewis Hamilton,Mercedes,20,1:05.277,+0.686s
2021,FORMULA 1 BWT GROSSER PREIS VON ÖSTERREICH,1071,practice_3,https://www.formula1.com/en/results.html/2021/races/1071/austria/practice-3.html,4,10,GAS,Pierre Gasly,AlphaTauri Honda,27,1:05.280,+0.689s
2021,FORMULA 1 BWT GROSSER PREIS VON ÖSTERREICH,1071,practice_3,https://www.formula1.com/en/results.html/2021/races/1071/austria/practice-3.html,5,99,GIO,Antonio Giovinazzi,Alfa Romeo Racing Ferrari,27,1:05.345,+0.754s
2021,FORMULA 1 BWT GROSSER PREIS VON ÖSTERREICH,1071,practice_3,https://www.formula1.com/en/results.html/2021/races/1071/austria/practice-3.html,6,55,SAI,Carlos Sainz,Ferrari,29,1:05.347,+0.756s
2021,FORMULA 1 BWT GROSSER PREIS VON ÖSTERREICH,1071,practice_3,https://www.formula1.com/en/results.html/2021/races/1071/austria/practice-3.html,7,11,PER,Sergio Perez,Red Bull Racing Honda,20,1:05.396,+0.805s
2021,FORMULA 1 BWT GROSSER PREIS VON ÖSTERREICH,1071,practice_3,https://www.formula1.com/en/results.html/2021/races/1071/austria/practice-3.html,8,14,ALO,Fernando Alonso,Alpine Renault,23,1:05.434,+0.843s
2021,FORMULA 1 BWT GROSSER PREIS VON ÖSTERREICH,1071,practice_3,https://www.formula1.com/en/results.html/2021/races/1071/austria/practice-3.html,9,16,LEC,Charles Leclerc,Ferrari,35,1:05.484,+0.893s
2021,FORMULA 1 BWT GROSSER PREIS VON ÖSTERREICH,1071,practice_3,https://www.formula1.com/en/results.html/2021/races/1071/austria/practice-3.html,10,5,VET,Sebastian Vettel,Aston Martin Mercedes,22,1:05.542,+0.951s
2021,FORMULA 1 BWT GROSSER PREIS VON ÖSTERREICH,1071,practice_3,https://www.formula1.com/en/results.html/2021/races/1071/austria/practice-3.html,11,18,STR,Lance Stroll,Aston Martin Mercedes,19,1:05.546,+0.955s
2021,FORMULA 1 BWT GROSSER PREIS VON ÖSTERREICH,1071,practice_3,https://www.formula1.com/en/results.html/2021/races/1071/austria/practice-3.html,12,22,TSU,Yuki Tsunoda,AlphaTauri Honda,23,1:05.561,+0.970s
2021,FORMULA 1 BWT GROSSER PREIS VON ÖSTERREICH,1071,practice_3,https://www.formula1.com/en/results.html/2021/races/1071/austria/practice-3.html,13,31,OCO,Esteban Ocon,Alpine Renault,22,1:05.674,+1.083s
2021,FORMULA 1 BWT GROSSER PREIS VON ÖSTERREICH,1071,practice_3,https://www.formula1.com/en/results.html/2021/races/1071/austria/practice-3.html,14,63,RUS,George Russell,Williams Mercedes,23,1:05.694,+1.103s
2021,FORMULA 1 BWT GROSSER PREIS VON ÖSTERREICH,1071,practice_3,https://www.formula1.com/en/results.html/2021/races/1071/austria/practice-3.html,15,4,NOR,Lando Norris,McLaren Mercedes,23,1:05.700,+1.109s
2021,FORMULA 1 BWT GROSSER PREIS VON ÖSTERREICH,1071,practice_3,https://www.formula1.com/en/results.html/2021/races/1071/austria/practice-3.html,16,3,RIC,Daniel Ricciardo,McLaren Mercedes,21,1:05.725,+1.134s
2021,FORMULA 1 BWT GROSSER PREIS VON ÖSTERREICH,1071,practice_3,https://www.formula1.com/en/results.html/2021/races/1071/austria/practice-3.html,17,7,RAI,Kimi Räikkönen,Alfa Romeo Racing Ferrari,31,1:05.747,+1.156s
2021,FORMULA 1 BWT GROSSER PREIS VON ÖSTERREICH,1071,practice_3,https://www.formula1.com/en/results.html/2021/races/1071/austria/practice-3.html,18,47,MSC,Mick Schumacher,Haas Ferrari,26,1:06.078,+1.487s
2021,FORMULA 1 BWT GROSSER PREIS VON ÖSTERREICH,1071,practice_3,https://www.formula1.com/en/results.html/2021/races/1071/austria/practice-3.html,19,6,LAT,Nicholas Latifi,Williams Mercedes,17,1:06.105,+1.514s
2021,FORMULA 1 BWT GROSSER PREIS VON ÖSTERREICH,1071,practice_3,https://www.formula1.com/en/results.html/2021/races/1071/austria/practice-3.html,20,9,MAZ,Nikita Mazepin,Haas Ferrari,28,1:06.289,+1.698s
2021,FORMULA 1 ROLEX MAGYAR NAGYDÍJ,1073,practice_3,https://www.formula1.com/en/results.html/2021/races/1073/hungary/practice-3.html,1,44,HAM,Lewis Hamilton,Mercedes,20,1:16.826,
2021,FORMULA 1 ROLEX MAGYAR NAGYDÍJ,1073,practice_3,https://www.formula1.com/en/results.html/2021/races/1073/hungary/practice-3.html,2,33,VER,Max Verstappen,Red Bull Racing Honda,13,1:16.914,+0.088s
2021,FORMULA 1 ROLEX MAGYAR NAGYDÍJ,1073,practice_3,https://www.formula1.com/en/results.html/2021/races/1073/hungary/practice-3.html,3,77,BOT,Valtteri Bottas,Mercedes,15,1:17.055,+0.229s
2021,FORMULA 1 ROLEX MAGYAR NAGYDÍJ,1073,practice_3,https://www.formula1.com/en/results.html/2021/races/1073/hungary/practice-3.html,4,55,SAI,Carlos Sainz,Ferrari,20,1:17.497,+0.671s
2021,FORMULA 1 ROLEX MAGYAR NAGYDÍJ,1073,practice_3,https://www.formula1.com/en/results.html/2021/races/1073/hungary/practice-3.html,5,16,LEC,Charles Leclerc,Ferrari,16,1:17.520,+0.694s
2021,FORMULA 1 ROLEX MAGYAR NAGYDÍJ,1073,practice_3,https://www.formula1.com/en/results.html/2021/races/1073/hungary/practice-3.html,6,4,NOR,Lando Norris,McLaren Mercedes,12,1:17.772,+0.946s
2021,FORMULA 1 ROLEX MAGYAR NAGYDÍJ,1073,practice_3,https://www.formula1.com/en/results.html/2021/races/1073/hungary/practice-3.html,7,11,PER,Sergio Perez,Red Bull Racing Honda,12,1:17.917,+1.091s
2021,FORMULA 1 ROLEX MAGYAR NAGYDÍJ,1073,practice_3,https://www.formula1.com/en/results.html/2021/races/1073/hungary/practice-3.html,8,3,RIC,Daniel Ricciardo,McLaren Mercedes,15,1:17.942,+1.116s
2021,FORMULA 1 ROLEX MAGYAR NAGYDÍJ,1073,practice_3,https://www.formula1.com/en/results.html/2021/races/1073/hungary/practice-3.html,9,14,ALO,Fernando Alonso,Alpine Renault,15,1:17.992,+1.166s
2021,FORMULA 1 ROLEX MAGYAR NAGYDÍJ,1073,practice_3,https://www.formula1.com/en/results.html/2021/races/1073/hungary/practice-3.html,10,18,STR,Lance Stroll,Aston Martin Mercedes,16,1:18.050,+1.224s
2021,FORMULA 1 ROLEX MAGYAR NAGYDÍJ,1073,practice_3,https://www.formula1.com/en/results.html/2021/races/1073/hungary/practice-3.html,11,10,GAS,Pierre Gasly,AlphaTauri Honda,17,1:18.115,+1.289s
2021,FORMULA 1 ROLEX MAGYAR NAGYDÍJ,1073,practice_3,https://www.formula1.com/en/results.html/2021/races/1073/hungary/practice-3.html,12,31,OCO,Esteban Ocon,Alpine Renault,15,1:18.174,+1.348s
2021,FORMULA 1 ROLEX MAGYAR NAGYDÍJ,1073,practice_3,https://www.formula1.com/en/results.html/2021/races/1073/hungary/practice-3.html,13,5,VET,Sebastian Vettel,Aston Martin Mercedes,15,1:18.235,+1.409s
2021,FORMULA 1 ROLEX MAGYAR NAGYDÍJ,1073,practice_3,https://www.formula1.com/en/results.html/2021/races/1073/hungary/practice-3.html,14,22,TSU,Yuki Tsunoda,AlphaTauri Honda,25,1:18.461,+1.635s
2021,FORMULA 1 ROLEX MAGYAR NAGYDÍJ,1073,practice_3,https://www.formula1.com/en/results.html/2021/races/1073/hungary/practice-3.html,15,7,RAI,Kimi Räikkönen,Alfa Romeo Racing Ferrari,21,1:18.683,+1.857s
2021,FORMULA 1 ROLEX MAGYAR NAGYDÍJ,1073,practice_3,https://www.formula1.com/en/results.html/2021/races/1073/hungary/practice-3.html,16,63,RUS,George Russell,Williams Mercedes,14,1:18.794,+1.968s
2021,FORMULA 1 ROLEX MAGYAR NAGYDÍJ,1073,practice_3,https://www.formula1.com/en/results.html/2021/races/1073/hungary/practice-3.html,17,6,LAT,Nicholas Latifi,Williams Mercedes,15,1:18.821,+1.995s
2021,FORMULA 1 ROLEX MAGYAR NAGYDÍJ,1073,practice_3,https://www.formula1.com/en/results.html/2021/races/1073/hungary/practice-3.html,18,99,GIO,Antonio Giovinazzi,Alfa Romeo Racing Ferrari,14,1:19.113,+2.287s
2021,FORMULA 1 ROLEX MAGYAR NAGYDÍJ,1073,practice_3,https://www.formula1.com/en/results.html/2021/races/1073/hungary/practice-3.html,19,47,MSC,Mick Schumacher,Haas Ferrari,15,1:19.406,+2.580s
2021,FORMULA 1 ROLEX MAGYAR NAGYDÍJ,1073,practice_3,https://www.formula1.com/en/results.html/2021/races/1073/hungary/practice-3.html,20,9,MAZ,Nikita Mazepin,Haas Ferrari,16,1:19.933,+3.107s
2021,FORMULA 1 ROLEX BELGIAN,1074,practice_3,https://www.formula1.com/en/results.html/2021/races/1074/belgium/practice-3.html,1,33,VER,Max Verstappen,Red Bull Racing Honda,10,1:56.924,
2021,FORMULA 1 ROLEX BELGIAN,1074,practice_3,https://www.formula1.com/en/results.html/2021/races/1074/belgium/practice-3.html,2,11,PER,Sergio Perez,Red Bull Racing Honda,7,1:57.871,+0.947s
2021,FORMULA 1 ROLEX BELGIAN,1074,practice_3,https://www.formula1.com/en/results.html/2021/races/1074/belgium/practice-3.html,3,44,HAM,Lewis Hamilton,Mercedes,9,1:57.996,+1.072s
2021,FORMULA 1 ROLEX BELGIAN,1074,practice_3,https://www.formula1.com/en/results.html/2021/races/1074/belgium/practice-3.html,4,4,NOR,Lando Norris,McLaren Mercedes,11,1:58.509,+1.585s
2021,FORMULA 1 ROLEX BELGIAN,1074,practice_3,https://www.formula1.com/en/results.html/2021/races/1074/belgium/practice-3.html,5,31,OCO,Esteban Ocon,Alpine Renault,15,1:58.913,+1.989s
2021,FORMULA 1 ROLEX BELGIAN,1074,practice_3,https://www.formula1.com/en/results.html/2021/races/1074/belgium/practice-3.html,6,18,STR,Lance Stroll,Aston Martin Mercedes,16,1:59.205,+2.281s
2021,FORMULA 1 ROLEX BELGIAN,1074,practice_3,https://www.formula1.com/en/results.html/2021/races/1074/belgium/practice-3.html,7,10,GAS,Pierre Gasly,AlphaTauri Honda,14,1:59.324,+2.400s
2021,FORMULA 1 ROLEX BELGIAN,1074,practice_3,https://www.formula1.com/en/results.html/2021/races/1074/belgium/practice-3.html,8,5,VET,Sebastian Vettel,Aston Martin Mercedes,15,1:59.436,+2.512s
2021,FORMULA 1 ROLEX BELGIAN,1074,practice_3,https://www.formula1.com/en/results.html/2021/races/1074/belgium/practice-3.html,9,63,RUS,George Russell,Williams Mercedes,9,1:59.492,+2.568s
2021,FORMULA 1 ROLEX BELGIAN,1074,practice_3,https://www.formula1.com/en/results.html/2021/races/1074/belgium/practice-3.html,10,14,ALO,Fernando Alonso,Alpine Renault,16,1:59.613,+2.689s
2021,FORMULA 1 ROLEX BELGIAN,1074,practice_3,https://www.formula1.com/en/results.html/2021/races/1074/belgium/practice-3.html,11,77,BOT,Valtteri Bottas,Mercedes,14,1:59.808,+2.884s
2021,FORMULA 1 ROLEX BELGIAN,1074,practice_3,https://www.formula1.com/en/results.html/2021/races/1074/belgium/practice-3.html,12,6,LAT,Nicholas Latifi,Williams Mercedes,11,1:59.981,+3.057s
2021,FORMULA 1 ROLEX BELGIAN,1074,practice_3,https://www.formula1.com/en/results.html/2021/races/1074/belgium/practice-3.html,13,3,RIC,Daniel Ricciardo,McLaren Mercedes,13,2:00.456,+3.532s
2021,FORMULA 1 ROLEX BELGIAN,1074,practice_3,https://www.formula1.com/en/results.html/2021/races/1074/belgium/practice-3.html,14,55,SAI,Carlos Sainz,Ferrari,17,2:00.749,+3.825s
2021,FORMULA 1 ROLEX BELGIAN,1074,practice_3,https://www.formula1.com/en/results.html/2021/races/1074/belgium/practice-3.html,15,47,MSC,Mick Schumacher,Haas Ferrari,18,2:01.269,+4.345s
2021,FORMULA 1 ROLEX BELGIAN,1074,practice_3,https://www.formula1.com/en/results.html/2021/races/1074/belgium/practice-3.html,16,16,LEC,Charles Leclerc,Ferrari,14,2:01.370,+4.446s
2021,FORMULA 1 ROLEX BELGIAN,1074,practice_3,https://www.formula1.com/en/results.html/2021/races/1074/belgium/practice-3.html,17,22,TSU,Yuki Tsunoda,AlphaTauri Honda,20,2:01.510,+4.586s
2021,FORMULA 1 ROLEX BELGIAN,1074,practice_3,https://www.formula1.com/en/results.html/2021/races/1074/belgium/practice-3.html,18,99,GIO,Antonio Giovinazzi,Alfa Romeo Racing Ferrari,20,2:01.512,+4.588s
2021,FORMULA 1 ROLEX BELGIAN,1074,practice_3,https://www.formula1.com/en/results.html/2021/races/1074/belgium/practice-3.html,19,9,MAZ,Nikita Mazepin,Haas Ferrari,19,2:01.792,+4.868s
2021,FORMULA 1 ROLEX BELGIAN,1074,practice_3,https://www.formula1.com/en/results.html/2021/races/1074/belgium/practice-3.html,20,7,RAI,Kimi Räikkönen,Alfa Romeo Racing Ferrari,3,2:04.382,+7.458s
2021,FORMULA 1 HEINEKEN DUTCH,1075,practice_3,https://www.formula1.com/en/results.html/2021/races/1075/netherlands/practice-3.html,1,33,VER,Max Verstappen,Red Bull Racing Honda,13,1:09.623,
2021,FORMULA 1 HEINEKEN DUTCH,1075,practice_3,https://www.formula1.com/en/results.html/2021/races/1075/netherlands/practice-3.html,2,77,BOT,Valtteri Bottas,Mercedes,17,1:10.179,+0.556s
2021,FORMULA 1 HEINEKEN DUTCH,1075,practice_3,https://www.formula1.com/en/results.html/2021/races/1075/netherlands/practice-3.html,3,44,HAM,Lewis Hamilton,Mercedes,22,1:10.417,+0.794s
2021,FORMULA 1 HEINEKEN DUTCH,1075,practice_3,https://www.formula1.com/en/results.html/2021/races/1075/netherlands/practice-3.html,4,11,PER,Sergio Perez,Red Bull Racing Honda,20,1:10.526,+0.903s
2021,FORMULA 1 HEINEKEN DUTCH,1075,practice_3,https://www.formula1.com/en/results.html/2021/races/1075/netherlands/practice-3.html,5,14,ALO,Fernando Alonso,Alpine Renault,16,1:10.670,+1.047s
2021,FORMULA 1 HEINEKEN DUTCH,1075,practice_3,https://www.formula1.com/en/results.html/2021/races/1075/netherlands/practice-3.html,6,4,NOR,Lando Norris,McLaren Mercedes,19,1:10.781,+1.158s
2021,FORMULA 1 HEINEKEN DUTCH,1075,practice_3,https://www.formula1.com/en/results.html/2021/races/1075/netherlands/practice-3.html,7,18,STR,Lance Stroll,Aston Martin Mercedes,19,1:10.842,+1.219s
2021,FORMULA 1 HEINEKEN DUTCH,1075,practice_3,https://www.formula1.com/en/results.html/2021/races/1075/netherlands/practice-3.html,8,5,VET,Sebastian Vettel,Aston Martin Mercedes,20,1:10.872,+1.249s
2021,FORMULA 1 HEINEKEN DUTCH,1075,practice_3,https://www.formula1.com/en/results.html/2021/races/1075/netherlands/practice-3.html,9,16,LEC,Charles Leclerc,Ferrari,20,1:10.896,+1.273s
2021,FORMULA 1 HEINEKEN DUTCH,1075,practice_3,https://www.formula1.com/en/results.html/2021/races/1075/netherlands/practice-3.html,10,10,GAS,Pierre Gasly,AlphaTauri Honda,21,1:11.005,+1.382s
2021,FORMULA 1 HEINEKEN DUTCH,1075,practice_3,https://www.formula1.com/en/results.html/2021/races/1075/netherlands/practice-3.html,11,3,RIC,Daniel Ricciardo,McLaren Mercedes,19,1:11.013,+1.390s
2021,FORMULA 1 HEINEKEN DUTCH,1075,practice_3,https://www.formula1.com/en/results.html/2021/races/1075/netherlands/practice-3.html,12,6,LAT,Nicholas Latifi,Williams Mercedes,19,1:11.083,+1.460s
2021,FORMULA 1 HEINEKEN DUTCH,1075,practice_3,https://www.formula1.com/en/results.html/2021/races/1075/netherlands/practice-3.html,13,31,OCO,Esteban Ocon,Alpine Renault,23,1:11.180,+1.557s
2021,FORMULA 1 HEINEKEN DUTCH,1075,practice_3,https://www.formula1.com/en/results.html/2021/races/1075/netherlands/practice-3.html,14,63,RUS,George Russell,Williams Mercedes,20,1:11.274,+1.651s
2021,FORMULA 1 HEINEKEN DUTCH,1075,practice_3,https://www.formula1.com/en/results.html/2021/races/1075/netherlands/practice-3.html,15,99,GIO,Antonio Giovinazzi,Alfa Romeo Racing Ferrari,20,1:11.299,+1.676s
2021,FORMULA 1 HEINEKEN DUTCH,1075,practice_3,https://www.formula1.com/en/results.html/2021/races/1075/netherlands/practice-3.html,16,55,SAI,Carlos Sainz,Ferrari,5,1:11.940,+2.317s
2021,FORMULA 1 HEINEKEN DUTCH,1075,practice_3,https://www.formula1.com/en/results.html/2021/races/1075/netherlands/practice-3.html,17,22,TSU,Yuki Tsunoda,AlphaTauri Honda,29,1:11.980,+2.357s
2021,FORMULA 1 HEINEKEN DUTCH,1075,practice_3,https://www.formula1.com/en/results.html/2021/races/1075/netherlands/practice-3.html,18,9,MAZ,Nikita Mazepin,Haas Ferrari,23,1:12.136,+2.513s
2021,FORMULA 1 HEINEKEN DUTCH,1075,practice_3,https://www.formula1.com/en/results.html/2021/races/1075/netherlands/practice-3.html,19,88,KUB,Robert Kubica,Alfa Romeo Racing Ferrari,28,1:12.162,+2.539s
2021,FORMULA 1 HEINEKEN DUTCH,1075,practice_3,https://www.formula1.com/en/results.html/2021/races/1075/netherlands/practice-3.html,20,47,MSC,Mick Schumacher,Haas Ferrari,20,1:12.366,+2.743s
2021,FORMULA 1 ROLEX TURKISH,1078,practice_3,https://www.formula1.com/en/results.html/2021/races/1078/turkey/practice-3.html,1,10,GAS,Pierre Gasly,AlphaTauri Honda,19,1:30.447,
2021,FORMULA 1 ROLEX TURKISH,1078,practice_3,https://www.formula1.com/en/results.html/2021/races/1078/turkey/practice-3.html,2,33,VER,Max Verstappen,Red Bull Racing Honda,11,1:30.611,+0.164s
2021,FORMULA 1 ROLEX TURKISH,1078,practice_3,https://www.formula1.com/en/results.html/2021/races/1078/turkey/practice-3.html,3,11,PER,Sergio Perez,Red Bull Racing Honda,13,1:30.684,+0.237s
2021,FORMULA 1 ROLEX TURKISH,1078,practice_3,https://www.formula1.com/en/results.html/2021/races/1078/turkey/practice-3.html,4,55,SAI,Carlos Sainz,Ferrari,22,1:31.262,+0.815s
2021,FORMULA 1 ROLEX TURKISH,1078,practice_3,https://www.formula1.com/en/results.html/2021/races/1078/turkey/practice-3.html,5,16,LEC,Charles Leclerc,Ferrari,18,1:31.543,+1.096s
2021,FORMULA 1 ROLEX TURKISH,1078,practice_3,https://www.formula1.com/en/results.html/2021/races/1078/turkey/practice-3.html,6,14,ALO,Fernando Alonso,Alpine Renault,15,1:31.545,+1.098s
2021,FORMULA 1 ROLEX TURKISH,1078,practice_3,https://www.formula1.com/en/results.html/2021/races/1078/turkey/practice-3.html,7,7,RAI,Kimi Räikkönen,Alfa Romeo Racing Ferrari,17,1:31.572,+1.125s
2021,FORMULA 1 ROLEX TURKISH,1078,practice_3,https://www.formula1.com/en/results.html/2021/races/1078/turkey/practice-3.html,8,22,TSU,Yuki Tsunoda,AlphaTauri Honda,21,1:31.981,+1.534s
2021,FORMULA 1 ROLEX TURKISH,1078,practice_3,https://www.formula1.com/en/results.html/2021/races/1078/turkey/practice-3.html,9,77,BOT,Valtteri Bottas,Mercedes,8,1:31.996,+1.549s
2021,FORMULA 1 ROLEX TURKISH,1078,practice_3,https://www.formula1.com/en/results.html/2021/races/1078/turkey/practice-3.html,10,31,OCO,Esteban Ocon,Alpine Renault,17,1:32.089,+1.642s
2021,FORMULA 1 ROLEX TURKISH,1078,practice_3,https://www.formula1.com/en/results.html/2021/races/1078/turkey/practice-3.html,11,99,GIO,Antonio Giovinazzi,Alfa Romeo Racing Ferrari,21,1:32.097,+1.650s
2021,FORMULA 1 ROLEX TURKISH,1078,practice_3,https://www.formula1.com/en/results.html/2021/races/1078/turkey/practice-3.html,12,5,VET,Sebastian Vettel,Aston Martin Mercedes,14,1:32.111,+1.664s
2021,FORMULA 1 ROLEX TURKISH,1078,practice_3,https://www.formula1.com/en/results.html/2021/races/1078/turkey/practice-3.html,13,47,MSC,Mick Schumacher,Haas Ferrari,23,1:32.228,+1.781s
2021,FORMULA 1 ROLEX TURKISH,1078,practice_3,https://www.formula1.com/en/results.html/2021/races/1078/turkey/practice-3.html,14,3,RIC,Daniel Ricciardo,McLaren Mercedes,18,1:32.270,+1.823s
2021,FORMULA 1 ROLEX TURKISH,1078,practice_3,https://www.formula1.com/en/results.html/2021/races/1078/turkey/practice-3.html,15,4,NOR,Lando Norris,McLaren Mercedes,18,1:32.314,+1.867s
2021,FORMULA 1 ROLEX TURKISH,1078,practice_3,https://www.formula1.com/en/results.html/2021/races/1078/turkey/practice-3.html,16,18,STR,Lance Stroll,Aston Martin Mercedes,11,1:33.348,+2.901s
2021,FORMULA 1 ROLEX TURKISH,1078,practice_3,https://www.formula1.com/en/results.html/2021/races/1078/turkey/practice-3.html,17,9,MAZ,Nikita Mazepin,Haas Ferrari,14,1:33.425,+2.978s
2021,FORMULA 1 ROLEX TURKISH,1078,practice_3,https://www.formula1.com/en/results.html/2021/races/1078/turkey/practice-3.html,18,44,HAM,Lewis Hamilton,Mercedes,5,1:33.636,+3.189s
2021,FORMULA 1 ROLEX TURKISH,1078,practice_3,https://www.formula1.com/en/results.html/2021/races/1078/turkey/practice-3.html,19,6,LAT,Nicholas Latifi,Williams Mercedes,8,1:35.681,+5.234s
2021,FORMULA 1 ROLEX TURKISH,1078,practice_3,https://www.formula1.com/en/results.html/2021/races/1078/turkey/practice-3.html,20,63,RUS,George Russell,Williams Mercedes,2,,
2021,FORMULA 1 ARAMCO GRAN PREMIO DE ESPAÑA,1086,practice_3,https://www.formula1.com/en/results.html/2021/races/1086/spain/practice-3.html,1,33,VER,Max Verstappen,Red Bull Racing Honda,11,1:17.835,
2021,FORMULA 1 ARAMCO GRAN PREMIO DE ESPAÑA,1086,practice_3,https://www.formula1.com/en/results.html/2021/races/1086/spain/practice-3.html,2,44,HAM,Lewis Hamilton,Mercedes,14,1:18.070,+0.235s
2021,FORMULA 1 ARAMCO GRAN PREMIO DE ESPAÑA,1086,practice_3,https://www.formula1.com/en/results.html/2021/races/1086/spain/practice-3.html,3,16,LEC,Charles Leclerc,Ferrari,17,1:18.308,+0.473s
2021,FORMULA 1 ARAMCO GRAN PREMIO DE ESPAÑA,1086,practice_3,https://www.formula1.com/en/results.html/2021/races/1086/spain/practice-3.html,4,55,SAI,Carlos Sainz,Ferrari,18,1:18.410,+0.575s
2021,FORMULA 1 ARAMCO GRAN PREMIO DE ESPAÑA,1086,practice_3,https://www.formula1.com/en/results.html/2021/races/1086/spain/practice-3.html,5,77,BOT,Valtteri Bottas,Mercedes,15,1:18.423,+0.588s
2021,FORMULA 1 ARAMCO GRAN PREMIO DE ESPAÑA,1086,practice_3,https://www.formula1.com/en/results.html/2021/races/1086/spain/practice-3.html,6,4,NOR,Lando Norris,McLaren Mercedes,14,1:18.494,+0.659s
2021,FORMULA 1 ARAMCO GRAN PREMIO DE ESPAÑA,1086,practice_3,https://www.formula1.com/en/results.html/2021/races/1086/spain/practice-3.html,7,10,GAS,Pierre Gasly,AlphaTauri Honda,17,1:18.535,+0.700s
2021,FORMULA 1 ARAMCO GRAN PREMIO DE ESPAÑA,1086,practice_3,https://www.formula1.com/en/results.html/2021/races/1086/spain/practice-3.html,8,3,RIC,Daniel Ricciardo,McLaren Mercedes,21,1:18.582,+0.747s
2021,FORMULA 1 ARAMCO GRAN PREMIO DE ESPAÑA,1086,practice_3,https://www.formula1.com/en/results.html/2021/races/1086/spain/practice-3.html,9,7,RAI,Kimi Räikkönen,Alfa Romeo Racing Ferrari,18,1:18.597,+0.762s
2021,FORMULA 1 ARAMCO GRAN PREMIO DE ESPAÑA,1086,practice_3,https://www.formula1.com/en/results.html/2021/races/1086/spain/practice-3.html,10,11,PER,Sergio Perez,Red Bull Racing Honda,16,1:18.606,+0.771s
2021,FORMULA 1 ARAMCO GRAN PREMIO DE ESPAÑA,1086,practice_3,https://www.formula1.com/en/results.html/2021/races/1086/spain/practice-3.html,11,14,ALO,Fernando Alonso,Alpine Renault,18,1:18.662,+0.827s
2021,FORMULA 1 ARAMCO GRAN PREMIO DE ESPAÑA,1086,practice_3,https://www.formula1.com/en/results.html/2021/races/1086/spain/practice-3.html,12,22,TSU,Yuki Tsunoda,AlphaTauri Honda,21,1:18.673,+0.838s
2021,FORMULA 1 ARAMCO GRAN PREMIO DE ESPAÑA,1086,practice_3,https://www.formula1.com/en/results.html/2021/races/1086/spain/practice-3.html,13,31,OCO,Esteban Ocon,Alpine Renault,15,1:18.700,+0.865s
2021,FORMULA 1 ARAMCO GRAN PREMIO DE ESPAÑA,1086,practice_3,https://www.formula1.com/en/results.html/2021/races/1086/spain/practice-3.html,14,18,STR,Lance Stroll,Aston Martin Mercedes,18,1:18.877,+1.042s
2021,FORMULA 1 ARAMCO GRAN PREMIO DE ESPAÑA,1086,practice_3,https://www.formula1.com/en/results.html/2021/races/1086/spain/practice-3.html,15,63,RUS,George Russell,Williams Mercedes,17,1:19.005,+1.170s
2021,FORMULA 1 ARAMCO GRAN PREMIO DE ESPAÑA,1086,practice_3,https://www.formula1.com/en/results.html/2021/races/1086/spain/practice-3.html,16,99,GIO,Antonio Giovinazzi,Alfa Romeo Racing Ferrari,19,1:19.214,+1.379s
2021,FORMULA 1 ARAMCO GRAN PREMIO DE ESPAÑA,1086,practice_3,https://www.formula1.com/en/results.html/2021/races/1086/spain/practice-3.html,17,5,VET,Sebastian Vettel,Aston Martin Mercedes,18,1:19.363,+1.528s
2021,FORMULA 1 ARAMCO GRAN PREMIO DE ESPAÑA,1086,practice_3,https://www.formula1.com/en/results.html/2021/races/1086/spain/practice-3.html,18,6,LAT,Nicholas Latifi,Williams Mercedes,16,1:19.392,+1.557s
2021,FORMULA 1 ARAMCO GRAN PREMIO DE ESPAÑA,1086,practice_3,https://www.formula1.com/en/results.html/2021/races/1086/spain/practice-3.html,19,47,MSC,Mick Schumacher,Haas Ferrari,17,1:19.999,+2.164s
2021,FORMULA 1 ARAMCO GRAN PREMIO DE ESPAÑA,1086,practice_3,https://www.formula1.com/en/results.html/2021/races/1086/spain/practice-3.html,20,9,MAZ,Nikita Mazepin,Haas Ferrari,15,1:20.237,+2.402s
2021,FORMULA 1 BWT GROSSER PREIS DER STEIERMARK,1092,practice_3,https://www.formula1.com/en/results.html/2021/races/1092/styria/practice-3.html,1,44,HAM,Lewis Hamilton,Mercedes,19,1:04.369,
2021,FORMULA 1 BWT GROSSER PREIS DER STEIERMARK,1092,practice_3,https://www.formula1.com/en/results.html/2021/races/1092/styria/practice-3.html,2,33,VER,Max Verstappen,Red Bull Racing Honda,16,1:04.573,+0.204s
2021,FORMULA 1 BWT GROSSER PREIS DER STEIERMARK,1092,practice_3,https://www.formula1.com/en/results.html/2021/races/1092/styria/practice-3.html,3,77,BOT,Valtteri Bottas,Mercedes,25,1:04.832,+0.463s
2021,FORMULA 1 BWT GROSSER PREIS DER STEIERMARK,1092,practice_3,https://www.formula1.com/en/results.html/2021/races/1092/styria/practice-3.html,4,11,PER,Sergio Perez,Red Bull Racing Honda,21,1:05.026,+0.657s
2021,FORMULA 1 BWT GROSSER PREIS DER STEIERMARK,1092,practice_3,https://www.formula1.com/en/results.html/2021/races/1092/styria/practice-3.html,5,22,TSU,Yuki Tsunoda,AlphaTauri Honda,23,1:05.150,+0.781s
2021,FORMULA 1 BWT GROSSER PREIS DER STEIERMARK,1092,practice_3,https://www.formula1.com/en/results.html/2021/races/1092/styria/practice-3.html,6,10,GAS,Pierre Gasly,AlphaTauri Honda,22,1:05.298,+0.929s
2021,FORMULA 1 BWT GROSSER PREIS DER STEIERMARK,1092,practice_3,https://www.formula1.com/en/results.html/2021/races/1092/styria/practice-3.html,7,16,LEC,Charles Leclerc,Ferrari,21,1:05.340,+0.971s
2021,FORMULA 1 BWT GROSSER PREIS DER STEIERMARK,1092,practice_3,https://www.formula1.com/en/results.html/2021/races/1092/styria/practice-3.html,8,14,ALO,Fernando Alonso,Alpine Renault,24,1:05.400,+1.031s
2021,FORMULA 1 BWT GROSSER PREIS DER STEIERMARK,1092,practice_3,https://www.formula1.com/en/results.html/2021/races/1092/styria/practice-3.html,9,18,STR,Lance Stroll,Aston Martin Mercedes,18,1:05.445,+1.076s
2021,FORMULA 1 BWT GROSSER PREIS DER STEIERMARK,1092,practice_3,https://www.formula1.com/en/results.html/2021/races/1092/styria/practice-3.html,10,5,VET,Sebastian Vettel,Aston Martin Mercedes,20,1:05.492,+1.123s
2021,FORMULA 1 BWT GROSSER PREIS DER STEIERMARK,1092,practice_3,https://www.formula1.com/en/results.html/2021/races/1092/styria/practice-3.html,11,99,GIO,Antonio Giovinazzi,Alfa Romeo Racing Ferrari,24,1:05.556,+1.187s
2021,FORMULA 1 BWT GROSSER PREIS DER STEIERMARK,1092,practice_3,https://www.formula1.com/en/results.html/2021/races/1092/styria/practice-3.html,12,31,OCO,Esteban Ocon,Alpine Renault,22,1:05.676,+1.307s
2021,FORMULA 1 BWT GROSSER PREIS DER STEIERMARK,1092,practice_3,https://www.formula1.com/en/results.html/2021/races/1092/styria/practice-3.html,13,55,SAI,Carlos Sainz,Ferrari,22,1:05.698,+1.329s
2021,FORMULA 1 BWT GROSSER PREIS DER STEIERMARK,1092,practice_3,https://www.formula1.com/en/results.html/2021/races/1092/styria/practice-3.html,14,63,RUS,George Russell,Williams Mercedes,23,1:05.863,+1.494s
2021,FORMULA 1 BWT GROSSER PREIS DER STEIERMARK,1092,practice_3,https://www.formula1.com/en/results.html/2021/races/1092/styria/practice-3.html,15,7,RAI,Kimi Räikkönen,Alfa Romeo Racing Ferrari,25,1:05.942,+1.573s
2021,FORMULA 1 BWT GROSSER PREIS DER STEIERMARK,1092,practice_3,https://www.formula1.com/en/results.html/2021/races/1092/styria/practice-3.html,16,47,MSC,Mick Schumacher,Haas Ferrari,24,1:05.992,+1.623s
2021,FORMULA 1 BWT GROSSER PREIS DER STEIERMARK,1092,practice_3,https://www.formula1.com/en/results.html/2021/races/1092/styria/practice-3.html,17,3,RIC,Daniel Ricciardo,McLaren Mercedes,20,1:06.116,+1.747s
2021,FORMULA 1 BWT GROSSER PREIS DER STEIERMARK,1092,practice_3,https://www.formula1.com/en/results.html/2021/races/1092/styria/practice-3.html,18,6,LAT,Nicholas Latifi,Williams Mercedes,22,1:06.119,+1.750s
2021,FORMULA 1 BWT GROSSER PREIS DER STEIERMARK,1092,practice_3,https://www.formula1.com/en/results.html/2021/races/1092/styria/practice-3.html,19,4,NOR,Lando Norris,McLaren Mercedes,19,1:06.654,+2.285s
2021,FORMULA 1 BWT GROSSER PREIS DER STEIERMARK,1092,practice_3,https://www.formula1.com/en/results.html/2021/races/1092/styria/practice-3.html,20,9,MAZ,Nikita Mazepin,Haas Ferrari,22,1:06.692,+2.323s
2021,FORMULA 1 ARAMCO UNITED STATES,1102,practice_3,https://www.formula1.com/en/results.html/2021/races/1102/united-states/practice-3.html,1,11,PER,Sergio Perez,Red Bull Racing Honda,13,1:34.701,
2021,FORMULA 1 ARAMCO UNITED STATES,1102,practice_3,https://www.formula1.com/en/results.html/2021/races/1102/united-states/practice-3.html,2,55,SAI,Carlos Sainz,Ferrari,16,1:34.805,+0.104s
2021,FORMULA 1 ARAMCO UNITED STATES,1102,practice_3,https://www.formula1.com/en/results.html/2021/races/1102/united-states/practice-3.html,3,33,VER,Max Verstappen,Red Bull Racing Honda,13,1:34.912,+0.211s
2021,FORMULA 1 ARAMCO UNITED STATES,1102,practice_3,https://www.formula1.com/en/results.html/2021/races/1102/united-states/practice-3.html,4,4,NOR,Lando Norris,McLaren Mercedes,13,1:34.945,+0.244s
2021,FORMULA 1 ARAMCO UNITED STATES,1102,practice_3,https://www.formula1.com/en/results.html/2021/races/1102/united-states/practice-3.html,5,77,BOT,Valtteri Bottas,Mercedes,15,1:34.988,+0.287s
2021,FORMULA 1 ARAMCO UNITED STATES,1102,practice_3,https://www.formula1.com/en/results.html/2021/races/1102/united-states/practice-3.html,6,44,HAM,Lewis Hamilton,Mercedes,16,1:35.219,+0.518s
2021,FORMULA 1 ARAMCO UNITED STATES,1102,practice_3,https://www.formula1.com/en/results.html/2021/races/1102/united-states/practice-3.html,7,3,RIC,Daniel Ricciardo,McLaren Mercedes,11,1:35.345,+0.644s
2021,FORMULA 1 ARAMCO UNITED STATES,1102,practice_3,https://www.formula1.com/en/results.html/2021/races/1102/united-states/practice-3.html,8,10,GAS,Pierre Gasly,AlphaTauri Honda,17,1:35.398,+0.697s
2021,FORMULA 1 ARAMCO UNITED STATES,1102,practice_3,https://www.formula1.com/en/results.html/2021/races/1102/united-states/practice-3.html,9,16,LEC,Charles Leclerc,Ferrari,17,1:35.688,+0.987s
2021,FORMULA 1 ARAMCO UNITED STATES,1102,practice_3,https://www.formula1.com/en/results.html/2021/races/1102/united-states/practice-3.html,10,31,OCO,Esteban Ocon,Alpine Renault,10,1:35.711,+1.010s
2021,FORMULA 1 ARAMCO UNITED STATES,1102,practice_3,https://www.formula1.com/en/results.html/2021/races/1102/united-states/practice-3.html,11,5,VET,Sebastian Vettel,Aston Martin Mercedes,18,1:35.851,+1.150s
2021,FORMULA 1 ARAMCO UNITED STATES,1102,practice_3,https://www.formula1.com/en/results.html/2021/races/1102/united-states/practice-3.html,12,63,RUS,George Russell,Williams Mercedes,9,1:36.023,+1.322s
2021,FORMULA 1 ARAMCO UNITED STATES,1102,practice_3,https://www.formula1.com/en/results.html/2021/races/1102/united-states/practice-3.html,13,7,RAI,Kimi Räikkönen,Alfa Romeo Racing Ferrari,20,1:36.062,+1.361s
2021,FORMULA 1 ARAMCO UNITED STATES,1102,practice_3,https://www.formula1.com/en/results.html/2021/races/1102/united-states/practice-3.html,14,6,LAT,Nicholas Latifi,Williams Mercedes,8,1:36.118,+1.417s
2021,FORMULA 1 ARAMCO UNITED STATES,1102,practice_3,https://www.formula1.com/en/results.html/2021/races/1102/united-states/practice-3.html,15,99,GIO,Antonio Giovinazzi,Alfa Romeo Racing Ferrari,16,1:36.252,+1.551s
2021,FORMULA 1 ARAMCO UNITED STATES,1102,practice_3,https://www.formula1.com/en/results.html/2021/races/1102/united-states/practice-3.html,16,18,STR,Lance Stroll,Aston Martin Mercedes,13,1:36.392,+1.691s
2021,FORMULA 1 ARAMCO UNITED STATES,1102,practice_3,https://www.formula1.com/en/results.html/2021/races/1102/united-states/practice-3.html,17,14,ALO,Fernando Alonso,Alpine Renault,12,1:36.490,+1.789s
2021,FORMULA 1 ARAMCO UNITED STATES,1102,practice_3,https://www.formula1.com/en/results.html/2021/races/1102/united-states/practice-3.html,18,22,TSU,Yuki Tsunoda,AlphaTauri Honda,16,1:36.572,+1.871s
2021,FORMULA 1 ARAMCO UNITED STATES,1102,practice_3,https://www.formula1.com/en/results.html/2021/races/1102/united-states/practice-3.html,19,47,MSC,Mick Schumacher,Haas Ferrari,15,1:36.671,+1.970s
2021,FORMULA 1 ARAMCO UNITED STATES,1102,practice_3,https://www.formula1.com/en/results.html/2021/races/1102/united-states/practice-3.html,20,9,MAZ,Nikita Mazepin,Haas Ferrari,15,2:03.456,+28.755s
2021,FORMULA 1 GRAN PREMIO DE LA CIUDAD DE MÉXICO,1103,practice_3,https://www.formula1.com/en/results.html/2021/races/1103/mexico/practice-3.html,1,11,PER,Sergio Perez,Red Bull Racing Honda,15,1:17.024,
2021,FORMULA 1 GRAN PREMIO DE LA CIUDAD DE MÉXICO,1103,practice_3,https://www.formula1.com/en/results.html/2021/races/1103/mexico/practice-3.html,2,33,VER,Max Verstappen,Red Bull Racing Honda,12,1:17.217,+0.193s
2021,FORMULA 1 GRAN PREMIO DE LA CIUDAD DE MÉXICO,1103,practice_3,https://www.formula1.com/en/results.html/2021/races/1103/mexico/practice-3.html,3,44,HAM,Lewis Hamilton,Mercedes,14,1:17.675,+0.651s
2021,FORMULA 1 GRAN PREMIO DE LA CIUDAD DE MÉXICO,1103,practice_3,https://www.formula1.com/en/results.html/2021/races/1103/mexico/practice-3.html,4,77,BOT,Valtteri Bottas,Mercedes,17,1:17.708,+0.684s
2021,FORMULA 1 GRAN PREMIO DE LA CIUDAD DE MÉXICO,1103,practice_3,https://www.formula1.com/en/results.html/2021/races/1103/mexico/practice-3.html,5,55,SAI,Carlos Sainz,Ferrari,20,1:18.029,+1.005s
2021,FORMULA 1 GRAN PREMIO DE LA CIUDAD DE MÉXICO,1103,practice_3,https://www.formula1.com/en/results.html/2021/races/1103/mexico/practice-3.html,6,22,TSU,Yuki Tsunoda,AlphaTauri Honda,25,1:18.037,+1.013s
2021,FORMULA 1 GRAN PREMIO DE LA CIUDAD DE MÉXICO,1103,practice_3,https://www.formula1.com/en/results.html/2021/races/1103/mexico/practice-3.html,7,3,RIC,Daniel Ricciardo,McLaren Mercedes,15,1:18.121,+1.097s
2021,FORMULA 1 GRAN PREMIO DE LA CIUDAD DE MÉXICO,1103,practice_3,https://www.formula1.com/en/results.html/2021/races/1103/mexico/practice-3.html,8,10,GAS,Pierre Gasly,AlphaTauri Honda,18,1:18.202,+1.178s
2021,FORMULA 1 GRAN PREMIO DE LA CIUDAD DE MÉXICO,1103,practice_3,https://www.formula1.com/en/results.html/2021/races/1103/mexico/practice-3.html,9,16,LEC,Charles Leclerc,Ferrari,20,1:18.213,+1.189s
2021,FORMULA 1 GRAN PREMIO DE LA CIUDAD DE MÉXICO,1103,practice_3,https://www.formula1.com/en/results.html/2021/races/1103/mexico/practice-3.html,10,4,NOR,Lando Norris,McLaren Mercedes,16,1:18.312,+1.288s
2021,FORMULA 1 GRAN PREMIO DE LA CIUDAD DE MÉXICO,1103,practice_3,https://www.formula1.com/en/results.html/2021/races/1103/mexico/practice-3.html,11,18,STR,Lance Stroll,Aston Martin Mercedes,20,1:18.352,+1.328s
2021,FORMULA 1 GRAN PREMIO DE LA CIUDAD DE MÉXICO,1103,practice_3,https://www.formula1.com/en/results.html/2021/races/1103/mexico/practice-3.html,12,7,RAI,Kimi Räikkönen,Alfa Romeo Racing Ferrari,22,1:18.531,+1.507s
2021,FORMULA 1 GRAN PREMIO DE LA CIUDAD DE MÉXICO,1103,practice_3,https://www.formula1.com/en/results.html/2021/races/1103/mexico/practice-3.html,13,99,GIO,Antonio Giovinazzi,Alfa Romeo Racing Ferrari,19,1:18.556,+1.532s
2021,FORMULA 1 GRAN PREMIO DE LA CIUDAD DE MÉXICO,1103,practice_3,https://www.formula1.com/en/results.html/2021/races/1103/mexico/practice-3.html,14,5,VET,Sebastian Vettel,Aston Martin Mercedes,17,1:18.614,+1.590s
2021,FORMULA 1 GRAN PREMIO DE LA CIUDAD DE MÉXICO,1103,practice_3,https://www.formula1.com/en/results.html/2021/races/1103/mexico/practice-3.html,15,14,ALO,Fernando Alonso,Alpine Renault,15,1:18.847,+1.823s
2021,FORMULA 1 GRAN PREMIO DE LA CIUDAD DE MÉXICO,1103,practice_3,https://www.formula1.com/en/results.html/2021/races/1103/mexico/practice-3.html,16,31,OCO,Esteban Ocon,Alpine Renault,17,1:18.999,+1.975s
2021,FORMULA 1 GRAN PREMIO DE LA CIUDAD DE MÉXICO,1103,practice_3,https://www.formula1.com/en/results.html/2021/races/1103/mexico/practice-3.html,17,63,RUS,George Russell,Williams Mercedes,19,1:19.211,+2.187s
2021,FORMULA 1 GRAN PREMIO DE LA CIUDAD DE MÉXICO,1103,practice_3,https://www.formula1.com/en/results.html/2021/races/1103/mexico/practice-3.html,18,47,MSC,Mick Schumacher,Haas Ferrari,14,1:19.238,+2.214s
2021,FORMULA 1 GRAN PREMIO DE LA CIUDAD DE MÉXICO,1103,practice_3,https://www.formula1.com/en/results.html/2021/races/1103/mexico/practice-3.html,19,6,LAT,Nicholas Latifi,Williams Mercedes,12,1:19.313,+2.289s
2021,FORMULA 1 GRAN PREMIO DE LA CIUDAD DE MÉXICO,1103,practice_3,https://www.formula1.com/en/results.html/2021/races/1103/mexico/practice-3.html,20,9,MAZ,Nikita Mazepin,Haas Ferrari,15,1:20.479,+3.455s
2021,FORMULA 1 OOREDOO QATAR,1105,practice_3,https://www.formula1.com/en/results.html/2021/races/1105/qatar/practice-3.html,1,77,BOT,Valtteri Bottas,Mercedes,17,1:22.310,
2021,FORMULA 1 OOREDOO QATAR,1105,practice_3,https://www.formula1.com/en/results.html/2021/races/1105/qatar/practice-3.html,2,44,HAM,Lewis Hamilton,Mercedes,16,1:22.388,+0.078s
2021,FORMULA 1 OOREDOO QATAR,1105,practice_3,https://www.formula1.com/en/results.html/2021/races/1105/qatar/practice-3.html,3,33,VER,Max Verstappen,Red Bull Racing Honda,10,1:22.651,+0.341s
2021,FORMULA 1 OOREDOO QATAR,1105,practice_3,https://www.formula1.com/en/results.html/2021/races/1105/qatar/practice-3.html,4,10,GAS,Pierre Gasly,AlphaTauri Honda,17,1:22.835,+0.525s
2021,FORMULA 1 OOREDOO QATAR,1105,practice_3,https://www.formula1.com/en/results.html/2021/races/1105/qatar/practice-3.html,5,11,PER,Sergio Perez,Red Bull Racing Honda,14,1:22.846,+0.536s
2021,FORMULA 1 OOREDOO QATAR,1105,practice_3,https://www.formula1.com/en/results.html/2021/races/1105/qatar/practice-3.html,6,55,SAI,Carlos Sainz,Ferrari,17,1:23.048,+0.738s
2021,FORMULA 1 OOREDOO QATAR,1105,practice_3,https://www.formula1.com/en/results.html/2021/races/1105/qatar/practice-3.html,7,14,ALO,Fernando Alonso,Alpine Renault,13,1:23.186,+0.876s
2021,FORMULA 1 OOREDOO QATAR,1105,practice_3,https://www.formula1.com/en/results.html/2021/races/1105/qatar/practice-3.html,8,31,OCO,Esteban Ocon,Alpine Renault,18,1:23.209,+0.899s
2021,FORMULA 1 OOREDOO QATAR,1105,practice_3,https://www.formula1.com/en/results.html/2021/races/1105/qatar/practice-3.html,9,16,LEC,Charles Leclerc,Ferrari,17,1:23.276,+0.966s
2021,FORMULA 1 OOREDOO QATAR,1105,practice_3,https://www.formula1.com/en/results.html/2021/races/1105/qatar/practice-3.html,10,22,TSU,Yuki Tsunoda,AlphaTauri Honda,20,1:23.567,+1.257s
2021,FORMULA 1 OOREDOO QATAR,1105,practice_3,https://www.formula1.com/en/results.html/2021/races/1105/qatar/practice-3.html,11,3,RIC,Daniel Ricciardo,McLaren Mercedes,14,1:23.711,+1.401s
2021,FORMULA 1 OOREDOO QATAR,1105,practice_3,https://www.formula1.com/en/results.html/2021/races/1105/qatar/practice-3.html,12,5,VET,Sebastian Vettel,Aston Martin Mercedes,17,1:23.884,+1.574s
2021,FORMULA 1 OOREDOO QATAR,1105,practice_3,https://www.formula1.com/en/results.html/2021/races/1105/qatar/practice-3.html,13,4,NOR,Lando Norris,McLaren Mercedes,16,1:23.895,+1.585s
2021,FORMULA 1 OOREDOO QATAR,1105,practice_3,https://www.formula1.com/en/results.html/2021/races/1105/qatar/practice-3.html,14,63,RUS,George Russell,Williams Mercedes,17,1:23.923,+1.613s
2021,FORMULA 1 OOREDOO QATAR,1105,practice_3,https://www.formula1.com/en/results.html/2021/races/1105/qatar/practice-3.html,15,18,STR,Lance Stroll,Aston Martin Mercedes,17,1:24.154,+1.844s
2021,FORMULA 1 OOREDOO QATAR,1105,practice_3,https://www.formula1.com/en/results.html/2021/races/1105/qatar/practice-3.html,16,7,RAI,Kimi Räikkönen,Alfa Romeo Racing Ferrari,19,1:24.246,+1.936s
2021,FORMULA 1 OOREDOO QATAR,1105,practice_3,https://www.formula1.com/en/results.html/2021/races/1105/qatar/practice-3.html,17,99,GIO,Antonio Giovinazzi,Alfa Romeo Racing Ferrari,17,1:24.288,+1.978s
2021,FORMULA 1 OOREDOO QATAR,1105,practice_3,https://www.formula1.com/en/results.html/2021/races/1105/qatar/practice-3.html,18,6,LAT,Nicholas Latifi,Williams Mercedes,15,1:24.499,+2.189s
2021,FORMULA 1 OOREDOO QATAR,1105,practice_3,https://www.formula1.com/en/results.html/2021/races/1105/qatar/practice-3.html,19,47,MSC,Mick Schumacher,Haas Ferrari,20,1:24.680,+2.370s
2021,FORMULA 1 OOREDOO QATAR,1105,practice_3,https://www.formula1.com/en/results.html/2021/races/1105/qatar/practice-3.html,20,9,MAZ,Nikita Mazepin,Haas Ferrari,1,,
2021,FORMULA 1 STC SAUDI ARABIAN,1106,practice_3,https://www.formula1.com/en/results.html/2021/races/1106/saudi-arabia/practice-3.html,1,33,VER,Max Verstappen,Red Bull Racing Honda,20,1:28.100,
2021,FORMULA 1 STC SAUDI ARABIAN,1106,practice_3,https://www.formula1.com/en/results.html/2021/races/1106/saudi-arabia/practice-3.html,2,44,HAM,Lewis Hamilton,Mercedes,23,1:28.314,+0.214s
2021,FORMULA 1 STC SAUDI ARABIAN,1106,practice_3,https://www.formula1.com/en/results.html/2021/races/1106/saudi-arabia/practice-3.html,3,11,PER,Sergio Perez,Red Bull Racing Honda,21,1:28.629,+0.529s
2021,FORMULA 1 STC SAUDI ARABIAN,1106,practice_3,https://www.formula1.com/en/results.html/2021/races/1106/saudi-arabia/practice-3.html,4,22,TSU,Yuki Tsunoda,AlphaTauri Honda,20,1:28.641,+0.541s
2021,FORMULA 1 STC SAUDI ARABIAN,1106,practice_3,https://www.formula1.com/en/results.html/2021/races/1106/saudi-arabia/practice-3.html,5,10,GAS,Pierre Gasly,AlphaTauri Honda,22,1:28.715,+0.615s
2021,FORMULA 1 STC SAUDI ARABIAN,1106,practice_3,https://www.formula1.com/en/results.html/2021/races/1106/saudi-arabia/practice-3.html,6,77,BOT,Valtteri Bottas,Mercedes,19,1:29.019,+0.919s
2021,FORMULA 1 STC SAUDI ARABIAN,1106,practice_3,https://www.formula1.com/en/results.html/2021/races/1106/saudi-arabia/practice-3.html,7,16,LEC,Charles Leclerc,Ferrari,22,1:29.101,+1.001s
2021,FORMULA 1 STC SAUDI ARABIAN,1106,practice_3,https://www.formula1.com/en/results.html/2021/races/1106/saudi-arabia/practice-3.html,8,55,SAI,Carlos Sainz,Ferrari,19,1:29.149,+1.049s
2021,FORMULA 1 STC SAUDI ARABIAN,1106,practice_3,https://www.formula1.com/en/results.html/2021/races/1106/saudi-arabia/practice-3.html,9,31,OCO,Esteban Ocon,Alpine Renault,19,1:29.177,+1.077s
2021,FORMULA 1 STC SAUDI ARABIAN,1106,practice_3,https://www.formula1.com/en/results.html/2021/races/1106/saudi-arabia/practice-3.html,10,4,NOR,Lando Norris,McLaren Mercedes,18,1:29.300,+1.200s
2021,FORMULA 1 STC SAUDI ARABIAN,1106,practice_3,https://www.formula1.com/en/results.html/2021/races/1106/saudi-arabia/practice-3.html,11,14,ALO,Fernando Alonso,Alpine Renault,21,1:29.418,+1.318s
2021,FORMULA 1 STC SAUDI ARABIAN,1106,practice_3,https://www.formula1.com/en/results.html/2021/races/1106/saudi-arabia/practice-3.html,12,99,GIO,Antonio Giovinazzi,Alfa Romeo Racing Ferrari,20,1:29.590,+1.490s
2021,FORMULA 1 STC SAUDI ARABIAN,1106,practice_3,https://www.formula1.com/en/results.html/2021/races/1106/saudi-arabia/practice-3.html,13,7,RAI,Kimi Räikkönen,Alfa Romeo Racing Ferrari,24,1:29.689,+1.589s
2021,FORMULA 1 STC SAUDI ARABIAN,1106,practice_3,https://www.formula1.com/en/results.html/2021/races/1106/saudi-arabia/practice-3.html,14,3,RIC,Daniel Ricciardo,McLaren Mercedes,19,1:29.717,+1.617s
2021,FORMULA 1 STC SAUDI ARABIAN,1106,practice_3,https://www.formula1.com/en/results.html/2021/races/1106/saudi-arabia/practice-3.html,15,18,STR,Lance Stroll,Aston Martin Mercedes,14,1:30.030,+1.930s
2021,FORMULA 1 STC SAUDI ARABIAN,1106,practice_3,https://www.formula1.com/en/results.html/2021/races/1106/saudi-arabia/practice-3.html,16,63,RUS,George Russell,Williams Mercedes,17,1:30.034,+1.934s
2021,FORMULA 1 STC SAUDI ARABIAN,1106,practice_3,https://www.formula1.com/en/results.html/2021/races/1106/saudi-arabia/practice-3.html,17,5,VET,Sebastian Vettel,Aston Martin Mercedes,15,1:30.296,+2.196s
2021,FORMULA 1 STC SAUDI ARABIAN,1106,practice_3,https://www.formula1.com/en/results.html/2021/races/1106/saudi-arabia/practice-3.html,18,6,LAT,Nicholas Latifi,Williams Mercedes,17,1:30.366,+2.266s
2021,FORMULA 1 STC SAUDI ARABIAN,1106,practice_3,https://www.formula1.com/en/results.html/2021/races/1106/saudi-arabia/practice-3.html,19,47,MSC,Mick Schumacher,Haas Ferrari,20,1:30.933,+2.833s
2021,FORMULA 1 STC SAUDI ARABIAN,1106,practice_3,https://www.formula1.com/en/results.html/2021/races/1106/saudi-arabia/practice-3.html,20,9,MAZ,Nikita Mazepin,Haas Ferrari,23,1:30.979,+2.879s
2021,FORMULA 1 ETIHAD AIRWAYS ABU DHABI,1107,practice_3,https://www.formula1.com/en/results.html/2021/races/1107/abu-dhabi/practice-3.html,1,44,HAM,Lewis Hamilton,Mercedes,23,1:23.274,
2021,FORMULA 1 ETIHAD AIRWAYS ABU DHABI,1107,practice_3,https://www.formula1.com/en/results.html/2021/races/1107/abu-dhabi/practice-3.html,2,33,VER,Max Verstappen,Red Bull Racing Honda,23,1:23.488,+0.214s
2021,FORMULA 1 ETIHAD AIRWAYS ABU DHABI,1107,practice_3,https://www.formula1.com/en/results.html/2021/races/1107/abu-dhabi/practice-3.html,3,77,BOT,Valtteri Bottas,Mercedes,21,1:24.025,+0.751s
2021,FORMULA 1 ETIHAD AIRWAYS ABU DHABI,1107,practice_3,https://www.formula1.com/en/results.html/2021/races/1107/abu-dhabi/practice-3.html,4,11,PER,Sergio Perez,Red Bull Racing Honda,21,1:24.047,+0.773s
2021,FORMULA 1 ETIHAD AIRWAYS ABU DHABI,1107,practice_3,https://www.formula1.com/en/results.html/2021/races/1107/abu-dhabi/practice-3.html,5,4,NOR,Lando Norris,McLaren Mercedes,17,1:24.106,+0.832s
2021,FORMULA 1 ETIHAD AIRWAYS ABU DHABI,1107,practice_3,https://www.formula1.com/en/results.html/2021/races/1107/abu-dhabi/practice-3.html,6,22,TSU,Yuki Tsunoda,AlphaTauri Honda,22,1:24.223,+0.949s
2021,FORMULA 1 ETIHAD AIRWAYS ABU DHABI,1107,practice_3,https://www.formula1.com/en/results.html/2021/races/1107/abu-dhabi/practice-3.html,7,10,GAS,Pierre Gasly,AlphaTauri Honda,22,1:24.251,+0.977s
2021,FORMULA 1 ETIHAD AIRWAYS ABU DHABI,1107,practice_3,https://www.formula1.com/en/results.html/2021/races/1107/abu-dhabi/practice-3.html,8,55,SAI,Carlos Sainz,Ferrari,20,1:24.595,+1.321s
2021,FORMULA 1 ETIHAD AIRWAYS ABU DHABI,1107,practice_3,https://www.formula1.com/en/results.html/2021/races/1107/abu-dhabi/practice-3.html,9,3,RIC,Daniel Ricciardo,McLaren Mercedes,16,1:24.733,+1.459s
2021,FORMULA 1 ETIHAD AIRWAYS ABU DHABI,1107,practice_3,https://www.formula1.com/en/results.html/2021/races/1107/abu-dhabi/practice-3.html,10,16,LEC,Charles Leclerc,Ferrari,21,1:24.758,+1.484s
2021,FORMULA 1 ETIHAD AIRWAYS ABU DHABI,1107,practice_3,https://www.formula1.com/en/results.html/2021/races/1107/abu-dhabi/practice-3.html,11,18,STR,Lance Stroll,Aston Martin Mercedes,22,1:24.821,+1.547s
2021,FORMULA 1 ETIHAD AIRWAYS ABU DHABI,1107,practice_3,https://www.formula1.com/en/results.html/2021/races/1107/abu-dhabi/practice-3.html,12,31,OCO,Esteban Ocon,Alpine Renault,18,1:24.834,+1.560s
2021,FORMULA 1 ETIHAD AIRWAYS ABU DHABI,1107,practice_3,https://www.formula1.com/en/results.html/2021/races/1107/abu-dhabi/practice-3.html,13,7,RAI,Kimi Räikkönen,Alfa Romeo Racing Ferrari,23,1:25.037,+1.763s
2021,FORMULA 1 ETIHAD AIRWAYS ABU DHABI,1107,practice_3,https://www.formula1.com/en/results.html/2021/races/1107/abu-dhabi/practice-3.html,14,99,GIO,Antonio Giovinazzi,Alfa Romeo Racing Ferrari,18,1:25.048,+1.774s
2021,FORMULA 1 ETIHAD AIRWAYS ABU DHABI,1107,practice_3,https://www.formula1.com/en/results.html/2021/races/1107/abu-dhabi/practice-3.html,15,14,ALO,Fernando Alonso,Alpine Renault,19,1:25.094,+1.820s
2021,FORMULA 1 ETIHAD AIRWAYS ABU DHABI,1107,practice_3,https://www.formula1.com/en/results.html/2021/races/1107/abu-dhabi/practice-3.html,16,5,VET,Sebastian Vettel,Aston Martin Mercedes,25,1:25.115,+1.841s
2021,FORMULA 1 ETIHAD AIRWAYS ABU DHABI,1107,practice_3,https://www.formula1.com/en/results.html/2021/races/1107/abu-dhabi/practice-3.html,17,63,RUS,George Russell,Williams Mercedes,22,1:25.220,+1.946s
2021,FORMULA 1 ETIHAD AIRWAYS ABU DHABI,1107,practice_3,https://www.formula1.com/en/results.html/2021/races/1107/abu-dhabi/practice-3.html,18,6,LAT,Nicholas Latifi,Williams Mercedes,19,1:25.322,+2.048s
2021,FORMULA 1 ETIHAD AIRWAYS ABU DHABI,1107,practice_3,https://www.formula1.com/en/results.html/2021/races/1107/abu-dhabi/practice-3.html,19,47,MSC,Mick Schumacher,Haas Ferrari,18,1:25.340,+2.066s
2021,FORMULA 1 ETIHAD AIRWAYS ABU DHABI,1107,practice_3,https://www.formula1.com/en/results.html/2021/races/1107/abu-dhabi/practice-3.html,20,9,MAZ,Nikita Mazepin,Haas Ferrari,19,1:26.332,+3.058s
