year,race_name,race_id,result_type,url,position,driver_number,driver_code,driver_name,team,lap,time_of_day,lap_time,avg_speed
2022,FORMULA 1 HEINEKEN AUSTRALIAN,1108,fastest_lap,https://www.formula1.com/en/results.html/2022/races/1108/australia/fastest-laps.html,1,16,LEC,Charles Leclerc,Ferrari,58,16:30:59,1:20.260,236.740
2022,FORMULA 1 HEINEKEN AUSTRALIAN,1108,fastest_lap,https://www.formula1.com/en/results.html/2022/races/1108/australia/fastest-laps.html,2,14,ALO,Fernando Alonso,Alpine Renault,57,16:31:30,1:20.846,235.024
2022,FORMULA 1 HEINEKEN AUSTRALIAN,1108,fastest_lap,https://www.formula1.com/en/results.html/2022/races/1108/australia/fastest-laps.html,3,11,PER,Sergio Perez,Red Bull Racing RBPT,58,16:31:20,1:21.094,234.305
2022,FORMULA 1 HEINEKEN AUSTRALIAN,1108,fastest_lap,https://www.formula1.com/en/results.html/2022/races/1108/australia/fastest-laps.html,4,63,RUS,George Russell,Mercedes,53,16:24:35,1:21.495,233.152
2022,FORMULA 1 HEINEKEN AUSTRALIAN,1108,fastest_lap,https://www.formula1.com/en/results.html/2022/races/1108/australia/fastest-laps.html,5,77,BOT,Valtteri Bottas,Alfa Romeo Ferrari,54,16:26:39,1:21.651,232.707
2022,FORMULA 1 HEINEKEN AUSTRALIAN,1108,fastest_lap,https://www.formula1.com/en/results.html/2022/races/1108/australia/fastest-laps.html,6,1,VER,Max Verstappen,Red Bull Racing RBPT,37,16:01:55,1:21.677,232.633
2022,FORMULA 1 HEINEKEN AUSTRALIAN,1108,fastest_lap,https://www.formula1.com/en/results.html/2022/races/1108/australia/fastest-laps.html,7,44,HAM,Lewis Hamilton,Mercedes,51,16:21:52,1:21.886,232.039
2022,FORMULA 1 HEINEKEN AUSTRALIAN,1108,fastest_lap,https://www.formula1.com/en/results.html/2022/races/1108/australia/fastest-laps.html,8,4,NOR,Lando Norris,McLaren Mercedes,55,16:27:39,1:22.248,231.018
2022,FORMULA 1 HEINEKEN AUSTRALIAN,1108,fastest_lap,https://www.formula1.com/en/results.html/2022/races/1108/australia/fastest-laps.html,9,3,RIC,Daniel Ricciardo,McLaren Mercedes,54,16:26:22,1:22.451,230.449
2022,FORMULA 1 HEINEKEN AUSTRALIAN,1108,fastest_lap,https://www.formula1.com/en/results.html/2022/races/1108/australia/fastest-laps.html,10,31,OCO,Esteban Ocon,Alpine Renault,58,16:32:01,1:22.469,230.399
2022,FORMULA 1 HEINEKEN AUSTRALIAN,1108,fastest_lap,https://www.formula1.com/en/results.html/2022/races/1108/australia/fastest-laps.html,11,24,ZHO,Zhou Guanyu,Alfa Romeo Ferrari,55,16:28:09,1:22.541,230.198
2022,FORMULA 1 HEINEKEN AUSTRALIAN,1108,fastest_lap,https://www.formula1.com/en/results.html/2022/races/1108/australia/fastest-laps.html,12,23,ALB,Alexander Albon,Williams Mercedes,54,16:26:27,1:22.589,230.064
2022,FORMULA 1 HEINEKEN AUSTRALIAN,1108,fastest_lap,https://www.formula1.com/en/results.html/2022/races/1108/australia/fastest-laps.html,13,10,GAS,Pierre Gasly,AlphaTauri RBPT,52,16:23:54,1:22.731,229.669
2022,FORMULA 1 HEINEKEN AUSTRALIAN,1108,fastest_lap,https://www.formula1.com/en/results.html/2022/races/1108/australia/fastest-laps.html,14,47,MSC,Mick Schumacher,Haas Ferrari,55,16:28:14,1:23.006,228.908
2022,FORMULA 1 HEINEKEN AUSTRALIAN,1108,fastest_lap,https://www.formula1.com/en/results.html/2022/races/1108/australia/fastest-laps.html,15,20,MAG,Kevin Magnussen,Haas Ferrari,44,16:12:51,1:23.071,228.729
2022,FORMULA 1 HEINEKEN AUSTRALIAN,1108,fastest_lap,https://www.formula1.com/en/results.html/2022/races/1108/australia/fastest-laps.html,16,22,TSU,Yuki Tsunoda,AlphaTauri RBPT,56,16:29:42,1:23.342,227.985
2022,FORMULA 1 HEINEKEN AUSTRALIAN,1108,fastest_lap,https://www.formula1.com/en/results.html/2022/races/1108/australia/fastest-laps.html,17,18,STR,Lance Stroll,Aston Martin Aramco Mercedes,48,16:18:20,1:23.592,227.304
2022,FORMULA 1 HEINEKEN AUSTRALIAN,1108,fastest_lap,https://www.formula1.com/en/results.html/2022/races/1108/australia/fastest-laps.html,18,6,LAT,Nicholas Latifi,Williams Mercedes,49,16:19:55,1:23.882,226.518
2022,FORMULA 1 HEINEKEN AUSTRALIAN,1108,fastest_lap,https://www.formula1.com/en/results.html/2022/races/1108/australia/fastest-laps.html,19,5,VET,Sebastian Vettel,Aston Martin Aramco Mercedes,17,15:30:47,1:25.189,223.042
2022,EMILIA-ROMAGNA,1109,fastest_lap,https://www.formula1.com/en/results.html/2022/races/1109/emilia-romagna/fastest-laps.html,1,1,VER,Max Verstappen,Red Bull Racing RBPT,55,16:24:32,1:18.446,225.281
2022,EMILIA-ROMAGNA,1109,fastest_lap,https://www.formula1.com/en/results.html/2022/races/1109/emilia-romagna/fastest-laps.html,2,16,LEC,Charles Leclerc,Ferrari,63,16:36:07,1:18.574,224.914
2022,EMILIA-ROMAGNA,1109,fastest_lap,https://www.formula1.com/en/results.html/2022/races/1109/emilia-romagna/fastest-laps.html,3,11,PER,Sergio Perez,Red Bull Racing RBPT,52,16:20:46,1:18.949,223.845
2022,EMILIA-ROMAGNA,1109,fastest_lap,https://www.formula1.com/en/results.html/2022/races/1109/emilia-romagna/fastest-laps.html,4,47,MSC,Mick Schumacher,Haas Ferrari,55,16:26:33,1:18.999,223.704
2022,EMILIA-ROMAGNA,1109,fastest_lap,https://www.formula1.com/en/results.html/2022/races/1109/emilia-romagna/fastest-laps.html,5,22,TSU,Yuki Tsunoda,AlphaTauri RBPT,61,16:33:29,1:20.544,219.412
2022,EMILIA-ROMAGNA,1109,fastest_lap,https://www.formula1.com/en/results.html/2022/races/1109/emilia-romagna/fastest-laps.html,6,77,BOT,Valtteri Bottas,Alfa Romeo Ferrari,43,16:08:51,1:20.758,218.831
2022,EMILIA-ROMAGNA,1109,fastest_lap,https://www.formula1.com/en/results.html/2022/races/1109/emilia-romagna/fastest-laps.html,7,4,NOR,Lando Norris,McLaren Mercedes,61,16:33:03,1:20.903,218.439
2022,EMILIA-ROMAGNA,1109,fastest_lap,https://www.formula1.com/en/results.html/2022/races/1109/emilia-romagna/fastest-laps.html,8,63,RUS,George Russell,Mercedes,57,16:27:45,1:20.962,218.280
2022,EMILIA-ROMAGNA,1109,fastest_lap,https://www.formula1.com/en/results.html/2022/races/1109/emilia-romagna/fastest-laps.html,9,5,VET,Sebastian Vettel,Aston Martin Aramco Mercedes,47,16:14:34,1:21.211,217.610
2022,EMILIA-ROMAGNA,1109,fastest_lap,https://www.formula1.com/en/results.html/2022/races/1109/emilia-romagna/fastest-laps.html,10,20,MAG,Kevin Magnussen,Haas Ferrari,61,16:33:43,1:21.238,217.538
2022,EMILIA-ROMAGNA,1109,fastest_lap,https://www.formula1.com/en/results.html/2022/races/1109/emilia-romagna/fastest-laps.html,11,24,ZHO,Zhou Guanyu,Alfa Romeo Ferrari,61,16:34:13,1:21.286,217.410
2022,EMILIA-ROMAGNA,1109,fastest_lap,https://www.formula1.com/en/results.html/2022/races/1109/emilia-romagna/fastest-laps.html,12,6,LAT,Nicholas Latifi,Williams Mercedes,62,16:35:37,1:21.338,217.271
2022,EMILIA-ROMAGNA,1109,fastest_lap,https://www.formula1.com/en/results.html/2022/races/1109/emilia-romagna/fastest-laps.html,13,44,HAM,Lewis Hamilton,Mercedes,50,16:19:00,1:21.419,217.054
2022,EMILIA-ROMAGNA,1109,fastest_lap,https://www.formula1.com/en/results.html/2022/races/1109/emilia-romagna/fastest-laps.html,14,3,RIC,Daniel Ricciardo,McLaren Mercedes,61,16:34:47,1:21.577,216.634
2022,EMILIA-ROMAGNA,1109,fastest_lap,https://www.formula1.com/en/results.html/2022/races/1109/emilia-romagna/fastest-laps.html,15,10,GAS,Pierre Gasly,AlphaTauri RBPT,34,15:57:05,1:21.713,216.274
2022,EMILIA-ROMAGNA,1109,fastest_lap,https://www.formula1.com/en/results.html/2022/races/1109/emilia-romagna/fastest-laps.html,16,18,STR,Lance Stroll,Aston Martin Aramco Mercedes,46,16:13:27,1:21.750,216.176
2022,EMILIA-ROMAGNA,1109,fastest_lap,https://www.formula1.com/en/results.html/2022/races/1109/emilia-romagna/fastest-laps.html,17,23,ALB,Alexander Albon,Williams Mercedes,61,16:34:02,1:21.757,216.157
2022,EMILIA-ROMAGNA,1109,fastest_lap,https://www.formula1.com/en/results.html/2022/races/1109/emilia-romagna/fastest-laps.html,18,31,OCO,Esteban Ocon,Alpine Renault,37,16:01:09,1:21.887,215.814
2022,EMILIA-ROMAGNA,1109,fastest_lap,https://www.formula1.com/en/results.html/2022/races/1109/emilia-romagna/fastest-laps.html,19,14,ALO,Fernando Alonso,Alpine Renault,5,15:13:47,1:39.685,177.282
2022,COM MIAMI,1110,fastest_lap,https://www.formula1.com/en/results.html/2022/races/1110/miami/fastest-laps.html,1,1,VER,Max Verstappen,Red Bull Racing RBPT,54,17:03:04,1:31.361,213.255
2022,COM MIAMI,1110,fastest_lap,https://www.formula1.com/en/results.html/2022/races/1110/miami/fastest-laps.html,2,16,LEC,Charles Leclerc,Ferrari,53,17:01:34,1:31.488,212.959
2022,COM MIAMI,1110,fastest_lap,https://www.formula1.com/en/results.html/2022/races/1110/miami/fastest-laps.html,3,55,SAI,Carlos Sainz,Ferrari,56,17:06:15,1:31.790,212.258
2022,COM MIAMI,1110,fastest_lap,https://www.formula1.com/en/results.html/2022/races/1110/miami/fastest-laps.html,4,11,PER,Sergio Perez,Red Bull Racing RBPT,54,17:03:13,1:31.819,212.191
2022,COM MIAMI,1110,fastest_lap,https://www.formula1.com/en/results.html/2022/races/1110/miami/fastest-laps.html,5,63,RUS,George Russell,Mercedes,56,17:06:25,1:32.195,211.325
2022,COM MIAMI,1110,fastest_lap,https://www.formula1.com/en/results.html/2022/races/1110/miami/fastest-laps.html,6,47,MSC,Mick Schumacher,Haas Ferrari,57,17:08:53,1:32.528,210.565
2022,COM MIAMI,1110,fastest_lap,https://www.formula1.com/en/results.html/2022/races/1110/miami/fastest-laps.html,7,44,HAM,Lewis Hamilton,Mercedes,55,17:04:54,1:32.941,209.629
2022,COM MIAMI,1110,fastest_lap,https://www.formula1.com/en/results.html/2022/races/1110/miami/fastest-laps.html,8,22,TSU,Yuki Tsunoda,AlphaTauri RBPT,55,17:05:11,1:33.035,209.417
2022,COM MIAMI,1110,fastest_lap,https://www.formula1.com/en/results.html/2022/races/1110/miami/fastest-laps.html,9,31,OCO,Esteban Ocon,Alpine Renault,56,17:06:34,1:33.163,209.130
2022,COM MIAMI,1110,fastest_lap,https://www.formula1.com/en/results.html/2022/races/1110/miami/fastest-laps.html,10,77,BOT,Valtteri Bottas,Alfa Romeo Ferrari,56,17:06:31,1:33.184,209.083
2022,COM MIAMI,1110,fastest_lap,https://www.formula1.com/en/results.html/2022/races/1110/miami/fastest-laps.html,11,3,RIC,Daniel Ricciardo,McLaren Mercedes,56,17:06:42,1:33.265,208.901
2022,COM MIAMI,1110,fastest_lap,https://www.formula1.com/en/results.html/2022/races/1110/miami/fastest-laps.html,12,18,STR,Lance Stroll,Aston Martin Aramco Mercedes,52,17:00:23,1:33.312,208.796
2022,COM MIAMI,1110,fastest_lap,https://www.formula1.com/en/results.html/2022/races/1110/miami/fastest-laps.html,13,14,ALO,Fernando Alonso,Alpine Renault,53,17:01:52,1:33.331,208.753
2022,COM MIAMI,1110,fastest_lap,https://www.formula1.com/en/results.html/2022/races/1110/miami/fastest-laps.html,14,4,NOR,Lando Norris,McLaren Mercedes,37,16:32:36,1:33.411,208.575
2022,COM MIAMI,1110,fastest_lap,https://www.formula1.com/en/results.html/2022/races/1110/miami/fastest-laps.html,15,23,ALB,Alexander Albon,Williams Mercedes,57,17:08:12,1:33.447,208.494
2022,COM MIAMI,1110,fastest_lap,https://www.formula1.com/en/results.html/2022/races/1110/miami/fastest-laps.html,16,5,VET,Sebastian Vettel,Aston Martin Aramco Mercedes,50,16:57:12,1:33.479,208.423
2022,COM MIAMI,1110,fastest_lap,https://www.formula1.com/en/results.html/2022/races/1110/miami/fastest-laps.html,17,20,MAG,Kevin Magnussen,Haas Ferrari,52,17:00:23,1:33.511,208.351
2022,COM MIAMI,1110,fastest_lap,https://www.formula1.com/en/results.html/2022/races/1110/miami/fastest-laps.html,18,6,LAT,Nicholas Latifi,Williams Mercedes,53,17:02:09,1:34.169,206.896
2022,COM MIAMI,1110,fastest_lap,https://www.formula1.com/en/results.html/2022/races/1110/miami/fastest-laps.html,19,10,GAS,Pierre Gasly,AlphaTauri RBPT,38,16:34:03,1:34.487,206.199
2022,COM MIAMI,1110,fastest_lap,https://www.formula1.com/en/results.html/2022/races/1110/miami/fastest-laps.html,20,24,ZHO,Zhou Guanyu,Alfa Romeo Ferrari,4,15:39:50,1:35.731,203.520
2022,FORMULA 1 PIRELLI GRAN PREMIO DE ESPAÑA,1111,fastest_lap,https://www.formula1.com/en/results.html/2022/races/1111/spain/fastest-laps.html,1,11,PER,Sergio Perez,Red Bull Racing RBPT,55,16:25:00,1:24.108,200.099
2022,FORMULA 1 PIRELLI GRAN PREMIO DE ESPAÑA,1111,fastest_lap,https://www.formula1.com/en/results.html/2022/races/1111/spain/fastest-laps.html,2,44,HAM,Lewis Hamilton,Mercedes,51,16:19:36,1:24.253,199.755
2022,FORMULA 1 PIRELLI GRAN PREMIO DE ESPAÑA,1111,fastest_lap,https://www.formula1.com/en/results.html/2022/races/1111/spain/fastest-laps.html,3,63,RUS,George Russell,Mercedes,53,16:22:13,1:24.636,198.851
2022,FORMULA 1 PIRELLI GRAN PREMIO DE ESPAÑA,1111,fastest_lap,https://www.formula1.com/en/results.html/2022/races/1111/spain/fastest-laps.html,4,1,VER,Max Verstappen,Red Bull Racing RBPT,46,16:11:38,1:25.456,196.943
2022,FORMULA 1 PIRELLI GRAN PREMIO DE ESPAÑA,1111,fastest_lap,https://www.formula1.com/en/results.html/2022/races/1111/spain/fastest-laps.html,5,4,NOR,Lando Norris,McLaren Mercedes,53,16:23:01,1:25.619,196.568
2022,FORMULA 1 PIRELLI GRAN PREMIO DE ESPAÑA,1111,fastest_lap,https://www.formula1.com/en/results.html/2022/races/1111/spain/fastest-laps.html,6,31,OCO,Esteban Ocon,Alpine Renault,54,16:24:23,1:25.935,195.845
2022,FORMULA 1 PIRELLI GRAN PREMIO DE ESPAÑA,1111,fastest_lap,https://www.formula1.com/en/results.html/2022/races/1111/spain/fastest-laps.html,7,55,SAI,Carlos Sainz,Ferrari,49,16:16:37,1:25.985,195.731
2022,FORMULA 1 PIRELLI GRAN PREMIO DE ESPAÑA,1111,fastest_lap,https://www.formula1.com/en/results.html/2022/races/1111/spain/fastest-laps.html,8,77,BOT,Valtteri Bottas,Alfa Romeo Ferrari,36,15:57:19,1:26.395,194.802
2022,FORMULA 1 PIRELLI GRAN PREMIO DE ESPAÑA,1111,fastest_lap,https://www.formula1.com/en/results.html/2022/races/1111/spain/fastest-laps.html,9,14,ALO,Fernando Alonso,Alpine Renault,56,16:27:33,1:26.599,194.344
2022,FORMULA 1 PIRELLI GRAN PREMIO DE ESPAÑA,1111,fastest_lap,https://www.formula1.com/en/results.html/2022/races/1111/spain/fastest-laps.html,10,22,TSU,Yuki Tsunoda,AlphaTauri RBPT,59,16:31:58,1:26.828,193.831
2022,FORMULA 1 PIRELLI GRAN PREMIO DE ESPAÑA,1111,fastest_lap,https://www.formula1.com/en/results.html/2022/races/1111/spain/fastest-laps.html,11,18,STR,Lance Stroll,Aston Martin Aramco Mercedes,54,16:25:24,1:26.876,193.724
2022,FORMULA 1 PIRELLI GRAN PREMIO DE ESPAÑA,1111,fastest_lap,https://www.formula1.com/en/results.html/2022/races/1111/spain/fastest-laps.html,12,10,GAS,Pierre Gasly,AlphaTauri RBPT,51,16:20:37,1:26.987,193.477
2022,FORMULA 1 PIRELLI GRAN PREMIO DE ESPAÑA,1111,fastest_lap,https://www.formula1.com/en/results.html/2022/races/1111/spain/fastest-laps.html,13,16,LEC,Charles Leclerc,Ferrari,25,15:40:18,1:27.030,193.381
2022,FORMULA 1 PIRELLI GRAN PREMIO DE ESPAÑA,1111,fastest_lap,https://www.formula1.com/en/results.html/2022/races/1111/spain/fastest-laps.html,14,6,LAT,Nicholas Latifi,Williams Mercedes,52,16:22:48,1:27.246,192.902
2022,FORMULA 1 PIRELLI GRAN PREMIO DE ESPAÑA,1111,fastest_lap,https://www.formula1.com/en/results.html/2022/races/1111/spain/fastest-laps.html,15,3,RIC,Daniel Ricciardo,McLaren Mercedes,54,16:24:57,1:27.285,192.816
2022,FORMULA 1 PIRELLI GRAN PREMIO DE ESPAÑA,1111,fastest_lap,https://www.formula1.com/en/results.html/2022/races/1111/spain/fastest-laps.html,16,47,MSC,Mick Schumacher,Haas Ferrari,32,15:52:03,1:27.447,192.459
2022,FORMULA 1 PIRELLI GRAN PREMIO DE ESPAÑA,1111,fastest_lap,https://www.formula1.com/en/results.html/2022/races/1111/spain/fastest-laps.html,17,20,MAG,Kevin Magnussen,Haas Ferrari,3,15:08:50,1:27.537,192.261
2022,FORMULA 1 PIRELLI GRAN PREMIO DE ESPAÑA,1111,fastest_lap,https://www.formula1.com/en/results.html/2022/races/1111/spain/fastest-laps.html,18,5,VET,Sebastian Vettel,Aston Martin Aramco Mercedes,59,16:32:08,1:27.629,192.059
2022,FORMULA 1 PIRELLI GRAN PREMIO DE ESPAÑA,1111,fastest_lap,https://www.formula1.com/en/results.html/2022/races/1111/spain/fastest-laps.html,19,23,ALB,Alexander Albon,Williams Mercedes,56,16:29:28,1:28.281,190.641
2022,FORMULA 1 PIRELLI GRAN PREMIO DE ESPAÑA,1111,fastest_lap,https://www.formula1.com/en/results.html/2022/races/1111/spain/fastest-laps.html,20,24,ZHO,Zhou Guanyu,Alfa Romeo Ferrari,12,15:21:48,1:28.415,190.352
2022,FORMULA 1 GRAND PRIX DE MONACO,1112,fastest_lap,https://www.formula1.com/en/results.html/2022/races/1112/monaco/fastest-laps.html,1,4,NOR,Lando Norris,McLaren Mercedes,55,17:50:21,1:14.693,160.834
2022,FORMULA 1 GRAND PRIX DE MONACO,1112,fastest_lap,https://www.formula1.com/en/results.html/2022/races/1112/monaco/fastest-laps.html,2,22,TSU,Yuki Tsunoda,AlphaTauri RBPT,61,17:59:29,1:15.334,159.465
2022,FORMULA 1 GRAND PRIX DE MONACO,1112,fastest_lap,https://www.formula1.com/en/results.html/2022/races/1112/monaco/fastest-laps.html,3,14,ALO,Fernando Alonso,Alpine Renault,50,17:44:03,1:15.882,158.314
2022,FORMULA 1 GRAND PRIX DE MONACO,1112,fastest_lap,https://www.formula1.com/en/results.html/2022/races/1112/monaco/fastest-laps.html,4,11,PER,Sergio Perez,Red Bull Racing RBPT,46,17:38:05,1:16.028,158.010
2022,FORMULA 1 GRAND PRIX DE MONACO,1112,fastest_lap,https://www.formula1.com/en/results.html/2022/races/1112/monaco/fastest-laps.html,5,1,VER,Max Verstappen,Red Bull Racing RBPT,47,17:39:26,1:16.052,157.960
2022,FORMULA 1 GRAND PRIX DE MONACO,1112,fastest_lap,https://www.formula1.com/en/results.html/2022/races/1112/monaco/fastest-laps.html,6,16,LEC,Charles Leclerc,Ferrari,46,17:38:11,1:16.249,157.552
2022,FORMULA 1 GRAND PRIX DE MONACO,1112,fastest_lap,https://www.formula1.com/en/results.html/2022/races/1112/monaco/fastest-laps.html,7,55,SAI,Carlos Sainz,Ferrari,47,17:39:24,1:16.421,157.197
2022,FORMULA 1 GRAND PRIX DE MONACO,1112,fastest_lap,https://www.formula1.com/en/results.html/2022/races/1112/monaco/fastest-laps.html,8,63,RUS,George Russell,Mercedes,42,17:33:07,1:16.830,156.360
2022,FORMULA 1 GRAND PRIX DE MONACO,1112,fastest_lap,https://www.formula1.com/en/results.html/2022/races/1112/monaco/fastest-laps.html,9,44,HAM,Lewis Hamilton,Mercedes,51,17:45:23,1:17.203,155.605
2022,FORMULA 1 GRAND PRIX DE MONACO,1112,fastest_lap,https://www.formula1.com/en/results.html/2022/races/1112/monaco/fastest-laps.html,10,10,GAS,Pierre Gasly,AlphaTauri RBPT,61,17:58:30,1:17.344,155.321
2022,FORMULA 1 GRAND PRIX DE MONACO,1112,fastest_lap,https://www.formula1.com/en/results.html/2022/races/1112/monaco/fastest-laps.html,11,3,RIC,Daniel Ricciardo,McLaren Mercedes,59,17:55:57,1:17.532,154.945
2022,FORMULA 1 GRAND PRIX DE MONACO,1112,fastest_lap,https://www.formula1.com/en/results.html/2022/races/1112/monaco/fastest-laps.html,12,5,VET,Sebastian Vettel,Aston Martin Aramco Mercedes,54,17:49:23,1:17.558,154.893
2022,FORMULA 1 GRAND PRIX DE MONACO,1112,fastest_lap,https://www.formula1.com/en/results.html/2022/races/1112/monaco/fastest-laps.html,13,31,OCO,Esteban Ocon,Alpine Renault,50,17:44:08,1:17.571,154.867
2022,FORMULA 1 GRAND PRIX DE MONACO,1112,fastest_lap,https://www.formula1.com/en/results.html/2022/races/1112/monaco/fastest-laps.html,14,77,BOT,Valtteri Bottas,Alfa Romeo Ferrari,57,17:53:15,1:17.600,154.809
2022,FORMULA 1 GRAND PRIX DE MONACO,1112,fastest_lap,https://www.formula1.com/en/results.html/2022/races/1112/monaco/fastest-laps.html,15,18,STR,Lance Stroll,Aston Martin Aramco Mercedes,56,17:52:05,1:17.672,154.665
2022,FORMULA 1 GRAND PRIX DE MONACO,1112,fastest_lap,https://www.formula1.com/en/results.html/2022/races/1112/monaco/fastest-laps.html,16,23,ALB,Alexander Albon,Williams Mercedes,40,17:31:11,1:18.023,153.969
2022,FORMULA 1 GRAND PRIX DE MONACO,1112,fastest_lap,https://www.formula1.com/en/results.html/2022/races/1112/monaco/fastest-laps.html,17,24,ZHO,Zhou Guanyu,Alfa Romeo Ferrari,52,17:47:01,1:18.200,153.621
2022,FORMULA 1 GRAND PRIX DE MONACO,1112,fastest_lap,https://www.formula1.com/en/results.html/2022/races/1112/monaco/fastest-laps.html,18,6,LAT,Nicholas Latifi,Williams Mercedes,43,17:35:05,1:18.579,152.880
2022,FORMULA 1 GRAND PRIX DE MONACO,1112,fastest_lap,https://www.formula1.com/en/results.html/2022/races/1112/monaco/fastest-laps.html,19,47,MSC,Mick Schumacher,Haas Ferrari,24,16:46:27,1:24.778,141.701
2022,FORMULA 1 GRAND PRIX DE MONACO,1112,fastest_lap,https://www.formula1.com/en/results.html/2022/races/1112/monaco/fastest-laps.html,20,20,MAG,Kevin Magnussen,Haas Ferrari,18,16:36:37,1:33.754,128.135
2022,FORMULA 1 AWS GRAND PRIX DU CANADA,1113,fastest_lap,https://www.formula1.com/en/results.html/2022/races/1113/canada/fastest-laps.html,1,55,SAI,Carlos Sainz,Ferrari,63,15:30:43,1:15.749,207.258
2022,FORMULA 1 AWS GRAND PRIX DU CANADA,1113,fastest_lap,https://www.formula1.com/en/results.html/2022/races/1113/canada/fastest-laps.html,2,1,VER,Max Verstappen,Red Bull Racing RBPT,64,15:31:59,1:15.839,207.012
2022,FORMULA 1 AWS GRAND PRIX DU CANADA,1113,fastest_lap,https://www.formula1.com/en/results.html/2022/races/1113/canada/fastest-laps.html,3,16,LEC,Charles Leclerc,Ferrari,62,15:29:37,1:15.901,206.843
2022,FORMULA 1 AWS GRAND PRIX DU CANADA,1113,fastest_lap,https://www.formula1.com/en/results.html/2022/races/1113/canada/fastest-laps.html,4,44,HAM,Lewis Hamilton,Mercedes,69,15:38:25,1:16.167,206.120
2022,FORMULA 1 AWS GRAND PRIX DU CANADA,1113,fastest_lap,https://www.formula1.com/en/results.html/2022/races/1113/canada/fastest-laps.html,5,63,RUS,George Russell,Mercedes,63,15:30:51,1:16.418,205.443
2022,FORMULA 1 AWS GRAND PRIX DU CANADA,1113,fastest_lap,https://www.formula1.com/en/results.html/2022/races/1113/canada/fastest-laps.html,6,24,ZHO,Zhou Guanyu,Alfa Romeo Ferrari,63,15:30:59,1:16.578,205.014
2022,FORMULA 1 AWS GRAND PRIX DU CANADA,1113,fastest_lap,https://www.formula1.com/en/results.html/2022/races/1113/canada/fastest-laps.html,7,77,BOT,Valtteri Bottas,Alfa Romeo Ferrari,60,15:27:06,1:16.927,204.084
2022,FORMULA 1 AWS GRAND PRIX DU CANADA,1113,fastest_lap,https://www.formula1.com/en/results.html/2022/races/1113/canada/fastest-laps.html,8,14,ALO,Fernando Alonso,Alpine Renault,64,15:32:15,1:17.010,203.864
2022,FORMULA 1 AWS GRAND PRIX DU CANADA,1113,fastest_lap,https://www.formula1.com/en/results.html/2022/races/1113/canada/fastest-laps.html,9,31,OCO,Esteban Ocon,Alpine Renault,62,15:29:40,1:17.110,203.600
2022,FORMULA 1 AWS GRAND PRIX DU CANADA,1113,fastest_lap,https://www.formula1.com/en/results.html/2022/races/1113/canada/fastest-laps.html,10,18,STR,Lance Stroll,Aston Martin Aramco Mercedes,64,15:32:25,1:17.421,202.782
2022,FORMULA 1 AWS GRAND PRIX DU CANADA,1113,fastest_lap,https://www.formula1.com/en/results.html/2022/races/1113/canada/fastest-laps.html,11,4,NOR,Lando Norris,McLaren Mercedes,63,15:31:13,1:17.495,202.588
2022,FORMULA 1 AWS GRAND PRIX DU CANADA,1113,fastest_lap,https://www.formula1.com/en/results.html/2022/races/1113/canada/fastest-laps.html,12,10,GAS,Pierre Gasly,AlphaTauri RBPT,60,15:27:17,1:17.810,201.768
2022,FORMULA 1 AWS GRAND PRIX DU CANADA,1113,fastest_lap,https://www.formula1.com/en/results.html/2022/races/1113/canada/fastest-laps.html,13,3,RIC,Daniel Ricciardo,McLaren Mercedes,59,15:25:55,1:17.932,201.452
2022,FORMULA 1 AWS GRAND PRIX DU CANADA,1113,fastest_lap,https://www.formula1.com/en/results.html/2022/races/1113/canada/fastest-laps.html,14,23,ALB,Alexander Albon,Williams Mercedes,59,15:25:59,1:17.951,201.403
2022,FORMULA 1 AWS GRAND PRIX DU CANADA,1113,fastest_lap,https://www.formula1.com/en/results.html/2022/races/1113/canada/fastest-laps.html,15,5,VET,Sebastian Vettel,Aston Martin Aramco Mercedes,63,15:31:10,1:17.956,201.390
2022,FORMULA 1 AWS GRAND PRIX DU CANADA,1113,fastest_lap,https://www.formula1.com/en/results.html/2022/races/1113/canada/fastest-laps.html,16,20,MAG,Kevin Magnussen,Haas Ferrari,11,14:19:19,1:18.046,201.158
2022,FORMULA 1 AWS GRAND PRIX DU CANADA,1113,fastest_lap,https://www.formula1.com/en/results.html/2022/races/1113/canada/fastest-laps.html,17,22,TSU,Yuki Tsunoda,AlphaTauri RBPT,15,14:24:22,1:18.309,200.482
2022,FORMULA 1 AWS GRAND PRIX DU CANADA,1113,fastest_lap,https://www.formula1.com/en/results.html/2022/races/1113/canada/fastest-laps.html,18,6,LAT,Nicholas Latifi,Williams Mercedes,61,15:28:42,1:18.540,199.893
2022,FORMULA 1 AWS GRAND PRIX DU CANADA,1113,fastest_lap,https://www.formula1.com/en/results.html/2022/races/1113/canada/fastest-laps.html,19,11,PER,Sergio Perez,Red Bull Racing RBPT,7,14:12:43,1:18.844,199.122
2022,FORMULA 1 AWS GRAND PRIX DU CANADA,1113,fastest_lap,https://www.formula1.com/en/results.html/2022/races/1113/canada/fastest-laps.html,20,47,MSC,Mick Schumacher,Haas Ferrari,13,14:21:28,1:18.967,198.812
2022,FORMULA 1 LENOVO BRITISH,1114,fastest_lap,https://www.formula1.com/en/results.html/2022/races/1114/great-britain/fastest-laps.html,1,44,HAM,Lewis Hamilton,Mercedes,52,17:21:12,1:30.510,234.312
2022,FORMULA 1 LENOVO BRITISH,1114,fastest_lap,https://www.formula1.com/en/results.html/2022/races/1114/great-britain/fastest-laps.html,2,55,SAI,Carlos Sainz,Ferrari,44,17:08:55,1:30.813,233.530
2022,FORMULA 1 LENOVO BRITISH,1114,fastest_lap,https://www.formula1.com/en/results.html/2022/races/1114/great-britain/fastest-laps.html,3,11,PER,Sergio Perez,Red Bull Racing RBPT,47,17:13:33,1:30.937,233.212
2022,FORMULA 1 LENOVO BRITISH,1114,fastest_lap,https://www.formula1.com/en/results.html/2022/races/1114/great-britain/fastest-laps.html,4,16,LEC,Charles Leclerc,Ferrari,52,17:21:14,1:31.282,232.330
2022,FORMULA 1 LENOVO BRITISH,1114,fastest_lap,https://www.formula1.com/en/results.html/2022/races/1114/great-britain/fastest-laps.html,5,14,ALO,Fernando Alonso,Alpine Renault,47,17:13:35,1:31.609,231.501
2022,FORMULA 1 LENOVO BRITISH,1114,fastest_lap,https://www.formula1.com/en/results.html/2022/races/1114/great-britain/fastest-laps.html,6,4,NOR,Lando Norris,McLaren Mercedes,47,17:13:36,1:31.645,231.410
2022,FORMULA 1 LENOVO BRITISH,1114,fastest_lap,https://www.formula1.com/en/results.html/2022/races/1114/great-britain/fastest-laps.html,7,47,MSC,Mick Schumacher,Haas Ferrari,48,17:15:13,1:32.109,230.244
2022,FORMULA 1 LENOVO BRITISH,1114,fastest_lap,https://www.formula1.com/en/results.html/2022/races/1114/great-britain/fastest-laps.html,8,1,VER,Max Verstappen,Red Bull Racing RBPT,44,17:09:02,1:32.354,229.633
2022,FORMULA 1 LENOVO BRITISH,1114,fastest_lap,https://www.formula1.com/en/results.html/2022/races/1114/great-britain/fastest-laps.html,9,18,STR,Lance Stroll,Aston Martin Aramco Mercedes,52,17:21:32,1:32.379,229.571
2022,FORMULA 1 LENOVO BRITISH,1114,fastest_lap,https://www.formula1.com/en/results.html/2022/races/1114/great-britain/fastest-laps.html,10,5,VET,Sebastian Vettel,Aston Martin Aramco Mercedes,52,17:21:28,1:32.471,229.343
2022,FORMULA 1 LENOVO BRITISH,1114,fastest_lap,https://www.formula1.com/en/results.html/2022/races/1114/great-britain/fastest-laps.html,11,3,RIC,Daniel Ricciardo,McLaren Mercedes,34,16:51:26,1:32.644,228.914
2022,FORMULA 1 LENOVO BRITISH,1114,fastest_lap,https://www.formula1.com/en/results.html/2022/races/1114/great-britain/fastest-laps.html,12,20,MAG,Kevin Magnussen,Haas Ferrari,52,17:21:30,1:32.661,228.872
2022,FORMULA 1 LENOVO BRITISH,1114,fastest_lap,https://www.formula1.com/en/results.html/2022/races/1114/great-britain/fastest-laps.html,13,6,LAT,Nicholas Latifi,Williams Mercedes,48,17:15:20,1:33.286,227.339
2022,FORMULA 1 LENOVO BRITISH,1114,fastest_lap,https://www.formula1.com/en/results.html/2022/races/1114/great-britain/fastest-laps.html,14,31,OCO,Esteban Ocon,Alpine Renault,37,16:55:37,1:33.537,226.729
2022,FORMULA 1 LENOVO BRITISH,1114,fastest_lap,https://www.formula1.com/en/results.html/2022/races/1114/great-britain/fastest-laps.html,15,22,TSU,Yuki Tsunoda,AlphaTauri RBPT,51,17:20:13,1:33.832,226.016
2022,FORMULA 1 LENOVO BRITISH,1114,fastest_lap,https://www.formula1.com/en/results.html/2022/races/1114/great-britain/fastest-laps.html,16,10,GAS,Pierre Gasly,AlphaTauri RBPT,18,16:25:51,1:34.614,224.148
2022,FORMULA 1 LENOVO BRITISH,1114,fastest_lap,https://www.formula1.com/en/results.html/2022/races/1114/great-britain/fastest-laps.html,17,77,BOT,Valtteri Bottas,Alfa Romeo Ferrari,19,16:26:59,1:35.103,222.996
2022,FORMULA 1 ROLEX GROSSER PREIS VON ÖSTERREICH,1115,fastest_lap,https://www.formula1.com/en/results.html/2022/races/1115/austria/fastest-laps.html,1,1,VER,Max Verstappen,Red Bull Racing RBPT,62,16:17:22,1:07.275,231.063
2022,FORMULA 1 ROLEX GROSSER PREIS VON ÖSTERREICH,1115,fastest_lap,https://www.formula1.com/en/results.html/2022/races/1115/austria/fastest-laps.html,2,16,LEC,Charles Leclerc,Ferrari,62,16:17:19,1:07.583,230.010
2022,FORMULA 1 ROLEX GROSSER PREIS VON ÖSTERREICH,1115,fastest_lap,https://www.formula1.com/en/results.html/2022/races/1115/austria/fastest-laps.html,3,14,ALO,Fernando Alonso,Alpine Renault,62,16:18:42,1:08.558,226.739
2022,FORMULA 1 ROLEX GROSSER PREIS VON ÖSTERREICH,1115,fastest_lap,https://www.formula1.com/en/results.html/2022/races/1115/austria/fastest-laps.html,4,55,SAI,Carlos Sainz,Ferrari,55,16:08:29,1:08.649,226.438
2022,FORMULA 1 ROLEX GROSSER PREIS VON ÖSTERREICH,1115,fastest_lap,https://www.formula1.com/en/results.html/2022/races/1115/austria/fastest-laps.html,5,44,HAM,Lewis Hamilton,Mercedes,63,16:19:02,1:09.000,225.286
2022,FORMULA 1 ROLEX GROSSER PREIS VON ÖSTERREICH,1115,fastest_lap,https://www.formula1.com/en/results.html/2022/races/1115/austria/fastest-laps.html,6,63,RUS,George Russell,Mercedes,61,16:17:00,1:09.075,225.042
2022,FORMULA 1 ROLEX GROSSER PREIS VON ÖSTERREICH,1115,fastest_lap,https://www.formula1.com/en/results.html/2022/races/1115/austria/fastest-laps.html,7,77,BOT,Valtteri Bottas,Alfa Romeo Ferrari,61,16:17:25,1:09.266,224.421
2022,FORMULA 1 ROLEX GROSSER PREIS VON ÖSTERREICH,1115,fastest_lap,https://www.formula1.com/en/results.html/2022/races/1115/austria/fastest-laps.html,8,4,NOR,Lando Norris,McLaren Mercedes,62,16:18:21,1:09.304,224.298
2022,FORMULA 1 ROLEX GROSSER PREIS VON ÖSTERREICH,1115,fastest_lap,https://www.formula1.com/en/results.html/2022/races/1115/austria/fastest-laps.html,9,24,ZHO,Zhou Guanyu,Alfa Romeo Ferrari,50,16:04:04,1:09.380,224.053
2022,FORMULA 1 ROLEX GROSSER PREIS VON ÖSTERREICH,1115,fastest_lap,https://www.formula1.com/en/results.html/2022/races/1115/austria/fastest-laps.html,10,31,OCO,Esteban Ocon,Alpine Renault,62,16:18:10,1:09.559,223.476
2022,FORMULA 1 ROLEX GROSSER PREIS VON ÖSTERREICH,1115,fastest_lap,https://www.formula1.com/en/results.html/2022/races/1115/austria/fastest-laps.html,11,47,MSC,Mick Schumacher,Haas Ferrari,50,16:03:34,1:09.625,223.264
2022,FORMULA 1 ROLEX GROSSER PREIS VON ÖSTERREICH,1115,fastest_lap,https://www.formula1.com/en/results.html/2022/races/1115/austria/fastest-laps.html,12,23,ALB,Alexander Albon,Williams Mercedes,60,16:16:14,1:09.669,223.123
2022,FORMULA 1 ROLEX GROSSER PREIS VON ÖSTERREICH,1115,fastest_lap,https://www.formula1.com/en/results.html/2022/races/1115/austria/fastest-laps.html,13,3,RIC,Daniel Ricciardo,McLaren Mercedes,61,16:17:17,1:09.924,222.309
2022,FORMULA 1 ROLEX GROSSER PREIS VON ÖSTERREICH,1115,fastest_lap,https://www.formula1.com/en/results.html/2022/races/1115/austria/fastest-laps.html,14,20,MAG,Kevin Magnussen,Haas Ferrari,61,16:17:11,1:09.938,222.265
2022,FORMULA 1 ROLEX GROSSER PREIS VON ÖSTERREICH,1115,fastest_lap,https://www.formula1.com/en/results.html/2022/races/1115/austria/fastest-laps.html,15,5,VET,Sebastian Vettel,Aston Martin Aramco Mercedes,62,16:18:51,1:10.001,222.065
2022,FORMULA 1 ROLEX GROSSER PREIS VON ÖSTERREICH,1115,fastest_lap,https://www.formula1.com/en/results.html/2022/races/1115/austria/fastest-laps.html,16,22,TSU,Yuki Tsunoda,AlphaTauri RBPT,62,16:18:50,1:10.023,221.995
2022,FORMULA 1 ROLEX GROSSER PREIS VON ÖSTERREICH,1115,fastest_lap,https://www.formula1.com/en/results.html/2022/races/1115/austria/fastest-laps.html,17,18,STR,Lance Stroll,Aston Martin Aramco Mercedes,64,16:21:05,1:10.048,221.916
2022,FORMULA 1 ROLEX GROSSER PREIS VON ÖSTERREICH,1115,fastest_lap,https://www.formula1.com/en/results.html/2022/races/1115/austria/fastest-laps.html,18,10,GAS,Pierre Gasly,AlphaTauri RBPT,61,16:17:33,1:10.104,221.739
2022,FORMULA 1 ROLEX GROSSER PREIS VON ÖSTERREICH,1115,fastest_lap,https://www.formula1.com/en/results.html/2022/races/1115/austria/fastest-laps.html,19,6,LAT,Nicholas Latifi,Williams Mercedes,14,15:20:33,1:10.890,219.280
2022,FORMULA 1 ROLEX GROSSER PREIS VON ÖSTERREICH,1115,fastest_lap,https://www.formula1.com/en/results.html/2022/races/1115/austria/fastest-laps.html,20,11,PER,Sergio Perez,Red Bull Racing RBPT,5,15:10:13,1:11.843,216.371
2022,FORMULA 1 LENOVO GRAND PRIX DE FRANCE,1116,fastest_lap,https://www.formula1.com/en/results.html/2022/races/1116/france/fastest-laps.html,1,55,SAI,Carlos Sainz,Ferrari,51,16:30:58,1:35.781,219.575
2022,FORMULA 1 LENOVO GRAND PRIX DE FRANCE,1116,fastest_lap,https://www.formula1.com/en/results.html/2022/races/1116/france/fastest-laps.html,2,1,VER,Max Verstappen,Red Bull Racing RBPT,30,15:55:33,1:37.491,215.724
2022,FORMULA 1 LENOVO GRAND PRIX DE FRANCE,1116,fastest_lap,https://www.formula1.com/en/results.html/2022/races/1116/france/fastest-laps.html,3,63,RUS,George Russell,Mercedes,51,16:30:42,1:37.548,215.598
2022,FORMULA 1 LENOVO GRAND PRIX DE FRANCE,1116,fastest_lap,https://www.formula1.com/en/results.html/2022/races/1116/france/fastest-laps.html,4,44,HAM,Lewis Hamilton,Mercedes,30,15:55:37,1:37.668,215.333
2022,FORMULA 1 LENOVO GRAND PRIX DE FRANCE,1116,fastest_lap,https://www.formula1.com/en/results.html/2022/races/1116/france/fastest-laps.html,5,11,PER,Sergio Perez,Red Bull Racing RBPT,45,16:20:19,1:37.780,215.086
2022,FORMULA 1 LENOVO GRAND PRIX DE FRANCE,1116,fastest_lap,https://www.formula1.com/en/results.html/2022/races/1116/france/fastest-laps.html,6,77,BOT,Valtteri Bottas,Alfa Romeo Ferrari,52,16:33:20,1:37.963,214.685
2022,FORMULA 1 LENOVO GRAND PRIX DE FRANCE,1116,fastest_lap,https://www.formula1.com/en/results.html/2022/races/1116/france/fastest-laps.html,7,16,LEC,Charles Leclerc,Ferrari,4,15:10:18,1:38.088,214.411
2022,FORMULA 1 LENOVO GRAND PRIX DE FRANCE,1116,fastest_lap,https://www.formula1.com/en/results.html/2022/races/1116/france/fastest-laps.html,8,14,ALO,Fernando Alonso,Alpine Renault,53,16:34:25,1:38.160,214.254
2022,FORMULA 1 LENOVO GRAND PRIX DE FRANCE,1116,fastest_lap,https://www.formula1.com/en/results.html/2022/races/1116/france/fastest-laps.html,9,31,OCO,Esteban Ocon,Alpine Renault,53,16:34:39,1:38.684,213.116
2022,FORMULA 1 LENOVO GRAND PRIX DE FRANCE,1116,fastest_lap,https://www.formula1.com/en/results.html/2022/races/1116/france/fastest-laps.html,10,10,GAS,Pierre Gasly,AlphaTauri RBPT,53,16:34:48,1:38.786,212.896
2022,FORMULA 1 LENOVO GRAND PRIX DE FRANCE,1116,fastest_lap,https://www.formula1.com/en/results.html/2022/races/1116/france/fastest-laps.html,11,4,NOR,Lando Norris,McLaren Mercedes,43,16:17:27,1:39.037,212.356
2022,FORMULA 1 LENOVO GRAND PRIX DE FRANCE,1116,fastest_lap,https://www.formula1.com/en/results.html/2022/races/1116/france/fastest-laps.html,12,5,VET,Sebastian Vettel,Aston Martin Aramco Mercedes,43,16:17:38,1:39.044,212.341
2022,FORMULA 1 LENOVO GRAND PRIX DE FRANCE,1116,fastest_lap,https://www.formula1.com/en/results.html/2022/races/1116/france/fastest-laps.html,13,47,MSC,Mick Schumacher,Haas Ferrari,48,16:26:11,1:39.068,212.290
2022,FORMULA 1 LENOVO GRAND PRIX DE FRANCE,1116,fastest_lap,https://www.formula1.com/en/results.html/2022/races/1116/france/fastest-laps.html,14,3,RIC,Daniel Ricciardo,McLaren Mercedes,27,15:50:57,1:39.133,212.151
2022,FORMULA 1 LENOVO GRAND PRIX DE FRANCE,1116,fastest_lap,https://www.formula1.com/en/results.html/2022/races/1116/france/fastest-laps.html,15,18,STR,Lance Stroll,Aston Martin Aramco Mercedes,52,16:33:04,1:39.185,212.040
2022,FORMULA 1 LENOVO GRAND PRIX DE FRANCE,1116,fastest_lap,https://www.formula1.com/en/results.html/2022/races/1116/france/fastest-laps.html,16,23,ALB,Alexander Albon,Williams Mercedes,53,16:34:51,1:39.199,212.010
2022,FORMULA 1 LENOVO GRAND PRIX DE FRANCE,1116,fastest_lap,https://www.formula1.com/en/results.html/2022/races/1116/france/fastest-laps.html,17,20,MAG,Kevin Magnussen,Haas Ferrari,11,15:22:45,1:39.265,211.869
2022,FORMULA 1 LENOVO GRAND PRIX DE FRANCE,1116,fastest_lap,https://www.formula1.com/en/results.html/2022/races/1116/france/fastest-laps.html,18,24,ZHO,Zhou Guanyu,Alfa Romeo Ferrari,25,15:48:37,1:39.368,211.649
2022,FORMULA 1 LENOVO GRAND PRIX DE FRANCE,1116,fastest_lap,https://www.formula1.com/en/results.html/2022/races/1116/france/fastest-laps.html,19,6,LAT,Nicholas Latifi,Williams Mercedes,40,16:13:35,1:39.650,211.050
2022,FORMULA 1 LENOVO GRAND PRIX DE FRANCE,1116,fastest_lap,https://www.formula1.com/en/results.html/2022/races/1116/france/fastest-laps.html,20,22,TSU,Yuki Tsunoda,AlphaTauri RBPT,4,15:10:44,1:40.216,209.858
2022,FORMULA 1 ARAMCO MAGYAR NAGYDÍJ,1117,fastest_lap,https://www.formula1.com/en/results.html/2022/races/1117/hungary/fastest-laps.html,1,44,HAM,Lewis Hamilton,Mercedes,57,16:24:16,1:21.386,193.787
2022,FORMULA 1 ARAMCO MAGYAR NAGYDÍJ,1117,fastest_lap,https://www.formula1.com/en/results.html/2022/races/1117/hungary/fastest-laps.html,2,16,LEC,Charles Leclerc,Ferrari,57,16:24:32,1:21.622,193.227
2022,FORMULA 1 ARAMCO MAGYAR NAGYDÍJ,1117,fastest_lap,https://www.formula1.com/en/results.html/2022/races/1117/hungary/fastest-laps.html,3,11,PER,Sergio Perez,Red Bull Racing RBPT,44,16:06:30,1:21.940,192.477
2022,FORMULA 1 ARAMCO MAGYAR NAGYDÍJ,1117,fastest_lap,https://www.formula1.com/en/results.html/2022/races/1117/hungary/fastest-laps.html,4,55,SAI,Carlos Sainz,Ferrari,51,16:15:54,1:22.000,192.336
2022,FORMULA 1 ARAMCO MAGYAR NAGYDÍJ,1117,fastest_lap,https://www.formula1.com/en/results.html/2022/races/1117/hungary/fastest-laps.html,5,24,ZHO,Zhou Guanyu,Alfa Romeo Ferrari,58,16:27:27,1:22.029,192.268
2022,FORMULA 1 ARAMCO MAGYAR NAGYDÍJ,1117,fastest_lap,https://www.formula1.com/en/results.html/2022/races/1117/hungary/fastest-laps.html,6,1,VER,Max Verstappen,Red Bull Racing RBPT,45,16:07:26,1:22.126,192.041
2022,FORMULA 1 ARAMCO MAGYAR NAGYDÍJ,1117,fastest_lap,https://www.formula1.com/en/results.html/2022/races/1117/hungary/fastest-laps.html,7,18,STR,Lance Stroll,Aston Martin Aramco Mercedes,51,16:17:04,1:22.437,191.317
2022,FORMULA 1 ARAMCO MAGYAR NAGYDÍJ,1117,fastest_lap,https://www.formula1.com/en/results.html/2022/races/1117/hungary/fastest-laps.html,8,6,LAT,Nicholas Latifi,Williams Mercedes,60,16:30:47,1:22.478,191.221
2022,FORMULA 1 ARAMCO MAGYAR NAGYDÍJ,1117,fastest_lap,https://www.formula1.com/en/results.html/2022/races/1117/hungary/fastest-laps.html,9,63,RUS,George Russell,Mercedes,57,16:24:09,1:22.766,190.556
2022,FORMULA 1 ARAMCO MAGYAR NAGYDÍJ,1117,fastest_lap,https://www.formula1.com/en/results.html/2022/races/1117/hungary/fastest-laps.html,10,5,VET,Sebastian Vettel,Aston Martin Aramco Mercedes,51,16:17:09,1:22.824,190.423
2022,FORMULA 1 ARAMCO MAGYAR NAGYDÍJ,1117,fastest_lap,https://www.formula1.com/en/results.html/2022/races/1117/hungary/fastest-laps.html,11,4,NOR,Lando Norris,McLaren Mercedes,47,16:11:00,1:23.043,189.920
2022,FORMULA 1 ARAMCO MAGYAR NAGYDÍJ,1117,fastest_lap,https://www.formula1.com/en/results.html/2022/races/1117/hungary/fastest-laps.html,12,23,ALB,Alexander Albon,Williams Mercedes,43,16:06:22,1:23.047,189.911
2022,FORMULA 1 ARAMCO MAGYAR NAGYDÍJ,1117,fastest_lap,https://www.formula1.com/en/results.html/2022/races/1117/hungary/fastest-laps.html,13,47,MSC,Mick Schumacher,Haas Ferrari,50,16:15:58,1:23.151,189.674
2022,FORMULA 1 ARAMCO MAGYAR NAGYDÍJ,1117,fastest_lap,https://www.formula1.com/en/results.html/2022/races/1117/hungary/fastest-laps.html,14,10,GAS,Pierre Gasly,AlphaTauri RBPT,58,16:27:03,1:23.199,189.564
2022,FORMULA 1 ARAMCO MAGYAR NAGYDÍJ,1117,fastest_lap,https://www.formula1.com/en/results.html/2022/races/1117/hungary/fastest-laps.html,15,20,MAG,Kevin Magnussen,Haas Ferrari,37,15:57:44,1:23.511,188.856
2022,FORMULA 1 ARAMCO MAGYAR NAGYDÍJ,1117,fastest_lap,https://www.formula1.com/en/results.html/2022/races/1117/hungary/fastest-laps.html,16,22,TSU,Yuki Tsunoda,AlphaTauri RBPT,58,16:28:17,1:23.538,188.795
2022,FORMULA 1 ARAMCO MAGYAR NAGYDÍJ,1117,fastest_lap,https://www.formula1.com/en/results.html/2022/races/1117/hungary/fastest-laps.html,17,3,RIC,Daniel Ricciardo,McLaren Mercedes,63,16:34:10,1:23.654,188.533
2022,FORMULA 1 ARAMCO MAGYAR NAGYDÍJ,1117,fastest_lap,https://www.formula1.com/en/results.html/2022/races/1117/hungary/fastest-laps.html,18,14,ALO,Fernando Alonso,Alpine Renault,47,16:11:06,1:23.979,187.804
2022,FORMULA 1 ARAMCO MAGYAR NAGYDÍJ,1117,fastest_lap,https://www.formula1.com/en/results.html/2022/races/1117/hungary/fastest-laps.html,19,77,BOT,Valtteri Bottas,Alfa Romeo Ferrari,60,16:29:36,1:24.002,187.752
2022,FORMULA 1 ARAMCO MAGYAR NAGYDÍJ,1117,fastest_lap,https://www.formula1.com/en/results.html/2022/races/1117/hungary/fastest-laps.html,20,31,OCO,Esteban Ocon,Alpine Renault,60,16:29:29,1:24.149,187.424
2022,FORMULA 1 ROLEX BELGIAN,1118,fastest_lap,https://www.formula1.com/en/results.html/2022/races/1118/belgium/fastest-laps.html,1,1,VER,Max Verstappen,Red Bull Racing RBPT,32,16:07:14,1:49.354,230.575
2022,FORMULA 1 ROLEX BELGIAN,1118,fastest_lap,https://www.formula1.com/en/results.html/2022/races/1118/belgium/fastest-laps.html,2,16,LEC,Charles Leclerc,Ferrari,44,16:30:47,1:49.984,229.255
2022,FORMULA 1 ROLEX BELGIAN,1118,fastest_lap,https://www.formula1.com/en/results.html/2022/races/1118/belgium/fastest-laps.html,3,11,PER,Sergio Perez,Red Bull Racing RBPT,29,16:01:51,1:50.764,227.640
2022,FORMULA 1 ROLEX BELGIAN,1118,fastest_lap,https://www.formula1.com/en/results.html/2022/races/1118/belgium/fastest-laps.html,4,63,RUS,George Russell,Mercedes,31,16:05:48,1:50.793,227.581
2022,FORMULA 1 ROLEX BELGIAN,1118,fastest_lap,https://www.formula1.com/en/results.html/2022/races/1118/belgium/fastest-laps.html,5,4,NOR,Lando Norris,McLaren Mercedes,31,16:06:37,1:51.678,225.777
2022,FORMULA 1 ROLEX BELGIAN,1118,fastest_lap,https://www.formula1.com/en/results.html/2022/races/1118/belgium/fastest-laps.html,6,31,OCO,Esteban Ocon,Alpine Renault,36,16:15:50,1:51.717,225.698
2022,FORMULA 1 ROLEX BELGIAN,1118,fastest_lap,https://www.formula1.com/en/results.html/2022/races/1118/belgium/fastest-laps.html,7,55,SAI,Carlos Sainz,Ferrari,32,16:07:34,1:51.977,225.174
2022,FORMULA 1 ROLEX BELGIAN,1118,fastest_lap,https://www.formula1.com/en/results.html/2022/races/1118/belgium/fastest-laps.html,8,6,LAT,Nicholas Latifi,Williams Mercedes,38,16:20:24,1:52.256,224.615
2022,FORMULA 1 ROLEX BELGIAN,1118,fastest_lap,https://www.formula1.com/en/results.html/2022/races/1118/belgium/fastest-laps.html,9,24,ZHO,Zhou Guanyu,Alfa Romeo Ferrari,30,16:04:45,1:52.317,224.493
2022,FORMULA 1 ROLEX BELGIAN,1118,fastest_lap,https://www.formula1.com/en/results.html/2022/races/1118/belgium/fastest-laps.html,10,22,TSU,Yuki Tsunoda,AlphaTauri RBPT,32,16:08:35,1:52.436,224.255
2022,FORMULA 1 ROLEX BELGIAN,1118,fastest_lap,https://www.formula1.com/en/results.html/2022/races/1118/belgium/fastest-laps.html,11,5,VET,Sebastian Vettel,Aston Martin Aramco Mercedes,40,16:23:23,1:52.515,224.098
2022,FORMULA 1 ROLEX BELGIAN,1118,fastest_lap,https://www.formula1.com/en/results.html/2022/races/1118/belgium/fastest-laps.html,12,47,MSC,Mick Schumacher,Haas Ferrari,35,16:14:30,1:52.646,223.837
2022,FORMULA 1 ROLEX BELGIAN,1118,fastest_lap,https://www.formula1.com/en/results.html/2022/races/1118/belgium/fastest-laps.html,13,14,ALO,Fernando Alonso,Alpine Renault,35,16:13:50,1:52.868,223.397
2022,FORMULA 1 ROLEX BELGIAN,1118,fastest_lap,https://www.formula1.com/en/results.html/2022/races/1118/belgium/fastest-laps.html,14,18,STR,Lance Stroll,Aston Martin Aramco Mercedes,29,16:02:47,1:52.880,223.373
2022,FORMULA 1 ROLEX BELGIAN,1118,fastest_lap,https://www.formula1.com/en/results.html/2022/races/1118/belgium/fastest-laps.html,15,10,GAS,Pierre Gasly,AlphaTauri RBPT,24,15:53:09,1:53.002,223.132
2022,FORMULA 1 ROLEX BELGIAN,1118,fastest_lap,https://www.formula1.com/en/results.html/2022/races/1118/belgium/fastest-laps.html,16,23,ALB,Alexander Albon,Williams Mercedes,28,16:00:51,1:53.055,223.027
2022,FORMULA 1 ROLEX BELGIAN,1118,fastest_lap,https://www.formula1.com/en/results.html/2022/races/1118/belgium/fastest-laps.html,17,3,RIC,Daniel Ricciardo,McLaren Mercedes,34,16:12:21,1:53.080,222.978
2022,FORMULA 1 ROLEX BELGIAN,1118,fastest_lap,https://www.formula1.com/en/results.html/2022/races/1118/belgium/fastest-laps.html,18,20,MAG,Kevin Magnussen,Haas Ferrari,29,16:02:57,1:53.332,222.482
2022,FORMULA 1 HEINEKEN DUTCH,1119,fastest_lap,https://www.formula1.com/en/results.html/2022/races/1119/netherlands/fastest-laps.html,1,1,VER,Max Verstappen,Red Bull Racing RBPT,62,16:27:18,1:13.652,208.173
2022,FORMULA 1 HEINEKEN DUTCH,1119,fastest_lap,https://www.formula1.com/en/results.html/2022/races/1119/netherlands/fastest-laps.html,2,63,RUS,George Russell,Mercedes,72,16:39:43,1:13.671,208.119
2022,FORMULA 1 HEINEKEN DUTCH,1119,fastest_lap,https://www.formula1.com/en/results.html/2022/races/1119/netherlands/fastest-laps.html,3,44,HAM,Lewis Hamilton,Mercedes,54,16:13:20,1:13.854,207.604
2022,FORMULA 1 HEINEKEN DUTCH,1119,fastest_lap,https://www.formula1.com/en/results.html/2022/races/1119/netherlands/fastest-laps.html,4,14,ALO,Fernando Alonso,Alpine Renault,51,16:10:16,1:14.144,206.792
2022,FORMULA 1 HEINEKEN DUTCH,1119,fastest_lap,https://www.formula1.com/en/results.html/2022/races/1119/netherlands/fastest-laps.html,5,11,PER,Sergio Perez,Red Bull Racing RBPT,63,16:28:38,1:14.404,206.069
2022,FORMULA 1 HEINEKEN DUTCH,1119,fastest_lap,https://www.formula1.com/en/results.html/2022/races/1119/netherlands/fastest-laps.html,6,16,LEC,Charles Leclerc,Ferrari,62,16:27:22,1:14.413,206.044
2022,FORMULA 1 HEINEKEN DUTCH,1119,fastest_lap,https://www.formula1.com/en/results.html/2022/races/1119/netherlands/fastest-laps.html,7,55,SAI,Carlos Sainz,Ferrari,63,16:28:38,1:14.643,205.409
2022,FORMULA 1 HEINEKEN DUTCH,1119,fastest_lap,https://www.formula1.com/en/results.html/2022/races/1119/netherlands/fastest-laps.html,8,4,NOR,Lando Norris,McLaren Mercedes,63,16:28:40,1:14.706,205.236
2022,FORMULA 1 HEINEKEN DUTCH,1119,fastest_lap,https://www.formula1.com/en/results.html/2022/races/1119/netherlands/fastest-laps.html,9,5,VET,Sebastian Vettel,Aston Martin Aramco Mercedes,50,16:10:00,1:14.862,204.808
2022,FORMULA 1 HEINEKEN DUTCH,1119,fastest_lap,https://www.formula1.com/en/results.html/2022/races/1119/netherlands/fastest-laps.html,10,18,STR,Lance Stroll,Aston Martin Aramco Mercedes,65,16:31:12,1:15.043,204.314
2022,FORMULA 1 HEINEKEN DUTCH,1119,fastest_lap,https://www.formula1.com/en/results.html/2022/races/1119/netherlands/fastest-laps.html,11,31,OCO,Esteban Ocon,Alpine Renault,64,16:29:57,1:15.084,204.203
2022,FORMULA 1 HEINEKEN DUTCH,1119,fastest_lap,https://www.formula1.com/en/results.html/2022/races/1119/netherlands/fastest-laps.html,12,10,GAS,Pierre Gasly,AlphaTauri RBPT,65,16:31:13,1:15.165,203.983
2022,FORMULA 1 HEINEKEN DUTCH,1119,fastest_lap,https://www.formula1.com/en/results.html/2022/races/1119/netherlands/fastest-laps.html,13,47,MSC,Mick Schumacher,Haas Ferrari,51,16:11:13,1:15.233,203.798
2022,FORMULA 1 HEINEKEN DUTCH,1119,fastest_lap,https://www.formula1.com/en/results.html/2022/races/1119/netherlands/fastest-laps.html,14,20,MAG,Kevin Magnussen,Haas Ferrari,53,16:13:50,1:15.369,203.431
2022,FORMULA 1 HEINEKEN DUTCH,1119,fastest_lap,https://www.formula1.com/en/results.html/2022/races/1119/netherlands/fastest-laps.html,15,23,ALB,Alexander Albon,Williams Mercedes,65,16:31:16,1:15.534,202.986
2022,FORMULA 1 HEINEKEN DUTCH,1119,fastest_lap,https://www.formula1.com/en/results.html/2022/races/1119/netherlands/fastest-laps.html,16,3,RIC,Daniel Ricciardo,McLaren Mercedes,52,16:12:36,1:15.577,202.871
2022,FORMULA 1 HEINEKEN DUTCH,1119,fastest_lap,https://www.formula1.com/en/results.html/2022/races/1119/netherlands/fastest-laps.html,17,24,ZHO,Zhou Guanyu,Alfa Romeo Ferrari,63,16:28:48,1:15.940,201.901
2022,FORMULA 1 HEINEKEN DUTCH,1119,fastest_lap,https://www.formula1.com/en/results.html/2022/races/1119/netherlands/fastest-laps.html,18,6,LAT,Nicholas Latifi,Williams Mercedes,62,16:28:51,1:16.066,201.567
2022,FORMULA 1 HEINEKEN DUTCH,1119,fastest_lap,https://www.formula1.com/en/results.html/2022/races/1119/netherlands/fastest-laps.html,19,77,BOT,Valtteri Bottas,Alfa Romeo Ferrari,51,16:11:00,1:16.844,199.526
2022,FORMULA 1 HEINEKEN DUTCH,1119,fastest_lap,https://www.formula1.com/en/results.html/2022/races/1119/netherlands/fastest-laps.html,20,22,TSU,Yuki Tsunoda,AlphaTauri RBPT,16,15:24:18,1:17.138,198.765
2022,ITALIA,1120,fastest_lap,https://www.formula1.com/en/results.html/2022/races/1120/italy/fastest-laps.html,1,11,PER,Sergio Perez,Red Bull Racing RBPT,46,16:11:02,1:24.030,248.182
2022,ITALIA,1120,fastest_lap,https://www.formula1.com/en/results.html/2022/races/1120/italy/fastest-laps.html,2,16,LEC,Charles Leclerc,Ferrari,38,15:58:50,1:24.336,247.282
2022,ITALIA,1120,fastest_lap,https://www.formula1.com/en/results.html/2022/races/1120/italy/fastest-laps.html,3,44,HAM,Lewis Hamilton,Mercedes,43,16:06:39,1:24.434,246.995
2022,ITALIA,1120,fastest_lap,https://www.formula1.com/en/results.html/2022/races/1120/italy/fastest-laps.html,4,55,SAI,Carlos Sainz,Ferrari,41,16:03:26,1:24.446,246.960
2022,ITALIA,1120,fastest_lap,https://www.formula1.com/en/results.html/2022/races/1120/italy/fastest-laps.html,5,4,NOR,Lando Norris,McLaren Mercedes,43,16:06:44,1:24.718,246.167
2022,ITALIA,1120,fastest_lap,https://www.formula1.com/en/results.html/2022/races/1120/italy/fastest-laps.html,6,1,VER,Max Verstappen,Red Bull Racing RBPT,38,15:58:31,1:24.745,246.088
2022,ITALIA,1120,fastest_lap,https://www.formula1.com/en/results.html/2022/races/1120/italy/fastest-laps.html,7,63,RUS,George Russell,Mercedes,40,16:01:47,1:25.288,244.522
2022,ITALIA,1120,fastest_lap,https://www.formula1.com/en/results.html/2022/races/1120/italy/fastest-laps.html,8,47,MSC,Mick Schumacher,Haas Ferrari,43,16:07:10,1:25.298,244.493
2022,ITALIA,1120,fastest_lap,https://www.formula1.com/en/results.html/2022/races/1120/italy/fastest-laps.html,9,77,BOT,Valtteri Bottas,Alfa Romeo Ferrari,45,16:10:04,1:25.706,243.329
2022,ITALIA,1120,fastest_lap,https://www.formula1.com/en/results.html/2022/races/1120/italy/fastest-laps.html,10,24,ZHO,Zhou Guanyu,Alfa Romeo Ferrari,41,16:04:05,1:26.361,241.484
2022,ITALIA,1120,fastest_lap,https://www.formula1.com/en/results.html/2022/races/1120/italy/fastest-laps.html,11,31,OCO,Esteban Ocon,Alpine Renault,37,15:58:21,1:26.593,240.837
2022,ITALIA,1120,fastest_lap,https://www.formula1.com/en/results.html/2022/races/1120/italy/fastest-laps.html,12,3,RIC,Daniel Ricciardo,McLaren Mercedes,39,16:01:08,1:26.603,240.809
2022,ITALIA,1120,fastest_lap,https://www.formula1.com/en/results.html/2022/races/1120/italy/fastest-laps.html,13,45,DEV,Nyck De Vries,Williams Mercedes,41,16:04:05,1:26.624,240.750
2022,ITALIA,1120,fastest_lap,https://www.formula1.com/en/results.html/2022/races/1120/italy/fastest-laps.html,14,10,GAS,Pierre Gasly,AlphaTauri RBPT,30,15:48:04,1:26.718,240.489
2022,ITALIA,1120,fastest_lap,https://www.formula1.com/en/results.html/2022/races/1120/italy/fastest-laps.html,15,6,LAT,Nicholas Latifi,Williams Mercedes,17,15:29:23,1:26.798,240.268
2022,ITALIA,1120,fastest_lap,https://www.formula1.com/en/results.html/2022/races/1120/italy/fastest-laps.html,16,20,MAG,Kevin Magnussen,Haas Ferrari,37,15:58:46,1:26.798,240.268
2022,ITALIA,1120,fastest_lap,https://www.formula1.com/en/results.html/2022/races/1120/italy/fastest-laps.html,17,22,TSU,Yuki Tsunoda,AlphaTauri RBPT,43,16:07:08,1:26.857,240.105
2022,ITALIA,1120,fastest_lap,https://www.formula1.com/en/results.html/2022/races/1120/italy/fastest-laps.html,18,14,ALO,Fernando Alonso,Alpine Renault,7,15:13:46,1:27.203,239.152
2022,ITALIA,1120,fastest_lap,https://www.formula1.com/en/results.html/2022/races/1120/italy/fastest-laps.html,19,18,STR,Lance Stroll,Aston Martin Aramco Mercedes,34,15:54:11,1:27.467,238.430
2022,ITALIA,1120,fastest_lap,https://www.formula1.com/en/results.html/2022/races/1120/italy/fastest-laps.html,20,5,VET,Sebastian Vettel,Aston Martin Aramco Mercedes,4,15:09:28,1:27.501,238.337
2022,FORMULA 1 GULF AIR BAHRAIN,1124,fastest_lap,https://www.formula1.com/en/results.html/2022/races/1124/bahrain/fastest-laps.html,1,16,LEC,Charles Leclerc,Ferrari,51,19:31:35,1:34.570,206.018
2022,FORMULA 1 GULF AIR BAHRAIN,1124,fastest_lap,https://www.formula1.com/en/results.html/2022/races/1124/bahrain/fastest-laps.html,2,1,VER,Max Verstappen,Red Bull Racing RBPT,51,19:31:37,1:35.440,204.140
2022,FORMULA 1 GULF AIR BAHRAIN,1124,fastest_lap,https://www.formula1.com/en/results.html/2022/races/1124/bahrain/fastest-laps.html,3,55,SAI,Carlos Sainz,Ferrari,52,19:33:13,1:35.740,203.501
2022,FORMULA 1 GULF AIR BAHRAIN,1124,fastest_lap,https://www.formula1.com/en/results.html/2022/races/1124/bahrain/fastest-laps.html,4,11,PER,Sergio Perez,Red Bull Racing RBPT,52,19:33:14,1:36.089,202.762
2022,FORMULA 1 GULF AIR BAHRAIN,1124,fastest_lap,https://www.formula1.com/en/results.html/2022/races/1124/bahrain/fastest-laps.html,5,44,HAM,Lewis Hamilton,Mercedes,53,19:34:51,1:36.228,202.469
2022,FORMULA 1 GULF AIR BAHRAIN,1124,fastest_lap,https://www.formula1.com/en/results.html/2022/races/1124/bahrain/fastest-laps.html,6,63,RUS,George Russell,Mercedes,56,19:39:42,1:36.302,202.313
2022,FORMULA 1 GULF AIR BAHRAIN,1124,fastest_lap,https://www.formula1.com/en/results.html/2022/races/1124/bahrain/fastest-laps.html,7,77,BOT,Valtteri Bottas,Alfa Romeo Ferrari,53,19:34:55,1:36.599,201.691
2022,FORMULA 1 GULF AIR BAHRAIN,1124,fastest_lap,https://www.formula1.com/en/results.html/2022/races/1124/bahrain/fastest-laps.html,8,20,MAG,Kevin Magnussen,Haas Ferrari,53,19:34:54,1:36.623,201.641
2022,FORMULA 1 GULF AIR BAHRAIN,1124,fastest_lap,https://www.formula1.com/en/results.html/2022/races/1124/bahrain/fastest-laps.html,9,24,ZHO,Zhou Guanyu,Alfa Romeo Ferrari,39,19:09:38,1:36.685,201.512
2022,FORMULA 1 GULF AIR BAHRAIN,1124,fastest_lap,https://www.formula1.com/en/results.html/2022/races/1124/bahrain/fastest-laps.html,10,14,ALO,Fernando Alonso,Alpine Renault,44,19:18:02,1:36.733,201.412
2022,FORMULA 1 GULF AIR BAHRAIN,1124,fastest_lap,https://www.formula1.com/en/results.html/2022/races/1124/bahrain/fastest-laps.html,11,47,MSC,Mick Schumacher,Haas Ferrari,37,19:06:35,1:36.956,200.948
2022,FORMULA 1 GULF AIR BAHRAIN,1124,fastest_lap,https://www.formula1.com/en/results.html/2022/races/1124/bahrain/fastest-laps.html,12,4,NOR,Lando Norris,McLaren Mercedes,51,19:32:13,1:36.988,200.882
2022,FORMULA 1 GULF AIR BAHRAIN,1124,fastest_lap,https://www.formula1.com/en/results.html/2022/races/1124/bahrain/fastest-laps.html,13,22,TSU,Yuki Tsunoda,AlphaTauri RBPT,53,19:34:57,1:37.104,200.642
2022,FORMULA 1 GULF AIR BAHRAIN,1124,fastest_lap,https://www.formula1.com/en/results.html/2022/races/1124/bahrain/fastest-laps.html,14,31,OCO,Esteban Ocon,Alpine Renault,53,19:34:56,1:37.110,200.630
2022,FORMULA 1 GULF AIR BAHRAIN,1124,fastest_lap,https://www.formula1.com/en/results.html/2022/races/1124/bahrain/fastest-laps.html,15,18,STR,Lance Stroll,Aston Martin Aramco Mercedes,49,19:28:47,1:37.146,200.555
2022,FORMULA 1 GULF AIR BAHRAIN,1124,fastest_lap,https://www.formula1.com/en/results.html/2022/races/1124/bahrain/fastest-laps.html,16,3,RIC,Daniel Ricciardo,McLaren Mercedes,50,19:30:34,1:37.261,200.318
2022,FORMULA 1 GULF AIR BAHRAIN,1124,fastest_lap,https://www.formula1.com/en/results.html/2022/races/1124/bahrain/fastest-laps.html,17,10,GAS,Pierre Gasly,AlphaTauri RBPT,34,19:01:03,1:37.324,200.189
2022,FORMULA 1 GULF AIR BAHRAIN,1124,fastest_lap,https://www.formula1.com/en/results.html/2022/races/1124/bahrain/fastest-laps.html,18,23,ALB,Alexander Albon,Williams Mercedes,50,19:30:32,1:37.355,200.125
2022,FORMULA 1 GULF AIR BAHRAIN,1124,fastest_lap,https://www.formula1.com/en/results.html/2022/races/1124/bahrain/fastest-laps.html,19,27,HUL,Nico Hulkenberg,Aston Martin Aramco Mercedes,49,19:29:00,1:38.201,198.401
2022,FORMULA 1 GULF AIR BAHRAIN,1124,fastest_lap,https://www.formula1.com/en/results.html/2022/races/1124/bahrain/fastest-laps.html,20,6,LAT,Nicholas Latifi,Williams Mercedes,51,19:32:16,1:38.251,198.300
2022,FORMULA 1 STC SAUDI ARABIAN,1125,fastest_lap,https://www.formula1.com/en/results.html/2022/races/1125/saudi-arabia/fastest-laps.html,1,16,LEC,Charles Leclerc,Ferrari,48,21:24:43,1:31.634,242.556
2022,FORMULA 1 STC SAUDI ARABIAN,1125,fastest_lap,https://www.formula1.com/en/results.html/2022/races/1125/saudi-arabia/fastest-laps.html,2,1,VER,Max Verstappen,Red Bull Racing RBPT,50,21:27:46,1:31.772,242.191
2022,FORMULA 1 STC SAUDI ARABIAN,1125,fastest_lap,https://www.formula1.com/en/results.html/2022/races/1125/saudi-arabia/fastest-laps.html,3,55,SAI,Carlos Sainz,Ferrari,48,21:24:50,1:31.905,241.841
2022,FORMULA 1 STC SAUDI ARABIAN,1125,fastest_lap,https://www.formula1.com/en/results.html/2022/races/1125/saudi-arabia/fastest-laps.html,4,11,PER,Sergio Perez,Red Bull Racing RBPT,46,21:21:47,1:32.042,241.481
2022,FORMULA 1 STC SAUDI ARABIAN,1125,fastest_lap,https://www.formula1.com/en/results.html/2022/races/1125/saudi-arabia/fastest-laps.html,5,4,NOR,Lando Norris,McLaren Mercedes,46,21:22:26,1:32.753,239.629
2022,FORMULA 1 STC SAUDI ARABIAN,1125,fastest_lap,https://www.formula1.com/en/results.html/2022/races/1125/saudi-arabia/fastest-laps.html,6,20,MAG,Kevin Magnussen,Haas Ferrari,48,21:25:44,1:32.779,239.562
2022,FORMULA 1 STC SAUDI ARABIAN,1125,fastest_lap,https://www.formula1.com/en/results.html/2022/races/1125/saudi-arabia/fastest-laps.html,7,63,RUS,George Russell,Mercedes,43,21:17:24,1:32.821,239.454
2022,FORMULA 1 STC SAUDI ARABIAN,1125,fastest_lap,https://www.formula1.com/en/results.html/2022/races/1125/saudi-arabia/fastest-laps.html,8,44,HAM,Lewis Hamilton,Mercedes,47,21:24:16,1:32.997,239.001
2022,FORMULA 1 STC SAUDI ARABIAN,1125,fastest_lap,https://www.formula1.com/en/results.html/2022/races/1125/saudi-arabia/fastest-laps.html,9,31,OCO,Esteban Ocon,Alpine Renault,46,21:22:25,1:33.103,238.729
2022,FORMULA 1 STC SAUDI ARABIAN,1125,fastest_lap,https://www.formula1.com/en/results.html/2022/races/1125/saudi-arabia/fastest-laps.html,10,10,GAS,Pierre Gasly,AlphaTauri RBPT,42,21:16:17,1:33.468,237.796
2022,FORMULA 1 STC SAUDI ARABIAN,1125,fastest_lap,https://www.formula1.com/en/results.html/2022/races/1125/saudi-arabia/fastest-laps.html,11,27,HUL,Nico Hulkenberg,Aston Martin Aramco Mercedes,47,21:24:31,1:33.651,237.332
2022,FORMULA 1 STC SAUDI ARABIAN,1125,fastest_lap,https://www.formula1.com/en/results.html/2022/races/1125/saudi-arabia/fastest-laps.html,12,14,ALO,Fernando Alonso,Alpine Renault,33,21:00:34,1:33.831,236.876
2022,FORMULA 1 STC SAUDI ARABIAN,1125,fastest_lap,https://www.formula1.com/en/results.html/2022/races/1125/saudi-arabia/fastest-laps.html,13,24,ZHO,Zhou Guanyu,Alfa Romeo Ferrari,45,21:21:14,1:33.924,236.642
2022,FORMULA 1 STC SAUDI ARABIAN,1125,fastest_lap,https://www.formula1.com/en/results.html/2022/races/1125/saudi-arabia/fastest-laps.html,14,77,BOT,Valtteri Bottas,Alfa Romeo Ferrari,31,20:57:27,1:33.979,236.503
2022,FORMULA 1 STC SAUDI ARABIAN,1125,fastest_lap,https://www.formula1.com/en/results.html/2022/races/1125/saudi-arabia/fastest-laps.html,15,23,ALB,Alexander Albon,Williams Mercedes,46,21:22:46,1:34.368,235.528
2022,FORMULA 1 STC SAUDI ARABIAN,1125,fastest_lap,https://www.formula1.com/en/results.html/2022/races/1125/saudi-arabia/fastest-laps.html,16,18,STR,Lance Stroll,Aston Martin Aramco Mercedes,46,21:22:45,1:34.446,235.334
2022,FORMULA 1 STC SAUDI ARABIAN,1125,fastest_lap,https://www.formula1.com/en/results.html/2022/races/1125/saudi-arabia/fastest-laps.html,17,3,RIC,Daniel Ricciardo,McLaren Mercedes,34,21:02:18,1:34.487,235.232
2022,FORMULA 1 STC SAUDI ARABIAN,1125,fastest_lap,https://www.formula1.com/en/results.html/2022/races/1125/saudi-arabia/fastest-laps.html,18,6,LAT,Nicholas Latifi,Williams Mercedes,9,20:18:21,1:37.530,227.892
2022,FORMULA 1 AZERBAIJAN,1126,fastest_lap,https://www.formula1.com/en/results.html/2022/races/1126/azerbaijan/fastest-laps.html,1,11,PER,Sergio Perez,Red Bull Racing RBPT,36,16:11:32,1:46.046,203.787
2022,FORMULA 1 AZERBAIJAN,1126,fastest_lap,https://www.formula1.com/en/results.html/2022/races/1126/azerbaijan/fastest-laps.html,2,1,VER,Max Verstappen,Red Bull Racing RBPT,50,16:36:14,1:46.050,203.779
2022,FORMULA 1 AZERBAIJAN,1126,fastest_lap,https://www.formula1.com/en/results.html/2022/races/1126/azerbaijan/fastest-laps.html,3,44,HAM,Lewis Hamilton,Mercedes,39,16:17:36,1:47.044,201.887
2022,FORMULA 1 AZERBAIJAN,1126,fastest_lap,https://www.formula1.com/en/results.html/2022/races/1126/azerbaijan/fastest-laps.html,4,63,RUS,George Russell,Mercedes,42,16:22:38,1:47.177,201.636
2022,FORMULA 1 AZERBAIJAN,1126,fastest_lap,https://www.formula1.com/en/results.html/2022/races/1126/azerbaijan/fastest-laps.html,5,22,TSU,Yuki Tsunoda,AlphaTauri RBPT,42,16:23:46,1:47.523,200.987
2022,FORMULA 1 AZERBAIJAN,1126,fastest_lap,https://www.formula1.com/en/results.html/2022/races/1126/azerbaijan/fastest-laps.html,6,16,LEC,Charles Leclerc,Ferrari,13,15:28:21,1:47.531,200.972
2022,FORMULA 1 AZERBAIJAN,1126,fastest_lap,https://www.formula1.com/en/results.html/2022/races/1126/azerbaijan/fastest-laps.html,7,23,ALB,Alexander Albon,Williams Mercedes,48,16:34:33,1:47.966,200.163
2022,FORMULA 1 AZERBAIJAN,1126,fastest_lap,https://www.formula1.com/en/results.html/2022/races/1126/azerbaijan/fastest-laps.html,8,14,ALO,Fernando Alonso,Alpine Renault,49,16:35:53,1:47.989,200.120
2022,FORMULA 1 AZERBAIJAN,1126,fastest_lap,https://www.formula1.com/en/results.html/2022/races/1126/azerbaijan/fastest-laps.html,9,4,NOR,Lando Norris,McLaren Mercedes,37,16:14:17,1:47.997,200.105
2022,FORMULA 1 AZERBAIJAN,1126,fastest_lap,https://www.formula1.com/en/results.html/2022/races/1126/azerbaijan/fastest-laps.html,10,18,STR,Lance Stroll,Aston Martin Aramco Mercedes,38,16:16:33,1:48.038,200.029
2022,FORMULA 1 AZERBAIJAN,1126,fastest_lap,https://www.formula1.com/en/results.html/2022/races/1126/azerbaijan/fastest-laps.html,11,77,BOT,Valtteri Bottas,Alfa Romeo Ferrari,42,16:23:38,1:48.179,199.768
2022,FORMULA 1 AZERBAIJAN,1126,fastest_lap,https://www.formula1.com/en/results.html/2022/races/1126/azerbaijan/fastest-laps.html,12,5,VET,Sebastian Vettel,Aston Martin Aramco Mercedes,41,16:21:19,1:48.206,199.719
2022,FORMULA 1 AZERBAIJAN,1126,fastest_lap,https://www.formula1.com/en/results.html/2022/races/1126/azerbaijan/fastest-laps.html,13,3,RIC,Daniel Ricciardo,McLaren Mercedes,44,16:26:53,1:48.276,199.589
2022,FORMULA 1 AZERBAIJAN,1126,fastest_lap,https://www.formula1.com/en/results.html/2022/races/1126/azerbaijan/fastest-laps.html,14,31,OCO,Esteban Ocon,Alpine Renault,36,16:12:38,1:48.297,199.551
2022,FORMULA 1 AZERBAIJAN,1126,fastest_lap,https://www.formula1.com/en/results.html/2022/races/1126/azerbaijan/fastest-laps.html,15,47,MSC,Mick Schumacher,Haas Ferrari,40,16:20:36,1:48.410,199.343
2022,FORMULA 1 AZERBAIJAN,1126,fastest_lap,https://www.formula1.com/en/results.html/2022/races/1126/azerbaijan/fastest-laps.html,16,10,GAS,Pierre Gasly,AlphaTauri RBPT,39,16:17:30,1:48.519,199.143
2022,FORMULA 1 AZERBAIJAN,1126,fastest_lap,https://www.formula1.com/en/results.html/2022/races/1126/azerbaijan/fastest-laps.html,17,24,ZHO,Zhou Guanyu,Alfa Romeo Ferrari,12,15:27:08,1:48.723,198.769
2022,FORMULA 1 AZERBAIJAN,1126,fastest_lap,https://www.formula1.com/en/results.html/2022/races/1126/azerbaijan/fastest-laps.html,18,20,MAG,Kevin Magnussen,Haas Ferrari,12,15:27:09,1:48.789,198.648
2022,FORMULA 1 AZERBAIJAN,1126,fastest_lap,https://www.formula1.com/en/results.html/2022/races/1126/azerbaijan/fastest-laps.html,19,55,SAI,Carlos Sainz,Ferrari,3,15:09:29,1:48.978,198.304
2022,FORMULA 1 AZERBAIJAN,1126,fastest_lap,https://www.formula1.com/en/results.html/2022/races/1126/azerbaijan/fastest-laps.html,20,6,LAT,Nicholas Latifi,Williams Mercedes,37,16:15:36,1:49.583,197.209
2022,FORMULA 1 SINGAPORE AIRLINES SINGAPORE,1133,fastest_lap,https://www.formula1.com/en/results.html/2022/races/1133/singapore/fastest-laps.html,1,63,RUS,George Russell,Mercedes,54,23:05:33,1:46.458,171.211
2022,FORMULA 1 SINGAPORE AIRLINES SINGAPORE,1133,fastest_lap,https://www.formula1.com/en/results.html/2022/races/1133/singapore/fastest-laps.html,2,11,PER,Sergio Perez,Red Bull Racing RBPT,57,23:07:32,1:48.165,168.509
2022,FORMULA 1 SINGAPORE AIRLINES SINGAPORE,1133,fastest_lap,https://www.formula1.com/en/results.html/2022/races/1133/singapore/fastest-laps.html,3,55,SAI,Carlos Sainz,Ferrari,59,23:11:26,1:48.414,168.122
2022,FORMULA 1 SINGAPORE AIRLINES SINGAPORE,1133,fastest_lap,https://www.formula1.com/en/results.html/2022/races/1133/singapore/fastest-laps.html,4,16,LEC,Charles Leclerc,Ferrari,54,23:02:11,1:48.753,167.598
2022,FORMULA 1 SINGAPORE AIRLINES SINGAPORE,1133,fastest_lap,https://www.formula1.com/en/results.html/2022/races/1133/singapore/fastest-laps.html,5,1,VER,Max Verstappen,Red Bull Racing RBPT,52,22:59:20,1:49.142,167.000
2022,FORMULA 1 SINGAPORE AIRLINES SINGAPORE,1133,fastest_lap,https://www.formula1.com/en/results.html/2022/races/1133/singapore/fastest-laps.html,6,4,NOR,Lando Norris,McLaren Mercedes,56,23:06:07,1:49.212,166.893
2022,FORMULA 1 SINGAPORE AIRLINES SINGAPORE,1133,fastest_lap,https://www.formula1.com/en/results.html/2022/races/1133/singapore/fastest-laps.html,7,18,STR,Lance Stroll,Aston Martin Aramco Mercedes,58,23:10:20,1:50.283,165.272
2022,FORMULA 1 SINGAPORE AIRLINES SINGAPORE,1133,fastest_lap,https://www.formula1.com/en/results.html/2022/races/1133/singapore/fastest-laps.html,8,47,MSC,Mick Schumacher,Haas Ferrari,58,23:12:34,1:50.290,165.262
2022,FORMULA 1 SINGAPORE AIRLINES SINGAPORE,1133,fastest_lap,https://www.formula1.com/en/results.html/2022/races/1133/singapore/fastest-laps.html,9,10,GAS,Pierre Gasly,AlphaTauri RBPT,56,23:06:50,1:50.569,164.845
2022,FORMULA 1 SINGAPORE AIRLINES SINGAPORE,1133,fastest_lap,https://www.formula1.com/en/results.html/2022/races/1133/singapore/fastest-laps.html,10,44,HAM,Lewis Hamilton,Mercedes,58,23:10:27,1:50.622,164.766
2022,FORMULA 1 SINGAPORE AIRLINES SINGAPORE,1133,fastest_lap,https://www.formula1.com/en/results.html/2022/races/1133/singapore/fastest-laps.html,11,5,VET,Sebastian Vettel,Aston Martin Aramco Mercedes,58,23:10:23,1:50.669,164.696
2022,FORMULA 1 SINGAPORE AIRLINES SINGAPORE,1133,fastest_lap,https://www.formula1.com/en/results.html/2022/races/1133/singapore/fastest-laps.html,12,3,RIC,Daniel Ricciardo,McLaren Mercedes,57,23:08:25,1:51.006,164.196
2022,FORMULA 1 SINGAPORE AIRLINES SINGAPORE,1133,fastest_lap,https://www.formula1.com/en/results.html/2022/races/1133/singapore/fastest-laps.html,13,77,BOT,Valtteri Bottas,Alfa Romeo Ferrari,52,22:59:29,1:51.864,162.937
2022,FORMULA 1 SINGAPORE AIRLINES SINGAPORE,1133,fastest_lap,https://www.formula1.com/en/results.html/2022/races/1133/singapore/fastest-laps.html,14,20,MAG,Kevin Magnussen,Haas Ferrari,59,23:12:49,1:52.067,162.641
2022,FORMULA 1 SINGAPORE AIRLINES SINGAPORE,1133,fastest_lap,https://www.formula1.com/en/results.html/2022/races/1133/singapore/fastest-laps.html,15,22,TSU,Yuki Tsunoda,AlphaTauri RBPT,32,22:18:12,1:58.716,153.532
2022,FORMULA 1 SINGAPORE AIRLINES SINGAPORE,1133,fastest_lap,https://www.formula1.com/en/results.html/2022/races/1133/singapore/fastest-laps.html,16,14,ALO,Fernando Alonso,Alpine Renault,19,21:49:29,2:00.463,151.306
2022,FORMULA 1 SINGAPORE AIRLINES SINGAPORE,1133,fastest_lap,https://www.formula1.com/en/results.html/2022/races/1133/singapore/fastest-laps.html,17,31,OCO,Esteban Ocon,Alpine Renault,24,22:00:47,2:01.105,150.504
2022,FORMULA 1 SINGAPORE AIRLINES SINGAPORE,1133,fastest_lap,https://www.formula1.com/en/results.html/2022/races/1133/singapore/fastest-laps.html,18,23,ALB,Alexander Albon,Williams Mercedes,24,22:01:00,2:02.121,149.251
2022,FORMULA 1 SINGAPORE AIRLINES SINGAPORE,1133,fastest_lap,https://www.formula1.com/en/results.html/2022/races/1133/singapore/fastest-laps.html,19,24,ZHO,Zhou Guanyu,Alfa Romeo Ferrari,5,21:19:49,2:05.556,145.168
2022,FORMULA 1 SINGAPORE AIRLINES SINGAPORE,1133,fastest_lap,https://www.formula1.com/en/results.html/2022/races/1133/singapore/fastest-laps.html,20,6,LAT,Nicholas Latifi,Williams Mercedes,5,21:19:49,2:05.585,145.135
2022,FORMULA 1 HONDA JAPANESE,1134,fastest_lap,https://www.formula1.com/en/results.html/2022/races/1134/japan/fastest-laps.html,1,24,ZHO,Zhou Guanyu,Alfa Romeo Ferrari,20,16:52:17,1:44.411,200.220
2022,FORMULA 1 HONDA JAPANESE,1134,fastest_lap,https://www.formula1.com/en/results.html/2022/races/1134/japan/fastest-laps.html,2,14,ALO,Fernando Alonso,Alpine Renault,25,17:00:46,1:44.412,200.218
2022,FORMULA 1 HONDA JAPANESE,1134,fastest_lap,https://www.formula1.com/en/results.html/2022/races/1134/japan/fastest-laps.html,3,16,LEC,Charles Leclerc,Ferrari,10,16:33:12,1:44.489,200.070
2022,FORMULA 1 HONDA JAPANESE,1134,fastest_lap,https://www.formula1.com/en/results.html/2022/races/1134/japan/fastest-laps.html,4,1,VER,Max Verstappen,Red Bull Racing RBPT,10,16:33:08,1:44.911,199.266
2022,FORMULA 1 HONDA JAPANESE,1134,fastest_lap,https://www.formula1.com/en/results.html/2022/races/1134/japan/fastest-laps.html,5,18,STR,Lance Stroll,Aston Martin Aramco Mercedes,21,16:53:56,1:45.205,198.709
2022,FORMULA 1 HONDA JAPANESE,1134,fastest_lap,https://www.formula1.com/en/results.html/2022/races/1134/japan/fastest-laps.html,6,10,GAS,Pierre Gasly,AlphaTauri RBPT,22,16:55:53,1:45.387,198.366
2022,FORMULA 1 HONDA JAPANESE,1134,fastest_lap,https://www.formula1.com/en/results.html/2022/races/1134/japan/fastest-laps.html,7,44,HAM,Lewis Hamilton,Mercedes,11,16:35:12,1:45.530,198.097
2022,FORMULA 1 HONDA JAPANESE,1134,fastest_lap,https://www.formula1.com/en/results.html/2022/races/1134/japan/fastest-laps.html,8,22,TSU,Yuki Tsunoda,AlphaTauri RBPT,22,16:55:48,1:45.893,197.418
2022,FORMULA 1 HONDA JAPANESE,1134,fastest_lap,https://www.formula1.com/en/results.html/2022/races/1134/japan/fastest-laps.html,9,11,PER,Sergio Perez,Red Bull Racing RBPT,11,16:35:06,1:46.120,196.995
2022,FORMULA 1 HONDA JAPANESE,1134,fastest_lap,https://www.formula1.com/en/results.html/2022/races/1134/japan/fastest-laps.html,10,47,MSC,Mick Schumacher,Haas Ferrari,13,16:39:23,1:46.545,196.210
2022,FORMULA 1 HONDA JAPANESE,1134,fastest_lap,https://www.formula1.com/en/results.html/2022/races/1134/japan/fastest-laps.html,11,31,OCO,Esteban Ocon,Alpine Renault,11,16:35:11,1:46.559,196.184
2022,FORMULA 1 HONDA JAPANESE,1134,fastest_lap,https://www.formula1.com/en/results.html/2022/races/1134/japan/fastest-laps.html,12,5,VET,Sebastian Vettel,Aston Martin Aramco Mercedes,13,16:38:52,1:46.964,195.441
2022,FORMULA 1 HONDA JAPANESE,1134,fastest_lap,https://www.formula1.com/en/results.html/2022/races/1134/japan/fastest-laps.html,13,63,RUS,George Russell,Mercedes,21,16:53:29,1:47.004,195.368
2022,FORMULA 1 HONDA JAPANESE,1134,fastest_lap,https://www.formula1.com/en/results.html/2022/races/1134/japan/fastest-laps.html,14,77,BOT,Valtteri Bottas,Alfa Romeo Ferrari,11,16:35:30,1:47.820,193.889
2022,FORMULA 1 HONDA JAPANESE,1134,fastest_lap,https://www.formula1.com/en/results.html/2022/races/1134/japan/fastest-laps.html,15,3,RIC,Daniel Ricciardo,McLaren Mercedes,11,16:35:28,1:47.843,193.848
2022,FORMULA 1 HONDA JAPANESE,1134,fastest_lap,https://www.formula1.com/en/results.html/2022/races/1134/japan/fastest-laps.html,16,20,MAG,Kevin Magnussen,Haas Ferrari,10,16:33:41,1:48.072,193.437
2022,FORMULA 1 HONDA JAPANESE,1134,fastest_lap,https://www.formula1.com/en/results.html/2022/races/1134/japan/fastest-laps.html,17,4,NOR,Lando Norris,McLaren Mercedes,8,16:29:54,1:48.175,193.253
2022,FORMULA 1 HONDA JAPANESE,1134,fastest_lap,https://www.formula1.com/en/results.html/2022/races/1134/japan/fastest-laps.html,18,6,LAT,Nicholas Latifi,Williams Mercedes,12,16:37:09,1:48.371,192.904
2022,FORMULA 1 ARAMCO UNITED STATES,1135,fastest_lap,https://www.formula1.com/en/results.html/2022/races/1135/united-states/fastest-laps.html,1,63,RUS,George Russell,Mercedes,56,15:46:36,1:38.788,200.902
2022,FORMULA 1 ARAMCO UNITED STATES,1135,fastest_lap,https://www.formula1.com/en/results.html/2022/races/1135/united-states/fastest-laps.html,2,1,VER,Max Verstappen,Red Bull Racing RBPT,37,15:14:07,1:39.541,199.383
2022,FORMULA 1 ARAMCO UNITED STATES,1135,fastest_lap,https://www.formula1.com/en/results.html/2022/races/1135/united-states/fastest-laps.html,3,11,PER,Sergio Perez,Red Bull Racing RBPT,44,15:25:54,1:39.563,199.339
2022,FORMULA 1 ARAMCO UNITED STATES,1135,fastest_lap,https://www.formula1.com/en/results.html/2022/races/1135/united-states/fastest-laps.html,4,16,LEC,Charles Leclerc,Ferrari,37,15:14:06,1:39.731,199.003
2022,FORMULA 1 ARAMCO UNITED STATES,1135,fastest_lap,https://www.formula1.com/en/results.html/2022/races/1135/united-states/fastest-laps.html,5,44,HAM,Lewis Hamilton,Mercedes,45,15:27:25,1:39.830,198.805
2022,FORMULA 1 ARAMCO UNITED STATES,1135,fastest_lap,https://www.formula1.com/en/results.html/2022/races/1135/united-states/fastest-laps.html,6,31,OCO,Esteban Ocon,Alpine Renault,49,15:35:12,1:41.243,196.031
2022,FORMULA 1 ARAMCO UNITED STATES,1135,fastest_lap,https://www.formula1.com/en/results.html/2022/races/1135/united-states/fastest-laps.html,7,4,NOR,Lando Norris,McLaren Mercedes,49,15:34:51,1:41.322,195.878
2022,FORMULA 1 ARAMCO UNITED STATES,1135,fastest_lap,https://www.formula1.com/en/results.html/2022/races/1135/united-states/fastest-laps.html,8,5,VET,Sebastian Vettel,Aston Martin Aramco Mercedes,39,15:17:21,1:41.538,195.461
2022,FORMULA 1 ARAMCO UNITED STATES,1135,fastest_lap,https://www.formula1.com/en/results.html/2022/races/1135/united-states/fastest-laps.html,9,10,GAS,Pierre Gasly,AlphaTauri RBPT,55,15:45:21,1:41.674,195.200
2022,FORMULA 1 ARAMCO UNITED STATES,1135,fastest_lap,https://www.formula1.com/en/results.html/2022/races/1135/united-states/fastest-laps.html,10,14,ALO,Fernando Alonso,Alpine Renault,51,15:38:13,1:41.804,194.951
2022,FORMULA 1 ARAMCO UNITED STATES,1135,fastest_lap,https://www.formula1.com/en/results.html/2022/races/1135/united-states/fastest-laps.html,11,22,TSU,Yuki Tsunoda,AlphaTauri RBPT,36,15:12:44,1:42.206,194.184
2022,FORMULA 1 ARAMCO UNITED STATES,1135,fastest_lap,https://www.formula1.com/en/results.html/2022/races/1135/united-states/fastest-laps.html,12,47,MSC,Mick Schumacher,Haas Ferrari,55,15:45:27,1:42.320,193.967
2022,FORMULA 1 ARAMCO UNITED STATES,1135,fastest_lap,https://www.formula1.com/en/results.html/2022/races/1135/united-states/fastest-laps.html,13,24,ZHO,Zhou Guanyu,Alfa Romeo Ferrari,39,15:17:50,1:42.394,193.827
2022,FORMULA 1 ARAMCO UNITED STATES,1135,fastest_lap,https://www.formula1.com/en/results.html/2022/races/1135/united-states/fastest-laps.html,14,3,RIC,Daniel Ricciardo,McLaren Mercedes,55,15:45:39,1:42.420,193.778
2022,FORMULA 1 ARAMCO UNITED STATES,1135,fastest_lap,https://www.formula1.com/en/results.html/2022/races/1135/united-states/fastest-laps.html,15,23,ALB,Alexander Albon,Williams Mercedes,46,15:29:50,1:42.471,193.682
2022,FORMULA 1 ARAMCO UNITED STATES,1135,fastest_lap,https://www.formula1.com/en/results.html/2022/races/1135/united-states/fastest-laps.html,16,20,MAG,Kevin Magnussen,Haas Ferrari,35,15:10:48,1:42.546,193.540
2022,FORMULA 1 ARAMCO UNITED STATES,1135,fastest_lap,https://www.formula1.com/en/results.html/2022/races/1135/united-states/fastest-laps.html,17,18,STR,Lance Stroll,Aston Martin Aramco Mercedes,3,14:08:50,1:43.080,192.537
2022,FORMULA 1 ARAMCO UNITED STATES,1135,fastest_lap,https://www.formula1.com/en/results.html/2022/races/1135/united-states/fastest-laps.html,18,77,BOT,Valtteri Bottas,Alfa Romeo Ferrari,4,14:10:43,1:43.391,191.958
2022,FORMULA 1 ARAMCO UNITED STATES,1135,fastest_lap,https://www.formula1.com/en/results.html/2022/races/1135/united-states/fastest-laps.html,19,6,LAT,Nicholas Latifi,Williams Mercedes,54,15:44:02,1:43.485,191.784
2022,FORMULA 1 HEINEKEN GRAN PREMIO DE LA CIUDAD DE MÉXICO,1136,fastest_lap,https://www.formula1.com/en/results.html/2022/races/1136/mexico/fastest-laps.html,1,63,RUS,George Russell,Mercedes,71,15:42:32,1:20.153,193.310
2022,FORMULA 1 HEINEKEN GRAN PREMIO DE LA CIUDAD DE MÉXICO,1136,fastest_lap,https://www.formula1.com/en/results.html/2022/races/1136/mexico/fastest-laps.html,2,11,PER,Sergio Perez,Red Bull Racing RBPT,30,14:45:14,1:21.775,189.476
2022,FORMULA 1 HEINEKEN GRAN PREMIO DE LA CIUDAD DE MÉXICO,1136,fastest_lap,https://www.formula1.com/en/results.html/2022/races/1136/mexico/fastest-laps.html,3,3,RIC,Daniel Ricciardo,McLaren Mercedes,48,15:11:17,1:22.022,188.905
2022,FORMULA 1 HEINEKEN GRAN PREMIO DE LA CIUDAD DE MÉXICO,1136,fastest_lap,https://www.formula1.com/en/results.html/2022/races/1136/mexico/fastest-laps.html,4,1,VER,Max Verstappen,Red Bull Racing RBPT,36,14:53:18,1:22.046,188.850
2022,FORMULA 1 HEINEKEN GRAN PREMIO DE LA CIUDAD DE MÉXICO,1136,fastest_lap,https://www.formula1.com/en/results.html/2022/races/1136/mexico/fastest-laps.html,5,44,HAM,Lewis Hamilton,Mercedes,32,14:47:56,1:22.062,188.813
2022,FORMULA 1 HEINEKEN GRAN PREMIO DE LA CIUDAD DE MÉXICO,1136,fastest_lap,https://www.formula1.com/en/results.html/2022/races/1136/mexico/fastest-laps.html,6,55,SAI,Carlos Sainz,Ferrari,32,14:48:24,1:22.199,188.498
2022,FORMULA 1 HEINEKEN GRAN PREMIO DE LA CIUDAD DE MÉXICO,1136,fastest_lap,https://www.formula1.com/en/results.html/2022/races/1136/mexico/fastest-laps.html,7,24,ZHO,Zhou Guanyu,Alfa Romeo Ferrari,47,15:10:11,1:22.260,188.358
2022,FORMULA 1 HEINEKEN GRAN PREMIO DE LA CIUDAD DE MÉXICO,1136,fastest_lap,https://www.formula1.com/en/results.html/2022/races/1136/mexico/fastest-laps.html,8,10,GAS,Pierre Gasly,AlphaTauri RBPT,42,15:03:16,1:22.277,188.319
2022,FORMULA 1 HEINEKEN GRAN PREMIO DE LA CIUDAD DE MÉXICO,1136,fastest_lap,https://www.formula1.com/en/results.html/2022/races/1136/mexico/fastest-laps.html,9,18,STR,Lance Stroll,Aston Martin Aramco Mercedes,42,15:03:28,1:22.463,187.895
2022,FORMULA 1 HEINEKEN GRAN PREMIO DE LA CIUDAD DE MÉXICO,1136,fastest_lap,https://www.formula1.com/en/results.html/2022/races/1136/mexico/fastest-laps.html,10,16,LEC,Charles Leclerc,Ferrari,48,15:10:35,1:22.603,187.576
2022,FORMULA 1 HEINEKEN GRAN PREMIO DE LA CIUDAD DE MÉXICO,1136,fastest_lap,https://www.formula1.com/en/results.html/2022/races/1136/mexico/fastest-laps.html,11,14,ALO,Fernando Alonso,Alpine Renault,48,15:11:02,1:22.866,186.981
2022,FORMULA 1 HEINEKEN GRAN PREMIO DE LA CIUDAD DE MÉXICO,1136,fastest_lap,https://www.formula1.com/en/results.html/2022/races/1136/mexico/fastest-laps.html,12,23,ALB,Alexander Albon,Williams Mercedes,48,15:11:32,1:22.914,186.873
2022,FORMULA 1 HEINEKEN GRAN PREMIO DE LA CIUDAD DE MÉXICO,1136,fastest_lap,https://www.formula1.com/en/results.html/2022/races/1136/mexico/fastest-laps.html,13,5,VET,Sebastian Vettel,Aston Martin Aramco Mercedes,45,15:07:18,1:23.086,186.486
2022,FORMULA 1 HEINEKEN GRAN PREMIO DE LA CIUDAD DE MÉXICO,1136,fastest_lap,https://www.formula1.com/en/results.html/2022/races/1136/mexico/fastest-laps.html,14,31,OCO,Esteban Ocon,Alpine Renault,48,15:11:09,1:23.279,186.054
2022,FORMULA 1 HEINEKEN GRAN PREMIO DE LA CIUDAD DE MÉXICO,1136,fastest_lap,https://www.formula1.com/en/results.html/2022/races/1136/mexico/fastest-laps.html,15,20,MAG,Kevin Magnussen,Haas Ferrari,49,15:13:25,1:23.300,186.007
2022,FORMULA 1 HEINEKEN GRAN PREMIO DE LA CIUDAD DE MÉXICO,1136,fastest_lap,https://www.formula1.com/en/results.html/2022/races/1136/mexico/fastest-laps.html,16,77,BOT,Valtteri Bottas,Alfa Romeo Ferrari,43,15:04:11,1:23.363,185.866
2022,FORMULA 1 HEINEKEN GRAN PREMIO DE LA CIUDAD DE MÉXICO,1136,fastest_lap,https://www.formula1.com/en/results.html/2022/races/1136/mexico/fastest-laps.html,17,4,NOR,Lando Norris,McLaren Mercedes,48,15:11:14,1:23.402,185.779
2022,FORMULA 1 HEINEKEN GRAN PREMIO DE LA CIUDAD DE MÉXICO,1136,fastest_lap,https://www.formula1.com/en/results.html/2022/races/1136/mexico/fastest-laps.html,18,22,TSU,Yuki Tsunoda,AlphaTauri RBPT,48,15:11:16,1:23.403,185.777
2022,FORMULA 1 HEINEKEN GRAN PREMIO DE LA CIUDAD DE MÉXICO,1136,fastest_lap,https://www.formula1.com/en/results.html/2022/races/1136/mexico/fastest-laps.html,19,47,MSC,Mick Schumacher,Haas Ferrari,30,14:46:23,1:23.641,185.248
2022,FORMULA 1 HEINEKEN GRAN PREMIO DE LA CIUDAD DE MÉXICO,1136,fastest_lap,https://www.formula1.com/en/results.html/2022/races/1136/mexico/fastest-laps.html,20,6,LAT,Nicholas Latifi,Williams Mercedes,56,15:23:55,1:23.709,185.098
2022,FORMULA 1 HEINEKEN GRANDE PRÊMIO DE SÃO PAULO,1137,fastest_lap,https://www.formula1.com/en/results.html/2022/races/1137/brazil/fastest-laps.html,1,63,RUS,George Russell,Mercedes,61,16:28:58,1:13.785,210.237
2022,FORMULA 1 HEINEKEN GRANDE PRÊMIO DE SÃO PAULO,1137,fastest_lap,https://www.formula1.com/en/results.html/2022/races/1137/brazil/fastest-laps.html,2,44,HAM,Lewis Hamilton,Mercedes,63,16:31:27,1:13.942,209.791
2022,FORMULA 1 HEINEKEN GRANDE PRÊMIO DE SÃO PAULO,1137,fastest_lap,https://www.formula1.com/en/results.html/2022/races/1137/brazil/fastest-laps.html,3,55,SAI,Carlos Sainz,Ferrari,65,16:33:58,1:13.953,209.760
2022,FORMULA 1 HEINEKEN GRANDE PRÊMIO DE SÃO PAULO,1137,fastest_lap,https://www.formula1.com/en/results.html/2022/races/1137/brazil/fastest-laps.html,4,14,ALO,Fernando Alonso,Alpine Renault,62,16:30:18,1:14.164,209.163
2022,FORMULA 1 HEINEKEN GRANDE PRÊMIO DE SÃO PAULO,1137,fastest_lap,https://www.formula1.com/en/results.html/2022/races/1137/brazil/fastest-laps.html,5,1,VER,Max Verstappen,Red Bull Racing RBPT,64,16:32:49,1:14.195,209.076
2022,FORMULA 1 HEINEKEN GRANDE PRÊMIO DE SÃO PAULO,1137,fastest_lap,https://www.formula1.com/en/results.html/2022/races/1137/brazil/fastest-laps.html,6,16,LEC,Charles Leclerc,Ferrari,63,16:31:31,1:14.253,208.912
2022,FORMULA 1 HEINEKEN GRANDE PRÊMIO DE SÃO PAULO,1137,fastest_lap,https://www.formula1.com/en/results.html/2022/races/1137/brazil/fastest-laps.html,7,11,PER,Sergio Perez,Red Bull Racing RBPT,62,16:30:16,1:14.283,208.828
2022,FORMULA 1 HEINEKEN GRANDE PRÊMIO DE SÃO PAULO,1137,fastest_lap,https://www.formula1.com/en/results.html/2022/races/1137/brazil/fastest-laps.html,8,18,STR,Lance Stroll,Aston Martin Aramco Mercedes,50,16:11:50,1:14.831,207.299
2022,FORMULA 1 HEINEKEN GRANDE PRÊMIO DE SÃO PAULO,1137,fastest_lap,https://www.formula1.com/en/results.html/2022/races/1137/brazil/fastest-laps.html,9,31,OCO,Esteban Ocon,Alpine Renault,65,16:34:07,1:15.093,206.575
2022,FORMULA 1 HEINEKEN GRANDE PRÊMIO DE SÃO PAULO,1137,fastest_lap,https://www.formula1.com/en/results.html/2022/races/1137/brazil/fastest-laps.html,10,47,MSC,Mick Schumacher,Haas Ferrari,63,16:31:41,1:15.251,206.142
2022,FORMULA 1 HEINEKEN GRANDE PRÊMIO DE SÃO PAULO,1137,fastest_lap,https://www.formula1.com/en/results.html/2022/races/1137/brazil/fastest-laps.html,11,6,LAT,Nicholas Latifi,Williams Mercedes,59,16:26:45,1:15.327,205.934
2022,FORMULA 1 HEINEKEN GRANDE PRÊMIO DE SÃO PAULO,1137,fastest_lap,https://www.formula1.com/en/results.html/2022/races/1137/brazil/fastest-laps.html,12,10,GAS,Pierre Gasly,AlphaTauri RBPT,64,16:32:57,1:15.327,205.934
2022,FORMULA 1 HEINEKEN GRANDE PRÊMIO DE SÃO PAULO,1137,fastest_lap,https://www.formula1.com/en/results.html/2022/races/1137/brazil/fastest-laps.html,13,22,TSU,Yuki Tsunoda,AlphaTauri RBPT,63,16:33:00,1:15.508,205.440
2022,FORMULA 1 HEINEKEN GRANDE PRÊMIO DE SÃO PAULO,1137,fastest_lap,https://www.formula1.com/en/results.html/2022/races/1137/brazil/fastest-laps.html,14,77,BOT,Valtteri Bottas,Alfa Romeo Ferrari,62,16:30:21,1:15.511,205.432
2022,FORMULA 1 HEINEKEN GRANDE PRÊMIO DE SÃO PAULO,1137,fastest_lap,https://www.formula1.com/en/results.html/2022/races/1137/brazil/fastest-laps.html,15,5,VET,Sebastian Vettel,Aston Martin Aramco Mercedes,64,16:32:54,1:15.549,205.328
2022,FORMULA 1 HEINEKEN GRANDE PRÊMIO DE SÃO PAULO,1137,fastest_lap,https://www.formula1.com/en/results.html/2022/races/1137/brazil/fastest-laps.html,16,23,ALB,Alexander Albon,Williams Mercedes,49,16:10:47,1:15.613,205.155
2022,FORMULA 1 HEINEKEN GRANDE PRÊMIO DE SÃO PAULO,1137,fastest_lap,https://www.formula1.com/en/results.html/2022/races/1137/brazil/fastest-laps.html,17,24,ZHO,Zhou Guanyu,Alfa Romeo Ferrari,64,16:32:56,1:15.802,204.643
2022,FORMULA 1 HEINEKEN GRANDE PRÊMIO DE SÃO PAULO,1137,fastest_lap,https://www.formula1.com/en/results.html/2022/races/1137/brazil/fastest-laps.html,18,4,NOR,Lando Norris,McLaren Mercedes,48,16:09:10,1:15.855,204.500
2022,FORMULA 1 ETIHAD AIRWAYS ABU DHABI,1138,fastest_lap,https://www.formula1.com/en/results.html/2022/races/1138/abu-dhabi/fastest-laps.html,1,4,NOR,Lando Norris,McLaren Mercedes,44,18:10:55,1:28.391,215.085
2022,FORMULA 1 ETIHAD AIRWAYS ABU DHABI,1138,fastest_lap,https://www.formula1.com/en/results.html/2022/races/1138/abu-dhabi/fastest-laps.html,2,63,RUS,George Russell,Mercedes,48,18:16:32,1:28.836,214.007
2022,FORMULA 1 ETIHAD AIRWAYS ABU DHABI,1138,fastest_lap,https://www.formula1.com/en/results.html/2022/races/1138/abu-dhabi/fastest-laps.html,3,55,SAI,Carlos Sainz,Ferrari,50,18:19:24,1:28.879,213.904
2022,FORMULA 1 ETIHAD AIRWAYS ABU DHABI,1138,fastest_lap,https://www.formula1.com/en/results.html/2022/races/1138/abu-dhabi/fastest-laps.html,4,11,PER,Sergio Perez,Red Bull Racing RBPT,52,18:22:10,1:28.972,213.680
2022,FORMULA 1 ETIHAD AIRWAYS ABU DHABI,1138,fastest_lap,https://www.formula1.com/en/results.html/2022/races/1138/abu-dhabi/fastest-laps.html,5,31,OCO,Esteban Ocon,Alpine Renault,45,18:12:29,1:29.333,212.817
2022,FORMULA 1 ETIHAD AIRWAYS ABU DHABI,1138,fastest_lap,https://www.formula1.com/en/results.html/2022/races/1138/abu-dhabi/fastest-laps.html,6,1,VER,Max Verstappen,Red Bull Racing RBPT,54,18:24:57,1:29.392,212.676
2022,FORMULA 1 ETIHAD AIRWAYS ABU DHABI,1138,fastest_lap,https://www.formula1.com/en/results.html/2022/races/1138/abu-dhabi/fastest-laps.html,7,22,TSU,Yuki Tsunoda,AlphaTauri RBPT,40,18:05:11,1:29.489,212.446
2022,FORMULA 1 ETIHAD AIRWAYS ABU DHABI,1138,fastest_lap,https://www.formula1.com/en/results.html/2022/races/1138/abu-dhabi/fastest-laps.html,8,24,ZHO,Zhou Guanyu,Alfa Romeo Ferrari,53,18:25:10,1:29.600,212.183
2022,FORMULA 1 ETIHAD AIRWAYS ABU DHABI,1138,fastest_lap,https://www.formula1.com/en/results.html/2022/races/1138/abu-dhabi/fastest-laps.html,9,18,STR,Lance Stroll,Aston Martin Aramco Mercedes,42,18:08:04,1:29.620,212.135
2022,FORMULA 1 ETIHAD AIRWAYS ABU DHABI,1138,fastest_lap,https://www.formula1.com/en/results.html/2022/races/1138/abu-dhabi/fastest-laps.html,10,16,LEC,Charles Leclerc,Ferrari,48,18:16:06,1:29.719,211.901
2022,FORMULA 1 ETIHAD AIRWAYS ABU DHABI,1138,fastest_lap,https://www.formula1.com/en/results.html/2022/races/1138/abu-dhabi/fastest-laps.html,11,44,HAM,Lewis Hamilton,Mercedes,42,18:07:14,1:29.788,211.738
2022,FORMULA 1 ETIHAD AIRWAYS ABU DHABI,1138,fastest_lap,https://www.formula1.com/en/results.html/2022/races/1138/abu-dhabi/fastest-laps.html,12,47,MSC,Mick Schumacher,Haas Ferrari,39,18:04:00,1:29.833,211.632
2022,FORMULA 1 ETIHAD AIRWAYS ABU DHABI,1138,fastest_lap,https://www.formula1.com/en/results.html/2022/races/1138/abu-dhabi/fastest-laps.html,13,23,ALB,Alexander Albon,Williams Mercedes,40,18:05:15,1:29.939,211.383
2022,FORMULA 1 ETIHAD AIRWAYS ABU DHABI,1138,fastest_lap,https://www.formula1.com/en/results.html/2022/races/1138/abu-dhabi/fastest-laps.html,14,6,LAT,Nicholas Latifi,Williams Mercedes,45,18:13:51,1:30.309,210.517
2022,FORMULA 1 ETIHAD AIRWAYS ABU DHABI,1138,fastest_lap,https://www.formula1.com/en/results.html/2022/races/1138/abu-dhabi/fastest-laps.html,15,5,VET,Sebastian Vettel,Aston Martin Aramco Mercedes,35,17:57:27,1:30.312,210.510
2022,FORMULA 1 ETIHAD AIRWAYS ABU DHABI,1138,fastest_lap,https://www.formula1.com/en/results.html/2022/races/1138/abu-dhabi/fastest-laps.html,16,77,BOT,Valtteri Bottas,Alfa Romeo Ferrari,47,18:16:12,1:30.352,210.417
2022,FORMULA 1 ETIHAD AIRWAYS ABU DHABI,1138,fastest_lap,https://www.formula1.com/en/results.html/2022/races/1138/abu-dhabi/fastest-laps.html,17,14,ALO,Fernando Alonso,Alpine Renault,24,17:40:29,1:30.579,209.889
2022,FORMULA 1 ETIHAD AIRWAYS ABU DHABI,1138,fastest_lap,https://www.formula1.com/en/results.html/2022/races/1138/abu-dhabi/fastest-laps.html,18,3,RIC,Daniel Ricciardo,McLaren Mercedes,45,18:12:34,1:30.785,209.413
2022,FORMULA 1 ETIHAD AIRWAYS ABU DHABI,1138,fastest_lap,https://www.formula1.com/en/results.html/2022/races/1138/abu-dhabi/fastest-laps.html,19,10,GAS,Pierre Gasly,AlphaTauri RBPT,16,17:28:27,1:31.081,208.732
2022,FORMULA 1 ETIHAD AIRWAYS ABU DHABI,1138,fastest_lap,https://www.formula1.com/en/results.html/2022/races/1138/abu-dhabi/fastest-laps.html,20,20,MAG,Kevin Magnussen,Haas Ferrari,40,18:05:40,1:31.158,208.556
