year,race_name,race_id,result_type,url,position,driver_number,driver_code,driver_name,team,laps,lap_time,gap
2020,FORMULA 1 ROLEX GROSSER PREIS VON ÖSTERREICH,1045,practice_1,https://www.formula1.com/en/results.html/2020/races/1045/austria/practice-1.html,1,44,HAM,Lewis Hamilton,Mercedes,42,1:04.816,
2020,FORMULA 1 ROLEX GROSSER PREIS VON ÖSTERREICH,1045,practice_1,https://www.formula1.com/en/results.html/2020/races/1045/austria/practice-1.html,2,77,BOT,Valtteri Bottas,Mercedes,38,1:05.172,+0.356s
2020,FORMULA 1 ROLEX GROSSER PREIS VON ÖSTERREICH,1045,practice_1,https://www.formula1.com/en/results.html/2020/races/1045/austria/practice-1.html,3,33,VER,Max Verstappen,Red Bull Racing Honda,37,1:05.418,+0.602s
2020,FORMULA 1 ROLEX GROSSER PREIS VON ÖSTERREICH,1045,practice_1,https://www.formula1.com/en/results.html/2020/races/1045/austria/practice-1.html,4,55,SAI,Carlos Sainz,McLaren Renault,41,1:05.431,+0.615s
2020,FORMULA 1 ROLEX GROSSER PREIS VON ÖSTERREICH,1045,practice_1,https://www.formula1.com/en/results.html/2020/races/1045/austria/practice-1.html,5,11,PER,Sergio Perez,Racing Point BWT Mercedes,33,1:05.512,+0.696s
2020,FORMULA 1 ROLEX GROSSER PREIS VON ÖSTERREICH,1045,practice_1,https://www.formula1.com/en/results.html/2020/races/1045/austria/practice-1.html,6,4,NOR,Lando Norris,McLaren Renault,41,1:05.621,+0.805s
2020,FORMULA 1 ROLEX GROSSER PREIS VON ÖSTERREICH,1045,practice_1,https://www.formula1.com/en/results.html/2020/races/1045/austria/practice-1.html,7,23,ALB,Alexander Albon,Red Bull Racing Honda,29,1:05.701,+0.885s
2020,FORMULA 1 ROLEX GROSSER PREIS VON ÖSTERREICH,1045,practice_1,https://www.formula1.com/en/results.html/2020/races/1045/austria/practice-1.html,8,3,RIC,Daniel Ricciardo,Renault,29,1:05.860,+1.044s
2020,FORMULA 1 ROLEX GROSSER PREIS VON ÖSTERREICH,1045,practice_1,https://www.formula1.com/en/results.html/2020/races/1045/austria/practice-1.html,9,20,MAG,Kevin Magnussen,Haas Ferrari,27,1:05.907,+1.091s
2020,FORMULA 1 ROLEX GROSSER PREIS VON ÖSTERREICH,1045,practice_1,https://www.formula1.com/en/results.html/2020/races/1045/austria/practice-1.html,10,16,LEC,Charles Leclerc,Ferrari,31,1:05.924,+1.108s
2020,FORMULA 1 ROLEX GROSSER PREIS VON ÖSTERREICH,1045,practice_1,https://www.formula1.com/en/results.html/2020/races/1045/austria/practice-1.html,11,18,STR,Lance Stroll,Racing Point BWT Mercedes,34,1:06.074,+1.258s
2020,FORMULA 1 ROLEX GROSSER PREIS VON ÖSTERREICH,1045,practice_1,https://www.formula1.com/en/results.html/2020/races/1045/austria/practice-1.html,12,5,VET,Sebastian Vettel,Ferrari,32,1:06.077,+1.261s
2020,FORMULA 1 ROLEX GROSSER PREIS VON ÖSTERREICH,1045,practice_1,https://www.formula1.com/en/results.html/2020/races/1045/austria/practice-1.html,13,31,OCO,Esteban Ocon,Renault,22,1:06.270,+1.454s
2020,FORMULA 1 ROLEX GROSSER PREIS VON ÖSTERREICH,1045,practice_1,https://www.formula1.com/en/results.html/2020/races/1045/austria/practice-1.html,14,99,GIO,Antonio Giovinazzi,Alfa Romeo Racing Ferrari,24,1:06.360,+1.544s
2020,FORMULA 1 ROLEX GROSSER PREIS VON ÖSTERREICH,1045,practice_1,https://www.formula1.com/en/results.html/2020/races/1045/austria/practice-1.html,15,7,RAI,Kimi Räikkönen,Alfa Romeo Racing Ferrari,28,1:06.365,+1.549s
2020,FORMULA 1 ROLEX GROSSER PREIS VON ÖSTERREICH,1045,practice_1,https://www.formula1.com/en/results.html/2020/races/1045/austria/practice-1.html,16,10,GAS,Pierre Gasly,AlphaTauri Honda,25,1:06.404,+1.588s
2020,FORMULA 1 ROLEX GROSSER PREIS VON ÖSTERREICH,1045,practice_1,https://www.formula1.com/en/results.html/2020/races/1045/austria/practice-1.html,17,63,RUS,George Russell,Williams Mercedes,27,1:06.495,+1.679s
2020,FORMULA 1 ROLEX GROSSER PREIS VON ÖSTERREICH,1045,practice_1,https://www.formula1.com/en/results.html/2020/races/1045/austria/practice-1.html,18,6,LAT,Nicholas Latifi,Williams Mercedes,31,1:06.906,+2.090s
2020,FORMULA 1 ROLEX GROSSER PREIS VON ÖSTERREICH,1045,practice_1,https://www.formula1.com/en/results.html/2020/races/1045/austria/practice-1.html,19,26,KVY,Daniil Kvyat,AlphaTauri Honda,19,1:06.943,+2.127s
2020,FORMULA 1 ROLEX GROSSER PREIS VON ÖSTERREICH,1045,practice_1,https://www.formula1.com/en/results.html/2020/races/1045/austria/practice-1.html,20,8,GRO,Romain Grosjean,Haas Ferrari,6,1:46.361,+41.545s
2020,FORMULA 1 PIRELLI GROSSER PREIS DER STEIERMARK,1046,practice_1,https://www.formula1.com/en/results.html/2020/races/1046/styria/practice-1.html,1,11,PER,Sergio Perez,Racing Point BWT Mercedes,32,1:04.867,
2020,FORMULA 1 PIRELLI GROSSER PREIS DER STEIERMARK,1046,practice_1,https://www.formula1.com/en/results.html/2020/races/1046/styria/practice-1.html,2,33,VER,Max Verstappen,Red Bull Racing Honda,31,1:04.963,+0.096s
2020,FORMULA 1 PIRELLI GROSSER PREIS DER STEIERMARK,1046,practice_1,https://www.formula1.com/en/results.html/2020/races/1046/styria/practice-1.html,3,77,BOT,Valtteri Bottas,Mercedes,31,1:05.089,+0.222s
2020,FORMULA 1 PIRELLI GROSSER PREIS DER STEIERMARK,1046,practice_1,https://www.formula1.com/en/results.html/2020/races/1046/styria/practice-1.html,4,44,HAM,Lewis Hamilton,Mercedes,29,1:05.120,+0.253s
2020,FORMULA 1 PIRELLI GROSSER PREIS DER STEIERMARK,1046,practice_1,https://www.formula1.com/en/results.html/2020/races/1046/styria/practice-1.html,5,18,STR,Lance Stroll,Racing Point BWT Mercedes,36,1:05.396,+0.529s
2020,FORMULA 1 PIRELLI GROSSER PREIS DER STEIERMARK,1046,practice_1,https://www.formula1.com/en/results.html/2020/races/1046/styria/practice-1.html,6,23,ALB,Alexander Albon,Red Bull Racing Honda,28,1:05.483,+0.616s
2020,FORMULA 1 PIRELLI GROSSER PREIS DER STEIERMARK,1046,practice_1,https://www.formula1.com/en/results.html/2020/races/1046/styria/practice-1.html,7,55,SAI,Carlos Sainz,McLaren Renault,40,1:05.602,+0.735s
2020,FORMULA 1 PIRELLI GROSSER PREIS DER STEIERMARK,1046,practice_1,https://www.formula1.com/en/results.html/2020/races/1046/styria/practice-1.html,8,10,GAS,Pierre Gasly,AlphaTauri Honda,27,1:05.698,+0.831s
2020,FORMULA 1 PIRELLI GROSSER PREIS DER STEIERMARK,1046,practice_1,https://www.formula1.com/en/results.html/2020/races/1046/styria/practice-1.html,9,3,RIC,Daniel Ricciardo,Renault,31,1:05.769,+0.902s
2020,FORMULA 1 PIRELLI GROSSER PREIS DER STEIERMARK,1046,practice_1,https://www.formula1.com/en/results.html/2020/races/1046/styria/practice-1.html,10,5,VET,Sebastian Vettel,Ferrari,25,1:05.770,+0.903s
2020,FORMULA 1 PIRELLI GROSSER PREIS DER STEIERMARK,1046,practice_1,https://www.formula1.com/en/results.html/2020/races/1046/styria/practice-1.html,11,26,KVY,Daniil Kvyat,AlphaTauri Honda,28,1:05.815,+0.948s
2020,FORMULA 1 PIRELLI GROSSER PREIS DER STEIERMARK,1046,practice_1,https://www.formula1.com/en/results.html/2020/races/1046/styria/practice-1.html,12,16,LEC,Charles Leclerc,Ferrari,28,1:05.837,+0.970s
2020,FORMULA 1 PIRELLI GROSSER PREIS DER STEIERMARK,1046,practice_1,https://www.formula1.com/en/results.html/2020/races/1046/styria/practice-1.html,13,31,OCO,Esteban Ocon,Renault,35,1:05.874,+1.007s
2020,FORMULA 1 PIRELLI GROSSER PREIS DER STEIERMARK,1046,practice_1,https://www.formula1.com/en/results.html/2020/races/1046/styria/practice-1.html,14,4,NOR,Lando Norris,McLaren Renault,25,1:05.908,+1.041s
2020,FORMULA 1 PIRELLI GROSSER PREIS DER STEIERMARK,1046,practice_1,https://www.formula1.com/en/results.html/2020/races/1046/styria/practice-1.html,15,7,RAI,Kimi Räikkönen,Alfa Romeo Racing Ferrari,23,1:06.441,+1.574s
2020,FORMULA 1 PIRELLI GROSSER PREIS DER STEIERMARK,1046,practice_1,https://www.formula1.com/en/results.html/2020/races/1046/styria/practice-1.html,16,8,GRO,Romain Grosjean,Haas Ferrari,31,1:06.446,+1.579s
2020,FORMULA 1 PIRELLI GROSSER PREIS DER STEIERMARK,1046,practice_1,https://www.formula1.com/en/results.html/2020/races/1046/styria/practice-1.html,17,40,AIT,Jack Aitken,Williams Mercedes,35,1:06.768,+1.901s
2020,FORMULA 1 PIRELLI GROSSER PREIS DER STEIERMARK,1046,practice_1,https://www.formula1.com/en/results.html/2020/races/1046/styria/practice-1.html,18,88,KUB,Robert Kubica,Alfa Romeo Racing Ferrari,31,1:06.797,+1.930s
2020,FORMULA 1 PIRELLI GROSSER PREIS DER STEIERMARK,1046,practice_1,https://www.formula1.com/en/results.html/2020/races/1046/styria/practice-1.html,19,6,LAT,Nicholas Latifi,Williams Mercedes,6,1:09.598,+4.731s
2020,FORMULA 1 PIRELLI GROSSER PREIS DER STEIERMARK,1046,practice_1,https://www.formula1.com/en/results.html/2020/races/1046/styria/practice-1.html,20,20,MAG,Kevin Magnussen,Haas Ferrari,3,,
2020,FORMULA 1 ARAMCO MAGYAR NAGYDÍJ,1047,practice_1,https://www.formula1.com/en/results.html/2020/races/1047/hungary/practice-1.html,1,44,HAM,Lewis Hamilton,Mercedes,37,1:16.003,
2020,FORMULA 1 ARAMCO MAGYAR NAGYDÍJ,1047,practice_1,https://www.formula1.com/en/results.html/2020/races/1047/hungary/practice-1.html,2,77,BOT,Valtteri Bottas,Mercedes,37,1:16.089,+0.086s
2020,FORMULA 1 ARAMCO MAGYAR NAGYDÍJ,1047,practice_1,https://www.formula1.com/en/results.html/2020/races/1047/hungary/practice-1.html,3,11,PER,Sergio Perez,Racing Point BWT Mercedes,20,1:16.530,+0.527s
2020,FORMULA 1 ARAMCO MAGYAR NAGYDÍJ,1047,practice_1,https://www.formula1.com/en/results.html/2020/races/1047/hungary/practice-1.html,4,18,STR,Lance Stroll,Racing Point BWT Mercedes,35,1:16.967,+0.964s
2020,FORMULA 1 ARAMCO MAGYAR NAGYDÍJ,1047,practice_1,https://www.formula1.com/en/results.html/2020/races/1047/hungary/practice-1.html,5,3,RIC,Daniel Ricciardo,Renault,28,1:17.200,+1.197s
2020,FORMULA 1 ARAMCO MAGYAR NAGYDÍJ,1047,practice_1,https://www.formula1.com/en/results.html/2020/races/1047/hungary/practice-1.html,6,5,VET,Sebastian Vettel,Ferrari,26,1:17.238,+1.235s
2020,FORMULA 1 ARAMCO MAGYAR NAGYDÍJ,1047,practice_1,https://www.formula1.com/en/results.html/2020/races/1047/hungary/practice-1.html,7,16,LEC,Charles Leclerc,Ferrari,29,1:17.404,+1.401s
2020,FORMULA 1 ARAMCO MAGYAR NAGYDÍJ,1047,practice_1,https://www.formula1.com/en/results.html/2020/races/1047/hungary/practice-1.html,8,33,VER,Max Verstappen,Red Bull Racing Honda,28,1:17.435,+1.432s
2020,FORMULA 1 ARAMCO MAGYAR NAGYDÍJ,1047,practice_1,https://www.formula1.com/en/results.html/2020/races/1047/hungary/practice-1.html,9,4,NOR,Lando Norris,McLaren Renault,26,1:17.523,+1.520s
2020,FORMULA 1 ARAMCO MAGYAR NAGYDÍJ,1047,practice_1,https://www.formula1.com/en/results.html/2020/races/1047/hungary/practice-1.html,10,31,OCO,Esteban Ocon,Renault,35,1:17.615,+1.612s
2020,FORMULA 1 ARAMCO MAGYAR NAGYDÍJ,1047,practice_1,https://www.formula1.com/en/results.html/2020/races/1047/hungary/practice-1.html,11,55,SAI,Carlos Sainz,McLaren Renault,32,1:17.675,+1.672s
2020,FORMULA 1 ARAMCO MAGYAR NAGYDÍJ,1047,practice_1,https://www.formula1.com/en/results.html/2020/races/1047/hungary/practice-1.html,12,20,MAG,Kevin Magnussen,Haas Ferrari,35,1:17.713,+1.710s
2020,FORMULA 1 ARAMCO MAGYAR NAGYDÍJ,1047,practice_1,https://www.formula1.com/en/results.html/2020/races/1047/hungary/practice-1.html,13,23,ALB,Alexander Albon,Red Bull Racing Honda,28,1:17.727,+1.724s
2020,FORMULA 1 ARAMCO MAGYAR NAGYDÍJ,1047,practice_1,https://www.formula1.com/en/results.html/2020/races/1047/hungary/practice-1.html,14,8,GRO,Romain Grosjean,Haas Ferrari,35,1:17.890,+1.887s
2020,FORMULA 1 ARAMCO MAGYAR NAGYDÍJ,1047,practice_1,https://www.formula1.com/en/results.html/2020/races/1047/hungary/practice-1.html,15,6,LAT,Nicholas Latifi,Williams Mercedes,31,1:17.969,+1.966s
2020,FORMULA 1 ARAMCO MAGYAR NAGYDÍJ,1047,practice_1,https://www.formula1.com/en/results.html/2020/races/1047/hungary/practice-1.html,16,26,KVY,Daniil Kvyat,AlphaTauri Honda,35,1:18.292,+2.289s
2020,FORMULA 1 ARAMCO MAGYAR NAGYDÍJ,1047,practice_1,https://www.formula1.com/en/results.html/2020/races/1047/hungary/practice-1.html,17,99,GIO,Antonio Giovinazzi,Alfa Romeo Racing Ferrari,30,1:18.425,+2.422s
2020,FORMULA 1 ARAMCO MAGYAR NAGYDÍJ,1047,practice_1,https://www.formula1.com/en/results.html/2020/races/1047/hungary/practice-1.html,18,63,RUS,George Russell,Williams Mercedes,29,1:18.574,+2.571s
2020,FORMULA 1 ARAMCO MAGYAR NAGYDÍJ,1047,practice_1,https://www.formula1.com/en/results.html/2020/races/1047/hungary/practice-1.html,19,88,KUB,Robert Kubica,Alfa Romeo Racing Ferrari,26,1:19.150,+3.147s
2020,FORMULA 1 PIRELLI BRITISH,1048,practice_1,https://www.formula1.com/en/results.html/2020/races/1048/great-britain/practice-1.html,1,33,VER,Max Verstappen,Red Bull Racing Honda,27,1:27.422,
2020,FORMULA 1 PIRELLI BRITISH,1048,practice_1,https://www.formula1.com/en/results.html/2020/races/1048/great-britain/practice-1.html,2,44,HAM,Lewis Hamilton,Mercedes,27,1:27.896,+0.474s
2020,FORMULA 1 PIRELLI BRITISH,1048,practice_1,https://www.formula1.com/en/results.html/2020/races/1048/great-britain/practice-1.html,3,18,STR,Lance Stroll,Racing Point BWT Mercedes,22,1:28.004,+0.582s
2020,FORMULA 1 PIRELLI BRITISH,1048,practice_1,https://www.formula1.com/en/results.html/2020/races/1048/great-britain/practice-1.html,4,23,ALB,Alexander Albon,Red Bull Racing Honda,24,1:28.129,+0.707s
2020,FORMULA 1 PIRELLI BRITISH,1048,practice_1,https://www.formula1.com/en/results.html/2020/races/1048/great-britain/practice-1.html,5,16,LEC,Charles Leclerc,Ferrari,22,1:28.221,+0.799s
2020,FORMULA 1 PIRELLI BRITISH,1048,practice_1,https://www.formula1.com/en/results.html/2020/races/1048/great-britain/practice-1.html,6,77,BOT,Valtteri Bottas,Mercedes,29,1:28.519,+1.097s
2020,FORMULA 1 PIRELLI BRITISH,1048,practice_1,https://www.formula1.com/en/results.html/2020/races/1048/great-britain/practice-1.html,7,31,OCO,Esteban Ocon,Renault,26,1:28.559,+1.137s
2020,FORMULA 1 PIRELLI BRITISH,1048,practice_1,https://www.formula1.com/en/results.html/2020/races/1048/great-britain/practice-1.html,8,3,RIC,Daniel Ricciardo,Renault,22,1:28.575,+1.153s
2020,FORMULA 1 PIRELLI BRITISH,1048,practice_1,https://www.formula1.com/en/results.html/2020/races/1048/great-britain/practice-1.html,9,27,HUL,Nico Hulkenberg,Racing Point BWT Mercedes,23,1:28.592,+1.170s
2020,FORMULA 1 PIRELLI BRITISH,1048,practice_1,https://www.formula1.com/en/results.html/2020/races/1048/great-britain/practice-1.html,10,26,KVY,Daniil Kvyat,AlphaTauri Honda,21,1:28.868,+1.446s
2020,FORMULA 1 PIRELLI BRITISH,1048,practice_1,https://www.formula1.com/en/results.html/2020/races/1048/great-britain/practice-1.html,11,10,GAS,Pierre Gasly,AlphaTauri Honda,24,1:28.909,+1.487s
2020,FORMULA 1 PIRELLI BRITISH,1048,practice_1,https://www.formula1.com/en/results.html/2020/races/1048/great-britain/practice-1.html,12,55,SAI,Carlos Sainz,McLaren Renault,24,1:28.988,+1.566s
2020,FORMULA 1 PIRELLI BRITISH,1048,practice_1,https://www.formula1.com/en/results.html/2020/races/1048/great-britain/practice-1.html,13,4,NOR,Lando Norris,McLaren Renault,22,1:28.990,+1.568s
2020,FORMULA 1 PIRELLI BRITISH,1048,practice_1,https://www.formula1.com/en/results.html/2020/races/1048/great-britain/practice-1.html,14,20,MAG,Kevin Magnussen,Haas Ferrari,23,1:29.532,+2.110s
2020,FORMULA 1 PIRELLI BRITISH,1048,practice_1,https://www.formula1.com/en/results.html/2020/races/1048/great-britain/practice-1.html,15,8,GRO,Romain Grosjean,Haas Ferrari,25,1:29.576,+2.154s
2020,FORMULA 1 PIRELLI BRITISH,1048,practice_1,https://www.formula1.com/en/results.html/2020/races/1048/great-britain/practice-1.html,16,7,RAI,Kimi Räikkönen,Alfa Romeo Racing Ferrari,24,1:29.746,+2.324s
2020,FORMULA 1 PIRELLI BRITISH,1048,practice_1,https://www.formula1.com/en/results.html/2020/races/1048/great-britain/practice-1.html,17,63,RUS,George Russell,Williams Mercedes,23,1:29.899,+2.477s
2020,FORMULA 1 PIRELLI BRITISH,1048,practice_1,https://www.formula1.com/en/results.html/2020/races/1048/great-britain/practice-1.html,18,99,GIO,Antonio Giovinazzi,Alfa Romeo Racing Ferrari,17,1:29.925,+2.503s
2020,FORMULA 1 PIRELLI BRITISH,1048,practice_1,https://www.formula1.com/en/results.html/2020/races/1048/great-britain/practice-1.html,19,6,LAT,Nicholas Latifi,Williams Mercedes,20,1:30.703,+3.281s
2020,FORMULA 1 PIRELLI BRITISH,1048,practice_1,https://www.formula1.com/en/results.html/2020/races/1048/great-britain/practice-1.html,20,5,VET,Sebastian Vettel,Ferrari,2,,
2020,EMIRATES FORMULA 1 70TH ANNIVERSARY,1049,practice_1,https://www.formula1.com/en/results.html/2020/races/1049/70th-anniversary/practice-1.html,1,77,BOT,Valtteri Bottas,Mercedes,21,1:26.166,
2020,EMIRATES FORMULA 1 70TH ANNIVERSARY,1049,practice_1,https://www.formula1.com/en/results.html/2020/races/1049/70th-anniversary/practice-1.html,2,44,HAM,Lewis Hamilton,Mercedes,23,1:26.304,+0.138s
2020,EMIRATES FORMULA 1 70TH ANNIVERSARY,1049,practice_1,https://www.formula1.com/en/results.html/2020/races/1049/70th-anniversary/practice-1.html,3,33,VER,Max Verstappen,Red Bull Racing Honda,24,1:26.893,+0.727s
2020,EMIRATES FORMULA 1 70TH ANNIVERSARY,1049,practice_1,https://www.formula1.com/en/results.html/2020/races/1049/70th-anniversary/practice-1.html,4,27,HUL,Nico Hulkenberg,Racing Point BWT Mercedes,25,1:26.942,+0.776s
2020,EMIRATES FORMULA 1 70TH ANNIVERSARY,1049,practice_1,https://www.formula1.com/en/results.html/2020/races/1049/70th-anniversary/practice-1.html,5,16,LEC,Charles Leclerc,Ferrari,20,1:27.062,+0.896s
2020,EMIRATES FORMULA 1 70TH ANNIVERSARY,1049,practice_1,https://www.formula1.com/en/results.html/2020/races/1049/70th-anniversary/practice-1.html,6,23,ALB,Alexander Albon,Red Bull Racing Honda,22,1:27.280,+1.114s
2020,EMIRATES FORMULA 1 70TH ANNIVERSARY,1049,practice_1,https://www.formula1.com/en/results.html/2020/races/1049/70th-anniversary/practice-1.html,7,5,VET,Sebastian Vettel,Ferrari,21,1:27.498,+1.332s
2020,EMIRATES FORMULA 1 70TH ANNIVERSARY,1049,practice_1,https://www.formula1.com/en/results.html/2020/races/1049/70th-anniversary/practice-1.html,8,18,STR,Lance Stroll,Racing Point BWT Mercedes,26,1:27.539,+1.373s
2020,EMIRATES FORMULA 1 70TH ANNIVERSARY,1049,practice_1,https://www.formula1.com/en/results.html/2020/races/1049/70th-anniversary/practice-1.html,9,26,KVY,Daniil Kvyat,AlphaTauri Honda,27,1:27.653,+1.487s
2020,EMIRATES FORMULA 1 70TH ANNIVERSARY,1049,practice_1,https://www.formula1.com/en/results.html/2020/races/1049/70th-anniversary/practice-1.html,10,31,OCO,Esteban Ocon,Renault,23,1:27.701,+1.535s
2020,EMIRATES FORMULA 1 70TH ANNIVERSARY,1049,practice_1,https://www.formula1.com/en/results.html/2020/races/1049/70th-anniversary/practice-1.html,11,10,GAS,Pierre Gasly,AlphaTauri Honda,23,1:27.707,+1.541s
2020,EMIRATES FORMULA 1 70TH ANNIVERSARY,1049,practice_1,https://www.formula1.com/en/results.html/2020/races/1049/70th-anniversary/practice-1.html,12,4,NOR,Lando Norris,McLaren Renault,26,1:27.846,+1.680s
2020,EMIRATES FORMULA 1 70TH ANNIVERSARY,1049,practice_1,https://www.formula1.com/en/results.html/2020/races/1049/70th-anniversary/practice-1.html,13,8,GRO,Romain Grosjean,Haas Ferrari,26,1:27.908,+1.742s
2020,EMIRATES FORMULA 1 70TH ANNIVERSARY,1049,practice_1,https://www.formula1.com/en/results.html/2020/races/1049/70th-anniversary/practice-1.html,14,55,SAI,Carlos Sainz,McLaren Renault,28,1:28.138,+1.972s
2020,EMIRATES FORMULA 1 70TH ANNIVERSARY,1049,practice_1,https://www.formula1.com/en/results.html/2020/races/1049/70th-anniversary/practice-1.html,15,63,RUS,George Russell,Williams Mercedes,24,1:28.170,+2.004s
2020,EMIRATES FORMULA 1 70TH ANNIVERSARY,1049,practice_1,https://www.formula1.com/en/results.html/2020/races/1049/70th-anniversary/practice-1.html,16,6,LAT,Nicholas Latifi,Williams Mercedes,24,1:28.226,+2.060s
2020,EMIRATES FORMULA 1 70TH ANNIVERSARY,1049,practice_1,https://www.formula1.com/en/results.html/2020/races/1049/70th-anniversary/practice-1.html,17,3,RIC,Daniel Ricciardo,Renault,23,1:28.511,+2.345s
2020,EMIRATES FORMULA 1 70TH ANNIVERSARY,1049,practice_1,https://www.formula1.com/en/results.html/2020/races/1049/70th-anniversary/practice-1.html,18,7,RAI,Kimi Räikkönen,Alfa Romeo Racing Ferrari,24,1:28.655,+2.489s
2020,EMIRATES FORMULA 1 70TH ANNIVERSARY,1049,practice_1,https://www.formula1.com/en/results.html/2020/races/1049/70th-anniversary/practice-1.html,19,88,KUB,Robert Kubica,Alfa Romeo Racing Ferrari,22,1:28.960,+2.794s
2020,EMIRATES FORMULA 1 70TH ANNIVERSARY,1049,practice_1,https://www.formula1.com/en/results.html/2020/races/1049/70th-anniversary/practice-1.html,20,20,MAG,Kevin Magnussen,Haas Ferrari,17,1:29.319,+3.153s
2020,FORMULA 1 ARAMCO GRAN PREMIO DE ESPAÑA,1050,practice_1,https://www.formula1.com/en/results.html/2020/races/1050/spain/practice-1.html,1,77,BOT,Valtteri Bottas,Mercedes,33,1:16.785,
2020,FORMULA 1 ARAMCO GRAN PREMIO DE ESPAÑA,1050,practice_1,https://www.formula1.com/en/results.html/2020/races/1050/spain/practice-1.html,2,44,HAM,Lewis Hamilton,Mercedes,29,1:16.824,+0.039s
2020,FORMULA 1 ARAMCO GRAN PREMIO DE ESPAÑA,1050,practice_1,https://www.formula1.com/en/results.html/2020/races/1050/spain/practice-1.html,3,33,VER,Max Verstappen,Red Bull Racing Honda,26,1:17.724,+0.939s
2020,FORMULA 1 ARAMCO GRAN PREMIO DE ESPAÑA,1050,practice_1,https://www.formula1.com/en/results.html/2020/races/1050/spain/practice-1.html,4,16,LEC,Charles Leclerc,Ferrari,27,1:17.970,+1.185s
2020,FORMULA 1 ARAMCO GRAN PREMIO DE ESPAÑA,1050,practice_1,https://www.formula1.com/en/results.html/2020/races/1050/spain/practice-1.html,5,5,VET,Sebastian Vettel,Ferrari,27,1:17.981,+1.196s
2020,FORMULA 1 ARAMCO GRAN PREMIO DE ESPAÑA,1050,practice_1,https://www.formula1.com/en/results.html/2020/races/1050/spain/practice-1.html,6,8,GRO,Romain Grosjean,Haas Ferrari,29,1:18.291,+1.506s
2020,FORMULA 1 ARAMCO GRAN PREMIO DE ESPAÑA,1050,practice_1,https://www.formula1.com/en/results.html/2020/races/1050/spain/practice-1.html,7,11,PER,Sergio Perez,Racing Point BWT Mercedes,31,1:18.471,+1.686s
2020,FORMULA 1 ARAMCO GRAN PREMIO DE ESPAÑA,1050,practice_1,https://www.formula1.com/en/results.html/2020/races/1050/spain/practice-1.html,8,23,ALB,Alexander Albon,Red Bull Racing Honda,27,1:18.606,+1.821s
2020,FORMULA 1 ARAMCO GRAN PREMIO DE ESPAÑA,1050,practice_1,https://www.formula1.com/en/results.html/2020/races/1050/spain/practice-1.html,9,20,MAG,Kevin Magnussen,Haas Ferrari,28,1:18.620,+1.835s
2020,FORMULA 1 ARAMCO GRAN PREMIO DE ESPAÑA,1050,practice_1,https://www.formula1.com/en/results.html/2020/races/1050/spain/practice-1.html,10,18,STR,Lance Stroll,Racing Point BWT Mercedes,31,1:18.643,+1.858s
2020,FORMULA 1 ARAMCO GRAN PREMIO DE ESPAÑA,1050,practice_1,https://www.formula1.com/en/results.html/2020/races/1050/spain/practice-1.html,11,55,SAI,Carlos Sainz,McLaren Renault,33,1:18.733,+1.948s
2020,FORMULA 1 ARAMCO GRAN PREMIO DE ESPAÑA,1050,practice_1,https://www.formula1.com/en/results.html/2020/races/1050/spain/practice-1.html,12,31,OCO,Esteban Ocon,Renault,31,1:18.736,+1.951s
2020,FORMULA 1 ARAMCO GRAN PREMIO DE ESPAÑA,1050,practice_1,https://www.formula1.com/en/results.html/2020/races/1050/spain/practice-1.html,13,4,NOR,Lando Norris,McLaren Renault,32,1:18.744,+1.959s
2020,FORMULA 1 ARAMCO GRAN PREMIO DE ESPAÑA,1050,practice_1,https://www.formula1.com/en/results.html/2020/races/1050/spain/practice-1.html,14,10,GAS,Pierre Gasly,AlphaTauri Honda,26,1:18.888,+2.103s
2020,FORMULA 1 ARAMCO GRAN PREMIO DE ESPAÑA,1050,practice_1,https://www.formula1.com/en/results.html/2020/races/1050/spain/practice-1.html,15,99,GIO,Antonio Giovinazzi,Alfa Romeo Racing Ferrari,24,1:18.917,+2.132s
2020,FORMULA 1 ARAMCO GRAN PREMIO DE ESPAÑA,1050,practice_1,https://www.formula1.com/en/results.html/2020/races/1050/spain/practice-1.html,16,7,RAI,Kimi Räikkönen,Alfa Romeo Racing Ferrari,24,1:18.981,+2.196s
2020,FORMULA 1 ARAMCO GRAN PREMIO DE ESPAÑA,1050,practice_1,https://www.formula1.com/en/results.html/2020/races/1050/spain/practice-1.html,17,26,KVY,Daniil Kvyat,AlphaTauri Honda,21,1:19.145,+2.360s
2020,FORMULA 1 ARAMCO GRAN PREMIO DE ESPAÑA,1050,practice_1,https://www.formula1.com/en/results.html/2020/races/1050/spain/practice-1.html,18,3,RIC,Daniel Ricciardo,Renault,31,1:19.230,+2.445s
2020,FORMULA 1 ARAMCO GRAN PREMIO DE ESPAÑA,1050,practice_1,https://www.formula1.com/en/results.html/2020/races/1050/spain/practice-1.html,19,6,LAT,Nicholas Latifi,Williams Mercedes,30,1:20.334,+3.549s
2020,FORMULA 1 ARAMCO GRAN PREMIO DE ESPAÑA,1050,practice_1,https://www.formula1.com/en/results.html/2020/races/1050/spain/practice-1.html,20,40,NIS,Roy Nissany,Williams Mercedes,25,1:20.664,+3.879s
2020,FORMULA 1 ROLEX BELGIAN,1051,practice_1,https://www.formula1.com/en/results.html/2020/races/1051/belgium/practice-1.html,1,77,BOT,Valtteri Bottas,Mercedes,18,1:44.493,
2020,FORMULA 1 ROLEX BELGIAN,1051,practice_1,https://www.formula1.com/en/results.html/2020/races/1051/belgium/practice-1.html,2,44,HAM,Lewis Hamilton,Mercedes,17,1:44.562,+0.069s
2020,FORMULA 1 ROLEX BELGIAN,1051,practice_1,https://www.formula1.com/en/results.html/2020/races/1051/belgium/practice-1.html,3,33,VER,Max Verstappen,Red Bull Racing Honda,20,1:44.574,+0.081s
2020,FORMULA 1 ROLEX BELGIAN,1051,practice_1,https://www.formula1.com/en/results.html/2020/races/1051/belgium/practice-1.html,4,11,PER,Sergio Perez,Racing Point BWT Mercedes,22,1:44.629,+0.136s
2020,FORMULA 1 ROLEX BELGIAN,1051,practice_1,https://www.formula1.com/en/results.html/2020/races/1051/belgium/practice-1.html,5,18,STR,Lance Stroll,Racing Point BWT Mercedes,22,1:44.868,+0.375s
2020,FORMULA 1 ROLEX BELGIAN,1051,practice_1,https://www.formula1.com/en/results.html/2020/races/1051/belgium/practice-1.html,6,23,ALB,Alexander Albon,Red Bull Racing Honda,22,1:45.049,+0.556s
2020,FORMULA 1 ROLEX BELGIAN,1051,practice_1,https://www.formula1.com/en/results.html/2020/races/1051/belgium/practice-1.html,7,31,OCO,Esteban Ocon,Renault,20,1:45.099,+0.606s
2020,FORMULA 1 ROLEX BELGIAN,1051,practice_1,https://www.formula1.com/en/results.html/2020/races/1051/belgium/practice-1.html,8,55,SAI,Carlos Sainz,McLaren Renault,24,1:45.222,+0.729s
2020,FORMULA 1 ROLEX BELGIAN,1051,practice_1,https://www.formula1.com/en/results.html/2020/races/1051/belgium/practice-1.html,9,3,RIC,Daniel Ricciardo,Renault,21,1:45.225,+0.732s
2020,FORMULA 1 ROLEX BELGIAN,1051,practice_1,https://www.formula1.com/en/results.html/2020/races/1051/belgium/practice-1.html,10,4,NOR,Lando Norris,McLaren Renault,28,1:45.274,+0.781s
2020,FORMULA 1 ROLEX BELGIAN,1051,practice_1,https://www.formula1.com/en/results.html/2020/races/1051/belgium/practice-1.html,11,26,KVY,Daniil Kvyat,AlphaTauri Honda,25,1:45.447,+0.954s
2020,FORMULA 1 ROLEX BELGIAN,1051,practice_1,https://www.formula1.com/en/results.html/2020/races/1051/belgium/practice-1.html,12,10,GAS,Pierre Gasly,AlphaTauri Honda,17,1:45.503,+1.010s
2020,FORMULA 1 ROLEX BELGIAN,1051,practice_1,https://www.formula1.com/en/results.html/2020/races/1051/belgium/practice-1.html,13,7,RAI,Kimi Räikkönen,Alfa Romeo Racing Ferrari,19,1:45.704,+1.211s
2020,FORMULA 1 ROLEX BELGIAN,1051,practice_1,https://www.formula1.com/en/results.html/2020/races/1051/belgium/practice-1.html,14,16,LEC,Charles Leclerc,Ferrari,18,1:45.759,+1.266s
2020,FORMULA 1 ROLEX BELGIAN,1051,practice_1,https://www.formula1.com/en/results.html/2020/races/1051/belgium/practice-1.html,15,5,VET,Sebastian Vettel,Ferrari,15,1:46.179,+1.686s
2020,FORMULA 1 ROLEX BELGIAN,1051,practice_1,https://www.formula1.com/en/results.html/2020/races/1051/belgium/practice-1.html,16,6,LAT,Nicholas Latifi,Williams Mercedes,19,1:46.488,+1.995s
2020,FORMULA 1 ROLEX BELGIAN,1051,practice_1,https://www.formula1.com/en/results.html/2020/races/1051/belgium/practice-1.html,17,63,RUS,George Russell,Williams Mercedes,21,1:46.570,+2.077s
2020,FORMULA 1 ROLEX BELGIAN,1051,practice_1,https://www.formula1.com/en/results.html/2020/races/1051/belgium/practice-1.html,18,20,MAG,Kevin Magnussen,Haas Ferrari,1,,
2020,FORMULA 1 ROLEX BELGIAN,1051,practice_1,https://www.formula1.com/en/results.html/2020/races/1051/belgium/practice-1.html,19,8,GRO,Romain Grosjean,Haas Ferrari,2,,
2020,FORMULA 1 ROLEX BELGIAN,1051,practice_1,https://www.formula1.com/en/results.html/2020/races/1051/belgium/practice-1.html,20,99,GIO,Antonio Giovinazzi,Alfa Romeo Racing Ferrari,2,,
2020,ITALIA,1052,practice_1,https://www.formula1.com/en/results.html/2020/races/1052/italy/practice-1.html,1,77,BOT,Valtteri Bottas,Mercedes,28,1:20.703,
2020,ITALIA,1052,practice_1,https://www.formula1.com/en/results.html/2020/races/1052/italy/practice-1.html,2,44,HAM,Lewis Hamilton,Mercedes,27,1:20.948,+0.245s
2020,ITALIA,1052,practice_1,https://www.formula1.com/en/results.html/2020/races/1052/italy/practice-1.html,3,23,ALB,Alexander Albon,Red Bull Racing Honda,30,1:21.500,+0.797s
2020,ITALIA,1052,practice_1,https://www.formula1.com/en/results.html/2020/races/1052/italy/practice-1.html,4,26,KVY,Daniil Kvyat,AlphaTauri Honda,31,1:21.555,+0.852s
2020,ITALIA,1052,practice_1,https://www.formula1.com/en/results.html/2020/races/1052/italy/practice-1.html,5,33,VER,Max Verstappen,Red Bull Racing Honda,22,1:21.641,+0.938s
2020,ITALIA,1052,practice_1,https://www.formula1.com/en/results.html/2020/races/1052/italy/practice-1.html,6,10,GAS,Pierre Gasly,AlphaTauri Honda,27,1:21.667,+0.964s
2020,ITALIA,1052,practice_1,https://www.formula1.com/en/results.html/2020/races/1052/italy/practice-1.html,7,11,PER,Sergio Perez,Racing Point BWT Mercedes,25,1:21.747,+1.044s
2020,ITALIA,1052,practice_1,https://www.formula1.com/en/results.html/2020/races/1052/italy/practice-1.html,8,4,NOR,Lando Norris,McLaren Renault,29,1:21.747,+1.044s
2020,ITALIA,1052,practice_1,https://www.formula1.com/en/results.html/2020/races/1052/italy/practice-1.html,9,3,RIC,Daniel Ricciardo,Renault,22,1:21.789,+1.086s
2020,ITALIA,1052,practice_1,https://www.formula1.com/en/results.html/2020/races/1052/italy/practice-1.html,10,55,SAI,Carlos Sainz,McLaren Renault,27,1:21.821,+1.118s
2020,ITALIA,1052,practice_1,https://www.formula1.com/en/results.html/2020/races/1052/italy/practice-1.html,11,16,LEC,Charles Leclerc,Ferrari,25,1:21.904,+1.201s
2020,ITALIA,1052,practice_1,https://www.formula1.com/en/results.html/2020/races/1052/italy/practice-1.html,12,31,OCO,Esteban Ocon,Renault,28,1:21.984,+1.281s
2020,ITALIA,1052,practice_1,https://www.formula1.com/en/results.html/2020/races/1052/italy/practice-1.html,13,18,STR,Lance Stroll,Racing Point BWT Mercedes,21,1:22.131,+1.428s
2020,ITALIA,1052,practice_1,https://www.formula1.com/en/results.html/2020/races/1052/italy/practice-1.html,14,8,GRO,Romain Grosjean,Haas Ferrari,20,1:22.409,+1.706s
2020,ITALIA,1052,practice_1,https://www.formula1.com/en/results.html/2020/races/1052/italy/practice-1.html,15,20,MAG,Kevin Magnussen,Haas Ferrari,19,1:22.422,+1.719s
2020,ITALIA,1052,practice_1,https://www.formula1.com/en/results.html/2020/races/1052/italy/practice-1.html,16,99,GIO,Antonio Giovinazzi,Alfa Romeo Racing Ferrari,24,1:22.552,+1.849s
2020,ITALIA,1052,practice_1,https://www.formula1.com/en/results.html/2020/races/1052/italy/practice-1.html,17,7,RAI,Kimi Räikkönen,Alfa Romeo Racing Ferrari,27,1:22.619,+1.916s
2020,ITALIA,1052,practice_1,https://www.formula1.com/en/results.html/2020/races/1052/italy/practice-1.html,18,40,NIS,Roy Nissany,Williams Mercedes,25,1:22.826,+2.123s
2020,ITALIA,1052,practice_1,https://www.formula1.com/en/results.html/2020/races/1052/italy/practice-1.html,19,5,VET,Sebastian Vettel,Ferrari,24,1:22.988,+2.285s
2020,ITALIA,1052,practice_1,https://www.formula1.com/en/results.html/2020/races/1052/italy/practice-1.html,20,6,LAT,Nicholas Latifi,Williams Mercedes,22,1:23.120,+2.417s
1000,FORMULA 1 PIRELLI GRAN PREMIO DELLA TOSCANA FERRARI,1053,practice_1,https://www.formula1.com/en/results.html/2020/races/1053/tuscany/practice-1.html,1,77,BOT,Valtteri Bottas,Mercedes,33,1:17.879,
1000,FORMULA 1 PIRELLI GRAN PREMIO DELLA TOSCANA FERRARI,1053,practice_1,https://www.formula1.com/en/results.html/2020/races/1053/tuscany/practice-1.html,2,33,VER,Max Verstappen,Red Bull Racing Honda,32,1:17.927,+0.048s
1000,FORMULA 1 PIRELLI GRAN PREMIO DELLA TOSCANA FERRARI,1053,practice_1,https://www.formula1.com/en/results.html/2020/races/1053/tuscany/practice-1.html,3,16,LEC,Charles Leclerc,Ferrari,27,1:18.186,+0.307s
1000,FORMULA 1 PIRELLI GRAN PREMIO DELLA TOSCANA FERRARI,1053,practice_1,https://www.formula1.com/en/results.html/2020/races/1053/tuscany/practice-1.html,4,44,HAM,Lewis Hamilton,Mercedes,28,1:18.409,+0.530s
1000,FORMULA 1 PIRELLI GRAN PREMIO DELLA TOSCANA FERRARI,1053,practice_1,https://www.formula1.com/en/results.html/2020/races/1053/tuscany/practice-1.html,5,10,GAS,Pierre Gasly,AlphaTauri Honda,30,1:18.676,+0.797s
1000,FORMULA 1 PIRELLI GRAN PREMIO DELLA TOSCANA FERRARI,1053,practice_1,https://www.formula1.com/en/results.html/2020/races/1053/tuscany/practice-1.html,6,31,OCO,Esteban Ocon,Renault,28,1:18.805,+0.926s
1000,FORMULA 1 PIRELLI GRAN PREMIO DELLA TOSCANA FERRARI,1053,practice_1,https://www.formula1.com/en/results.html/2020/races/1053/tuscany/practice-1.html,7,26,KVY,Daniil Kvyat,AlphaTauri Honda,31,1:18.839,+0.960s
1000,FORMULA 1 PIRELLI GRAN PREMIO DELLA TOSCANA FERRARI,1053,practice_1,https://www.formula1.com/en/results.html/2020/races/1053/tuscany/practice-1.html,8,4,NOR,Lando Norris,McLaren Renault,30,1:18.981,+1.102s
1000,FORMULA 1 PIRELLI GRAN PREMIO DELLA TOSCANA FERRARI,1053,practice_1,https://www.formula1.com/en/results.html/2020/races/1053/tuscany/practice-1.html,9,23,ALB,Alexander Albon,Red Bull Racing Honda,34,1:19.068,+1.189s
1000,FORMULA 1 PIRELLI GRAN PREMIO DELLA TOSCANA FERRARI,1053,practice_1,https://www.formula1.com/en/results.html/2020/races/1053/tuscany/practice-1.html,10,3,RIC,Daniel Ricciardo,Renault,25,1:19.140,+1.261s
1000,FORMULA 1 PIRELLI GRAN PREMIO DELLA TOSCANA FERRARI,1053,practice_1,https://www.formula1.com/en/results.html/2020/races/1053/tuscany/practice-1.html,11,7,RAI,Kimi Räikkönen,Alfa Romeo Racing Ferrari,21,1:19.219,+1.340s
1000,FORMULA 1 PIRELLI GRAN PREMIO DELLA TOSCANA FERRARI,1053,practice_1,https://www.formula1.com/en/results.html/2020/races/1053/tuscany/practice-1.html,12,8,GRO,Romain Grosjean,Haas Ferrari,25,1:19.224,+1.345s
1000,FORMULA 1 PIRELLI GRAN PREMIO DELLA TOSCANA FERRARI,1053,practice_1,https://www.formula1.com/en/results.html/2020/races/1053/tuscany/practice-1.html,13,5,VET,Sebastian Vettel,Ferrari,27,1:19.267,+1.388s
1000,FORMULA 1 PIRELLI GRAN PREMIO DELLA TOSCANA FERRARI,1053,practice_1,https://www.formula1.com/en/results.html/2020/races/1053/tuscany/practice-1.html,14,99,GIO,Antonio Giovinazzi,Alfa Romeo Racing Ferrari,28,1:19.322,+1.443s
1000,FORMULA 1 PIRELLI GRAN PREMIO DELLA TOSCANA FERRARI,1053,practice_1,https://www.formula1.com/en/results.html/2020/races/1053/tuscany/practice-1.html,15,55,SAI,Carlos Sainz,McLaren Renault,33,1:19.457,+1.578s
1000,FORMULA 1 PIRELLI GRAN PREMIO DELLA TOSCANA FERRARI,1053,practice_1,https://www.formula1.com/en/results.html/2020/races/1053/tuscany/practice-1.html,16,63,RUS,George Russell,Williams Mercedes,29,1:19.478,+1.599s
1000,FORMULA 1 PIRELLI GRAN PREMIO DELLA TOSCANA FERRARI,1053,practice_1,https://www.formula1.com/en/results.html/2020/races/1053/tuscany/practice-1.html,17,20,MAG,Kevin Magnussen,Haas Ferrari,25,1:19.551,+1.672s
1000,FORMULA 1 PIRELLI GRAN PREMIO DELLA TOSCANA FERRARI,1053,practice_1,https://www.formula1.com/en/results.html/2020/races/1053/tuscany/practice-1.html,18,18,STR,Lance Stroll,Racing Point BWT Mercedes,23,1:19.836,+1.957s
1000,FORMULA 1 PIRELLI GRAN PREMIO DELLA TOSCANA FERRARI,1053,practice_1,https://www.formula1.com/en/results.html/2020/races/1053/tuscany/practice-1.html,19,11,PER,Sergio Perez,Racing Point BWT Mercedes,29,1:19.840,+1.961s
1000,FORMULA 1 PIRELLI GRAN PREMIO DELLA TOSCANA FERRARI,1053,practice_1,https://www.formula1.com/en/results.html/2020/races/1053/tuscany/practice-1.html,20,6,LAT,Nicholas Latifi,Williams Mercedes,32,1:20.034,+2.155s
2020,FORMULA 1 VTB RUSSIAN,1054,practice_1,https://www.formula1.com/en/results.html/2020/races/1054/russia/practice-1.html,1,77,BOT,Valtteri Bottas,Mercedes,13,1:34.923,
2020,FORMULA 1 VTB RUSSIAN,1054,practice_1,https://www.formula1.com/en/results.html/2020/races/1054/russia/practice-1.html,2,3,RIC,Daniel Ricciardo,Renault,22,1:35.430,+0.507s
2020,FORMULA 1 VTB RUSSIAN,1054,practice_1,https://www.formula1.com/en/results.html/2020/races/1054/russia/practice-1.html,3,33,VER,Max Verstappen,Red Bull Racing Honda,22,1:35.577,+0.654s
2020,FORMULA 1 VTB RUSSIAN,1054,practice_1,https://www.formula1.com/en/results.html/2020/races/1054/russia/practice-1.html,4,11,PER,Sergio Perez,Racing Point BWT Mercedes,23,1:35.796,+0.873s
2020,FORMULA 1 VTB RUSSIAN,1054,practice_1,https://www.formula1.com/en/results.html/2020/races/1054/russia/practice-1.html,5,18,STR,Lance Stroll,Racing Point BWT Mercedes,21,1:35.965,+1.042s
2020,FORMULA 1 VTB RUSSIAN,1054,practice_1,https://www.formula1.com/en/results.html/2020/races/1054/russia/practice-1.html,6,31,OCO,Esteban Ocon,Renault,23,1:36.061,+1.138s
2020,FORMULA 1 VTB RUSSIAN,1054,practice_1,https://www.formula1.com/en/results.html/2020/races/1054/russia/practice-1.html,7,26,KVY,Daniil Kvyat,AlphaTauri Honda,22,1:36.230,+1.307s
2020,FORMULA 1 VTB RUSSIAN,1054,practice_1,https://www.formula1.com/en/results.html/2020/races/1054/russia/practice-1.html,8,23,ALB,Alexander Albon,Red Bull Racing Honda,24,1:36.254,+1.331s
2020,FORMULA 1 VTB RUSSIAN,1054,practice_1,https://www.formula1.com/en/results.html/2020/races/1054/russia/practice-1.html,9,5,VET,Sebastian Vettel,Ferrari,23,1:36.323,+1.400s
2020,FORMULA 1 VTB RUSSIAN,1054,practice_1,https://www.formula1.com/en/results.html/2020/races/1054/russia/practice-1.html,10,10,GAS,Pierre Gasly,AlphaTauri Honda,25,1:36.706,+1.783s
2020,FORMULA 1 VTB RUSSIAN,1054,practice_1,https://www.formula1.com/en/results.html/2020/races/1054/russia/practice-1.html,11,16,LEC,Charles Leclerc,Ferrari,23,1:36.896,+1.973s
2020,FORMULA 1 VTB RUSSIAN,1054,practice_1,https://www.formula1.com/en/results.html/2020/races/1054/russia/practice-1.html,12,55,SAI,Carlos Sainz,McLaren Renault,8,1:36.970,+2.047s
2020,FORMULA 1 VTB RUSSIAN,1054,practice_1,https://www.formula1.com/en/results.html/2020/races/1054/russia/practice-1.html,13,4,NOR,Lando Norris,McLaren Renault,28,1:37.110,+2.187s
2020,FORMULA 1 VTB RUSSIAN,1054,practice_1,https://www.formula1.com/en/results.html/2020/races/1054/russia/practice-1.html,14,99,GIO,Antonio Giovinazzi,Alfa Romeo Racing Ferrari,17,1:37.201,+2.278s
2020,FORMULA 1 VTB RUSSIAN,1054,practice_1,https://www.formula1.com/en/results.html/2020/races/1054/russia/practice-1.html,15,7,RAI,Kimi Räikkönen,Alfa Romeo Racing Ferrari,23,1:37.230,+2.307s
2020,FORMULA 1 VTB RUSSIAN,1054,practice_1,https://www.formula1.com/en/results.html/2020/races/1054/russia/practice-1.html,16,20,MAG,Kevin Magnussen,Haas Ferrari,22,1:37.430,+2.507s
2020,FORMULA 1 VTB RUSSIAN,1054,practice_1,https://www.formula1.com/en/results.html/2020/races/1054/russia/practice-1.html,17,63,RUS,George Russell,Williams Mercedes,24,1:37.595,+2.672s
2020,FORMULA 1 VTB RUSSIAN,1054,practice_1,https://www.formula1.com/en/results.html/2020/races/1054/russia/practice-1.html,18,8,GRO,Romain Grosjean,Haas Ferrari,24,1:37.649,+2.726s
2020,FORMULA 1 VTB RUSSIAN,1054,practice_1,https://www.formula1.com/en/results.html/2020/races/1054/russia/practice-1.html,19,44,HAM,Lewis Hamilton,Mercedes,18,1:37.716,+2.793s
2020,FORMULA 1 VTB RUSSIAN,1054,practice_1,https://www.formula1.com/en/results.html/2020/races/1054/russia/practice-1.html,20,6,LAT,Nicholas Latifi,Williams Mercedes,11,1:37.784,+2.861s
2020,FORMULA 1 HEINEKEN GRANDE PRÉMIO DE PORTUGAL,1056,practice_1,https://www.formula1.com/en/results.html/2020/races/1056/portugal/practice-1.html,1,77,BOT,Valtteri Bottas,Mercedes,35,1:18.410,
2020,FORMULA 1 HEINEKEN GRANDE PRÉMIO DE PORTUGAL,1056,practice_1,https://www.formula1.com/en/results.html/2020/races/1056/portugal/practice-1.html,2,44,HAM,Lewis Hamilton,Mercedes,35,1:18.749,+0.339s
2020,FORMULA 1 HEINEKEN GRANDE PRÉMIO DE PORTUGAL,1056,practice_1,https://www.formula1.com/en/results.html/2020/races/1056/portugal/practice-1.html,3,33,VER,Max Verstappen,Red Bull Racing Honda,32,1:19.191,+0.781s
2020,FORMULA 1 HEINEKEN GRANDE PRÉMIO DE PORTUGAL,1056,practice_1,https://www.formula1.com/en/results.html/2020/races/1056/portugal/practice-1.html,4,16,LEC,Charles Leclerc,Ferrari,33,1:19.309,+0.899s
2020,FORMULA 1 HEINEKEN GRANDE PRÉMIO DE PORTUGAL,1056,practice_1,https://www.formula1.com/en/results.html/2020/races/1056/portugal/practice-1.html,5,23,ALB,Alexander Albon,Red Bull Racing Honda,34,1:19.365,+0.955s
2020,FORMULA 1 HEINEKEN GRANDE PRÉMIO DE PORTUGAL,1056,practice_1,https://www.formula1.com/en/results.html/2020/races/1056/portugal/practice-1.html,6,55,SAI,Carlos Sainz,McLaren Renault,42,1:19.441,+1.031s
2020,FORMULA 1 HEINEKEN GRANDE PRÉMIO DE PORTUGAL,1056,practice_1,https://www.formula1.com/en/results.html/2020/races/1056/portugal/practice-1.html,7,11,PER,Sergio Perez,Racing Point BWT Mercedes,31,1:19.907,+1.497s
2020,FORMULA 1 HEINEKEN GRANDE PRÉMIO DE PORTUGAL,1056,practice_1,https://www.formula1.com/en/results.html/2020/races/1056/portugal/practice-1.html,8,7,RAI,Kimi Räikkönen,Alfa Romeo Racing Ferrari,35,1:19.954,+1.544s
2020,FORMULA 1 HEINEKEN GRANDE PRÉMIO DE PORTUGAL,1056,practice_1,https://www.formula1.com/en/results.html/2020/races/1056/portugal/practice-1.html,9,3,RIC,Daniel Ricciardo,Renault,27,1:20.058,+1.648s
2020,FORMULA 1 HEINEKEN GRANDE PRÉMIO DE PORTUGAL,1056,practice_1,https://www.formula1.com/en/results.html/2020/races/1056/portugal/practice-1.html,10,10,GAS,Pierre Gasly,AlphaTauri Honda,29,1:20.124,+1.714s
2020,FORMULA 1 HEINEKEN GRANDE PRÉMIO DE PORTUGAL,1056,practice_1,https://www.formula1.com/en/results.html/2020/races/1056/portugal/practice-1.html,11,5,VET,Sebastian Vettel,Ferrari,37,1:20.200,+1.790s
2020,FORMULA 1 HEINEKEN GRANDE PRÉMIO DE PORTUGAL,1056,practice_1,https://www.formula1.com/en/results.html/2020/races/1056/portugal/practice-1.html,12,4,NOR,Lando Norris,McLaren Renault,29,1:20.207,+1.797s
2020,FORMULA 1 HEINEKEN GRANDE PRÉMIO DE PORTUGAL,1056,practice_1,https://www.formula1.com/en/results.html/2020/races/1056/portugal/practice-1.html,13,26,KVY,Daniil Kvyat,AlphaTauri Honda,32,1:20.278,+1.868s
2020,FORMULA 1 HEINEKEN GRANDE PRÉMIO DE PORTUGAL,1056,practice_1,https://www.formula1.com/en/results.html/2020/races/1056/portugal/practice-1.html,14,20,MAG,Kevin Magnussen,Haas Ferrari,28,1:20.846,+2.436s
2020,FORMULA 1 HEINEKEN GRANDE PRÉMIO DE PORTUGAL,1056,practice_1,https://www.formula1.com/en/results.html/2020/races/1056/portugal/practice-1.html,15,18,STR,Lance Stroll,Racing Point BWT Mercedes,32,1:20.954,+2.544s
2020,FORMULA 1 HEINEKEN GRANDE PRÉMIO DE PORTUGAL,1056,practice_1,https://www.formula1.com/en/results.html/2020/races/1056/portugal/practice-1.html,16,99,GIO,Antonio Giovinazzi,Alfa Romeo Racing Ferrari,35,1:21.009,+2.599s
2020,FORMULA 1 HEINEKEN GRANDE PRÉMIO DE PORTUGAL,1056,practice_1,https://www.formula1.com/en/results.html/2020/races/1056/portugal/practice-1.html,17,8,GRO,Romain Grosjean,Haas Ferrari,31,1:21.169,+2.759s
2020,FORMULA 1 HEINEKEN GRANDE PRÉMIO DE PORTUGAL,1056,practice_1,https://www.formula1.com/en/results.html/2020/races/1056/portugal/practice-1.html,18,63,RUS,George Russell,Williams Mercedes,31,1:21.374,+2.964s
2020,FORMULA 1 HEINEKEN GRANDE PRÉMIO DE PORTUGAL,1056,practice_1,https://www.formula1.com/en/results.html/2020/races/1056/portugal/practice-1.html,19,31,OCO,Esteban Ocon,Renault,31,1:21.673,+3.263s
2020,FORMULA 1 HEINEKEN GRANDE PRÉMIO DE PORTUGAL,1056,practice_1,https://www.formula1.com/en/results.html/2020/races/1056/portugal/practice-1.html,20,6,LAT,Nicholas Latifi,Williams Mercedes,34,1:22.054,+3.644s
2020,FORMULA 1 DHL TURKISH,1058,practice_1,https://www.formula1.com/en/results.html/2020/races/1058/turkey/practice-1.html,1,33,VER,Max Verstappen,Red Bull Racing Honda,29,1:35.077,
2020,FORMULA 1 DHL TURKISH,1058,practice_1,https://www.formula1.com/en/results.html/2020/races/1058/turkey/practice-1.html,2,23,ALB,Alexander Albon,Red Bull Racing Honda,27,1:35.318,+0.241s
2020,FORMULA 1 DHL TURKISH,1058,practice_1,https://www.formula1.com/en/results.html/2020/races/1058/turkey/practice-1.html,3,16,LEC,Charles Leclerc,Ferrari,26,1:35.507,+0.430s
2020,FORMULA 1 DHL TURKISH,1058,practice_1,https://www.formula1.com/en/results.html/2020/races/1058/turkey/practice-1.html,4,10,GAS,Pierre Gasly,AlphaTauri Honda,26,1:35.543,+0.466s
2020,FORMULA 1 DHL TURKISH,1058,practice_1,https://www.formula1.com/en/results.html/2020/races/1058/turkey/practice-1.html,5,5,VET,Sebastian Vettel,Ferrari,29,1:35.620,+0.543s
2020,FORMULA 1 DHL TURKISH,1058,practice_1,https://www.formula1.com/en/results.html/2020/races/1058/turkey/practice-1.html,6,26,KVY,Daniil Kvyat,AlphaTauri Honda,27,1:36.738,+1.661s
2020,FORMULA 1 DHL TURKISH,1058,practice_1,https://www.formula1.com/en/results.html/2020/races/1058/turkey/practice-1.html,7,4,NOR,Lando Norris,McLaren Renault,21,1:37.216,+2.139s
2020,FORMULA 1 DHL TURKISH,1058,practice_1,https://www.formula1.com/en/results.html/2020/races/1058/turkey/practice-1.html,8,99,GIO,Antonio Giovinazzi,Alfa Romeo Racing Ferrari,21,1:37.503,+2.426s
2020,FORMULA 1 DHL TURKISH,1058,practice_1,https://www.formula1.com/en/results.html/2020/races/1058/turkey/practice-1.html,9,77,BOT,Valtteri Bottas,Mercedes,23,1:37.629,+2.552s
2020,FORMULA 1 DHL TURKISH,1058,practice_1,https://www.formula1.com/en/results.html/2020/races/1058/turkey/practice-1.html,10,31,OCO,Esteban Ocon,Renault,23,1:38.428,+3.351s
2020,FORMULA 1 DHL TURKISH,1058,practice_1,https://www.formula1.com/en/results.html/2020/races/1058/turkey/practice-1.html,11,6,LAT,Nicholas Latifi,Williams Mercedes,18,1:38.508,+3.431s
2020,FORMULA 1 DHL TURKISH,1058,practice_1,https://www.formula1.com/en/results.html/2020/races/1058/turkey/practice-1.html,12,11,PER,Sergio Perez,Racing Point BWT Mercedes,22,1:38.612,+3.535s
2020,FORMULA 1 DHL TURKISH,1058,practice_1,https://www.formula1.com/en/results.html/2020/races/1058/turkey/practice-1.html,13,18,STR,Lance Stroll,Racing Point BWT Mercedes,21,1:39.484,+4.407s
2020,FORMULA 1 DHL TURKISH,1058,practice_1,https://www.formula1.com/en/results.html/2020/races/1058/turkey/practice-1.html,14,8,GRO,Romain Grosjean,Haas Ferrari,25,1:40.025,+4.948s
2020,FORMULA 1 DHL TURKISH,1058,practice_1,https://www.formula1.com/en/results.html/2020/races/1058/turkey/practice-1.html,15,44,HAM,Lewis Hamilton,Mercedes,12,1:40.225,+5.148s
2020,FORMULA 1 DHL TURKISH,1058,practice_1,https://www.formula1.com/en/results.html/2020/races/1058/turkey/practice-1.html,16,7,RAI,Kimi Räikkönen,Alfa Romeo Racing Ferrari,23,1:41.035,+5.958s
2020,FORMULA 1 DHL TURKISH,1058,practice_1,https://www.formula1.com/en/results.html/2020/races/1058/turkey/practice-1.html,17,20,MAG,Kevin Magnussen,Haas Ferrari,21,1:41.854,+6.777s
2020,FORMULA 1 DHL TURKISH,1058,practice_1,https://www.formula1.com/en/results.html/2020/races/1058/turkey/practice-1.html,18,3,RIC,Daniel Ricciardo,Renault,20,1:45.156,+10.079s
2020,FORMULA 1 DHL TURKISH,1058,practice_1,https://www.formula1.com/en/results.html/2020/races/1058/turkey/practice-1.html,19,55,SAI,Carlos Sainz,McLaren Renault,12,1:46.462,+11.385s
2020,FORMULA 1 DHL TURKISH,1058,practice_1,https://www.formula1.com/en/results.html/2020/races/1058/turkey/practice-1.html,20,63,RUS,George Russell,Williams Mercedes,17,1:49.256,+14.179s
2020,FORMULA 1 GULF AIR BAHRAIN,1059,practice_1,https://www.formula1.com/en/results.html/2020/races/1059/bahrain/practice-1.html,1,44,HAM,Lewis Hamilton,Mercedes,40,1:29.033,
2020,FORMULA 1 GULF AIR BAHRAIN,1059,practice_1,https://www.formula1.com/en/results.html/2020/races/1059/bahrain/practice-1.html,2,77,BOT,Valtteri Bottas,Mercedes,41,1:29.482,+0.449s
2020,FORMULA 1 GULF AIR BAHRAIN,1059,practice_1,https://www.formula1.com/en/results.html/2020/races/1059/bahrain/practice-1.html,3,11,PER,Sergio Perez,Racing Point BWT Mercedes,31,1:30.000,+0.967s
2020,FORMULA 1 GULF AIR BAHRAIN,1059,practice_1,https://www.formula1.com/en/results.html/2020/races/1059/bahrain/practice-1.html,4,55,SAI,Carlos Sainz,McLaren Renault,31,1:30.018,+0.985s
2020,FORMULA 1 GULF AIR BAHRAIN,1059,practice_1,https://www.formula1.com/en/results.html/2020/races/1059/bahrain/practice-1.html,5,10,GAS,Pierre Gasly,AlphaTauri Honda,34,1:30.049,+1.016s
2020,FORMULA 1 GULF AIR BAHRAIN,1059,practice_1,https://www.formula1.com/en/results.html/2020/races/1059/bahrain/practice-1.html,6,33,VER,Max Verstappen,Red Bull Racing Honda,18,1:30.294,+1.261s
2020,FORMULA 1 GULF AIR BAHRAIN,1059,practice_1,https://www.formula1.com/en/results.html/2020/races/1059/bahrain/practice-1.html,7,23,ALB,Alexander Albon,Red Bull Racing Honda,34,1:30.302,+1.269s
2020,FORMULA 1 GULF AIR BAHRAIN,1059,practice_1,https://www.formula1.com/en/results.html/2020/races/1059/bahrain/practice-1.html,8,31,OCO,Esteban Ocon,Renault,28,1:30.384,+1.351s
2020,FORMULA 1 GULF AIR BAHRAIN,1059,practice_1,https://www.formula1.com/en/results.html/2020/races/1059/bahrain/practice-1.html,9,18,STR,Lance Stroll,Racing Point BWT Mercedes,30,1:30.426,+1.393s
2020,FORMULA 1 GULF AIR BAHRAIN,1059,practice_1,https://www.formula1.com/en/results.html/2020/races/1059/bahrain/practice-1.html,10,3,RIC,Daniel Ricciardo,Renault,30,1:30.508,+1.475s
2020,FORMULA 1 GULF AIR BAHRAIN,1059,practice_1,https://www.formula1.com/en/results.html/2020/races/1059/bahrain/practice-1.html,11,16,LEC,Charles Leclerc,Ferrari,29,1:30.589,+1.556s
2020,FORMULA 1 GULF AIR BAHRAIN,1059,practice_1,https://www.formula1.com/en/results.html/2020/races/1059/bahrain/practice-1.html,12,5,VET,Sebastian Vettel,Ferrari,24,1:30.628,+1.595s
2020,FORMULA 1 GULF AIR BAHRAIN,1059,practice_1,https://www.formula1.com/en/results.html/2020/races/1059/bahrain/practice-1.html,13,88,KUB,Robert Kubica,Alfa Romeo Racing Ferrari,24,1:30.732,+1.699s
2020,FORMULA 1 GULF AIR BAHRAIN,1059,practice_1,https://www.formula1.com/en/results.html/2020/races/1059/bahrain/practice-1.html,14,8,GRO,Romain Grosjean,Haas Ferrari,28,1:30.832,+1.799s
2020,FORMULA 1 GULF AIR BAHRAIN,1059,practice_1,https://www.formula1.com/en/results.html/2020/races/1059/bahrain/practice-1.html,15,20,MAG,Kevin Magnussen,Haas Ferrari,29,1:30.854,+1.821s
2020,FORMULA 1 GULF AIR BAHRAIN,1059,practice_1,https://www.formula1.com/en/results.html/2020/races/1059/bahrain/practice-1.html,16,99,GIO,Antonio Giovinazzi,Alfa Romeo Racing Ferrari,27,1:30.896,+1.863s
2020,FORMULA 1 GULF AIR BAHRAIN,1059,practice_1,https://www.formula1.com/en/results.html/2020/races/1059/bahrain/practice-1.html,17,26,KVY,Daniil Kvyat,AlphaTauri Honda,37,1:31.020,+1.987s
2020,FORMULA 1 GULF AIR BAHRAIN,1059,practice_1,https://www.formula1.com/en/results.html/2020/races/1059/bahrain/practice-1.html,18,4,NOR,Lando Norris,McLaren Renault,27,1:31.392,+2.359s
2020,FORMULA 1 GULF AIR BAHRAIN,1059,practice_1,https://www.formula1.com/en/results.html/2020/races/1059/bahrain/practice-1.html,19,6,LAT,Nicholas Latifi,Williams Mercedes,29,1:32.472,+3.439s
2020,FORMULA 1 GULF AIR BAHRAIN,1059,practice_1,https://www.formula1.com/en/results.html/2020/races/1059/bahrain/practice-1.html,20,40,NIS,Roy Nissany,Williams Mercedes,27,1:32.801,+3.768s
2020,FORMULA 1 ROLEX SAKHIR,1060,practice_1,https://www.formula1.com/en/results.html/2020/races/1060/sakhir/practice-1.html,1,63,RUS,George Russell,Mercedes,49,54.546,
2020,FORMULA 1 ROLEX SAKHIR,1060,practice_1,https://www.formula1.com/en/results.html/2020/races/1060/sakhir/practice-1.html,2,33,VER,Max Verstappen,Red Bull Racing Honda,29,54.722,+0.176s
2020,FORMULA 1 ROLEX SAKHIR,1060,practice_1,https://www.formula1.com/en/results.html/2020/races/1060/sakhir/practice-1.html,3,23,ALB,Alexander Albon,Red Bull Racing Honda,18,54.811,+0.265s
2020,FORMULA 1 ROLEX SAKHIR,1060,practice_1,https://www.formula1.com/en/results.html/2020/races/1060/sakhir/practice-1.html,4,77,BOT,Valtteri Bottas,Mercedes,44,54.868,+0.322s
2020,FORMULA 1 ROLEX SAKHIR,1060,practice_1,https://www.formula1.com/en/results.html/2020/races/1060/sakhir/practice-1.html,5,26,KVY,Daniil Kvyat,AlphaTauri Honda,40,55.011,+0.465s
2020,FORMULA 1 ROLEX SAKHIR,1060,practice_1,https://www.formula1.com/en/results.html/2020/races/1060/sakhir/practice-1.html,6,10,GAS,Pierre Gasly,AlphaTauri Honda,37,55.166,+0.620s
2020,FORMULA 1 ROLEX SAKHIR,1060,practice_1,https://www.formula1.com/en/results.html/2020/races/1060/sakhir/practice-1.html,7,31,OCO,Esteban Ocon,Renault,49,55.273,+0.727s
2020,FORMULA 1 ROLEX SAKHIR,1060,practice_1,https://www.formula1.com/en/results.html/2020/races/1060/sakhir/practice-1.html,8,5,VET,Sebastian Vettel,Ferrari,40,55.281,+0.735s
2020,FORMULA 1 ROLEX SAKHIR,1060,practice_1,https://www.formula1.com/en/results.html/2020/races/1060/sakhir/practice-1.html,9,3,RIC,Daniel Ricciardo,Renault,39,55.379,+0.833s
2020,FORMULA 1 ROLEX SAKHIR,1060,practice_1,https://www.formula1.com/en/results.html/2020/races/1060/sakhir/practice-1.html,10,16,LEC,Charles Leclerc,Ferrari,35,55.449,+0.903s
2020,FORMULA 1 ROLEX SAKHIR,1060,practice_1,https://www.formula1.com/en/results.html/2020/races/1060/sakhir/practice-1.html,11,18,STR,Lance Stroll,Racing Point BWT Mercedes,41,55.558,+1.012s
2020,FORMULA 1 ROLEX SAKHIR,1060,practice_1,https://www.formula1.com/en/results.html/2020/races/1060/sakhir/practice-1.html,12,11,PER,Sergio Perez,Racing Point BWT Mercedes,33,55.716,+1.170s
2020,FORMULA 1 ROLEX SAKHIR,1060,practice_1,https://www.formula1.com/en/results.html/2020/races/1060/sakhir/practice-1.html,13,55,SAI,Carlos Sainz,McLaren Renault,41,55.757,+1.211s
2020,FORMULA 1 ROLEX SAKHIR,1060,practice_1,https://www.formula1.com/en/results.html/2020/races/1060/sakhir/practice-1.html,14,7,RAI,Kimi Räikkönen,Alfa Romeo Racing Ferrari,32,55.783,+1.237s
2020,FORMULA 1 ROLEX SAKHIR,1060,practice_1,https://www.formula1.com/en/results.html/2020/races/1060/sakhir/practice-1.html,15,99,GIO,Antonio Giovinazzi,Alfa Romeo Racing Ferrari,35,55.858,+1.312s
2020,FORMULA 1 ROLEX SAKHIR,1060,practice_1,https://www.formula1.com/en/results.html/2020/races/1060/sakhir/practice-1.html,16,4,NOR,Lando Norris,McLaren Renault,47,56.078,+1.532s
2020,FORMULA 1 ROLEX SAKHIR,1060,practice_1,https://www.formula1.com/en/results.html/2020/races/1060/sakhir/practice-1.html,17,20,MAG,Kevin Magnussen,Haas Ferrari,37,56.130,+1.584s
2020,FORMULA 1 ROLEX SAKHIR,1060,practice_1,https://www.formula1.com/en/results.html/2020/races/1060/sakhir/practice-1.html,18,6,LAT,Nicholas Latifi,Williams Mercedes,48,56.764,+2.218s
2020,FORMULA 1 ROLEX SAKHIR,1060,practice_1,https://www.formula1.com/en/results.html/2020/races/1060/sakhir/practice-1.html,19,51,FIT,Pietro Fittipaldi,Haas Ferrari,24,57.077,+2.531s
2020,FORMULA 1 ROLEX SAKHIR,1060,practice_1,https://www.formula1.com/en/results.html/2020/races/1060/sakhir/practice-1.html,20,89,AIT,Jack Aitken,Williams Mercedes,33,57.187,+2.641s
2020,FORMULA 1 ETIHAD AIRWAYS ABU DHABI,1061,practice_1,https://www.formula1.com/en/results.html/2020/races/1061/abu-dhabi/practice-1.html,1,33,VER,Max Verstappen,Red Bull Racing Honda,26,1:37.378,
2020,FORMULA 1 ETIHAD AIRWAYS ABU DHABI,1061,practice_1,https://www.formula1.com/en/results.html/2020/races/1061/abu-dhabi/practice-1.html,2,77,BOT,Valtteri Bottas,Mercedes,32,1:37.412,+0.034s
2020,FORMULA 1 ETIHAD AIRWAYS ABU DHABI,1061,practice_1,https://www.formula1.com/en/results.html/2020/races/1061/abu-dhabi/practice-1.html,3,31,OCO,Esteban Ocon,Renault,34,1:38.515,+1.137s
2020,FORMULA 1 ETIHAD AIRWAYS ABU DHABI,1061,practice_1,https://www.formula1.com/en/results.html/2020/races/1061/abu-dhabi/practice-1.html,4,23,ALB,Alexander Albon,Red Bull Racing Honda,25,1:38.547,+1.169s
2020,FORMULA 1 ETIHAD AIRWAYS ABU DHABI,1061,practice_1,https://www.formula1.com/en/results.html/2020/races/1061/abu-dhabi/practice-1.html,5,44,HAM,Lewis Hamilton,Mercedes,24,1:38.744,+1.366s
2020,FORMULA 1 ETIHAD AIRWAYS ABU DHABI,1061,practice_1,https://www.formula1.com/en/results.html/2020/races/1061/abu-dhabi/practice-1.html,6,18,STR,Lance Stroll,Racing Point BWT Mercedes,25,1:38.831,+1.453s
2020,FORMULA 1 ETIHAD AIRWAYS ABU DHABI,1061,practice_1,https://www.formula1.com/en/results.html/2020/races/1061/abu-dhabi/practice-1.html,7,11,PER,Sergio Perez,Racing Point BWT Mercedes,25,1:38.956,+1.578s
2020,FORMULA 1 ETIHAD AIRWAYS ABU DHABI,1061,practice_1,https://www.formula1.com/en/results.html/2020/races/1061/abu-dhabi/practice-1.html,8,26,KVY,Daniil Kvyat,AlphaTauri Honda,27,1:39.150,+1.772s
2020,FORMULA 1 ETIHAD AIRWAYS ABU DHABI,1061,practice_1,https://www.formula1.com/en/results.html/2020/races/1061/abu-dhabi/practice-1.html,9,10,GAS,Pierre Gasly,AlphaTauri Honda,30,1:39.160,+1.782s
2020,FORMULA 1 ETIHAD AIRWAYS ABU DHABI,1061,practice_1,https://www.formula1.com/en/results.html/2020/races/1061/abu-dhabi/practice-1.html,10,7,RAI,Kimi Räikkönen,Alfa Romeo Racing Ferrari,22,1:39.199,+1.821s
2020,FORMULA 1 ETIHAD AIRWAYS ABU DHABI,1061,practice_1,https://www.formula1.com/en/results.html/2020/races/1061/abu-dhabi/practice-1.html,11,55,SAI,Carlos Sainz,McLaren Renault,27,1:39.330,+1.952s
2020,FORMULA 1 ETIHAD AIRWAYS ABU DHABI,1061,practice_1,https://www.formula1.com/en/results.html/2020/races/1061/abu-dhabi/practice-1.html,12,16,LEC,Charles Leclerc,Ferrari,25,1:39.344,+1.966s
2020,FORMULA 1 ETIHAD AIRWAYS ABU DHABI,1061,practice_1,https://www.formula1.com/en/results.html/2020/races/1061/abu-dhabi/practice-1.html,13,4,NOR,Lando Norris,McLaren Renault,28,1:39.352,+1.974s
2020,FORMULA 1 ETIHAD AIRWAYS ABU DHABI,1061,practice_1,https://www.formula1.com/en/results.html/2020/races/1061/abu-dhabi/practice-1.html,14,5,VET,Sebastian Vettel,Ferrari,19,1:39.670,+2.292s
2020,FORMULA 1 ETIHAD AIRWAYS ABU DHABI,1061,practice_1,https://www.formula1.com/en/results.html/2020/races/1061/abu-dhabi/practice-1.html,15,88,KUB,Robert Kubica,Alfa Romeo Racing Ferrari,19,1:39.905,+2.527s
2020,FORMULA 1 ETIHAD AIRWAYS ABU DHABI,1061,practice_1,https://www.formula1.com/en/results.html/2020/races/1061/abu-dhabi/practice-1.html,16,63,RUS,George Russell,Williams Mercedes,24,1:40.446,+3.068s
2020,FORMULA 1 ETIHAD AIRWAYS ABU DHABI,1061,practice_1,https://www.formula1.com/en/results.html/2020/races/1061/abu-dhabi/practice-1.html,17,6,LAT,Nicholas Latifi,Williams Mercedes,27,1:41.063,+3.685s
2020,FORMULA 1 ETIHAD AIRWAYS ABU DHABI,1061,practice_1,https://www.formula1.com/en/results.html/2020/races/1061/abu-dhabi/practice-1.html,18,50,MSC,Mick Schumacher,Haas Ferrari,23,1:41.235,+3.857s
2020,FORMULA 1 ETIHAD AIRWAYS ABU DHABI,1061,practice_1,https://www.formula1.com/en/results.html/2020/races/1061/abu-dhabi/practice-1.html,19,51,FIT,Pietro Fittipaldi,Haas Ferrari,24,1:44.069,+6.691s
2020,FORMULA 1 ETIHAD AIRWAYS ABU DHABI,1061,practice_1,https://www.formula1.com/en/results.html/2020/races/1061/abu-dhabi/practice-1.html,20,3,RIC,Daniel Ricciardo,Renault,3,,
