year,race_name,race_id,result_type,url,position,driver_number,driver_code,driver_name,team,lap,time_of_day,lap_time,avg_speed
2023,FORMULA 1 GULF AIR BAHRAIN,1141,fastest_lap,https://www.formula1.com/en/results.html/2023/races/1141/bahrain/fastest-laps.html,1,24,ZHO,Zhou Guanyu,Alfa Romeo Ferrari,56,19:38:14,1:33.996,207.276
2023,FORMULA 1 GULF AIR BAHRAIN,1141,fastest_lap,https://www.formula1.com/en/results.html/2023/races/1141/bahrain/fastest-laps.html,2,10,GAS,Pierre Gasly,Alpine Renault,42,19:14:37,1:35.068,204.939
2023,FORMULA 1 GULF AIR BAHRAIN,1141,fastest_lap,https://www.formula1.com/en/results.html/2023/races/1141/bahrain/fastest-laps.html,3,4,NOR,Lando Norris,McLaren Mercedes,51,19:30:44,1:35.822,203.327
2023,FORMULA 1 GULF AIR BAHRAIN,1141,fastest_lap,https://www.formula1.com/en/results.html/2023/races/1141/bahrain/fastest-laps.html,4,2,SAR,Logan Sargeant,Williams Mercedes,42,19:14:48,1:36.037,202.871
2023,FORMULA 1 GULF AIR BAHRAIN,1141,fastest_lap,https://www.formula1.com/en/results.html/2023/races/1141/bahrain/fastest-laps.html,5,14,ALO,Fernando Alonso,Aston Martin Aramco Mercedes,36,19:03:44,1:36.156,202.620
2023,FORMULA 1 GULF AIR BAHRAIN,1141,fastest_lap,https://www.formula1.com/en/results.html/2023/races/1141/bahrain/fastest-laps.html,6,1,VER,Max Verstappen,Red Bull Racing Honda RBPT,44,19:16:35,1:36.236,202.452
2023,FORMULA 1 GULF AIR BAHRAIN,1141,fastest_lap,https://www.formula1.com/en/results.html/2023/races/1141/bahrain/fastest-laps.html,7,11,PER,Sergio Perez,Red Bull Racing Honda RBPT,37,19:04:59,1:36.344,202.225
2023,FORMULA 1 GULF AIR BAHRAIN,1141,fastest_lap,https://www.formula1.com/en/results.html/2023/races/1141/bahrain/fastest-laps.html,8,20,MAG,Kevin Magnussen,Haas Ferrari,42,19:15:01,1:36.471,201.959
2023,FORMULA 1 GULF AIR BAHRAIN,1141,fastest_lap,https://www.formula1.com/en/results.html/2023/races/1141/bahrain/fastest-laps.html,9,18,STR,Lance Stroll,Aston Martin Aramco Mercedes,32,18:57:21,1:36.546,201.802
2023,FORMULA 1 GULF AIR BAHRAIN,1141,fastest_lap,https://www.formula1.com/en/results.html/2023/races/1141/bahrain/fastest-laps.html,10,44,HAM,Lewis Hamilton,Mercedes,36,19:03:44,1:36.546,201.802
2023,FORMULA 1 GULF AIR BAHRAIN,1141,fastest_lap,https://www.formula1.com/en/results.html/2023/races/1141/bahrain/fastest-laps.html,11,27,HUL,Nico Hulkenberg,Haas Ferrari,42,19:15:10,1:36.616,201.656
2023,FORMULA 1 GULF AIR BAHRAIN,1141,fastest_lap,https://www.formula1.com/en/results.html/2023/races/1141/bahrain/fastest-laps.html,12,22,TSU,Yuki Tsunoda,AlphaTauri Honda RBPT,42,19:14:42,1:36.637,201.612
2023,FORMULA 1 GULF AIR BAHRAIN,1141,fastest_lap,https://www.formula1.com/en/results.html/2023/races/1141/bahrain/fastest-laps.html,13,31,OCO,Esteban Ocon,Alpine Renault,34,19:02:00,1:36.797,201.278
2023,FORMULA 1 GULF AIR BAHRAIN,1141,fastest_lap,https://www.formula1.com/en/results.html/2023/races/1141/bahrain/fastest-laps.html,14,55,SAI,Carlos Sainz,Ferrari,37,19:05:18,1:37.130,200.588
2023,FORMULA 1 GULF AIR BAHRAIN,1141,fastest_lap,https://www.formula1.com/en/results.html/2023/races/1141/bahrain/fastest-laps.html,15,23,ALB,Alexander Albon,Williams Mercedes,43,19:16:16,1:37.144,200.559
2023,FORMULA 1 GULF AIR BAHRAIN,1141,fastest_lap,https://www.formula1.com/en/results.html/2023/races/1141/bahrain/fastest-laps.html,16,16,LEC,Charles Leclerc,Ferrari,37,19:05:10,1:37.170,200.506
2023,FORMULA 1 GULF AIR BAHRAIN,1141,fastest_lap,https://www.formula1.com/en/results.html/2023/races/1141/bahrain/fastest-laps.html,17,63,RUS,George Russell,Mercedes,33,18:58:59,1:37.221,200.401
2023,FORMULA 1 GULF AIR BAHRAIN,1141,fastest_lap,https://www.formula1.com/en/results.html/2023/races/1141/bahrain/fastest-laps.html,18,77,BOT,Valtteri Bottas,Alfa Romeo Ferrari,31,18:55:54,1:37.379,200.075
2023,FORMULA 1 GULF AIR BAHRAIN,1141,fastest_lap,https://www.formula1.com/en/results.html/2023/races/1141/bahrain/fastest-laps.html,19,21,DEV,Nyck De Vries,AlphaTauri Honda RBPT,30,18:54:34,1:37.709,199.400
2023,FORMULA 1 GULF AIR BAHRAIN,1141,fastest_lap,https://www.formula1.com/en/results.html/2023/races/1141/bahrain/fastest-laps.html,20,81,PIA,Oscar Piastri,McLaren Mercedes,3,18:08:48,1:40.691,193.494
2023,FORMULA 1 STC SAUDI ARABIAN,1142,fastest_lap,https://www.formula1.com/en/results.html/2023/races/1142/saudi-arabia/fastest-laps.html,1,1,VER,Max Verstappen,Red Bull Racing Honda RBPT,50,21:25:10,1:31.906,241.838
2023,FORMULA 1 STC SAUDI ARABIAN,1142,fastest_lap,https://www.formula1.com/en/results.html/2023/races/1142/saudi-arabia/fastest-laps.html,2,11,PER,Sergio Perez,Red Bull Racing Honda RBPT,38,21:06:31,1:32.188,241.098
2023,FORMULA 1 STC SAUDI ARABIAN,1142,fastest_lap,https://www.formula1.com/en/results.html/2023/races/1142/saudi-arabia/fastest-laps.html,3,14,ALO,Fernando Alonso,Aston Martin Aramco Mercedes,50,21:25:26,1:32.240,240.962
2023,FORMULA 1 STC SAUDI ARABIAN,1142,fastest_lap,https://www.formula1.com/en/results.html/2023/races/1142/saudi-arabia/fastest-laps.html,4,63,RUS,George Russell,Mercedes,50,21:25:31,1:32.433,240.459
2023,FORMULA 1 STC SAUDI ARABIAN,1142,fastest_lap,https://www.formula1.com/en/results.html/2023/races/1142/saudi-arabia/fastest-laps.html,5,55,SAI,Carlos Sainz,Ferrari,50,21:25:41,1:32.822,239.451
2023,FORMULA 1 STC SAUDI ARABIAN,1142,fastest_lap,https://www.formula1.com/en/results.html/2023/races/1142/saudi-arabia/fastest-laps.html,6,44,HAM,Lewis Hamilton,Mercedes,47,21:20:56,1:32.941,239.145
2023,FORMULA 1 STC SAUDI ARABIAN,1142,fastest_lap,https://www.formula1.com/en/results.html/2023/races/1142/saudi-arabia/fastest-laps.html,7,16,LEC,Charles Leclerc,Ferrari,47,21:21:04,1:33.056,238.849
2023,FORMULA 1 STC SAUDI ARABIAN,1142,fastest_lap,https://www.formula1.com/en/results.html/2023/races/1142/saudi-arabia/fastest-laps.html,8,31,OCO,Esteban Ocon,Alpine Renault,49,21:24:24,1:33.222,238.424
2023,FORMULA 1 STC SAUDI ARABIAN,1142,fastest_lap,https://www.formula1.com/en/results.html/2023/races/1142/saudi-arabia/fastest-laps.html,9,20,MAG,Kevin Magnussen,Haas Ferrari,44,21:16:45,1:33.374,238.036
2023,FORMULA 1 STC SAUDI ARABIAN,1142,fastest_lap,https://www.formula1.com/en/results.html/2023/races/1142/saudi-arabia/fastest-laps.html,10,10,GAS,Pierre Gasly,Alpine Renault,50,21:26:00,1:33.392,237.990
2023,FORMULA 1 STC SAUDI ARABIAN,1142,fastest_lap,https://www.formula1.com/en/results.html/2023/races/1142/saudi-arabia/fastest-laps.html,11,21,DEV,Nyck De Vries,AlphaTauri Honda RBPT,49,21:24:49,1:33.609,237.438
2023,FORMULA 1 STC SAUDI ARABIAN,1142,fastest_lap,https://www.formula1.com/en/results.html/2023/races/1142/saudi-arabia/fastest-laps.html,12,27,HUL,Nico Hulkenberg,Haas Ferrari,50,21:26:16,1:33.780,237.005
2023,FORMULA 1 STC SAUDI ARABIAN,1142,fastest_lap,https://www.formula1.com/en/results.html/2023/races/1142/saudi-arabia/fastest-laps.html,13,24,ZHO,Zhou Guanyu,Alfa Romeo Ferrari,49,21:24:47,1:33.894,236.718
2023,FORMULA 1 STC SAUDI ARABIAN,1142,fastest_lap,https://www.formula1.com/en/results.html/2023/races/1142/saudi-arabia/fastest-laps.html,14,22,TSU,Yuki Tsunoda,AlphaTauri Honda RBPT,50,21:26:13,1:33.931,236.624
2023,FORMULA 1 STC SAUDI ARABIAN,1142,fastest_lap,https://www.formula1.com/en/results.html/2023/races/1142/saudi-arabia/fastest-laps.html,15,4,NOR,Lando Norris,McLaren Mercedes,49,21:24:56,1:34.122,236.144
2023,FORMULA 1 STC SAUDI ARABIAN,1142,fastest_lap,https://www.formula1.com/en/results.html/2023/races/1142/saudi-arabia/fastest-laps.html,16,81,PIA,Oscar Piastri,McLaren Mercedes,48,21:23:21,1:34.287,235.731
2023,FORMULA 1 STC SAUDI ARABIAN,1142,fastest_lap,https://www.formula1.com/en/results.html/2023/races/1142/saudi-arabia/fastest-laps.html,17,77,BOT,Valtteri Bottas,Alfa Romeo Ferrari,37,21:06:26,1:34.384,235.489
2023,FORMULA 1 STC SAUDI ARABIAN,1142,fastest_lap,https://www.formula1.com/en/results.html/2023/races/1142/saudi-arabia/fastest-laps.html,18,2,SAR,Logan Sargeant,Williams Mercedes,49,21:24:55,1:34.469,235.277
2023,FORMULA 1 STC SAUDI ARABIAN,1142,fastest_lap,https://www.formula1.com/en/results.html/2023/races/1142/saudi-arabia/fastest-laps.html,19,18,STR,Lance Stroll,Aston Martin Aramco Mercedes,7,20:15:03,1:35.140,233.617
2023,FORMULA 1 STC SAUDI ARABIAN,1142,fastest_lap,https://www.formula1.com/en/results.html/2023/races/1142/saudi-arabia/fastest-laps.html,20,23,ALB,Alexander Albon,Williams Mercedes,24,20:45:10,1:35.567,232.574
2023,FORMULA 1 ROLEX AUSTRALIAN,1143,fastest_lap,https://www.formula1.com/en/results.html/2023/races/1143/australia/fastest-laps.html,1,11,PER,Sergio Perez,Red Bull Racing Honda RBPT,53,16:37:54,1:20.235,236.814
2023,FORMULA 1 ROLEX AUSTRALIAN,1143,fastest_lap,https://www.formula1.com/en/results.html/2023/races/1143/australia/fastest-laps.html,2,1,VER,Max Verstappen,Red Bull Racing Honda RBPT,49,16:32:11,1:20.342,236.498
2023,FORMULA 1 ROLEX AUSTRALIAN,1143,fastest_lap,https://www.formula1.com/en/results.html/2023/races/1143/australia/fastest-laps.html,3,55,SAI,Carlos Sainz,Ferrari,53,16:37:47,1:20.467,236.131
2023,FORMULA 1 ROLEX AUSTRALIAN,1143,fastest_lap,https://www.formula1.com/en/results.html/2023/races/1143/australia/fastest-laps.html,4,14,ALO,Fernando Alonso,Aston Martin Aramco Mercedes,53,16:37:43,1:20.476,236.105
2023,FORMULA 1 ROLEX AUSTRALIAN,1143,fastest_lap,https://www.formula1.com/en/results.html/2023/races/1143/australia/fastest-laps.html,5,44,HAM,Lewis Hamilton,Mercedes,49,16:32:19,1:20.613,235.703
2023,FORMULA 1 ROLEX AUSTRALIAN,1143,fastest_lap,https://www.formula1.com/en/results.html/2023/races/1143/australia/fastest-laps.html,6,18,STR,Lance Stroll,Aston Martin Aramco Mercedes,50,16:33:50,1:20.934,234.769
2023,FORMULA 1 ROLEX AUSTRALIAN,1143,fastest_lap,https://www.formula1.com/en/results.html/2023/races/1143/australia/fastest-laps.html,7,10,GAS,Pierre Gasly,Alpine Renault,47,16:29:43,1:20.995,234.592
2023,FORMULA 1 ROLEX AUSTRALIAN,1143,fastest_lap,https://www.formula1.com/en/results.html/2023/races/1143/australia/fastest-laps.html,8,27,HUL,Nico Hulkenberg,Haas Ferrari,46,16:28:30,1:21.124,234.219
2023,FORMULA 1 ROLEX AUSTRALIAN,1143,fastest_lap,https://www.formula1.com/en/results.html/2023/races/1143/australia/fastest-laps.html,9,4,NOR,Lando Norris,McLaren Mercedes,46,16:28:30,1:21.173,234.077
2023,FORMULA 1 ROLEX AUSTRALIAN,1143,fastest_lap,https://www.formula1.com/en/results.html/2023/races/1143/australia/fastest-laps.html,10,21,DEV,Nyck De Vries,AlphaTauri Honda RBPT,50,16:35:24,1:21.183,234.049
2023,FORMULA 1 ROLEX AUSTRALIAN,1143,fastest_lap,https://www.formula1.com/en/results.html/2023/races/1143/australia/fastest-laps.html,11,31,OCO,Esteban Ocon,Alpine Renault,44,16:25:56,1:21.203,233.991
2023,FORMULA 1 ROLEX AUSTRALIAN,1143,fastest_lap,https://www.formula1.com/en/results.html/2023/races/1143/australia/fastest-laps.html,12,81,PIA,Oscar Piastri,McLaren Mercedes,53,16:38:21,1:21.335,233.611
2023,FORMULA 1 ROLEX AUSTRALIAN,1143,fastest_lap,https://www.formula1.com/en/results.html/2023/races/1143/australia/fastest-laps.html,13,2,SAR,Logan Sargeant,Williams Mercedes,50,16:35:12,1:21.456,233.264
2023,FORMULA 1 ROLEX AUSTRALIAN,1143,fastest_lap,https://www.formula1.com/en/results.html/2023/races/1143/australia/fastest-laps.html,14,20,MAG,Kevin Magnussen,Haas Ferrari,52,16:37:13,1:21.685,232.610
2023,FORMULA 1 ROLEX AUSTRALIAN,1143,fastest_lap,https://www.formula1.com/en/results.html/2023/races/1143/australia/fastest-laps.html,15,22,TSU,Yuki Tsunoda,AlphaTauri Honda RBPT,52,16:37:18,1:21.789,232.314
2023,FORMULA 1 ROLEX AUSTRALIAN,1143,fastest_lap,https://www.formula1.com/en/results.html/2023/races/1143/australia/fastest-laps.html,16,24,ZHO,Zhou Guanyu,Alfa Romeo Ferrari,48,16:31:45,1:21.819,232.229
2023,FORMULA 1 ROLEX AUSTRALIAN,1143,fastest_lap,https://www.formula1.com/en/results.html/2023/races/1143/australia/fastest-laps.html,17,77,BOT,Valtteri Bottas,Alfa Romeo Ferrari,46,16:29:15,1:22.233,231.060
2023,FORMULA 1 ROLEX AUSTRALIAN,1143,fastest_lap,https://www.formula1.com/en/results.html/2023/races/1143/australia/fastest-laps.html,18,63,RUS,George Russell,Mercedes,16,15:46:40,1:22.680,229.811
2023,FORMULA 1 ROLEX AUSTRALIAN,1143,fastest_lap,https://www.formula1.com/en/results.html/2023/races/1143/australia/fastest-laps.html,19,23,ALB,Alexander Albon,Williams Mercedes,6,15:13:36,1:23.349,227.966
2023,FORMULA 1 AZERBAIJAN,1207,fastest_lap,https://www.formula1.com/en/results.html/2023/races/1207/azerbaijan/fastest-laps.html,1,63,RUS,George Russell,Mercedes,51,16:37:59,1:43.370,209.062
2023,FORMULA 1 AZERBAIJAN,1207,fastest_lap,https://www.formula1.com/en/results.html/2023/races/1207/azerbaijan/fastest-laps.html,2,1,VER,Max Verstappen,Red Bull Racing Honda RBPT,51,16:36:47,1:44.232,207.333
2023,FORMULA 1 AZERBAIJAN,1207,fastest_lap,https://www.formula1.com/en/results.html/2023/races/1207/azerbaijan/fastest-laps.html,3,14,ALO,Fernando Alonso,Aston Martin Aramco Mercedes,49,16:33:38,1:44.241,207.315
2023,FORMULA 1 AZERBAIJAN,1207,fastest_lap,https://www.formula1.com/en/results.html/2023/races/1207/azerbaijan/fastest-laps.html,4,16,LEC,Charles Leclerc,Ferrari,49,16:33:36,1:44.561,206.681
2023,FORMULA 1 AZERBAIJAN,1207,fastest_lap,https://www.formula1.com/en/results.html/2023/races/1207/azerbaijan/fastest-laps.html,5,11,PER,Sergio Perez,Red Bull Racing Honda RBPT,50,16:35:00,1:44.589,206.625
2023,FORMULA 1 AZERBAIJAN,1207,fastest_lap,https://www.formula1.com/en/results.html/2023/races/1207/azerbaijan/fastest-laps.html,6,55,SAI,Carlos Sainz,Ferrari,48,16:32:14,1:45.175,205.474
2023,FORMULA 1 AZERBAIJAN,1207,fastest_lap,https://www.formula1.com/en/results.html/2023/races/1207/azerbaijan/fastest-laps.html,7,44,HAM,Lewis Hamilton,Mercedes,48,16:32:15,1:45.346,205.141
2023,FORMULA 1 AZERBAIJAN,1207,fastest_lap,https://www.formula1.com/en/results.html/2023/races/1207/azerbaijan/fastest-laps.html,8,10,GAS,Pierre Gasly,Alpine Renault,47,16:31:14,1:45.540,204.764
2023,FORMULA 1 AZERBAIJAN,1207,fastest_lap,https://www.formula1.com/en/results.html/2023/races/1207/azerbaijan/fastest-laps.html,9,18,STR,Lance Stroll,Aston Martin Aramco Mercedes,45,16:27:01,1:45.627,204.595
2023,FORMULA 1 AZERBAIJAN,1207,fastest_lap,https://www.formula1.com/en/results.html/2023/races/1207/azerbaijan/fastest-laps.html,10,81,PIA,Oscar Piastri,McLaren Mercedes,51,16:38:12,1:45.631,204.587
2023,FORMULA 1 AZERBAIJAN,1207,fastest_lap,https://www.formula1.com/en/results.html/2023/races/1207/azerbaijan/fastest-laps.html,11,22,TSU,Yuki Tsunoda,AlphaTauri Honda RBPT,51,16:38:09,1:45.727,204.401
2023,FORMULA 1 AZERBAIJAN,1207,fastest_lap,https://www.formula1.com/en/results.html/2023/races/1207/azerbaijan/fastest-laps.html,12,4,NOR,Lando Norris,McLaren Mercedes,49,16:34:33,1:45.738,204.380
2023,FORMULA 1 AZERBAIJAN,1207,fastest_lap,https://www.formula1.com/en/results.html/2023/races/1207/azerbaijan/fastest-laps.html,13,20,MAG,Kevin Magnussen,Haas Ferrari,51,16:38:15,1:45.850,204.164
2023,FORMULA 1 AZERBAIJAN,1207,fastest_lap,https://www.formula1.com/en/results.html/2023/races/1207/azerbaijan/fastest-laps.html,14,31,OCO,Esteban Ocon,Alpine Renault,49,16:34:31,1:45.908,204.052
2023,FORMULA 1 AZERBAIJAN,1207,fastest_lap,https://www.formula1.com/en/results.html/2023/races/1207/azerbaijan/fastest-laps.html,15,23,ALB,Alexander Albon,Williams Mercedes,51,16:38:14,1:45.925,204.019
2023,FORMULA 1 AZERBAIJAN,1207,fastest_lap,https://www.formula1.com/en/results.html/2023/races/1207/azerbaijan/fastest-laps.html,16,77,BOT,Valtteri Bottas,Alfa Romeo Ferrari,36,16:12:06,1:46.304,203.292
2023,FORMULA 1 AZERBAIJAN,1207,fastest_lap,https://www.formula1.com/en/results.html/2023/races/1207/azerbaijan/fastest-laps.html,17,2,SAR,Logan Sargeant,Williams Mercedes,49,16:34:53,1:46.501,202.916
2023,FORMULA 1 AZERBAIJAN,1207,fastest_lap,https://www.formula1.com/en/results.html/2023/races/1207/azerbaijan/fastest-laps.html,18,27,HUL,Nico Hulkenberg,Haas Ferrari,34,16:07:51,1:46.731,202.479
2023,FORMULA 1 AZERBAIJAN,1207,fastest_lap,https://www.formula1.com/en/results.html/2023/races/1207/azerbaijan/fastest-laps.html,19,24,ZHO,Zhou Guanyu,Alfa Romeo Ferrari,31,16:02:41,1:47.553,200.931
2023,FORMULA 1 AZERBAIJAN,1207,fastest_lap,https://www.formula1.com/en/results.html/2023/races/1207/azerbaijan/fastest-laps.html,20,21,DEV,Nyck De Vries,AlphaTauri Honda RBPT,4,15:11:32,1:48.781,198.663
2023,COM MIAMI,1208,fastest_lap,https://www.formula1.com/en/results.html/2023/races/1208/miami/fastest-laps.html,1,1,VER,Max Verstappen,Red Bull Racing Honda RBPT,56,16:59:55,1:29.708,217.184
2023,COM MIAMI,1208,fastest_lap,https://www.formula1.com/en/results.html/2023/races/1208/miami/fastest-laps.html,2,14,ALO,Fernando Alonso,Aston Martin Aramco Mercedes,57,17:01:52,1:30.519,215.238
2023,COM MIAMI,1208,fastest_lap,https://www.formula1.com/en/results.html/2023/races/1208/miami/fastest-laps.html,3,11,PER,Sergio Perez,Red Bull Racing Honda RBPT,57,17:01:31,1:30.560,215.141
2023,COM MIAMI,1208,fastest_lap,https://www.formula1.com/en/results.html/2023/races/1208/miami/fastest-laps.html,4,44,HAM,Lewis Hamilton,Mercedes,57,17:02:16,1:30.669,214.882
2023,COM MIAMI,1208,fastest_lap,https://www.formula1.com/en/results.html/2023/races/1208/miami/fastest-laps.html,5,18,STR,Lance Stroll,Aston Martin Aramco Mercedes,44,16:42:41,1:30.862,214.426
2023,COM MIAMI,1208,fastest_lap,https://www.formula1.com/en/results.html/2023/races/1208/miami/fastest-laps.html,6,27,HUL,Nico Hulkenberg,Haas Ferrari,36,16:30:21,1:30.901,214.334
2023,COM MIAMI,1208,fastest_lap,https://www.formula1.com/en/results.html/2023/races/1208/miami/fastest-laps.html,7,63,RUS,George Russell,Mercedes,57,17:01:58,1:31.015,214.065
2023,COM MIAMI,1208,fastest_lap,https://www.formula1.com/en/results.html/2023/races/1208/miami/fastest-laps.html,8,22,TSU,Yuki Tsunoda,AlphaTauri Honda RBPT,56,17:00:58,1:31.038,214.011
2023,COM MIAMI,1208,fastest_lap,https://www.formula1.com/en/results.html/2023/races/1208/miami/fastest-laps.html,9,31,OCO,Esteban Ocon,Alpine Renault,56,17:00:52,1:31.143,213.765
2023,COM MIAMI,1208,fastest_lap,https://www.formula1.com/en/results.html/2023/races/1208/miami/fastest-laps.html,10,55,SAI,Carlos Sainz,Ferrari,55,16:59:00,1:31.362,213.252
2023,COM MIAMI,1208,fastest_lap,https://www.formula1.com/en/results.html/2023/races/1208/miami/fastest-laps.html,11,16,LEC,Charles Leclerc,Ferrari,57,17:02:18,1:31.434,213.084
2023,COM MIAMI,1208,fastest_lap,https://www.formula1.com/en/results.html/2023/races/1208/miami/fastest-laps.html,12,21,DEV,Nyck De Vries,AlphaTauri Honda RBPT,57,17:02:54,1:31.562,212.786
2023,COM MIAMI,1208,fastest_lap,https://www.formula1.com/en/results.html/2023/races/1208/miami/fastest-laps.html,13,20,MAG,Kevin Magnussen,Haas Ferrari,53,16:56:21,1:31.691,212.487
2023,COM MIAMI,1208,fastest_lap,https://www.formula1.com/en/results.html/2023/races/1208/miami/fastest-laps.html,14,24,ZHO,Zhou Guanyu,Alfa Romeo Ferrari,56,17:01:11,1:31.736,212.383
2023,COM MIAMI,1208,fastest_lap,https://www.formula1.com/en/results.html/2023/races/1208/miami/fastest-laps.html,15,77,BOT,Valtteri Bottas,Alfa Romeo Ferrari,56,17:01:05,1:31.838,212.147
2023,COM MIAMI,1208,fastest_lap,https://www.formula1.com/en/results.html/2023/races/1208/miami/fastest-laps.html,16,23,ALB,Alexander Albon,Williams Mercedes,55,16:59:34,1:31.852,212.115
2023,COM MIAMI,1208,fastest_lap,https://www.formula1.com/en/results.html/2023/races/1208/miami/fastest-laps.html,17,10,GAS,Pierre Gasly,Alpine Renault,55,16:59:17,1:31.971,211.840
2023,COM MIAMI,1208,fastest_lap,https://www.formula1.com/en/results.html/2023/races/1208/miami/fastest-laps.html,18,81,PIA,Oscar Piastri,McLaren Mercedes,56,17:01:46,1:32.006,211.760
2023,COM MIAMI,1208,fastest_lap,https://www.formula1.com/en/results.html/2023/races/1208/miami/fastest-laps.html,19,2,SAR,Logan Sargeant,Williams Mercedes,50,16:52:39,1:32.384,210.893
2023,COM MIAMI,1208,fastest_lap,https://www.formula1.com/en/results.html/2023/races/1208/miami/fastest-laps.html,20,4,NOR,Lando Norris,McLaren Mercedes,47,16:47:23,1:32.401,210.854
2023,FORMULA 1 AWS GRAN PREMIO DE ESPAÑA,1211,fastest_lap,https://www.formula1.com/en/results.html/2023/races/1211/spain/fastest-laps.html,1,1,VER,Max Verstappen,Red Bull Racing Honda RBPT,61,16:24:44,1:16.330,219.641
2023,FORMULA 1 AWS GRAN PREMIO DE ESPAÑA,1211,fastest_lap,https://www.formula1.com/en/results.html/2023/races/1211/spain/fastest-laps.html,2,11,PER,Sergio Perez,Red Bull Racing Honda RBPT,52,16:13:37,1:16.666,218.678
2023,FORMULA 1 AWS GRAN PREMIO DE ESPAÑA,1211,fastest_lap,https://www.formula1.com/en/results.html/2023/races/1211/spain/fastest-laps.html,3,44,HAM,Lewis Hamilton,Mercedes,62,16:26:20,1:16.676,218.649
2023,FORMULA 1 AWS GRAN PREMIO DE ESPAÑA,1211,fastest_lap,https://www.formula1.com/en/results.html/2023/races/1211/spain/fastest-laps.html,4,4,NOR,Lando Norris,McLaren Mercedes,55,16:18:32,1:17.182,217.216
2023,FORMULA 1 AWS GRAN PREMIO DE ESPAÑA,1211,fastest_lap,https://www.formula1.com/en/results.html/2023/races/1211/spain/fastest-laps.html,5,63,RUS,George Russell,Mercedes,48,16:08:14,1:17.875,215.283
2023,FORMULA 1 AWS GRAN PREMIO DE ESPAÑA,1211,fastest_lap,https://www.formula1.com/en/results.html/2023/races/1211/spain/fastest-laps.html,6,20,MAG,Kevin Magnussen,Haas Ferrari,44,16:03:58,1:18.069,214.748
2023,FORMULA 1 AWS GRAN PREMIO DE ESPAÑA,1211,fastest_lap,https://www.formula1.com/en/results.html/2023/races/1211/spain/fastest-laps.html,7,14,ALO,Fernando Alonso,Aston Martin Aramco Mercedes,49,16:09:55,1:18.083,214.709
2023,FORMULA 1 AWS GRAN PREMIO DE ESPAÑA,1211,fastest_lap,https://www.formula1.com/en/results.html/2023/races/1211/spain/fastest-laps.html,8,77,BOT,Valtteri Bottas,Alfa Romeo Ferrari,50,16:12:00,1:18.242,214.273
2023,FORMULA 1 AWS GRAN PREMIO DE ESPAÑA,1211,fastest_lap,https://www.formula1.com/en/results.html/2023/races/1211/spain/fastest-laps.html,9,16,LEC,Charles Leclerc,Ferrari,52,16:14:03,1:18.357,213.959
2023,FORMULA 1 AWS GRAN PREMIO DE ESPAÑA,1211,fastest_lap,https://www.formula1.com/en/results.html/2023/races/1211/spain/fastest-laps.html,10,10,GAS,Pierre Gasly,Alpine Renault,41,15:59:31,1:18.375,213.910
2023,FORMULA 1 AWS GRAN PREMIO DE ESPAÑA,1211,fastest_lap,https://www.formula1.com/en/results.html/2023/races/1211/spain/fastest-laps.html,11,55,SAI,Carlos Sainz,Ferrari,60,16:24:07,1:18.403,213.833
2023,FORMULA 1 AWS GRAN PREMIO DE ESPAÑA,1211,fastest_lap,https://www.formula1.com/en/results.html/2023/races/1211/spain/fastest-laps.html,12,21,DEV,Nyck De Vries,AlphaTauri Honda RBPT,41,15:59:36,1:18.594,213.313
2023,FORMULA 1 AWS GRAN PREMIO DE ESPAÑA,1211,fastest_lap,https://www.formula1.com/en/results.html/2023/races/1211/spain/fastest-laps.html,13,81,PIA,Oscar Piastri,McLaren Mercedes,41,15:59:29,1:18.679,213.083
2023,FORMULA 1 AWS GRAN PREMIO DE ESPAÑA,1211,fastest_lap,https://www.formula1.com/en/results.html/2023/races/1211/spain/fastest-laps.html,14,18,STR,Lance Stroll,Aston Martin Aramco Mercedes,56,16:19:05,1:18.722,212.967
2023,FORMULA 1 AWS GRAN PREMIO DE ESPAÑA,1211,fastest_lap,https://www.formula1.com/en/results.html/2023/races/1211/spain/fastest-laps.html,15,24,ZHO,Zhou Guanyu,Alfa Romeo Ferrari,38,15:55:26,1:18.753,212.883
2023,FORMULA 1 AWS GRAN PREMIO DE ESPAÑA,1211,fastest_lap,https://www.formula1.com/en/results.html/2023/races/1211/spain/fastest-laps.html,16,27,HUL,Nico Hulkenberg,Haas Ferrari,53,16:15:39,1:18.776,212.821
2023,FORMULA 1 AWS GRAN PREMIO DE ESPAÑA,1211,fastest_lap,https://www.formula1.com/en/results.html/2023/races/1211/spain/fastest-laps.html,17,22,TSU,Yuki Tsunoda,AlphaTauri Honda RBPT,59,16:23:10,1:18.904,212.475
2023,FORMULA 1 AWS GRAN PREMIO DE ESPAÑA,1211,fastest_lap,https://www.formula1.com/en/results.html/2023/races/1211/spain/fastest-laps.html,18,31,OCO,Esteban Ocon,Alpine Renault,54,16:16:32,1:18.946,212.362
2023,FORMULA 1 AWS GRAN PREMIO DE ESPAÑA,1211,fastest_lap,https://www.formula1.com/en/results.html/2023/races/1211/spain/fastest-laps.html,19,23,ALB,Alexander Albon,Williams Mercedes,59,16:23:44,1:19.133,211.861
2023,FORMULA 1 AWS GRAN PREMIO DE ESPAÑA,1211,fastest_lap,https://www.formula1.com/en/results.html/2023/races/1211/spain/fastest-laps.html,20,2,SAR,Logan Sargeant,Williams Mercedes,41,15:59:56,1:19.247,211.556
2023,FORMULA 1 PIRELLI GRAND PRIX DU CANADA,1212,fastest_lap,https://www.formula1.com/en/results.html/2023/races/1212/canada/fastest-laps.html,1,11,PER,Sergio Perez,Red Bull Racing Honda RBPT,70,15:37:54,1:14.481,210.786
2023,FORMULA 1 PIRELLI GRAND PRIX DU CANADA,1212,fastest_lap,https://www.formula1.com/en/results.html/2023/races/1212/canada/fastest-laps.html,2,44,HAM,Lewis Hamilton,Mercedes,47,15:08:05,1:15.396,208.228
2023,FORMULA 1 PIRELLI GRAND PRIX DU CANADA,1212,fastest_lap,https://www.formula1.com/en/results.html/2023/races/1212/canada/fastest-laps.html,3,1,VER,Max Verstappen,Red Bull Racing Honda RBPT,68,15:34:31,1:15.594,207.683
2023,FORMULA 1 PIRELLI GRAND PRIX DU CANADA,1212,fastest_lap,https://www.formula1.com/en/results.html/2023/races/1212/canada/fastest-laps.html,4,14,ALO,Fernando Alonso,Aston Martin Aramco Mercedes,62,15:27:03,1:15.779,207.176
2023,FORMULA 1 PIRELLI GRAND PRIX DU CANADA,1212,fastest_lap,https://www.formula1.com/en/results.html/2023/races/1212/canada/fastest-laps.html,5,16,LEC,Charles Leclerc,Ferrari,47,15:08:09,1:15.907,206.826
2023,FORMULA 1 PIRELLI GRAND PRIX DU CANADA,1212,fastest_lap,https://www.formula1.com/en/results.html/2023/races/1212/canada/fastest-laps.html,6,55,SAI,Carlos Sainz,Ferrari,47,15:08:11,1:15.911,206.815
2023,FORMULA 1 PIRELLI GRAND PRIX DU CANADA,1212,fastest_lap,https://www.formula1.com/en/results.html/2023/races/1212/canada/fastest-laps.html,7,20,MAG,Kevin Magnussen,Haas Ferrari,55,15:20:19,1:16.126,206.231
2023,FORMULA 1 PIRELLI GRAND PRIX DU CANADA,1212,fastest_lap,https://www.formula1.com/en/results.html/2023/races/1212/canada/fastest-laps.html,8,4,NOR,Lando Norris,McLaren Mercedes,65,15:31:39,1:16.374,205.562
2023,FORMULA 1 PIRELLI GRAND PRIX DU CANADA,1212,fastest_lap,https://www.formula1.com/en/results.html/2023/races/1212/canada/fastest-laps.html,9,10,GAS,Pierre Gasly,Alpine Renault,67,15:34:18,1:16.425,205.424
2023,FORMULA 1 PIRELLI GRAND PRIX DU CANADA,1212,fastest_lap,https://www.formula1.com/en/results.html/2023/races/1212/canada/fastest-laps.html,10,18,STR,Lance Stroll,Aston Martin Aramco Mercedes,58,15:22:41,1:16.564,205.051
2023,FORMULA 1 PIRELLI GRAND PRIX DU CANADA,1212,fastest_lap,https://www.formula1.com/en/results.html/2023/races/1212/canada/fastest-laps.html,11,81,PIA,Oscar Piastri,McLaren Mercedes,59,15:24:02,1:16.598,204.960
2023,FORMULA 1 PIRELLI GRAND PRIX DU CANADA,1212,fastest_lap,https://www.formula1.com/en/results.html/2023/races/1212/canada/fastest-laps.html,12,77,BOT,Valtteri Bottas,Alfa Romeo Ferrari,52,15:14:57,1:16.625,204.888
2023,FORMULA 1 PIRELLI GRAND PRIX DU CANADA,1212,fastest_lap,https://www.formula1.com/en/results.html/2023/races/1212/canada/fastest-laps.html,13,21,DEV,Nyck De Vries,AlphaTauri Honda RBPT,52,15:16:29,1:16.656,204.805
2023,FORMULA 1 PIRELLI GRAND PRIX DU CANADA,1212,fastest_lap,https://www.formula1.com/en/results.html/2023/races/1212/canada/fastest-laps.html,14,22,TSU,Yuki Tsunoda,AlphaTauri Honda RBPT,68,15:35:43,1:16.666,204.779
2023,FORMULA 1 PIRELLI GRAND PRIX DU CANADA,1212,fastest_lap,https://www.formula1.com/en/results.html/2023/races/1212/canada/fastest-laps.html,15,31,OCO,Esteban Ocon,Alpine Renault,63,15:29:04,1:16.782,204.469
2023,FORMULA 1 PIRELLI GRAND PRIX DU CANADA,1212,fastest_lap,https://www.formula1.com/en/results.html/2023/races/1212/canada/fastest-laps.html,16,23,ALB,Alexander Albon,Williams Mercedes,68,15:35:30,1:16.917,204.110
2023,FORMULA 1 PIRELLI GRAND PRIX DU CANADA,1212,fastest_lap,https://www.formula1.com/en/results.html/2023/races/1212/canada/fastest-laps.html,17,24,ZHO,Zhou Guanyu,Alfa Romeo Ferrari,58,15:23:03,1:17.090,203.652
2023,FORMULA 1 PIRELLI GRAND PRIX DU CANADA,1212,fastest_lap,https://www.formula1.com/en/results.html/2023/races/1212/canada/fastest-laps.html,18,63,RUS,George Russell,Mercedes,44,15:04:35,1:17.097,203.634
2023,FORMULA 1 PIRELLI GRAND PRIX DU CANADA,1212,fastest_lap,https://www.formula1.com/en/results.html/2023/races/1212/canada/fastest-laps.html,19,27,HUL,Nico Hulkenberg,Haas Ferrari,37,14:55:47,1:17.232,203.278
2023,FORMULA 1 PIRELLI GRAND PRIX DU CANADA,1212,fastest_lap,https://www.formula1.com/en/results.html/2023/races/1212/canada/fastest-laps.html,20,2,SAR,Logan Sargeant,Williams Mercedes,4,14:08:36,1:18.437,200.155
2023,FORMULA 1 ROLEX GROSSER PREIS VON ÖSTERREICH,1213,fastest_lap,https://www.formula1.com/en/results.html/2023/races/1213/austria/fastest-laps.html,1,1,VER,Max Verstappen,Red Bull Racing Honda RBPT,71,16:28:21,1:07.012,231.970
2023,FORMULA 1 ROLEX GROSSER PREIS VON ÖSTERREICH,1213,fastest_lap,https://www.formula1.com/en/results.html/2023/races/1213/austria/fastest-laps.html,2,11,PER,Sergio Perez,Red Bull Racing Honda RBPT,52,16:06:44,1:08.111,228.227
2023,FORMULA 1 ROLEX GROSSER PREIS VON ÖSTERREICH,1213,fastest_lap,https://www.formula1.com/en/results.html/2023/races/1213/austria/fastest-laps.html,3,18,STR,Lance Stroll,Aston Martin Aramco Mercedes,57,16:13:15,1:08.463,227.054
2023,FORMULA 1 ROLEX GROSSER PREIS VON ÖSTERREICH,1213,fastest_lap,https://www.formula1.com/en/results.html/2023/races/1213/austria/fastest-laps.html,4,4,NOR,Lando Norris,McLaren Mercedes,48,16:02:05,1:08.739,226.142
2023,FORMULA 1 ROLEX GROSSER PREIS VON ÖSTERREICH,1213,fastest_lap,https://www.formula1.com/en/results.html/2023/races/1213/austria/fastest-laps.html,5,16,LEC,Charles Leclerc,Ferrari,51,16:05:23,1:08.820,225.876
2023,FORMULA 1 ROLEX GROSSER PREIS VON ÖSTERREICH,1213,fastest_lap,https://www.formula1.com/en/results.html/2023/races/1213/austria/fastest-laps.html,6,55,SAI,Carlos Sainz,Ferrari,50,16:04:22,1:08.880,225.679
2023,FORMULA 1 ROLEX GROSSER PREIS VON ÖSTERREICH,1213,fastest_lap,https://www.formula1.com/en/results.html/2023/races/1213/austria/fastest-laps.html,7,10,GAS,Pierre Gasly,Alpine Renault,48,16:02:34,1:09.046,225.136
2023,FORMULA 1 ROLEX GROSSER PREIS VON ÖSTERREICH,1213,fastest_lap,https://www.formula1.com/en/results.html/2023/races/1213/austria/fastest-laps.html,8,14,ALO,Fernando Alonso,Aston Martin Aramco Mercedes,54,16:09:10,1:09.108,224.934
2023,FORMULA 1 ROLEX GROSSER PREIS VON ÖSTERREICH,1213,fastest_lap,https://www.formula1.com/en/results.html/2023/races/1213/austria/fastest-laps.html,9,44,HAM,Lewis Hamilton,Mercedes,48,16:02:16,1:09.160,224.765
2023,FORMULA 1 ROLEX GROSSER PREIS VON ÖSTERREICH,1213,fastest_lap,https://www.formula1.com/en/results.html/2023/races/1213/austria/fastest-laps.html,10,63,RUS,George Russell,Mercedes,49,16:03:36,1:09.283,224.366
2023,FORMULA 1 ROLEX GROSSER PREIS VON ÖSTERREICH,1213,fastest_lap,https://www.formula1.com/en/results.html/2023/races/1213/austria/fastest-laps.html,11,23,ALB,Alexander Albon,Williams Mercedes,53,16:08:28,1:09.560,223.473
2023,FORMULA 1 ROLEX GROSSER PREIS VON ÖSTERREICH,1213,fastest_lap,https://www.formula1.com/en/results.html/2023/races/1213/austria/fastest-laps.html,12,2,SAR,Logan Sargeant,Williams Mercedes,45,15:59:20,1:09.611,223.309
2023,FORMULA 1 ROLEX GROSSER PREIS VON ÖSTERREICH,1213,fastest_lap,https://www.formula1.com/en/results.html/2023/races/1213/austria/fastest-laps.html,13,22,TSU,Yuki Tsunoda,AlphaTauri Honda RBPT,45,15:59:37,1:09.620,223.280
2023,FORMULA 1 ROLEX GROSSER PREIS VON ÖSTERREICH,1213,fastest_lap,https://www.formula1.com/en/results.html/2023/races/1213/austria/fastest-laps.html,14,24,ZHO,Zhou Guanyu,Alfa Romeo Ferrari,46,16:00:32,1:09.786,222.749
2023,FORMULA 1 ROLEX GROSSER PREIS VON ÖSTERREICH,1213,fastest_lap,https://www.formula1.com/en/results.html/2023/races/1213/austria/fastest-laps.html,15,31,OCO,Esteban Ocon,Alpine Renault,50,16:05:08,1:09.797,222.714
2023,FORMULA 1 ROLEX GROSSER PREIS VON ÖSTERREICH,1213,fastest_lap,https://www.formula1.com/en/results.html/2023/races/1213/austria/fastest-laps.html,16,21,DEV,Nyck De Vries,AlphaTauri Honda RBPT,46,16:00:33,1:09.852,222.539
2023,FORMULA 1 ROLEX GROSSER PREIS VON ÖSTERREICH,1213,fastest_lap,https://www.formula1.com/en/results.html/2023/races/1213/austria/fastest-laps.html,17,81,PIA,Oscar Piastri,McLaren Mercedes,46,16:00:48,1:09.862,222.507
2023,FORMULA 1 ROLEX GROSSER PREIS VON ÖSTERREICH,1213,fastest_lap,https://www.formula1.com/en/results.html/2023/races/1213/austria/fastest-laps.html,18,77,BOT,Valtteri Bottas,Alfa Romeo Ferrari,49,16:04:16,1:09.940,222.259
2023,FORMULA 1 ROLEX GROSSER PREIS VON ÖSTERREICH,1213,fastest_lap,https://www.formula1.com/en/results.html/2023/races/1213/austria/fastest-laps.html,19,20,MAG,Kevin Magnussen,Haas Ferrari,37,15:50:01,1:10.176,221.511
2023,FORMULA 1 ROLEX GROSSER PREIS VON ÖSTERREICH,1213,fastest_lap,https://www.formula1.com/en/results.html/2023/races/1213/austria/fastest-laps.html,20,27,HUL,Nico Hulkenberg,Haas Ferrari,7,15:12:54,1:11.066,218.737
2023,FORMULA 1 ARAMCO BRITISH,1214,fastest_lap,https://www.formula1.com/en/results.html/2023/races/1214/great-britain/fastest-laps.html,1,1,VER,Max Verstappen,Red Bull Racing Honda RBPT,42,16:13:15,1:30.275,234.922
2023,FORMULA 1 ARAMCO BRITISH,1214,fastest_lap,https://www.formula1.com/en/results.html/2023/races/1214/great-britain/fastest-laps.html,2,4,NOR,Lando Norris,McLaren Mercedes,43,16:14:49,1:30.543,234.226
2023,FORMULA 1 ARAMCO BRITISH,1214,fastest_lap,https://www.formula1.com/en/results.html/2023/races/1214/great-britain/fastest-laps.html,3,44,HAM,Lewis Hamilton,Mercedes,43,16:14:50,1:30.545,234.221
2023,FORMULA 1 ARAMCO BRITISH,1214,fastest_lap,https://www.formula1.com/en/results.html/2023/races/1214/great-britain/fastest-laps.html,4,81,PIA,Oscar Piastri,McLaren Mercedes,41,16:11:49,1:30.850,233.435
2023,FORMULA 1 ARAMCO BRITISH,1214,fastest_lap,https://www.formula1.com/en/results.html/2023/races/1214/great-britain/fastest-laps.html,5,11,PER,Sergio Perez,Red Bull Racing Honda RBPT,51,16:27:08,1:30.914,233.271
2023,FORMULA 1 ARAMCO BRITISH,1214,fastest_lap,https://www.formula1.com/en/results.html/2023/races/1214/great-britain/fastest-laps.html,6,63,RUS,George Russell,Mercedes,41,16:11:50,1:31.124,232.733
2023,FORMULA 1 ARAMCO BRITISH,1214,fastest_lap,https://www.formula1.com/en/results.html/2023/races/1214/great-britain/fastest-laps.html,7,16,LEC,Charles Leclerc,Ferrari,48,16:22:37,1:31.255,232.399
2023,FORMULA 1 ARAMCO BRITISH,1214,fastest_lap,https://www.formula1.com/en/results.html/2023/races/1214/great-britain/fastest-laps.html,8,23,ALB,Alexander Albon,Williams Mercedes,41,16:11:54,1:31.273,232.353
2023,FORMULA 1 ARAMCO BRITISH,1214,fastest_lap,https://www.formula1.com/en/results.html/2023/races/1214/great-britain/fastest-laps.html,9,14,ALO,Fernando Alonso,Aston Martin Aramco Mercedes,48,16:22:36,1:31.338,232.188
2023,FORMULA 1 ARAMCO BRITISH,1214,fastest_lap,https://www.formula1.com/en/results.html/2023/races/1214/great-britain/fastest-laps.html,10,55,SAI,Carlos Sainz,Ferrari,51,16:27:14,1:31.366,232.116
2023,FORMULA 1 ARAMCO BRITISH,1214,fastest_lap,https://www.formula1.com/en/results.html/2023/races/1214/great-britain/fastest-laps.html,11,18,STR,Lance Stroll,Aston Martin Aramco Mercedes,42,16:13:27,1:31.508,231.756
2023,FORMULA 1 ARAMCO BRITISH,1214,fastest_lap,https://www.formula1.com/en/results.html/2023/races/1214/great-britain/fastest-laps.html,12,10,GAS,Pierre Gasly,Alpine Renault,42,16:13:28,1:31.539,231.678
2023,FORMULA 1 ARAMCO BRITISH,1214,fastest_lap,https://www.formula1.com/en/results.html/2023/races/1214/great-britain/fastest-laps.html,13,2,SAR,Logan Sargeant,Williams Mercedes,42,16:13:29,1:31.699,231.274
2023,FORMULA 1 ARAMCO BRITISH,1214,fastest_lap,https://www.formula1.com/en/results.html/2023/races/1214/great-britain/fastest-laps.html,14,24,ZHO,Zhou Guanyu,Alfa Romeo Ferrari,48,16:22:47,1:31.769,231.097
2023,FORMULA 1 ARAMCO BRITISH,1214,fastest_lap,https://www.formula1.com/en/results.html/2023/races/1214/great-britain/fastest-laps.html,15,27,HUL,Nico Hulkenberg,Haas Ferrari,52,16:28:53,1:31.776,231.080
2023,FORMULA 1 ARAMCO BRITISH,1214,fastest_lap,https://www.formula1.com/en/results.html/2023/races/1214/great-britain/fastest-laps.html,16,77,BOT,Valtteri Bottas,Alfa Romeo Ferrari,52,16:28:52,1:31.852,230.888
2023,FORMULA 1 ARAMCO BRITISH,1214,fastest_lap,https://www.formula1.com/en/results.html/2023/races/1214/great-britain/fastest-laps.html,17,22,TSU,Yuki Tsunoda,AlphaTauri Honda RBPT,48,16:22:46,1:32.084,230.307
2023,FORMULA 1 ARAMCO BRITISH,1214,fastest_lap,https://www.formula1.com/en/results.html/2023/races/1214/great-britain/fastest-laps.html,18,21,DEV,Nyck De Vries,AlphaTauri Honda RBPT,48,16:22:49,1:32.353,229.636
2023,FORMULA 1 ARAMCO BRITISH,1214,fastest_lap,https://www.formula1.com/en/results.html/2023/races/1214/great-britain/fastest-laps.html,19,20,MAG,Kevin Magnussen,Haas Ferrari,29,15:48:58,1:33.356,227.169
2023,FORMULA 1 ARAMCO BRITISH,1214,fastest_lap,https://www.formula1.com/en/results.html/2023/races/1214/great-britain/fastest-laps.html,20,31,OCO,Esteban Ocon,Alpine Renault,4,15:09:35,1:33.941,225.754
2023,FORMULA 1 QATAR AIRWAYS HUNGARIAN,1215,fastest_lap,https://www.formula1.com/en/results.html/2023/races/1215/hungary/fastest-laps.html,1,1,VER,Max Verstappen,Red Bull Racing Honda RBPT,53,16:17:58,1:20.504,195.910
2023,FORMULA 1 QATAR AIRWAYS HUNGARIAN,1215,fastest_lap,https://www.formula1.com/en/results.html/2023/races/1215/hungary/fastest-laps.html,2,44,HAM,Lewis Hamilton,Mercedes,54,16:19:54,1:21.601,193.277
2023,FORMULA 1 QATAR AIRWAYS HUNGARIAN,1215,fastest_lap,https://www.formula1.com/en/results.html/2023/races/1215/hungary/fastest-laps.html,3,63,RUS,George Russell,Mercedes,48,16:11:53,1:22.158,191.966
2023,FORMULA 1 QATAR AIRWAYS HUNGARIAN,1215,fastest_lap,https://www.formula1.com/en/results.html/2023/races/1215/hungary/fastest-laps.html,4,4,NOR,Lando Norris,McLaren Mercedes,50,16:14:03,1:22.178,191.919
2023,FORMULA 1 QATAR AIRWAYS HUNGARIAN,1215,fastest_lap,https://www.formula1.com/en/results.html/2023/races/1215/hungary/fastest-laps.html,5,11,PER,Sergio Perez,Red Bull Racing Honda RBPT,53,16:18:20,1:22.295,191.647
2023,FORMULA 1 QATAR AIRWAYS HUNGARIAN,1215,fastest_lap,https://www.formula1.com/en/results.html/2023/races/1215/hungary/fastest-laps.html,6,16,LEC,Charles Leclerc,Ferrari,50,16:14:30,1:22.469,191.242
2023,FORMULA 1 QATAR AIRWAYS HUNGARIAN,1215,fastest_lap,https://www.formula1.com/en/results.html/2023/races/1215/hungary/fastest-laps.html,7,55,SAI,Carlos Sainz,Ferrari,54,16:20:06,1:22.584,190.976
2023,FORMULA 1 QATAR AIRWAYS HUNGARIAN,1215,fastest_lap,https://www.formula1.com/en/results.html/2023/races/1215/hungary/fastest-laps.html,8,81,PIA,Oscar Piastri,McLaren Mercedes,45,16:07:18,1:22.736,190.625
2023,FORMULA 1 QATAR AIRWAYS HUNGARIAN,1215,fastest_lap,https://www.formula1.com/en/results.html/2023/races/1215/hungary/fastest-laps.html,9,14,ALO,Fernando Alonso,Aston Martin Aramco Mercedes,51,16:16:08,1:22.745,190.604
2023,FORMULA 1 QATAR AIRWAYS HUNGARIAN,1215,fastest_lap,https://www.formula1.com/en/results.html/2023/races/1215/hungary/fastest-laps.html,10,22,TSU,Yuki Tsunoda,AlphaTauri Honda RBPT,68,16:40:41,1:23.269,189.405
2023,FORMULA 1 QATAR AIRWAYS HUNGARIAN,1215,fastest_lap,https://www.formula1.com/en/results.html/2023/races/1215/hungary/fastest-laps.html,11,18,STR,Lance Stroll,Aston Martin Aramco Mercedes,54,16:20:25,1:23.425,189.051
2023,FORMULA 1 QATAR AIRWAYS HUNGARIAN,1215,fastest_lap,https://www.formula1.com/en/results.html/2023/races/1215/hungary/fastest-laps.html,12,2,SAR,Logan Sargeant,Williams Mercedes,36,15:55:31,1:23.496,188.890
2023,FORMULA 1 QATAR AIRWAYS HUNGARIAN,1215,fastest_lap,https://www.formula1.com/en/results.html/2023/races/1215/hungary/fastest-laps.html,13,27,HUL,Nico Hulkenberg,Haas Ferrari,42,16:03:55,1:23.573,188.716
2023,FORMULA 1 QATAR AIRWAYS HUNGARIAN,1215,fastest_lap,https://www.formula1.com/en/results.html/2023/races/1215/hungary/fastest-laps.html,14,77,BOT,Valtteri Bottas,Alfa Romeo Ferrari,42,16:03:49,1:23.651,188.540
2023,FORMULA 1 QATAR AIRWAYS HUNGARIAN,1215,fastest_lap,https://www.formula1.com/en/results.html/2023/races/1215/hungary/fastest-laps.html,15,24,ZHO,Zhou Guanyu,Alfa Romeo Ferrari,12,15:20:56,1:23.743,188.333
2023,FORMULA 1 QATAR AIRWAYS HUNGARIAN,1215,fastest_lap,https://www.formula1.com/en/results.html/2023/races/1215/hungary/fastest-laps.html,16,20,MAG,Kevin Magnussen,Haas Ferrari,54,16:21:12,1:23.864,188.061
2023,FORMULA 1 QATAR AIRWAYS HUNGARIAN,1215,fastest_lap,https://www.formula1.com/en/results.html/2023/races/1215/hungary/fastest-laps.html,17,3,RIC,Daniel Ricciardo,AlphaTauri Honda RBPT,67,16:38:59,1:23.934,187.904
2023,FORMULA 1 QATAR AIRWAYS HUNGARIAN,1215,fastest_lap,https://www.formula1.com/en/results.html/2023/races/1215/hungary/fastest-laps.html,18,23,ALB,Alexander Albon,Williams Mercedes,54,16:20:39,1:24.051,187.643
2023,FORMULA 1 MSC CRUISES BELGIAN,1216,fastest_lap,https://www.formula1.com/en/results.html/2023/races/1216/belgium/fastest-laps.html,1,44,HAM,Lewis Hamilton,Mercedes,44,16:27:05,1:47.305,234.978
2023,FORMULA 1 MSC CRUISES BELGIAN,1216,fastest_lap,https://www.formula1.com/en/results.html/2023/races/1216/belgium/fastest-laps.html,2,1,VER,Max Verstappen,Red Bull Racing Honda RBPT,32,16:04:12,1:48.922,231.490
2023,FORMULA 1 MSC CRUISES BELGIAN,1216,fastest_lap,https://www.formula1.com/en/results.html/2023/races/1216/belgium/fastest-laps.html,3,23,ALB,Alexander Albon,Williams Mercedes,35,16:11:05,1:49.841,229.553
2023,FORMULA 1 MSC CRUISES BELGIAN,1216,fastest_lap,https://www.formula1.com/en/results.html/2023/races/1216/belgium/fastest-laps.html,4,27,HUL,Nico Hulkenberg,Haas Ferrari,26,15:54:05,1:49.907,229.415
2023,FORMULA 1 MSC CRUISES BELGIAN,1216,fastest_lap,https://www.formula1.com/en/results.html/2023/races/1216/belgium/fastest-laps.html,5,24,ZHO,Zhou Guanyu,Alfa Romeo Ferrari,27,15:56:01,1:50.188,228.830
2023,FORMULA 1 MSC CRUISES BELGIAN,1216,fastest_lap,https://www.formula1.com/en/results.html/2023/races/1216/belgium/fastest-laps.html,6,11,PER,Sergio Perez,Red Bull Racing Honda RBPT,31,16:02:33,1:50.308,228.581
2023,FORMULA 1 MSC CRUISES BELGIAN,1216,fastest_lap,https://www.formula1.com/en/results.html/2023/races/1216/belgium/fastest-laps.html,7,16,LEC,Charles Leclerc,Ferrari,30,16:00:46,1:50.436,228.316
2023,FORMULA 1 MSC CRUISES BELGIAN,1216,fastest_lap,https://www.formula1.com/en/results.html/2023/races/1216/belgium/fastest-laps.html,8,31,OCO,Esteban Ocon,Alpine Renault,27,15:55:50,1:50.439,228.310
2023,FORMULA 1 MSC CRUISES BELGIAN,1216,fastest_lap,https://www.formula1.com/en/results.html/2023/races/1216/belgium/fastest-laps.html,9,2,SAR,Logan Sargeant,Williams Mercedes,37,16:14:58,1:50.486,228.213
2023,FORMULA 1 MSC CRUISES BELGIAN,1216,fastest_lap,https://www.formula1.com/en/results.html/2023/races/1216/belgium/fastest-laps.html,10,77,BOT,Valtteri Bottas,Alfa Romeo Ferrari,26,15:54:01,1:50.515,228.153
2023,FORMULA 1 MSC CRUISES BELGIAN,1216,fastest_lap,https://www.formula1.com/en/results.html/2023/races/1216/belgium/fastest-laps.html,11,63,RUS,George Russell,Mercedes,25,15:51:55,1:50.603,227.972
2023,FORMULA 1 MSC CRUISES BELGIAN,1216,fastest_lap,https://www.formula1.com/en/results.html/2023/races/1216/belgium/fastest-laps.html,12,10,GAS,Pierre Gasly,Alpine Renault,25,15:52:04,1:50.911,227.339
2023,FORMULA 1 MSC CRUISES BELGIAN,1216,fastest_lap,https://www.formula1.com/en/results.html/2023/races/1216/belgium/fastest-laps.html,13,14,ALO,Fernando Alonso,Aston Martin Aramco Mercedes,42,16:23:29,1:50.938,227.283
2023,FORMULA 1 MSC CRUISES BELGIAN,1216,fastest_lap,https://www.formula1.com/en/results.html/2023/races/1216/belgium/fastest-laps.html,14,20,MAG,Kevin Magnussen,Haas Ferrari,27,15:55:55,1:50.993,227.171
2023,FORMULA 1 MSC CRUISES BELGIAN,1216,fastest_lap,https://www.formula1.com/en/results.html/2023/races/1216/belgium/fastest-laps.html,15,3,RIC,Daniel Ricciardo,AlphaTauri Honda RBPT,25,15:52:15,1:50.994,227.169
2023,FORMULA 1 MSC CRUISES BELGIAN,1216,fastest_lap,https://www.formula1.com/en/results.html/2023/races/1216/belgium/fastest-laps.html,16,18,STR,Lance Stroll,Aston Martin Aramco Mercedes,26,15:53:52,1:51.297,226.550
2023,FORMULA 1 MSC CRUISES BELGIAN,1216,fastest_lap,https://www.formula1.com/en/results.html/2023/races/1216/belgium/fastest-laps.html,17,22,TSU,Yuki Tsunoda,AlphaTauri Honda RBPT,26,15:53:54,1:51.394,226.353
2023,FORMULA 1 MSC CRUISES BELGIAN,1216,fastest_lap,https://www.formula1.com/en/results.html/2023/races/1216/belgium/fastest-laps.html,18,4,NOR,Lando Norris,McLaren Mercedes,26,15:53:47,1:51.682,225.769
2023,FORMULA 1 MSC CRUISES BELGIAN,1216,fastest_lap,https://www.formula1.com/en/results.html/2023/races/1216/belgium/fastest-laps.html,19,55,SAI,Carlos Sainz,Ferrari,9,15:21:24,1:53.138,222.864
2023,ITALIA,1218,fastest_lap,https://www.formula1.com/en/results.html/2023/races/1218/italy/fastest-laps.html,1,81,PIA,Oscar Piastri,McLaren Mercedes,43,16:26:44,1:25.072,245.142
2023,ITALIA,1218,fastest_lap,https://www.formula1.com/en/results.html/2023/races/1218/italy/fastest-laps.html,2,1,VER,Max Verstappen,Red Bull Racing Honda RBPT,33,16:11:11,1:25.240,244.659
2023,ITALIA,1218,fastest_lap,https://www.formula1.com/en/results.html/2023/races/1218/italy/fastest-laps.html,3,55,SAI,Carlos Sainz,Ferrari,30,16:07:01,1:25.501,243.912
2023,ITALIA,1218,fastest_lap,https://www.formula1.com/en/results.html/2023/races/1218/italy/fastest-laps.html,4,11,PER,Sergio Perez,Red Bull Racing Honda RBPT,39,16:19:54,1:25.522,243.853
2023,ITALIA,1218,fastest_lap,https://www.formula1.com/en/results.html/2023/races/1218/italy/fastest-laps.html,5,16,LEC,Charles Leclerc,Ferrari,38,16:18:30,1:25.580,243.687
2023,ITALIA,1218,fastest_lap,https://www.formula1.com/en/results.html/2023/races/1218/italy/fastest-laps.html,6,44,HAM,Lewis Hamilton,Mercedes,29,16:06:01,1:25.582,243.682
2023,ITALIA,1218,fastest_lap,https://www.formula1.com/en/results.html/2023/races/1218/italy/fastest-laps.html,7,10,GAS,Pierre Gasly,Alpine Renault,44,16:28:17,1:25.758,243.181
2023,ITALIA,1218,fastest_lap,https://www.formula1.com/en/results.html/2023/races/1218/italy/fastest-laps.html,8,40,LAW,Liam Lawson,AlphaTauri Honda RBPT,44,16:28:08,1:25.842,242.944
2023,ITALIA,1218,fastest_lap,https://www.formula1.com/en/results.html/2023/races/1218/italy/fastest-laps.html,9,63,RUS,George Russell,Mercedes,38,16:18:37,1:25.847,242.929
2023,ITALIA,1218,fastest_lap,https://www.formula1.com/en/results.html/2023/races/1218/italy/fastest-laps.html,10,27,HUL,Nico Hulkenberg,Haas Ferrari,50,16:37:05,1:25.894,242.796
2023,ITALIA,1218,fastest_lap,https://www.formula1.com/en/results.html/2023/races/1218/italy/fastest-laps.html,11,24,ZHO,Zhou Guanyu,Alfa Romeo Ferrari,35,16:15:16,1:25.983,242.545
2023,ITALIA,1218,fastest_lap,https://www.formula1.com/en/results.html/2023/races/1218/italy/fastest-laps.html,12,77,BOT,Valtteri Bottas,Alfa Romeo Ferrari,27,16:03:22,1:25.988,242.531
2023,ITALIA,1218,fastest_lap,https://www.formula1.com/en/results.html/2023/races/1218/italy/fastest-laps.html,13,14,ALO,Fernando Alonso,Aston Martin Aramco Mercedes,43,16:26:15,1:26.105,242.201
2023,ITALIA,1218,fastest_lap,https://www.formula1.com/en/results.html/2023/races/1218/italy/fastest-laps.html,14,4,NOR,Lando Norris,McLaren Mercedes,24,15:58:43,1:26.144,242.092
2023,ITALIA,1218,fastest_lap,https://www.formula1.com/en/results.html/2023/races/1218/italy/fastest-laps.html,15,20,MAG,Kevin Magnussen,Haas Ferrari,42,16:25:42,1:26.278,241.716
2023,ITALIA,1218,fastest_lap,https://www.formula1.com/en/results.html/2023/races/1218/italy/fastest-laps.html,16,23,ALB,Alexander Albon,Williams Mercedes,33,16:11:41,1:26.389,241.405
2023,ITALIA,1218,fastest_lap,https://www.formula1.com/en/results.html/2023/races/1218/italy/fastest-laps.html,17,18,STR,Lance Stroll,Aston Martin Aramco Mercedes,31,16:09:12,1:26.617,240.770
2023,ITALIA,1218,fastest_lap,https://www.formula1.com/en/results.html/2023/races/1218/italy/fastest-laps.html,18,2,SAR,Logan Sargeant,Williams Mercedes,16,15:47:15,1:26.840,240.152
2023,ITALIA,1218,fastest_lap,https://www.formula1.com/en/results.html/2023/races/1218/italy/fastest-laps.html,19,31,OCO,Esteban Ocon,Alpine Renault,33,16:12:13,1:26.963,239.812
2023,FORMULA 1 SINGAPORE AIRLINES SINGAPORE,1219,fastest_lap,https://www.formula1.com/en/results.html/2023/races/1219/singapore/fastest-laps.html,1,44,HAM,Lewis Hamilton,Mercedes,47,21:25:58,1:35.867,185.507
2023,FORMULA 1 SINGAPORE AIRLINES SINGAPORE,1219,fastest_lap,https://www.formula1.com/en/results.html/2023/races/1219/singapore/fastest-laps.html,2,63,RUS,George Russell,Mercedes,46,21:24:17,1:36.273,184.724
2023,FORMULA 1 SINGAPORE AIRLINES SINGAPORE,1219,fastest_lap,https://www.formula1.com/en/results.html/2023/races/1219/singapore/fastest-laps.html,3,14,ALO,Fernando Alonso,Aston Martin Aramco Mercedes,47,21:27:03,1:36.456,184.374
2023,FORMULA 1 SINGAPORE AIRLINES SINGAPORE,1219,fastest_lap,https://www.formula1.com/en/results.html/2023/races/1219/singapore/fastest-laps.html,4,1,VER,Max Verstappen,Red Bull Racing Honda RBPT,61,21:49:05,1:36.575,184.147
2023,FORMULA 1 SINGAPORE AIRLINES SINGAPORE,1219,fastest_lap,https://www.formula1.com/en/results.html/2023/races/1219/singapore/fastest-laps.html,5,11,PER,Sergio Perez,Red Bull Racing Honda RBPT,61,21:49:38,1:37.108,183.136
2023,FORMULA 1 SINGAPORE AIRLINES SINGAPORE,1219,fastest_lap,https://www.formula1.com/en/results.html/2023/races/1219/singapore/fastest-laps.html,6,23,ALB,Alexander Albon,Williams Mercedes,46,21:24:52,1:37.342,182.696
2023,FORMULA 1 SINGAPORE AIRLINES SINGAPORE,1219,fastest_lap,https://www.formula1.com/en/results.html/2023/races/1219/singapore/fastest-laps.html,7,55,SAI,Carlos Sainz,Ferrari,47,21:25:39,1:37.666,182.089
2023,FORMULA 1 SINGAPORE AIRLINES SINGAPORE,1219,fastest_lap,https://www.formula1.com/en/results.html/2023/races/1219/singapore/fastest-laps.html,8,4,NOR,Lando Norris,McLaren Mercedes,46,21:24:03,1:38.046,181.384
2023,FORMULA 1 SINGAPORE AIRLINES SINGAPORE,1219,fastest_lap,https://www.formula1.com/en/results.html/2023/races/1219/singapore/fastest-laps.html,9,77,BOT,Valtteri Bottas,Alfa Romeo Ferrari,51,21:33:25,1:38.075,181.330
2023,FORMULA 1 SINGAPORE AIRLINES SINGAPORE,1219,fastest_lap,https://www.formula1.com/en/results.html/2023/races/1219/singapore/fastest-laps.html,10,20,MAG,Kevin Magnussen,Haas Ferrari,48,21:28:27,1:38.107,181.271
2023,FORMULA 1 SINGAPORE AIRLINES SINGAPORE,1219,fastest_lap,https://www.formula1.com/en/results.html/2023/races/1219/singapore/fastest-laps.html,11,16,LEC,Charles Leclerc,Ferrari,46,21:24:06,1:38.275,180.961
2023,FORMULA 1 SINGAPORE AIRLINES SINGAPORE,1219,fastest_lap,https://www.formula1.com/en/results.html/2023/races/1219/singapore/fastest-laps.html,12,10,GAS,Pierre Gasly,Alpine Renault,46,21:24:30,1:38.277,180.957
2023,FORMULA 1 SINGAPORE AIRLINES SINGAPORE,1219,fastest_lap,https://www.formula1.com/en/results.html/2023/races/1219/singapore/fastest-laps.html,13,81,PIA,Oscar Piastri,McLaren Mercedes,46,21:24:33,1:38.492,180.562
2023,FORMULA 1 SINGAPORE AIRLINES SINGAPORE,1219,fastest_lap,https://www.formula1.com/en/results.html/2023/races/1219/singapore/fastest-laps.html,14,2,SAR,Logan Sargeant,Williams Mercedes,45,21:23:37,1:38.531,180.491
2023,FORMULA 1 SINGAPORE AIRLINES SINGAPORE,1219,fastest_lap,https://www.formula1.com/en/results.html/2023/races/1219/singapore/fastest-laps.html,15,40,LAW,Liam Lawson,AlphaTauri Honda RBPT,47,21:26:15,1:39.028,179.585
2023,FORMULA 1 SINGAPORE AIRLINES SINGAPORE,1219,fastest_lap,https://www.formula1.com/en/results.html/2023/races/1219/singapore/fastest-laps.html,16,24,ZHO,Zhou Guanyu,Alfa Romeo Ferrari,46,21:24:41,1:39.316,179.064
2023,FORMULA 1 SINGAPORE AIRLINES SINGAPORE,1219,fastest_lap,https://www.formula1.com/en/results.html/2023/races/1219/singapore/fastest-laps.html,17,27,HUL,Nico Hulkenberg,Haas Ferrari,50,21:31:21,1:39.923,177.977
2023,FORMULA 1 SINGAPORE AIRLINES SINGAPORE,1219,fastest_lap,https://www.formula1.com/en/results.html/2023/races/1219/singapore/fastest-laps.html,18,31,OCO,Esteban Ocon,Alpine Renault,33,21:01:42,1:39.930,177.964
2023,FORMULA 1 LENOVO JAPANESE,1220,fastest_lap,https://www.formula1.com/en/results.html/2023/races/1220/japan/fastest-laps.html,1,1,VER,Max Verstappen,Red Bull Racing Honda RBPT,39,15:12:37,1:34.183,221.963
2023,FORMULA 1 LENOVO JAPANESE,1220,fastest_lap,https://www.formula1.com/en/results.html/2023/races/1220/japan/fastest-laps.html,2,4,NOR,Lando Norris,McLaren Mercedes,40,15:14:28,1:35.247,219.484
2023,FORMULA 1 LENOVO JAPANESE,1220,fastest_lap,https://www.formula1.com/en/results.html/2023/races/1220/japan/fastest-laps.html,3,44,HAM,Lewis Hamilton,Mercedes,36,15:08:16,1:35.611,218.648
2023,FORMULA 1 LENOVO JAPANESE,1220,fastest_lap,https://www.formula1.com/en/results.html/2023/races/1220/japan/fastest-laps.html,4,55,SAI,Carlos Sainz,Ferrari,40,15:14:49,1:36.187,217.339
2023,FORMULA 1 LENOVO JAPANESE,1220,fastest_lap,https://www.formula1.com/en/results.html/2023/races/1220/japan/fastest-laps.html,5,81,PIA,Oscar Piastri,McLaren Mercedes,38,15:11:23,1:36.328,217.021
2023,FORMULA 1 LENOVO JAPANESE,1220,fastest_lap,https://www.formula1.com/en/results.html/2023/races/1220/japan/fastest-laps.html,6,16,LEC,Charles Leclerc,Ferrari,40,15:14:38,1:36.362,216.944
2023,FORMULA 1 LENOVO JAPANESE,1220,fastest_lap,https://www.formula1.com/en/results.html/2023/races/1220/japan/fastest-laps.html,7,10,GAS,Pierre Gasly,Alpine Renault,36,15:08:40,1:36.371,216.924
2023,FORMULA 1 LENOVO JAPANESE,1220,fastest_lap,https://www.formula1.com/en/results.html/2023/races/1220/japan/fastest-laps.html,8,14,ALO,Fernando Alonso,Aston Martin Aramco Mercedes,28,14:55:20,1:37.203,215.067
2023,FORMULA 1 LENOVO JAPANESE,1220,fastest_lap,https://www.formula1.com/en/results.html/2023/races/1220/japan/fastest-laps.html,9,27,HUL,Nico Hulkenberg,Haas Ferrari,44,15:22:09,1:37.250,214.963
2023,FORMULA 1 LENOVO JAPANESE,1220,fastest_lap,https://www.formula1.com/en/results.html/2023/races/1220/japan/fastest-laps.html,10,31,OCO,Esteban Ocon,Alpine Renault,34,15:05:16,1:37.398,214.636
2023,FORMULA 1 LENOVO JAPANESE,1220,fastest_lap,https://www.formula1.com/en/results.html/2023/races/1220/japan/fastest-laps.html,11,63,RUS,George Russell,Mercedes,27,14:53:20,1:37.653,214.076
2023,FORMULA 1 LENOVO JAPANESE,1220,fastest_lap,https://www.formula1.com/en/results.html/2023/races/1220/japan/fastest-laps.html,12,22,TSU,Yuki Tsunoda,AlphaTauri Honda RBPT,36,15:08:51,1:37.768,213.824
2023,FORMULA 1 LENOVO JAPANESE,1220,fastest_lap,https://www.formula1.com/en/results.html/2023/races/1220/japan/fastest-laps.html,13,24,ZHO,Zhou Guanyu,Alfa Romeo Ferrari,45,15:23:40,1:37.791,213.774
2023,FORMULA 1 LENOVO JAPANESE,1220,fastest_lap,https://www.formula1.com/en/results.html/2023/races/1220/japan/fastest-laps.html,14,20,MAG,Kevin Magnussen,Haas Ferrari,41,15:17:22,1:37.842,213.662
2023,FORMULA 1 LENOVO JAPANESE,1220,fastest_lap,https://www.formula1.com/en/results.html/2023/races/1220/japan/fastest-laps.html,15,40,LAW,Liam Lawson,AlphaTauri Honda RBPT,50,15:31:47,1:38.267,212.738
2023,FORMULA 1 LENOVO JAPANESE,1220,fastest_lap,https://www.formula1.com/en/results.html/2023/races/1220/japan/fastest-laps.html,16,2,SAR,Logan Sargeant,Williams Mercedes,7,14:20:23,1:38.848,211.488
2023,FORMULA 1 LENOVO JAPANESE,1220,fastest_lap,https://www.formula1.com/en/results.html/2023/races/1220/japan/fastest-laps.html,17,18,STR,Lance Stroll,Aston Martin Aramco Mercedes,16,14:35:16,1:39.050,211.057
2023,FORMULA 1 LENOVO JAPANESE,1220,fastest_lap,https://www.formula1.com/en/results.html/2023/races/1220/japan/fastest-laps.html,18,23,ALB,Alexander Albon,Williams Mercedes,15,14:34:07,1:39.185,210.769
2023,FORMULA 1 LENOVO JAPANESE,1220,fastest_lap,https://www.formula1.com/en/results.html/2023/races/1220/japan/fastest-laps.html,19,11,PER,Sergio Perez,Red Bull Racing Honda RBPT,8,14:21:20,1:39.704,209.672
2023,FORMULA 1 LENOVO JAPANESE,1220,fastest_lap,https://www.formula1.com/en/results.html/2023/races/1220/japan/fastest-laps.html,20,77,BOT,Valtteri Bottas,Alfa Romeo Ferrari,5,14:16:43,2:02.755,170.300
2023,FORMULA 1 QATAR AIRWAYS QATAR,1221,fastest_lap,https://www.formula1.com/en/results.html/2023/races/1221/qatar/fastest-laps.html,1,1,VER,Max Verstappen,Red Bull Racing Honda RBPT,56,21:29:47,1:24.319,231.364
2023,FORMULA 1 QATAR AIRWAYS QATAR,1221,fastest_lap,https://www.formula1.com/en/results.html/2023/races/1221/qatar/fastest-laps.html,2,4,NOR,Lando Norris,McLaren Mercedes,47,21:17:06,1:24.842,229.938
2023,FORMULA 1 QATAR AIRWAYS QATAR,1221,fastest_lap,https://www.formula1.com/en/results.html/2023/races/1221/qatar/fastest-laps.html,3,81,PIA,Oscar Piastri,McLaren Mercedes,48,21:18:29,1:24.921,229.724
2023,FORMULA 1 QATAR AIRWAYS QATAR,1221,fastest_lap,https://www.formula1.com/en/results.html/2023/races/1221/qatar/fastest-laps.html,4,16,LEC,Charles Leclerc,Ferrari,57,21:31:51,1:24.992,229.532
2023,FORMULA 1 QATAR AIRWAYS QATAR,1221,fastest_lap,https://www.formula1.com/en/results.html/2023/races/1221/qatar/fastest-laps.html,5,63,RUS,George Russell,Mercedes,35,20:59:39,1:25.770,227.450
2023,FORMULA 1 QATAR AIRWAYS QATAR,1221,fastest_lap,https://www.formula1.com/en/results.html/2023/races/1221/qatar/fastest-laps.html,6,14,ALO,Fernando Alonso,Aston Martin Aramco Mercedes,57,21:32:01,1:26.045,226.723
2023,FORMULA 1 QATAR AIRWAYS QATAR,1221,fastest_lap,https://www.formula1.com/en/results.html/2023/races/1221/qatar/fastest-laps.html,7,11,PER,Sergio Perez,Red Bull Racing Honda RBPT,50,21:22:17,1:26.220,226.263
2023,FORMULA 1 QATAR AIRWAYS QATAR,1221,fastest_lap,https://www.formula1.com/en/results.html/2023/races/1221/qatar/fastest-laps.html,8,10,GAS,Pierre Gasly,Alpine Renault,49,21:20:48,1:26.310,226.027
2023,FORMULA 1 QATAR AIRWAYS QATAR,1221,fastest_lap,https://www.formula1.com/en/results.html/2023/races/1221/qatar/fastest-laps.html,9,24,ZHO,Zhou Guanyu,Alfa Romeo Ferrari,54,21:28:08,1:26.323,225.993
2023,FORMULA 1 QATAR AIRWAYS QATAR,1221,fastest_lap,https://www.formula1.com/en/results.html/2023/races/1221/qatar/fastest-laps.html,10,18,STR,Lance Stroll,Aston Martin Aramco Mercedes,55,21:29:31,1:26.352,225.917
2023,FORMULA 1 QATAR AIRWAYS QATAR,1221,fastest_lap,https://www.formula1.com/en/results.html/2023/races/1221/qatar/fastest-laps.html,11,31,OCO,Esteban Ocon,Alpine Renault,42,21:10:00,1:26.450,225.661
2023,FORMULA 1 QATAR AIRWAYS QATAR,1221,fastest_lap,https://www.formula1.com/en/results.html/2023/races/1221/qatar/fastest-laps.html,12,27,HUL,Nico Hulkenberg,Haas Ferrari,45,21:15:25,1:26.489,225.559
2023,FORMULA 1 QATAR AIRWAYS QATAR,1221,fastest_lap,https://www.formula1.com/en/results.html/2023/races/1221/qatar/fastest-laps.html,13,77,BOT,Valtteri Bottas,Alfa Romeo Ferrari,54,21:27:58,1:26.652,225.135
2023,FORMULA 1 QATAR AIRWAYS QATAR,1221,fastest_lap,https://www.formula1.com/en/results.html/2023/races/1221/qatar/fastest-laps.html,14,23,ALB,Alexander Albon,Williams Mercedes,57,21:32:33,1:26.666,225.098
2023,FORMULA 1 QATAR AIRWAYS QATAR,1221,fastest_lap,https://www.formula1.com/en/results.html/2023/races/1221/qatar/fastest-laps.html,15,20,MAG,Kevin Magnussen,Haas Ferrari,46,21:16:36,1:27.067,224.061
2023,FORMULA 1 QATAR AIRWAYS QATAR,1221,fastest_lap,https://www.formula1.com/en/results.html/2023/races/1221/qatar/fastest-laps.html,16,40,LAW,Liam Lawson,AlphaTauri Honda RBPT,54,21:28:44,1:27.113,223.943
2023,FORMULA 1 QATAR AIRWAYS QATAR,1221,fastest_lap,https://www.formula1.com/en/results.html/2023/races/1221/qatar/fastest-laps.html,17,22,TSU,Yuki Tsunoda,AlphaTauri Honda RBPT,55,21:29:51,1:27.174,223.786
2023,FORMULA 1 QATAR AIRWAYS QATAR,1221,fastest_lap,https://www.formula1.com/en/results.html/2023/races/1221/qatar/fastest-laps.html,18,2,SAR,Logan Sargeant,Williams Mercedes,31,20:54:19,1:27.983,221.729
2023,FORMULA 1 LENOVO UNITED STATES,1222,fastest_lap,https://www.formula1.com/en/results.html/2023/races/1222/united-states/fastest-laps.html,1,22,TSU,Yuki Tsunoda,AlphaTauri Honda RBPT,56,15:40:17,1:38.139,202.231
2023,FORMULA 1 LENOVO UNITED STATES,1222,fastest_lap,https://www.formula1.com/en/results.html/2023/races/1222/united-states/fastest-laps.html,2,3,RIC,Daniel Ricciardo,AlphaTauri Honda RBPT,49,15:29:02,1:39.366,199.734
2023,FORMULA 1 LENOVO UNITED STATES,1222,fastest_lap,https://www.formula1.com/en/results.html/2023/races/1222/united-states/fastest-laps.html,3,63,RUS,George Russell,Mercedes,48,15:26:06,1:39.393,199.680
2023,FORMULA 1 LENOVO UNITED STATES,1222,fastest_lap,https://www.formula1.com/en/results.html/2023/races/1222/united-states/fastest-laps.html,4,44,HAM,Lewis Hamilton,Mercedes,42,15:15:42,1:39.582,199.301
2023,FORMULA 1 LENOVO UNITED STATES,1222,fastest_lap,https://www.formula1.com/en/results.html/2023/races/1222/united-states/fastest-laps.html,5,11,PER,Sergio Perez,Red Bull Racing Honda RBPT,40,15:12:29,1:39.737,198.991
2023,FORMULA 1 LENOVO UNITED STATES,1222,fastest_lap,https://www.formula1.com/en/results.html/2023/races/1222/united-states/fastest-laps.html,6,18,STR,Lance Stroll,Aston Martin Aramco Mercedes,48,15:26:28,1:39.908,198.650
2023,FORMULA 1 LENOVO UNITED STATES,1222,fastest_lap,https://www.formula1.com/en/results.html/2023/races/1222/united-states/fastest-laps.html,7,14,ALO,Fernando Alonso,Aston Martin Aramco Mercedes,47,15:24:44,1:39.954,198.559
2023,FORMULA 1 LENOVO UNITED STATES,1222,fastest_lap,https://www.formula1.com/en/results.html/2023/races/1222/united-states/fastest-laps.html,8,4,NOR,Lando Norris,McLaren Mercedes,39,15:10:37,1:39.985,198.497
2023,FORMULA 1 LENOVO UNITED STATES,1222,fastest_lap,https://www.formula1.com/en/results.html/2023/races/1222/united-states/fastest-laps.html,9,1,VER,Max Verstappen,Red Bull Racing Honda RBPT,40,15:12:15,1:40.028,198.412
2023,FORMULA 1 LENOVO UNITED STATES,1222,fastest_lap,https://www.formula1.com/en/results.html/2023/races/1222/united-states/fastest-laps.html,10,55,SAI,Carlos Sainz,Ferrari,51,15:30:53,1:40.034,198.400
2023,FORMULA 1 LENOVO UNITED STATES,1222,fastest_lap,https://www.formula1.com/en/results.html/2023/races/1222/united-states/fastest-laps.html,11,10,GAS,Pierre Gasly,Alpine Renault,47,15:24:41,1:40.412,197.653
2023,FORMULA 1 LENOVO UNITED STATES,1222,fastest_lap,https://www.formula1.com/en/results.html/2023/races/1222/united-states/fastest-laps.html,12,27,HUL,Nico Hulkenberg,Haas Ferrari,45,15:21:45,1:40.925,196.648
2023,FORMULA 1 LENOVO UNITED STATES,1222,fastest_lap,https://www.formula1.com/en/results.html/2023/races/1222/united-states/fastest-laps.html,13,16,LEC,Charles Leclerc,Ferrari,38,15:08:55,1:41.025,196.454
2023,FORMULA 1 LENOVO UNITED STATES,1222,fastest_lap,https://www.formula1.com/en/results.html/2023/races/1222/united-states/fastest-laps.html,14,2,SAR,Logan Sargeant,Williams Mercedes,34,15:03:09,1:41.238,196.041
2023,FORMULA 1 LENOVO UNITED STATES,1222,fastest_lap,https://www.formula1.com/en/results.html/2023/races/1222/united-states/fastest-laps.html,15,23,ALB,Alexander Albon,Williams Mercedes,40,15:13:11,1:41.371,195.783
2023,FORMULA 1 LENOVO UNITED STATES,1222,fastest_lap,https://www.formula1.com/en/results.html/2023/races/1222/united-states/fastest-laps.html,16,20,MAG,Kevin Magnussen,Haas Ferrari,41,15:15:14,1:41.506,195.523
2023,FORMULA 1 LENOVO UNITED STATES,1222,fastest_lap,https://www.formula1.com/en/results.html/2023/races/1222/united-states/fastest-laps.html,17,24,ZHO,Zhou Guanyu,Alfa Romeo Ferrari,51,15:32:13,1:41.879,194.807
2023,FORMULA 1 LENOVO UNITED STATES,1222,fastest_lap,https://www.formula1.com/en/results.html/2023/races/1222/united-states/fastest-laps.html,18,77,BOT,Valtteri Bottas,Alfa Romeo Ferrari,54,15:37:14,1:41.972,194.629
2023,FORMULA 1 LENOVO UNITED STATES,1222,fastest_lap,https://www.formula1.com/en/results.html/2023/races/1222/united-states/fastest-laps.html,19,81,PIA,Oscar Piastri,McLaren Mercedes,5,14:12:19,1:42.705,193.240
2023,FORMULA 1 LENOVO UNITED STATES,1222,fastest_lap,https://www.formula1.com/en/results.html/2023/races/1222/united-states/fastest-laps.html,20,31,OCO,Esteban Ocon,Alpine Renault,2,14:07:13,1:44.789,189.397
2023,FORMULA 1 GRAN PREMIO DE LA CIUDAD DE MÉXICO,1223,fastest_lap,https://www.formula1.com/en/results.html/2023/races/1223/mexico/fastest-laps.html,1,44,HAM,Lewis Hamilton,Mercedes,71,16:06:02,1:21.334,190.503
2023,FORMULA 1 GRAN PREMIO DE LA CIUDAD DE MÉXICO,1223,fastest_lap,https://www.formula1.com/en/results.html/2023/races/1223/mexico/fastest-laps.html,2,1,VER,Max Verstappen,Red Bull Racing Honda RBPT,40,15:23:19,1:21.644,189.780
2023,FORMULA 1 GRAN PREMIO DE LA CIUDAD DE MÉXICO,1223,fastest_lap,https://www.formula1.com/en/results.html/2023/races/1223/mexico/fastest-laps.html,3,4,NOR,Lando Norris,McLaren Mercedes,71,16:06:22,1:21.944,189.085
2023,FORMULA 1 GRAN PREMIO DE LA CIUDAD DE MÉXICO,1223,fastest_lap,https://www.formula1.com/en/results.html/2023/races/1223/mexico/fastest-laps.html,4,16,LEC,Charles Leclerc,Ferrari,38,15:20:37,1:22.332,188.194
2023,FORMULA 1 GRAN PREMIO DE LA CIUDAD DE MÉXICO,1223,fastest_lap,https://www.formula1.com/en/results.html/2023/races/1223/mexico/fastest-laps.html,5,22,TSU,Yuki Tsunoda,AlphaTauri Honda RBPT,11,14:19:49,1:22.501,187.808
2023,FORMULA 1 GRAN PREMIO DE LA CIUDAD DE MÉXICO,1223,fastest_lap,https://www.formula1.com/en/results.html/2023/races/1223/mexico/fastest-laps.html,6,55,SAI,Carlos Sainz,Ferrari,57,15:46:57,1:22.539,187.722
2023,FORMULA 1 GRAN PREMIO DE LA CIUDAD DE MÉXICO,1223,fastest_lap,https://www.formula1.com/en/results.html/2023/races/1223/mexico/fastest-laps.html,7,3,RIC,Daniel Ricciardo,AlphaTauri Honda RBPT,66,15:59:32,1:22.679,187.404
2023,FORMULA 1 GRAN PREMIO DE LA CIUDAD DE MÉXICO,1223,fastest_lap,https://www.formula1.com/en/results.html/2023/races/1223/mexico/fastest-laps.html,8,81,PIA,Oscar Piastri,McLaren Mercedes,53,15:41:33,1:22.760,187.220
2023,FORMULA 1 GRAN PREMIO DE LA CIUDAD DE MÉXICO,1223,fastest_lap,https://www.formula1.com/en/results.html/2023/races/1223/mexico/fastest-laps.html,9,23,ALB,Alexander Albon,Williams Mercedes,65,15:58:20,1:22.773,187.191
2023,FORMULA 1 GRAN PREMIO DE LA CIUDAD DE MÉXICO,1223,fastest_lap,https://www.formula1.com/en/results.html/2023/races/1223/mexico/fastest-laps.html,10,63,RUS,George Russell,Mercedes,38,15:20:40,1:22.780,187.175
2023,FORMULA 1 GRAN PREMIO DE LA CIUDAD DE MÉXICO,1223,fastest_lap,https://www.formula1.com/en/results.html/2023/races/1223/mexico/fastest-laps.html,11,31,OCO,Esteban Ocon,Alpine Renault,66,15:59:55,1:22.976,186.733
2023,FORMULA 1 GRAN PREMIO DE LA CIUDAD DE MÉXICO,1223,fastest_lap,https://www.formula1.com/en/results.html/2023/races/1223/mexico/fastest-laps.html,12,2,SAR,Logan Sargeant,Williams Mercedes,24,14:38:12,1:23.003,186.672
2023,FORMULA 1 GRAN PREMIO DE LA CIUDAD DE MÉXICO,1223,fastest_lap,https://www.formula1.com/en/results.html/2023/races/1223/mexico/fastest-laps.html,13,20,MAG,Kevin Magnussen,Haas Ferrari,25,14:39:37,1:23.146,186.351
2023,FORMULA 1 GRAN PREMIO DE LA CIUDAD DE MÉXICO,1223,fastest_lap,https://www.formula1.com/en/results.html/2023/races/1223/mexico/fastest-laps.html,14,77,BOT,Valtteri Bottas,Alfa Romeo Ferrari,43,15:27:45,1:23.166,186.306
2023,FORMULA 1 GRAN PREMIO DE LA CIUDAD DE MÉXICO,1223,fastest_lap,https://www.formula1.com/en/results.html/2023/races/1223/mexico/fastest-laps.html,15,27,HUL,Nico Hulkenberg,Haas Ferrari,43,15:27:41,1:23.222,186.181
2023,FORMULA 1 GRAN PREMIO DE LA CIUDAD DE MÉXICO,1223,fastest_lap,https://www.formula1.com/en/results.html/2023/races/1223/mexico/fastest-laps.html,16,10,GAS,Pierre Gasly,Alpine Renault,43,15:27:43,1:23.230,186.163
2023,FORMULA 1 GRAN PREMIO DE LA CIUDAD DE MÉXICO,1223,fastest_lap,https://www.formula1.com/en/results.html/2023/races/1223/mexico/fastest-laps.html,17,18,STR,Lance Stroll,Aston Martin Aramco Mercedes,43,15:27:46,1:23.257,186.103
2023,FORMULA 1 GRAN PREMIO DE LA CIUDAD DE MÉXICO,1223,fastest_lap,https://www.formula1.com/en/results.html/2023/races/1223/mexico/fastest-laps.html,18,14,ALO,Fernando Alonso,Aston Martin Aramco Mercedes,40,15:23:39,1:23.531,185.492
2023,FORMULA 1 GRAN PREMIO DE LA CIUDAD DE MÉXICO,1223,fastest_lap,https://www.formula1.com/en/results.html/2023/races/1223/mexico/fastest-laps.html,19,24,ZHO,Zhou Guanyu,Alfa Romeo Ferrari,39,15:22:14,1:23.567,185.412
2023,FORMULA 1 ROLEX GRANDE PRÊMIO DE SÃO PAULO,1224,fastest_lap,https://www.formula1.com/en/results.html/2023/races/1224/brazil/fastest-laps.html,1,4,NOR,Lando Norris,McLaren Mercedes,61,15:48:03,1:12.486,214.005
2023,FORMULA 1 ROLEX GRANDE PRÊMIO DE SÃO PAULO,1224,fastest_lap,https://www.formula1.com/en/results.html/2023/races/1224/brazil/fastest-laps.html,2,1,VER,Max Verstappen,Red Bull Racing Honda RBPT,68,15:56:30,1:13.422,211.277
2023,FORMULA 1 ROLEX GRANDE PRÊMIO DE SÃO PAULO,1224,fastest_lap,https://www.formula1.com/en/results.html/2023/races/1224/brazil/fastest-laps.html,3,3,RIC,Daniel Ricciardo,AlphaTauri Honda RBPT,68,15:58:53,1:13.866,210.007
2023,FORMULA 1 ROLEX GRANDE PRÊMIO DE SÃO PAULO,1224,fastest_lap,https://www.formula1.com/en/results.html/2023/races/1224/brazil/fastest-laps.html,4,18,STR,Lance Stroll,Aston Martin Aramco Mercedes,67,15:55:54,1:14.007,209.607
2023,FORMULA 1 ROLEX GRANDE PRÊMIO DE SÃO PAULO,1224,fastest_lap,https://www.formula1.com/en/results.html/2023/races/1224/brazil/fastest-laps.html,5,11,PER,Sergio Perez,Red Bull Racing Honda RBPT,55,15:40:48,1:14.124,209.276
2023,FORMULA 1 ROLEX GRANDE PRÊMIO DE SÃO PAULO,1224,fastest_lap,https://www.formula1.com/en/results.html/2023/races/1224/brazil/fastest-laps.html,6,31,OCO,Esteban Ocon,Alpine Renault,53,15:39:01,1:14.206,209.045
2023,FORMULA 1 ROLEX GRANDE PRÊMIO DE SÃO PAULO,1224,fastest_lap,https://www.formula1.com/en/results.html/2023/races/1224/brazil/fastest-laps.html,7,22,TSU,Yuki Tsunoda,AlphaTauri Honda RBPT,64,15:52:36,1:14.231,208.974
2023,FORMULA 1 ROLEX GRANDE PRÊMIO DE SÃO PAULO,1224,fastest_lap,https://www.formula1.com/en/results.html/2023/races/1224/brazil/fastest-laps.html,8,81,PIA,Oscar Piastri,McLaren Mercedes,66,15:56:28,1:14.310,208.752
2023,FORMULA 1 ROLEX GRANDE PRÊMIO DE SÃO PAULO,1224,fastest_lap,https://www.formula1.com/en/results.html/2023/races/1224/brazil/fastest-laps.html,9,55,SAI,Carlos Sainz,Ferrari,59,15:46:04,1:14.406,208.483
2023,FORMULA 1 ROLEX GRANDE PRÊMIO DE SÃO PAULO,1224,fastest_lap,https://www.formula1.com/en/results.html/2023/races/1224/brazil/fastest-laps.html,10,14,ALO,Fernando Alonso,Aston Martin Aramco Mercedes,54,15:39:33,1:14.442,208.382
2023,FORMULA 1 ROLEX GRANDE PRÊMIO DE SÃO PAULO,1224,fastest_lap,https://www.formula1.com/en/results.html/2023/races/1224/brazil/fastest-laps.html,11,10,GAS,Pierre Gasly,Alpine Renault,48,15:32:21,1:14.521,208.161
2023,FORMULA 1 ROLEX GRANDE PRÊMIO DE SÃO PAULO,1224,fastest_lap,https://www.formula1.com/en/results.html/2023/races/1224/brazil/fastest-laps.html,12,44,HAM,Lewis Hamilton,Mercedes,59,15:46:09,1:14.739,207.554
2023,FORMULA 1 ROLEX GRANDE PRÊMIO DE SÃO PAULO,1224,fastest_lap,https://www.formula1.com/en/results.html/2023/races/1224/brazil/fastest-laps.html,13,63,RUS,George Russell,Mercedes,55,15:41:17,1:14.934,207.014
2023,FORMULA 1 ROLEX GRANDE PRÊMIO DE SÃO PAULO,1224,fastest_lap,https://www.formula1.com/en/results.html/2023/races/1224/brazil/fastest-laps.html,14,27,HUL,Nico Hulkenberg,Haas Ferrari,66,15:55:40,1:15.036,206.732
2023,FORMULA 1 ROLEX GRANDE PRÊMIO DE SÃO PAULO,1224,fastest_lap,https://www.formula1.com/en/results.html/2023/races/1224/brazil/fastest-laps.html,15,77,BOT,Valtteri Bottas,Alfa Romeo Ferrari,20,14:56:24,1:15.731,204.835
2023,FORMULA 1 ROLEX GRANDE PRÊMIO DE SÃO PAULO,1224,fastest_lap,https://www.formula1.com/en/results.html/2023/races/1224/brazil/fastest-laps.html,16,2,SAR,Logan Sargeant,Williams Mercedes,51,15:36:29,1:15.738,204.816
2023,FORMULA 1 ROLEX GRANDE PRÊMIO DE SÃO PAULO,1224,fastest_lap,https://www.formula1.com/en/results.html/2023/races/1224/brazil/fastest-laps.html,17,24,ZHO,Zhou Guanyu,Alfa Romeo Ferrari,17,14:52:35,1:16.232,203.489
2023,FORMULA 1 HEINEKEN SILVER LAS VEGAS,1225,fastest_lap,https://www.formula1.com/en/results.html/2023/races/1225/las-vegas/fastest-laps.html,1,81,PIA,Oscar Piastri,McLaren Mercedes,47,23:28:54,1:35.490,233.779
2023,FORMULA 1 HEINEKEN SILVER LAS VEGAS,1225,fastest_lap,https://www.formula1.com/en/results.html/2023/races/1225/las-vegas/fastest-laps.html,2,1,VER,Max Verstappen,Red Bull Racing Honda RBPT,44,23:23:34,1:35.614,233.476
2023,FORMULA 1 HEINEKEN SILVER LAS VEGAS,1225,fastest_lap,https://www.formula1.com/en/results.html/2023/races/1225/las-vegas/fastest-laps.html,3,16,LEC,Charles Leclerc,Ferrari,50,23:33:15,1:35.669,233.342
2023,FORMULA 1 HEINEKEN SILVER LAS VEGAS,1225,fastest_lap,https://www.formula1.com/en/results.html/2023/races/1225/las-vegas/fastest-laps.html,4,44,HAM,Lewis Hamilton,Mercedes,48,23:30:22,1:35.716,233.227
2023,FORMULA 1 HEINEKEN SILVER LAS VEGAS,1225,fastest_lap,https://www.formula1.com/en/results.html/2023/races/1225/las-vegas/fastest-laps.html,5,11,PER,Sergio Perez,Red Bull Racing Honda RBPT,40,23:17:12,1:35.939,232.685
2023,FORMULA 1 HEINEKEN SILVER LAS VEGAS,1225,fastest_lap,https://www.formula1.com/en/results.html/2023/races/1225/las-vegas/fastest-laps.html,6,55,SAI,Carlos Sainz,Ferrari,47,23:28:44,1:35.984,232.576
2023,FORMULA 1 HEINEKEN SILVER LAS VEGAS,1225,fastest_lap,https://www.formula1.com/en/results.html/2023/races/1225/las-vegas/fastest-laps.html,7,63,RUS,George Russell,Mercedes,44,23:23:53,1:36.071,232.365
2023,FORMULA 1 HEINEKEN SILVER LAS VEGAS,1225,fastest_lap,https://www.formula1.com/en/results.html/2023/races/1225/las-vegas/fastest-laps.html,8,14,ALO,Fernando Alonso,Aston Martin Aramco Mercedes,42,23:20:42,1:36.559,231.191
2023,FORMULA 1 HEINEKEN SILVER LAS VEGAS,1225,fastest_lap,https://www.formula1.com/en/results.html/2023/races/1225/las-vegas/fastest-laps.html,9,18,STR,Lance Stroll,Aston Martin Aramco Mercedes,45,23:25:28,1:36.584,231.131
2023,FORMULA 1 HEINEKEN SILVER LAS VEGAS,1225,fastest_lap,https://www.formula1.com/en/results.html/2023/races/1225/las-vegas/fastest-laps.html,10,31,OCO,Esteban Ocon,Alpine Renault,47,23:28:40,1:36.637,231.004
2023,FORMULA 1 HEINEKEN SILVER LAS VEGAS,1225,fastest_lap,https://www.formula1.com/en/results.html/2023/races/1225/las-vegas/fastest-laps.html,11,10,GAS,Pierre Gasly,Alpine Renault,37,23:12:30,1:36.913,230.346
2023,FORMULA 1 HEINEKEN SILVER LAS VEGAS,1225,fastest_lap,https://www.formula1.com/en/results.html/2023/races/1225/las-vegas/fastest-laps.html,12,3,RIC,Daniel Ricciardo,AlphaTauri Honda RBPT,50,23:34:01,1:37.108,229.884
2023,FORMULA 1 HEINEKEN SILVER LAS VEGAS,1225,fastest_lap,https://www.formula1.com/en/results.html/2023/races/1225/las-vegas/fastest-laps.html,13,23,ALB,Alexander Albon,Williams Mercedes,50,23:33:56,1:37.357,229.296
2023,FORMULA 1 HEINEKEN SILVER LAS VEGAS,1225,fastest_lap,https://www.formula1.com/en/results.html/2023/races/1225/las-vegas/fastest-laps.html,14,24,ZHO,Zhou Guanyu,Alfa Romeo Ferrari,32,23:04:27,1:37.375,229.253
2023,FORMULA 1 HEINEKEN SILVER LAS VEGAS,1225,fastest_lap,https://www.formula1.com/en/results.html/2023/races/1225/las-vegas/fastest-laps.html,15,20,MAG,Kevin Magnussen,Haas Ferrari,50,23:33:58,1:37.455,229.065
2023,FORMULA 1 HEINEKEN SILVER LAS VEGAS,1225,fastest_lap,https://www.formula1.com/en/results.html/2023/races/1225/las-vegas/fastest-laps.html,16,77,BOT,Valtteri Bottas,Alfa Romeo Ferrari,49,23:32:59,1:37.562,228.814
2023,FORMULA 1 HEINEKEN SILVER LAS VEGAS,1225,fastest_lap,https://www.formula1.com/en/results.html/2023/races/1225/las-vegas/fastest-laps.html,17,27,HUL,Nico Hulkenberg,Haas Ferrari,43,23:22:32,1:37.565,228.807
2023,FORMULA 1 HEINEKEN SILVER LAS VEGAS,1225,fastest_lap,https://www.formula1.com/en/results.html/2023/races/1225/las-vegas/fastest-laps.html,18,22,TSU,Yuki Tsunoda,AlphaTauri Honda RBPT,45,23:26:05,1:37.587,228.755
2023,FORMULA 1 HEINEKEN SILVER LAS VEGAS,1225,fastest_lap,https://www.formula1.com/en/results.html/2023/races/1225/las-vegas/fastest-laps.html,19,2,SAR,Logan Sargeant,Williams Mercedes,32,23:04:28,1:37.740,228.397
2023,FORMULA 1 HEINEKEN SILVER LAS VEGAS,1225,fastest_lap,https://www.formula1.com/en/results.html/2023/races/1225/las-vegas/fastest-laps.html,20,4,NOR,Lando Norris,McLaren Mercedes,2,22:08:14,1:59.327,187.079
2023,FORMULA 1 ETIHAD AIRWAYS ABU DHABI,1226,fastest_lap,https://www.formula1.com/en/results.html/2023/races/1226/abu-dhabi/fastest-laps.html,1,1,VER,Max Verstappen,Red Bull Racing Honda RBPT,45,18:11:25,1:26.993,218.541
2023,FORMULA 1 ETIHAD AIRWAYS ABU DHABI,1226,fastest_lap,https://www.formula1.com/en/results.html/2023/races/1226/abu-dhabi/fastest-laps.html,2,11,PER,Sergio Perez,Red Bull Racing Honda RBPT,44,18:10:12,1:27.493,217.292
2023,FORMULA 1 ETIHAD AIRWAYS ABU DHABI,1226,fastest_lap,https://www.formula1.com/en/results.html/2023/races/1226/abu-dhabi/fastest-laps.html,3,23,ALB,Alexander Albon,Williams Mercedes,45,18:12:27,1:27.845,216.422
2023,FORMULA 1 ETIHAD AIRWAYS ABU DHABI,1226,fastest_lap,https://www.formula1.com/en/results.html/2023/races/1226/abu-dhabi/fastest-laps.html,4,18,STR,Lance Stroll,Aston Martin Aramco Mercedes,44,18:10:37,1:28.050,215.918
2023,FORMULA 1 ETIHAD AIRWAYS ABU DHABI,1226,fastest_lap,https://www.formula1.com/en/results.html/2023/races/1226/abu-dhabi/fastest-laps.html,5,81,PIA,Oscar Piastri,McLaren Mercedes,38,18:01:25,1:28.138,215.702
2023,FORMULA 1 ETIHAD AIRWAYS ABU DHABI,1226,fastest_lap,https://www.formula1.com/en/results.html/2023/races/1226/abu-dhabi/fastest-laps.html,6,4,NOR,Lando Norris,McLaren Mercedes,45,18:11:39,1:28.164,215.639
2023,FORMULA 1 ETIHAD AIRWAYS ABU DHABI,1226,fastest_lap,https://www.formula1.com/en/results.html/2023/races/1226/abu-dhabi/fastest-laps.html,7,63,RUS,George Russell,Mercedes,45,18:11:35,1:28.187,215.582
2023,FORMULA 1 ETIHAD AIRWAYS ABU DHABI,1226,fastest_lap,https://www.formula1.com/en/results.html/2023/races/1226/abu-dhabi/fastest-laps.html,8,16,LEC,Charles Leclerc,Ferrari,44,18:10:03,1:28.199,215.553
2023,FORMULA 1 ETIHAD AIRWAYS ABU DHABI,1226,fastest_lap,https://www.formula1.com/en/results.html/2023/races/1226/abu-dhabi/fastest-laps.html,9,14,ALO,Fernando Alonso,Aston Martin Aramco Mercedes,42,18:07:26,1:28.256,215.414
2023,FORMULA 1 ETIHAD AIRWAYS ABU DHABI,1226,fastest_lap,https://www.formula1.com/en/results.html/2023/races/1226/abu-dhabi/fastest-laps.html,10,44,HAM,Lewis Hamilton,Mercedes,52,18:22:17,1:28.372,215.131
2023,FORMULA 1 ETIHAD AIRWAYS ABU DHABI,1226,fastest_lap,https://www.formula1.com/en/results.html/2023/races/1226/abu-dhabi/fastest-laps.html,11,3,RIC,Daniel Ricciardo,AlphaTauri Honda RBPT,47,18:15:06,1:28.571,214.648
2023,FORMULA 1 ETIHAD AIRWAYS ABU DHABI,1226,fastest_lap,https://www.formula1.com/en/results.html/2023/races/1226/abu-dhabi/fastest-laps.html,12,2,SAR,Logan Sargeant,Williams Mercedes,43,18:09:39,1:28.580,214.626
2023,FORMULA 1 ETIHAD AIRWAYS ABU DHABI,1226,fastest_lap,https://www.formula1.com/en/results.html/2023/races/1226/abu-dhabi/fastest-laps.html,13,24,ZHO,Zhou Guanyu,Alfa Romeo Ferrari,43,18:09:29,1:28.746,214.224
2023,FORMULA 1 ETIHAD AIRWAYS ABU DHABI,1226,fastest_lap,https://www.formula1.com/en/results.html/2023/races/1226/abu-dhabi/fastest-laps.html,14,10,GAS,Pierre Gasly,Alpine Renault,35,17:57:16,1:29.016,213.575
2023,FORMULA 1 ETIHAD AIRWAYS ABU DHABI,1226,fastest_lap,https://www.formula1.com/en/results.html/2023/races/1226/abu-dhabi/fastest-laps.html,15,27,HUL,Nico Hulkenberg,Haas Ferrari,58,18:31:51,1:29.217,213.093
2023,FORMULA 1 ETIHAD AIRWAYS ABU DHABI,1226,fastest_lap,https://www.formula1.com/en/results.html/2023/races/1226/abu-dhabi/fastest-laps.html,16,22,TSU,Yuki Tsunoda,AlphaTauri Honda RBPT,55,18:26:40,1:29.256,213.000
2023,FORMULA 1 ETIHAD AIRWAYS ABU DHABI,1226,fastest_lap,https://www.formula1.com/en/results.html/2023/races/1226/abu-dhabi/fastest-laps.html,17,55,SAI,Carlos Sainz,Ferrari,42,18:07:23,1:29.452,212.534
2023,FORMULA 1 ETIHAD AIRWAYS ABU DHABI,1226,fastest_lap,https://www.formula1.com/en/results.html/2023/races/1226/abu-dhabi/fastest-laps.html,18,77,BOT,Valtteri Bottas,Alfa Romeo Ferrari,42,18:07:59,1:29.863,211.562
2023,FORMULA 1 ETIHAD AIRWAYS ABU DHABI,1226,fastest_lap,https://www.formula1.com/en/results.html/2023/races/1226/abu-dhabi/fastest-laps.html,19,20,MAG,Kevin Magnussen,Haas Ferrari,46,18:14:04,1:29.934,211.395
2023,FORMULA 1 ETIHAD AIRWAYS ABU DHABI,1226,fastest_lap,https://www.formula1.com/en/results.html/2023/races/1226/abu-dhabi/fastest-laps.html,20,31,OCO,Esteban Ocon,Alpine Renault,34,17:55:22,1:30.033,211.162
