year,race_name,race_id,result_type,url,position,driver_number,driver_code,driver_name,team,laps,lap_time,gap
2021,FORMULA 1 GULF AIR BAHRAIN,1064,practice_1,https://www.formula1.com/en/results.html/2021/races/1064/bahrain/practice-1.html,1,33,VER,Max Verstappen,Red Bull Racing Honda,12,1:31.394,
2021,FORMULA 1 GULF AIR BAHRAIN,1064,practice_1,https://www.formula1.com/en/results.html/2021/races/1064/bahrain/practice-1.html,2,77,BOT,Valtteri Bottas,Mercedes,17,1:31.692,+0.298s
2021,FORMULA 1 GULF AIR BAHRAIN,1064,practice_1,https://www.formula1.com/en/results.html/2021/races/1064/bahrain/practice-1.html,3,4,NOR,Lando Norris,McLaren Mercedes,20,1:31.897,+0.503s
2021,FORMULA 1 GULF AIR BAHRAIN,1064,practice_1,https://www.formula1.com/en/results.html/2021/races/1064/bahrain/practice-1.html,4,44,HAM,Lewis Hamilton,Mercedes,15,1:31.921,+0.527s
2021,FORMULA 1 GULF AIR BAHRAIN,1064,practice_1,https://www.formula1.com/en/results.html/2021/races/1064/bahrain/practice-1.html,5,16,LEC,Charles Leclerc,Ferrari,14,1:31.993,+0.599s
2021,FORMULA 1 GULF AIR BAHRAIN,1064,practice_1,https://www.formula1.com/en/results.html/2021/races/1064/bahrain/practice-1.html,6,11,PER,Sergio Perez,Red Bull Racing Honda,15,1:32.071,+0.677s
2021,FORMULA 1 GULF AIR BAHRAIN,1064,practice_1,https://www.formula1.com/en/results.html/2021/races/1064/bahrain/practice-1.html,7,10,GAS,Pierre Gasly,AlphaTauri Honda,23,1:32.195,+0.801s
2021,FORMULA 1 GULF AIR BAHRAIN,1064,practice_1,https://www.formula1.com/en/results.html/2021/races/1064/bahrain/practice-1.html,8,55,SAI,Carlos Sainz,Ferrari,15,1:32.366,+0.972s
2021,FORMULA 1 GULF AIR BAHRAIN,1064,practice_1,https://www.formula1.com/en/results.html/2021/races/1064/bahrain/practice-1.html,9,3,RIC,Daniel Ricciardo,McLaren Mercedes,20,1:32.434,+1.040s
2021,FORMULA 1 GULF AIR BAHRAIN,1064,practice_1,https://www.formula1.com/en/results.html/2021/races/1064/bahrain/practice-1.html,10,99,GIO,Antonio Giovinazzi,Alfa Romeo Racing Ferrari,16,1:32.786,+1.392s
2021,FORMULA 1 GULF AIR BAHRAIN,1064,practice_1,https://www.formula1.com/en/results.html/2021/races/1064/bahrain/practice-1.html,11,7,RAI,Kimi Räikkönen,Alfa Romeo Racing Ferrari,18,1:33.134,+1.740s
2021,FORMULA 1 GULF AIR BAHRAIN,1064,practice_1,https://www.formula1.com/en/results.html/2021/races/1064/bahrain/practice-1.html,12,5,VET,Sebastian Vettel,Aston Martin Mercedes,21,1:33.157,+1.763s
2021,FORMULA 1 GULF AIR BAHRAIN,1064,practice_1,https://www.formula1.com/en/results.html/2021/races/1064/bahrain/practice-1.html,13,18,STR,Lance Stroll,Aston Martin Mercedes,20,1:33.233,+1.839s
2021,FORMULA 1 GULF AIR BAHRAIN,1064,practice_1,https://www.formula1.com/en/results.html/2021/races/1064/bahrain/practice-1.html,14,22,TSU,Yuki Tsunoda,AlphaTauri Honda,21,1:33.329,+1.935s
2021,FORMULA 1 GULF AIR BAHRAIN,1064,practice_1,https://www.formula1.com/en/results.html/2021/races/1064/bahrain/practice-1.html,15,31,OCO,Esteban Ocon,Alpine Renault,20,1:33.528,+2.134s
2021,FORMULA 1 GULF AIR BAHRAIN,1064,practice_1,https://www.formula1.com/en/results.html/2021/races/1064/bahrain/practice-1.html,16,14,ALO,Fernando Alonso,Alpine Renault,18,1:33.872,+2.478s
2021,FORMULA 1 GULF AIR BAHRAIN,1064,practice_1,https://www.formula1.com/en/results.html/2021/races/1064/bahrain/practice-1.html,17,63,RUS,George Russell,Williams Mercedes,22,1:34.127,+2.733s
2021,FORMULA 1 GULF AIR BAHRAIN,1064,practice_1,https://www.formula1.com/en/results.html/2021/races/1064/bahrain/practice-1.html,18,6,LAT,Nicholas Latifi,Williams Mercedes,22,1:34.340,+2.946s
2021,FORMULA 1 GULF AIR BAHRAIN,1064,practice_1,https://www.formula1.com/en/results.html/2021/races/1064/bahrain/practice-1.html,19,47,MSC,Mick Schumacher,Haas Ferrari,16,1:34.501,+3.107s
2021,FORMULA 1 GULF AIR BAHRAIN,1064,practice_1,https://www.formula1.com/en/results.html/2021/races/1064/bahrain/practice-1.html,20,9,MAZ,Nikita Mazepin,Haas Ferrari,16,1:34.975,+3.581s
2021,EMILIA ROMAGNA,1065,practice_1,https://www.formula1.com/en/results.html/2021/races/1065/emilia-romagna/practice-1.html,1,77,BOT,Valtteri Bottas,Mercedes,23,1:16.564,
2021,EMILIA ROMAGNA,1065,practice_1,https://www.formula1.com/en/results.html/2021/races/1065/emilia-romagna/practice-1.html,2,44,HAM,Lewis Hamilton,Mercedes,25,1:16.605,+0.041s
2021,EMILIA ROMAGNA,1065,practice_1,https://www.formula1.com/en/results.html/2021/races/1065/emilia-romagna/practice-1.html,3,33,VER,Max Verstappen,Red Bull Racing Honda,21,1:16.622,+0.058s
2021,EMILIA ROMAGNA,1065,practice_1,https://www.formula1.com/en/results.html/2021/races/1065/emilia-romagna/practice-1.html,4,10,GAS,Pierre Gasly,AlphaTauri Honda,21,1:16.888,+0.324s
2021,EMILIA ROMAGNA,1065,practice_1,https://www.formula1.com/en/results.html/2021/races/1065/emilia-romagna/practice-1.html,5,55,SAI,Carlos Sainz,Ferrari,26,1:16.888,+0.324s
2021,EMILIA ROMAGNA,1065,practice_1,https://www.formula1.com/en/results.html/2021/races/1065/emilia-romagna/practice-1.html,6,16,LEC,Charles Leclerc,Ferrari,13,1:16.909,+0.345s
2021,EMILIA ROMAGNA,1065,practice_1,https://www.formula1.com/en/results.html/2021/races/1065/emilia-romagna/practice-1.html,7,14,ALO,Fernando Alonso,Alpine Renault,23,1:17.457,+0.893s
2021,EMILIA ROMAGNA,1065,practice_1,https://www.formula1.com/en/results.html/2021/races/1065/emilia-romagna/practice-1.html,8,18,STR,Lance Stroll,Aston Martin Mercedes,19,1:17.489,+0.925s
2021,EMILIA ROMAGNA,1065,practice_1,https://www.formula1.com/en/results.html/2021/races/1065/emilia-romagna/practice-1.html,9,6,LAT,Nicholas Latifi,Williams Mercedes,24,1:17.739,+1.175s
2021,EMILIA ROMAGNA,1065,practice_1,https://www.formula1.com/en/results.html/2021/races/1065/emilia-romagna/practice-1.html,10,3,RIC,Daniel Ricciardo,McLaren Mercedes,23,1:17.769,+1.205s
2021,EMILIA ROMAGNA,1065,practice_1,https://www.formula1.com/en/results.html/2021/races/1065/emilia-romagna/practice-1.html,11,63,RUS,George Russell,Williams Mercedes,25,1:17.866,+1.302s
2021,EMILIA ROMAGNA,1065,practice_1,https://www.formula1.com/en/results.html/2021/races/1065/emilia-romagna/practice-1.html,12,7,RAI,Kimi Räikkönen,Alfa Romeo Racing Ferrari,16,1:17.883,+1.319s
2021,EMILIA ROMAGNA,1065,practice_1,https://www.formula1.com/en/results.html/2021/races/1065/emilia-romagna/practice-1.html,13,4,NOR,Lando Norris,McLaren Mercedes,16,1:17.935,+1.371s
2021,EMILIA ROMAGNA,1065,practice_1,https://www.formula1.com/en/results.html/2021/races/1065/emilia-romagna/practice-1.html,14,5,VET,Sebastian Vettel,Aston Martin Mercedes,23,1:17.984,+1.420s
2021,EMILIA ROMAGNA,1065,practice_1,https://www.formula1.com/en/results.html/2021/races/1065/emilia-romagna/practice-1.html,15,99,GIO,Antonio Giovinazzi,Alfa Romeo Racing Ferrari,24,1:18.058,+1.494s
2021,EMILIA ROMAGNA,1065,practice_1,https://www.formula1.com/en/results.html/2021/races/1065/emilia-romagna/practice-1.html,16,11,PER,Sergio Perez,Red Bull Racing Honda,15,1:18.228,+1.664s
2021,EMILIA ROMAGNA,1065,practice_1,https://www.formula1.com/en/results.html/2021/races/1065/emilia-romagna/practice-1.html,17,31,OCO,Esteban Ocon,Alpine Renault,20,1:18.360,+1.796s
2021,EMILIA ROMAGNA,1065,practice_1,https://www.formula1.com/en/results.html/2021/races/1065/emilia-romagna/practice-1.html,18,9,MAZ,Nikita Mazepin,Haas Ferrari,22,1:18.823,+2.259s
2021,EMILIA ROMAGNA,1065,practice_1,https://www.formula1.com/en/results.html/2021/races/1065/emilia-romagna/practice-1.html,19,47,MSC,Mick Schumacher,Haas Ferrari,18,1:19.480,+2.916s
2021,EMILIA ROMAGNA,1065,practice_1,https://www.formula1.com/en/results.html/2021/races/1065/emilia-romagna/practice-1.html,20,22,TSU,Yuki Tsunoda,AlphaTauri Honda,11,1:19.781,+3.217s
2021,FORMULA 1 HEINEKEN GRANDE PRÉMIO DE PORTUGAL,1066,practice_1,https://www.formula1.com/en/results.html/2021/races/1066/portugal/practice-1.html,1,77,BOT,Valtteri Bottas,Mercedes,31,1:19.648,
2021,FORMULA 1 HEINEKEN GRANDE PRÉMIO DE PORTUGAL,1066,practice_1,https://www.formula1.com/en/results.html/2021/races/1066/portugal/practice-1.html,2,33,VER,Max Verstappen,Red Bull Racing Honda,23,1:19.673,+0.025s
2021,FORMULA 1 HEINEKEN GRANDE PRÉMIO DE PORTUGAL,1066,practice_1,https://www.formula1.com/en/results.html/2021/races/1066/portugal/practice-1.html,3,11,PER,Sergio Perez,Red Bull Racing Honda,22,1:19.846,+0.198s
2021,FORMULA 1 HEINEKEN GRANDE PRÉMIO DE PORTUGAL,1066,practice_1,https://www.formula1.com/en/results.html/2021/races/1066/portugal/practice-1.html,4,16,LEC,Charles Leclerc,Ferrari,27,1:19.884,+0.236s
2021,FORMULA 1 HEINEKEN GRANDE PRÉMIO DE PORTUGAL,1066,practice_1,https://www.formula1.com/en/results.html/2021/races/1066/portugal/practice-1.html,5,44,HAM,Lewis Hamilton,Mercedes,32,1:19.967,+0.319s
2021,FORMULA 1 HEINEKEN GRANDE PRÉMIO DE PORTUGAL,1066,practice_1,https://www.formula1.com/en/results.html/2021/races/1066/portugal/practice-1.html,6,10,GAS,Pierre Gasly,AlphaTauri Honda,31,1:20.444,+0.796s
2021,FORMULA 1 HEINEKEN GRANDE PRÉMIO DE PORTUGAL,1066,practice_1,https://www.formula1.com/en/results.html/2021/races/1066/portugal/practice-1.html,7,63,RUS,George Russell,Williams Mercedes,29,1:20.529,+0.881s
2021,FORMULA 1 HEINEKEN GRANDE PRÉMIO DE PORTUGAL,1066,practice_1,https://www.formula1.com/en/results.html/2021/races/1066/portugal/practice-1.html,8,4,NOR,Lando Norris,McLaren Mercedes,26,1:20.635,+0.987s
2021,FORMULA 1 HEINEKEN GRANDE PRÉMIO DE PORTUGAL,1066,practice_1,https://www.formula1.com/en/results.html/2021/races/1066/portugal/practice-1.html,9,55,SAI,Carlos Sainz,Ferrari,27,1:20.680,+1.032s
2021,FORMULA 1 HEINEKEN GRANDE PRÉMIO DE PORTUGAL,1066,practice_1,https://www.formula1.com/en/results.html/2021/races/1066/portugal/practice-1.html,10,31,OCO,Esteban Ocon,Alpine Renault,27,1:20.800,+1.152s
2021,FORMULA 1 HEINEKEN GRANDE PRÉMIO DE PORTUGAL,1066,practice_1,https://www.formula1.com/en/results.html/2021/races/1066/portugal/practice-1.html,11,18,STR,Lance Stroll,Aston Martin Mercedes,29,1:20.894,+1.246s
2021,FORMULA 1 HEINEKEN GRANDE PRÉMIO DE PORTUGAL,1066,practice_1,https://www.formula1.com/en/results.html/2021/races/1066/portugal/practice-1.html,12,3,RIC,Daniel Ricciardo,McLaren Mercedes,31,1:20.995,+1.347s
2021,FORMULA 1 HEINEKEN GRANDE PRÉMIO DE PORTUGAL,1066,practice_1,https://www.formula1.com/en/results.html/2021/races/1066/portugal/practice-1.html,13,22,TSU,Yuki Tsunoda,AlphaTauri Honda,28,1:21.090,+1.442s
2021,FORMULA 1 HEINEKEN GRANDE PRÉMIO DE PORTUGAL,1066,practice_1,https://www.formula1.com/en/results.html/2021/races/1066/portugal/practice-1.html,14,14,ALO,Fernando Alonso,Alpine Renault,31,1:21.303,+1.655s
2021,FORMULA 1 HEINEKEN GRANDE PRÉMIO DE PORTUGAL,1066,practice_1,https://www.formula1.com/en/results.html/2021/races/1066/portugal/practice-1.html,15,7,RAI,Kimi Räikkönen,Alfa Romeo Racing Ferrari,25,1:21.381,+1.733s
2021,FORMULA 1 HEINEKEN GRANDE PRÉMIO DE PORTUGAL,1066,practice_1,https://www.formula1.com/en/results.html/2021/races/1066/portugal/practice-1.html,16,5,VET,Sebastian Vettel,Aston Martin Mercedes,31,1:21.405,+1.757s
2021,FORMULA 1 HEINEKEN GRANDE PRÉMIO DE PORTUGAL,1066,practice_1,https://www.formula1.com/en/results.html/2021/races/1066/portugal/practice-1.html,17,98,ILO,Callum Ilott,Alfa Romeo Racing Ferrari,21,1:21.806,+2.158s
2021,FORMULA 1 HEINEKEN GRANDE PRÉMIO DE PORTUGAL,1066,practice_1,https://www.formula1.com/en/results.html/2021/races/1066/portugal/practice-1.html,18,47,MSC,Mick Schumacher,Haas Ferrari,29,1:21.939,+2.291s
2021,FORMULA 1 HEINEKEN GRANDE PRÉMIO DE PORTUGAL,1066,practice_1,https://www.formula1.com/en/results.html/2021/races/1066/portugal/practice-1.html,19,6,LAT,Nicholas Latifi,Williams Mercedes,29,1:22.293,+2.645s
2021,FORMULA 1 HEINEKEN GRANDE PRÉMIO DE PORTUGAL,1066,practice_1,https://www.formula1.com/en/results.html/2021/races/1066/portugal/practice-1.html,20,9,MAZ,Nikita Mazepin,Haas Ferrari,29,1:24.224,+4.576s
2021,FORMULA 1 GRAND PRIX DE MONACO,1067,practice_1,https://www.formula1.com/en/results.html/2021/races/1067/monaco/practice-1.html,1,11,PER,Sergio Perez,Red Bull Racing Honda,36,1:12.487,
2021,FORMULA 1 GRAND PRIX DE MONACO,1067,practice_1,https://www.formula1.com/en/results.html/2021/races/1067/monaco/practice-1.html,2,55,SAI,Carlos Sainz,Ferrari,32,1:12.606,+0.119s
2021,FORMULA 1 GRAND PRIX DE MONACO,1067,practice_1,https://www.formula1.com/en/results.html/2021/races/1067/monaco/practice-1.html,3,33,VER,Max Verstappen,Red Bull Racing Honda,39,1:12.648,+0.161s
2021,FORMULA 1 GRAND PRIX DE MONACO,1067,practice_1,https://www.formula1.com/en/results.html/2021/races/1067/monaco/practice-1.html,4,10,GAS,Pierre Gasly,AlphaTauri Honda,37,1:12.929,+0.442s
2021,FORMULA 1 GRAND PRIX DE MONACO,1067,practice_1,https://www.formula1.com/en/results.html/2021/races/1067/monaco/practice-1.html,5,44,HAM,Lewis Hamilton,Mercedes,34,1:12.995,+0.508s
2021,FORMULA 1 GRAND PRIX DE MONACO,1067,practice_1,https://www.formula1.com/en/results.html/2021/races/1067/monaco/practice-1.html,6,77,BOT,Valtteri Bottas,Mercedes,36,1:13.131,+0.644s
2021,FORMULA 1 GRAND PRIX DE MONACO,1067,practice_1,https://www.formula1.com/en/results.html/2021/races/1067/monaco/practice-1.html,7,4,NOR,Lando Norris,McLaren Mercedes,31,1:13.236,+0.749s
2021,FORMULA 1 GRAND PRIX DE MONACO,1067,practice_1,https://www.formula1.com/en/results.html/2021/races/1067/monaco/practice-1.html,8,5,VET,Sebastian Vettel,Aston Martin Mercedes,33,1:13.732,+1.245s
2021,FORMULA 1 GRAND PRIX DE MONACO,1067,practice_1,https://www.formula1.com/en/results.html/2021/races/1067/monaco/practice-1.html,9,22,TSU,Yuki Tsunoda,AlphaTauri Honda,39,1:13.746,+1.259s
2021,FORMULA 1 GRAND PRIX DE MONACO,1067,practice_1,https://www.formula1.com/en/results.html/2021/races/1067/monaco/practice-1.html,10,7,RAI,Kimi Räikkönen,Alfa Romeo Racing Ferrari,31,1:14.081,+1.594s
2021,FORMULA 1 GRAND PRIX DE MONACO,1067,practice_1,https://www.formula1.com/en/results.html/2021/races/1067/monaco/practice-1.html,11,18,STR,Lance Stroll,Aston Martin Mercedes,33,1:14.090,+1.603s
2021,FORMULA 1 GRAND PRIX DE MONACO,1067,practice_1,https://www.formula1.com/en/results.html/2021/races/1067/monaco/practice-1.html,12,99,GIO,Antonio Giovinazzi,Alfa Romeo Racing Ferrari,27,1:14.106,+1.619s
2021,FORMULA 1 GRAND PRIX DE MONACO,1067,practice_1,https://www.formula1.com/en/results.html/2021/races/1067/monaco/practice-1.html,13,14,ALO,Fernando Alonso,Alpine Renault,37,1:14.205,+1.718s
2021,FORMULA 1 GRAND PRIX DE MONACO,1067,practice_1,https://www.formula1.com/en/results.html/2021/races/1067/monaco/practice-1.html,14,6,LAT,Nicholas Latifi,Williams Mercedes,41,1:14.268,+1.781s
2021,FORMULA 1 GRAND PRIX DE MONACO,1067,practice_1,https://www.formula1.com/en/results.html/2021/races/1067/monaco/practice-1.html,15,3,RIC,Daniel Ricciardo,McLaren Mercedes,36,1:14.281,+1.794s
2021,FORMULA 1 GRAND PRIX DE MONACO,1067,practice_1,https://www.formula1.com/en/results.html/2021/races/1067/monaco/practice-1.html,16,31,OCO,Esteban Ocon,Alpine Renault,37,1:14.320,+1.833s
2021,FORMULA 1 GRAND PRIX DE MONACO,1067,practice_1,https://www.formula1.com/en/results.html/2021/races/1067/monaco/practice-1.html,17,9,MAZ,Nikita Mazepin,Haas Ferrari,33,1:14.616,+2.129s
2021,FORMULA 1 GRAND PRIX DE MONACO,1067,practice_1,https://www.formula1.com/en/results.html/2021/races/1067/monaco/practice-1.html,18,47,MSC,Mick Schumacher,Haas Ferrari,35,1:14.801,+2.314s
2021,FORMULA 1 GRAND PRIX DE MONACO,1067,practice_1,https://www.formula1.com/en/results.html/2021/races/1067/monaco/practice-1.html,19,63,RUS,George Russell,Williams Mercedes,35,1:14.840,+2.353s
2021,FORMULA 1 GRAND PRIX DE MONACO,1067,practice_1,https://www.formula1.com/en/results.html/2021/races/1067/monaco/practice-1.html,20,16,LEC,Charles Leclerc,Ferrari,4,1:19.618,+7.131s
2021,FORMULA 1 AZERBAIJAN,1068,practice_1,https://www.formula1.com/en/results.html/2021/races/1068/azerbaijan/practice-1.html,1,33,VER,Max Verstappen,Red Bull Racing Honda,19,1:43.184,
2021,FORMULA 1 AZERBAIJAN,1068,practice_1,https://www.formula1.com/en/results.html/2021/races/1068/azerbaijan/practice-1.html,2,16,LEC,Charles Leclerc,Ferrari,20,1:43.227,+0.043s
2021,FORMULA 1 AZERBAIJAN,1068,practice_1,https://www.formula1.com/en/results.html/2021/races/1068/azerbaijan/practice-1.html,3,55,SAI,Carlos Sainz,Ferrari,20,1:43.521,+0.337s
2021,FORMULA 1 AZERBAIJAN,1068,practice_1,https://www.formula1.com/en/results.html/2021/races/1068/azerbaijan/practice-1.html,4,11,PER,Sergio Perez,Red Bull Racing Honda,17,1:43.630,+0.446s
2021,FORMULA 1 AZERBAIJAN,1068,practice_1,https://www.formula1.com/en/results.html/2021/races/1068/azerbaijan/practice-1.html,5,3,RIC,Daniel Ricciardo,McLaren Mercedes,25,1:43.732,+0.548s
2021,FORMULA 1 AZERBAIJAN,1068,practice_1,https://www.formula1.com/en/results.html/2021/races/1068/azerbaijan/practice-1.html,6,10,GAS,Pierre Gasly,AlphaTauri Honda,23,1:43.757,+0.573s
2021,FORMULA 1 AZERBAIJAN,1068,practice_1,https://www.formula1.com/en/results.html/2021/races/1068/azerbaijan/practice-1.html,7,44,HAM,Lewis Hamilton,Mercedes,20,1:43.893,+0.709s
2021,FORMULA 1 AZERBAIJAN,1068,practice_1,https://www.formula1.com/en/results.html/2021/races/1068/azerbaijan/practice-1.html,8,4,NOR,Lando Norris,McLaren Mercedes,20,1:43.996,+0.812s
2021,FORMULA 1 AZERBAIJAN,1068,practice_1,https://www.formula1.com/en/results.html/2021/races/1068/azerbaijan/practice-1.html,9,14,ALO,Fernando Alonso,Alpine Renault,25,1:44.777,+1.593s
2021,FORMULA 1 AZERBAIJAN,1068,practice_1,https://www.formula1.com/en/results.html/2021/races/1068/azerbaijan/practice-1.html,10,77,BOT,Valtteri Bottas,Mercedes,20,1:44.891,+1.707s
2021,FORMULA 1 AZERBAIJAN,1068,practice_1,https://www.formula1.com/en/results.html/2021/races/1068/azerbaijan/practice-1.html,11,7,RAI,Kimi Räikkönen,Alfa Romeo Racing Ferrari,18,1:44.943,+1.759s
2021,FORMULA 1 AZERBAIJAN,1068,practice_1,https://www.formula1.com/en/results.html/2021/races/1068/azerbaijan/practice-1.html,12,99,GIO,Antonio Giovinazzi,Alfa Romeo Racing Ferrari,20,1:45.092,+1.908s
2021,FORMULA 1 AZERBAIJAN,1068,practice_1,https://www.formula1.com/en/results.html/2021/races/1068/azerbaijan/practice-1.html,13,18,STR,Lance Stroll,Aston Martin Mercedes,23,1:45.234,+2.050s
2021,FORMULA 1 AZERBAIJAN,1068,practice_1,https://www.formula1.com/en/results.html/2021/races/1068/azerbaijan/practice-1.html,14,22,TSU,Yuki Tsunoda,AlphaTauri Honda,25,1:45.384,+2.200s
2021,FORMULA 1 AZERBAIJAN,1068,practice_1,https://www.formula1.com/en/results.html/2021/races/1068/azerbaijan/practice-1.html,15,5,VET,Sebastian Vettel,Aston Martin Mercedes,24,1:45.415,+2.231s
2021,FORMULA 1 AZERBAIJAN,1068,practice_1,https://www.formula1.com/en/results.html/2021/races/1068/azerbaijan/practice-1.html,16,31,OCO,Esteban Ocon,Alpine Renault,23,1:45.446,+2.262s
2021,FORMULA 1 AZERBAIJAN,1068,practice_1,https://www.formula1.com/en/results.html/2021/races/1068/azerbaijan/practice-1.html,17,63,RUS,George Russell,Williams Mercedes,24,1:45.452,+2.268s
2021,FORMULA 1 AZERBAIJAN,1068,practice_1,https://www.formula1.com/en/results.html/2021/races/1068/azerbaijan/practice-1.html,18,6,LAT,Nicholas Latifi,Williams Mercedes,22,1:45.774,+2.590s
2021,FORMULA 1 AZERBAIJAN,1068,practice_1,https://www.formula1.com/en/results.html/2021/races/1068/azerbaijan/practice-1.html,19,47,MSC,Mick Schumacher,Haas Ferrari,20,1:46.899,+3.715s
2021,FORMULA 1 AZERBAIJAN,1068,practice_1,https://www.formula1.com/en/results.html/2021/races/1068/azerbaijan/practice-1.html,20,9,MAZ,Nikita Mazepin,Haas Ferrari,18,1:46.945,+3.761s
2021,FORMULA 1 EMIRATES GRAND PRIX DE FRANCE,1070,practice_1,https://www.formula1.com/en/results.html/2021/races/1070/france/practice-1.html,1,77,BOT,Valtteri Bottas,Mercedes,24,1:33.448,
2021,FORMULA 1 EMIRATES GRAND PRIX DE FRANCE,1070,practice_1,https://www.formula1.com/en/results.html/2021/races/1070/france/practice-1.html,2,44,HAM,Lewis Hamilton,Mercedes,21,1:33.783,+0.335s
2021,FORMULA 1 EMIRATES GRAND PRIX DE FRANCE,1070,practice_1,https://www.formula1.com/en/results.html/2021/races/1070/france/practice-1.html,3,33,VER,Max Verstappen,Red Bull Racing Honda,23,1:33.880,+0.432s
2021,FORMULA 1 EMIRATES GRAND PRIX DE FRANCE,1070,practice_1,https://www.formula1.com/en/results.html/2021/races/1070/france/practice-1.html,4,11,PER,Sergio Perez,Red Bull Racing Honda,25,1:34.193,+0.745s
2021,FORMULA 1 EMIRATES GRAND PRIX DE FRANCE,1070,practice_1,https://www.formula1.com/en/results.html/2021/races/1070/france/practice-1.html,5,31,OCO,Esteban Ocon,Alpine Renault,25,1:34.329,+0.881s
2021,FORMULA 1 EMIRATES GRAND PRIX DE FRANCE,1070,practice_1,https://www.formula1.com/en/results.html/2021/races/1070/france/practice-1.html,6,3,RIC,Daniel Ricciardo,McLaren Mercedes,24,1:34.644,+1.196s
2021,FORMULA 1 EMIRATES GRAND PRIX DE FRANCE,1070,practice_1,https://www.formula1.com/en/results.html/2021/races/1070/france/practice-1.html,7,14,ALO,Fernando Alonso,Alpine Renault,21,1:34.693,+1.245s
2021,FORMULA 1 EMIRATES GRAND PRIX DE FRANCE,1070,practice_1,https://www.formula1.com/en/results.html/2021/races/1070/france/practice-1.html,8,10,GAS,Pierre Gasly,AlphaTauri Honda,20,1:34.699,+1.251s
2021,FORMULA 1 EMIRATES GRAND PRIX DE FRANCE,1070,practice_1,https://www.formula1.com/en/results.html/2021/races/1070/france/practice-1.html,9,4,NOR,Lando Norris,McLaren Mercedes,21,1:34.707,+1.259s
2021,FORMULA 1 EMIRATES GRAND PRIX DE FRANCE,1070,practice_1,https://www.formula1.com/en/results.html/2021/races/1070/france/practice-1.html,10,22,TSU,Yuki Tsunoda,AlphaTauri Honda,22,1:34.847,+1.399s
2021,FORMULA 1 EMIRATES GRAND PRIX DE FRANCE,1070,practice_1,https://www.formula1.com/en/results.html/2021/races/1070/france/practice-1.html,11,16,LEC,Charles Leclerc,Ferrari,24,1:34.950,+1.502s
2021,FORMULA 1 EMIRATES GRAND PRIX DE FRANCE,1070,practice_1,https://www.formula1.com/en/results.html/2021/races/1070/france/practice-1.html,12,99,GIO,Antonio Giovinazzi,Alfa Romeo Racing Ferrari,23,1:35.116,+1.668s
2021,FORMULA 1 EMIRATES GRAND PRIX DE FRANCE,1070,practice_1,https://www.formula1.com/en/results.html/2021/races/1070/france/practice-1.html,13,7,RAI,Kimi Räikkönen,Alfa Romeo Racing Ferrari,20,1:35.135,+1.687s
2021,FORMULA 1 EMIRATES GRAND PRIX DE FRANCE,1070,practice_1,https://www.formula1.com/en/results.html/2021/races/1070/france/practice-1.html,14,18,STR,Lance Stroll,Aston Martin Mercedes,23,1:35.275,+1.827s
2021,FORMULA 1 EMIRATES GRAND PRIX DE FRANCE,1070,practice_1,https://www.formula1.com/en/results.html/2021/races/1070/france/practice-1.html,15,5,VET,Sebastian Vettel,Aston Martin Mercedes,16,1:35.289,+1.841s
2021,FORMULA 1 EMIRATES GRAND PRIX DE FRANCE,1070,practice_1,https://www.formula1.com/en/results.html/2021/races/1070/france/practice-1.html,16,55,SAI,Carlos Sainz,Ferrari,24,1:35.342,+1.894s
2021,FORMULA 1 EMIRATES GRAND PRIX DE FRANCE,1070,practice_1,https://www.formula1.com/en/results.html/2021/races/1070/france/practice-1.html,17,6,LAT,Nicholas Latifi,Williams Mercedes,22,1:35.612,+2.164s
2021,FORMULA 1 EMIRATES GRAND PRIX DE FRANCE,1070,practice_1,https://www.formula1.com/en/results.html/2021/races/1070/france/practice-1.html,18,9,MAZ,Nikita Mazepin,Haas Ferrari,24,1:36.651,+3.203s
2021,FORMULA 1 EMIRATES GRAND PRIX DE FRANCE,1070,practice_1,https://www.formula1.com/en/results.html/2021/races/1070/france/practice-1.html,19,47,MSC,Mick Schumacher,Haas Ferrari,14,1:37.329,+3.881s
2021,FORMULA 1 EMIRATES GRAND PRIX DE FRANCE,1070,practice_1,https://www.formula1.com/en/results.html/2021/races/1070/france/practice-1.html,20,45,NIS,Roy Nissany,Williams Mercedes,16,1:37.881,+4.433s
2021,FORMULA 1 BWT GROSSER PREIS VON ÖSTERREICH,1071,practice_1,https://www.formula1.com/en/results.html/2021/races/1071/austria/practice-1.html,1,33,VER,Max Verstappen,Red Bull Racing Honda,37,1:05.143,
2021,FORMULA 1 BWT GROSSER PREIS VON ÖSTERREICH,1071,practice_1,https://www.formula1.com/en/results.html/2021/races/1071/austria/practice-1.html,2,16,LEC,Charles Leclerc,Ferrari,33,1:05.409,+0.266s
2021,FORMULA 1 BWT GROSSER PREIS VON ÖSTERREICH,1071,practice_1,https://www.formula1.com/en/results.html/2021/races/1071/austria/practice-1.html,3,55,SAI,Carlos Sainz,Ferrari,33,1:05.431,+0.288s
2021,FORMULA 1 BWT GROSSER PREIS VON ÖSTERREICH,1071,practice_1,https://www.formula1.com/en/results.html/2021/races/1071/austria/practice-1.html,4,77,BOT,Valtteri Bottas,Mercedes,31,1:05.445,+0.302s
2021,FORMULA 1 BWT GROSSER PREIS VON ÖSTERREICH,1071,practice_1,https://www.formula1.com/en/results.html/2021/races/1071/austria/practice-1.html,5,22,TSU,Yuki Tsunoda,AlphaTauri Honda,35,1:05.474,+0.331s
2021,FORMULA 1 BWT GROSSER PREIS VON ÖSTERREICH,1071,practice_1,https://www.formula1.com/en/results.html/2021/races/1071/austria/practice-1.html,6,7,RAI,Kimi Räikkönen,Alfa Romeo Racing Ferrari,28,1:05.586,+0.443s
2021,FORMULA 1 BWT GROSSER PREIS VON ÖSTERREICH,1071,practice_1,https://www.formula1.com/en/results.html/2021/races/1071/austria/practice-1.html,7,44,HAM,Lewis Hamilton,Mercedes,32,1:05.709,+0.566s
2021,FORMULA 1 BWT GROSSER PREIS VON ÖSTERREICH,1071,practice_1,https://www.formula1.com/en/results.html/2021/races/1071/austria/practice-1.html,8,11,PER,Sergio Perez,Red Bull Racing Honda,31,1:05.726,+0.583s
2021,FORMULA 1 BWT GROSSER PREIS VON ÖSTERREICH,1071,practice_1,https://www.formula1.com/en/results.html/2021/races/1071/austria/practice-1.html,9,10,GAS,Pierre Gasly,AlphaTauri Honda,36,1:05.726,+0.583s
2021,FORMULA 1 BWT GROSSER PREIS VON ÖSTERREICH,1071,practice_1,https://www.formula1.com/en/results.html/2021/races/1071/austria/practice-1.html,10,4,NOR,Lando Norris,McLaren Mercedes,28,1:05.880,+0.737s
2021,FORMULA 1 BWT GROSSER PREIS VON ÖSTERREICH,1071,practice_1,https://www.formula1.com/en/results.html/2021/races/1071/austria/practice-1.html,11,31,OCO,Esteban Ocon,Alpine Renault,30,1:05.980,+0.837s
2021,FORMULA 1 BWT GROSSER PREIS VON ÖSTERREICH,1071,practice_1,https://www.formula1.com/en/results.html/2021/races/1071/austria/practice-1.html,12,3,RIC,Daniel Ricciardo,McLaren Mercedes,31,1:06.181,+1.038s
2021,FORMULA 1 BWT GROSSER PREIS VON ÖSTERREICH,1071,practice_1,https://www.formula1.com/en/results.html/2021/races/1071/austria/practice-1.html,13,18,STR,Lance Stroll,Aston Martin Mercedes,30,1:06.203,+1.060s
2021,FORMULA 1 BWT GROSSER PREIS VON ÖSTERREICH,1071,practice_1,https://www.formula1.com/en/results.html/2021/races/1071/austria/practice-1.html,14,37,ZHO,Zhou Guanyu,Alpine Renault,29,1:06.414,+1.271s
2021,FORMULA 1 BWT GROSSER PREIS VON ÖSTERREICH,1071,practice_1,https://www.formula1.com/en/results.html/2021/races/1071/austria/practice-1.html,15,5,VET,Sebastian Vettel,Aston Martin Mercedes,28,1:06.444,+1.301s
2021,FORMULA 1 BWT GROSSER PREIS VON ÖSTERREICH,1071,practice_1,https://www.formula1.com/en/results.html/2021/races/1071/austria/practice-1.html,16,98,ILO,Callum Ilott,Alfa Romeo Racing Ferrari,23,1:06.564,+1.421s
2021,FORMULA 1 BWT GROSSER PREIS VON ÖSTERREICH,1071,practice_1,https://www.formula1.com/en/results.html/2021/races/1071/austria/practice-1.html,17,47,MSC,Mick Schumacher,Haas Ferrari,29,1:06.583,+1.440s
2021,FORMULA 1 BWT GROSSER PREIS VON ÖSTERREICH,1071,practice_1,https://www.formula1.com/en/results.html/2021/races/1071/austria/practice-1.html,18,45,NIS,Roy Nissany,Williams Mercedes,34,1:06.683,+1.540s
2021,FORMULA 1 BWT GROSSER PREIS VON ÖSTERREICH,1071,practice_1,https://www.formula1.com/en/results.html/2021/races/1071/austria/practice-1.html,19,6,LAT,Nicholas Latifi,Williams Mercedes,36,1:06.978,+1.835s
2021,FORMULA 1 BWT GROSSER PREIS VON ÖSTERREICH,1071,practice_1,https://www.formula1.com/en/results.html/2021/races/1071/austria/practice-1.html,20,9,MAZ,Nikita Mazepin,Haas Ferrari,30,1:07.316,+2.173s
2021,FORMULA 1 PIRELLI BRITISH,1072,practice_1,https://www.formula1.com/en/results.html/2021/races/1072/great-britain/practice-1.html,1,33,VER,Max Verstappen,Red Bull Racing Honda,23,1:27.035,
2021,FORMULA 1 PIRELLI BRITISH,1072,practice_1,https://www.formula1.com/en/results.html/2021/races/1072/great-britain/practice-1.html,2,4,NOR,Lando Norris,McLaren Mercedes,26,1:27.814,+0.779s
2021,FORMULA 1 PIRELLI BRITISH,1072,practice_1,https://www.formula1.com/en/results.html/2021/races/1072/great-britain/practice-1.html,3,44,HAM,Lewis Hamilton,Mercedes,30,1:27.815,+0.780s
2021,FORMULA 1 PIRELLI BRITISH,1072,practice_1,https://www.formula1.com/en/results.html/2021/races/1072/great-britain/practice-1.html,4,16,LEC,Charles Leclerc,Ferrari,26,1:27.828,+0.793s
2021,FORMULA 1 PIRELLI BRITISH,1072,practice_1,https://www.formula1.com/en/results.html/2021/races/1072/great-britain/practice-1.html,5,77,BOT,Valtteri Bottas,Mercedes,30,1:27.897,+0.862s
2021,FORMULA 1 PIRELLI BRITISH,1072,practice_1,https://www.formula1.com/en/results.html/2021/races/1072/great-britain/practice-1.html,6,55,SAI,Carlos Sainz,Ferrari,25,1:27.923,+0.888s
2021,FORMULA 1 PIRELLI BRITISH,1072,practice_1,https://www.formula1.com/en/results.html/2021/races/1072/great-britain/practice-1.html,7,5,VET,Sebastian Vettel,Aston Martin Mercedes,23,1:28.062,+1.027s
2021,FORMULA 1 PIRELLI BRITISH,1072,practice_1,https://www.formula1.com/en/results.html/2021/races/1072/great-britain/practice-1.html,8,11,PER,Sergio Perez,Red Bull Racing Honda,25,1:28.163,+1.128s
2021,FORMULA 1 PIRELLI BRITISH,1072,practice_1,https://www.formula1.com/en/results.html/2021/races/1072/great-britain/practice-1.html,9,3,RIC,Daniel Ricciardo,McLaren Mercedes,28,1:28.211,+1.176s
2021,FORMULA 1 PIRELLI BRITISH,1072,practice_1,https://www.formula1.com/en/results.html/2021/races/1072/great-britain/practice-1.html,10,31,OCO,Esteban Ocon,Alpine Renault,24,1:28.415,+1.380s
2021,FORMULA 1 PIRELLI BRITISH,1072,practice_1,https://www.formula1.com/en/results.html/2021/races/1072/great-britain/practice-1.html,11,10,GAS,Pierre Gasly,AlphaTauri Honda,28,1:28.449,+1.414s
2021,FORMULA 1 PIRELLI BRITISH,1072,practice_1,https://www.formula1.com/en/results.html/2021/races/1072/great-britain/practice-1.html,12,22,TSU,Yuki Tsunoda,AlphaTauri Honda,29,1:28.600,+1.565s
2021,FORMULA 1 PIRELLI BRITISH,1072,practice_1,https://www.formula1.com/en/results.html/2021/races/1072/great-britain/practice-1.html,13,99,GIO,Antonio Giovinazzi,Alfa Romeo Racing Ferrari,26,1:28.827,+1.792s
2021,FORMULA 1 PIRELLI BRITISH,1072,practice_1,https://www.formula1.com/en/results.html/2021/races/1072/great-britain/practice-1.html,14,14,ALO,Fernando Alonso,Alpine Renault,24,1:28.873,+1.838s
2021,FORMULA 1 PIRELLI BRITISH,1072,practice_1,https://www.formula1.com/en/results.html/2021/races/1072/great-britain/practice-1.html,15,7,RAI,Kimi Räikkönen,Alfa Romeo Racing Ferrari,27,1:29.220,+2.185s
2021,FORMULA 1 PIRELLI BRITISH,1072,practice_1,https://www.formula1.com/en/results.html/2021/races/1072/great-britain/practice-1.html,16,6,LAT,Nicholas Latifi,Williams Mercedes,27,1:29.227,+2.192s
2021,FORMULA 1 PIRELLI BRITISH,1072,practice_1,https://www.formula1.com/en/results.html/2021/races/1072/great-britain/practice-1.html,17,47,MSC,Mick Schumacher,Haas Ferrari,24,1:29.227,+2.192s
2021,FORMULA 1 PIRELLI BRITISH,1072,practice_1,https://www.formula1.com/en/results.html/2021/races/1072/great-britain/practice-1.html,18,18,STR,Lance Stroll,Aston Martin Mercedes,21,1:29.597,+2.562s
2021,FORMULA 1 PIRELLI BRITISH,1072,practice_1,https://www.formula1.com/en/results.html/2021/races/1072/great-britain/practice-1.html,19,9,MAZ,Nikita Mazepin,Haas Ferrari,23,1:29.808,+2.773s
2021,FORMULA 1 PIRELLI BRITISH,1072,practice_1,https://www.formula1.com/en/results.html/2021/races/1072/great-britain/practice-1.html,20,63,RUS,George Russell,Williams Mercedes,29,1:29.857,+2.822s
2021,FORMULA 1 ROLEX MAGYAR NAGYDÍJ,1073,practice_1,https://www.formula1.com/en/results.html/2021/races/1073/hungary/practice-1.html,1,33,VER,Max Verstappen,Red Bull Racing Honda,21,1:17.555,
2021,FORMULA 1 ROLEX MAGYAR NAGYDÍJ,1073,practice_1,https://www.formula1.com/en/results.html/2021/races/1073/hungary/practice-1.html,2,77,BOT,Valtteri Bottas,Mercedes,26,1:17.616,+0.061s
2021,FORMULA 1 ROLEX MAGYAR NAGYDÍJ,1073,practice_1,https://www.formula1.com/en/results.html/2021/races/1073/hungary/practice-1.html,3,44,HAM,Lewis Hamilton,Mercedes,25,1:17.722,+0.167s
2021,FORMULA 1 ROLEX MAGYAR NAGYDÍJ,1073,practice_1,https://www.formula1.com/en/results.html/2021/races/1073/hungary/practice-1.html,4,55,SAI,Carlos Sainz,Ferrari,24,1:18.115,+0.560s
2021,FORMULA 1 ROLEX MAGYAR NAGYDÍJ,1073,practice_1,https://www.formula1.com/en/results.html/2021/races/1073/hungary/practice-1.html,5,10,GAS,Pierre Gasly,AlphaTauri Honda,27,1:18.181,+0.626s
2021,FORMULA 1 ROLEX MAGYAR NAGYDÍJ,1073,practice_1,https://www.formula1.com/en/results.html/2021/races/1073/hungary/practice-1.html,6,14,ALO,Fernando Alonso,Alpine Renault,26,1:18.385,+0.830s
2021,FORMULA 1 ROLEX MAGYAR NAGYDÍJ,1073,practice_1,https://www.formula1.com/en/results.html/2021/races/1073/hungary/practice-1.html,7,16,LEC,Charles Leclerc,Ferrari,23,1:18.391,+0.836s
2021,FORMULA 1 ROLEX MAGYAR NAGYDÍJ,1073,practice_1,https://www.formula1.com/en/results.html/2021/races/1073/hungary/practice-1.html,8,11,PER,Sergio Perez,Red Bull Racing Honda,20,1:18.466,+0.911s
2021,FORMULA 1 ROLEX MAGYAR NAGYDÍJ,1073,practice_1,https://www.formula1.com/en/results.html/2021/races/1073/hungary/practice-1.html,9,4,NOR,Lando Norris,McLaren Mercedes,26,1:18.649,+1.094s
2021,FORMULA 1 ROLEX MAGYAR NAGYDÍJ,1073,practice_1,https://www.formula1.com/en/results.html/2021/races/1073/hungary/practice-1.html,10,18,STR,Lance Stroll,Aston Martin Mercedes,25,1:18.755,+1.200s
2021,FORMULA 1 ROLEX MAGYAR NAGYDÍJ,1073,practice_1,https://www.formula1.com/en/results.html/2021/races/1073/hungary/practice-1.html,11,31,OCO,Esteban Ocon,Alpine Renault,26,1:18.765,+1.210s
2021,FORMULA 1 ROLEX MAGYAR NAGYDÍJ,1073,practice_1,https://www.formula1.com/en/results.html/2021/races/1073/hungary/practice-1.html,12,22,TSU,Yuki Tsunoda,AlphaTauri Honda,18,1:18.770,+1.215s
2021,FORMULA 1 ROLEX MAGYAR NAGYDÍJ,1073,practice_1,https://www.formula1.com/en/results.html/2021/races/1073/hungary/practice-1.html,13,5,VET,Sebastian Vettel,Aston Martin Mercedes,22,1:18.989,+1.434s
2021,FORMULA 1 ROLEX MAGYAR NAGYDÍJ,1073,practice_1,https://www.formula1.com/en/results.html/2021/races/1073/hungary/practice-1.html,14,3,RIC,Daniel Ricciardo,McLaren Mercedes,27,1:19.265,+1.710s
2021,FORMULA 1 ROLEX MAGYAR NAGYDÍJ,1073,practice_1,https://www.formula1.com/en/results.html/2021/races/1073/hungary/practice-1.html,15,63,RUS,George Russell,Williams Mercedes,24,1:19.724,+2.169s
2021,FORMULA 1 ROLEX MAGYAR NAGYDÍJ,1073,practice_1,https://www.formula1.com/en/results.html/2021/races/1073/hungary/practice-1.html,16,6,LAT,Nicholas Latifi,Williams Mercedes,24,1:19.824,+2.269s
2021,FORMULA 1 ROLEX MAGYAR NAGYDÍJ,1073,practice_1,https://www.formula1.com/en/results.html/2021/races/1073/hungary/practice-1.html,17,47,MSC,Mick Schumacher,Haas Ferrari,26,1:20.383,+2.828s
2021,FORMULA 1 ROLEX MAGYAR NAGYDÍJ,1073,practice_1,https://www.formula1.com/en/results.html/2021/races/1073/hungary/practice-1.html,18,88,KUB,Robert Kubica,Alfa Romeo Racing Ferrari,23,1:20.639,+3.084s
2021,FORMULA 1 ROLEX MAGYAR NAGYDÍJ,1073,practice_1,https://www.formula1.com/en/results.html/2021/races/1073/hungary/practice-1.html,19,9,MAZ,Nikita Mazepin,Haas Ferrari,23,1:20.992,+3.437s
2021,FORMULA 1 ROLEX MAGYAR NAGYDÍJ,1073,practice_1,https://www.formula1.com/en/results.html/2021/races/1073/hungary/practice-1.html,20,99,GIO,Antonio Giovinazzi,Alfa Romeo Racing Ferrari,5,1:21.889,+4.334s
2021,FORMULA 1 ROLEX BELGIAN,1074,practice_1,https://www.formula1.com/en/results.html/2021/races/1074/belgium/practice-1.html,1,77,BOT,Valtteri Bottas,Mercedes,18,1:45.199,
2021,FORMULA 1 ROLEX BELGIAN,1074,practice_1,https://www.formula1.com/en/results.html/2021/races/1074/belgium/practice-1.html,2,33,VER,Max Verstappen,Red Bull Racing Honda,14,1:45.363,+0.164s
2021,FORMULA 1 ROLEX BELGIAN,1074,practice_1,https://www.formula1.com/en/results.html/2021/races/1074/belgium/practice-1.html,3,10,GAS,Pierre Gasly,AlphaTauri Honda,20,1:45.699,+0.500s
2021,FORMULA 1 ROLEX BELGIAN,1074,practice_1,https://www.formula1.com/en/results.html/2021/races/1074/belgium/practice-1.html,4,16,LEC,Charles Leclerc,Ferrari,19,1:45.818,+0.619s
2021,FORMULA 1 ROLEX BELGIAN,1074,practice_1,https://www.formula1.com/en/results.html/2021/races/1074/belgium/practice-1.html,5,55,SAI,Carlos Sainz,Ferrari,20,1:45.935,+0.736s
2021,FORMULA 1 ROLEX BELGIAN,1074,practice_1,https://www.formula1.com/en/results.html/2021/races/1074/belgium/practice-1.html,6,11,PER,Sergio Perez,Red Bull Racing Honda,17,1:46.127,+0.928s
2021,FORMULA 1 ROLEX BELGIAN,1074,practice_1,https://www.formula1.com/en/results.html/2021/races/1074/belgium/practice-1.html,7,5,VET,Sebastian Vettel,Aston Martin Mercedes,19,1:46.177,+0.978s
2021,FORMULA 1 ROLEX BELGIAN,1074,practice_1,https://www.formula1.com/en/results.html/2021/races/1074/belgium/practice-1.html,8,4,NOR,Lando Norris,McLaren Mercedes,17,1:46.336,+1.137s
2021,FORMULA 1 ROLEX BELGIAN,1074,practice_1,https://www.formula1.com/en/results.html/2021/races/1074/belgium/practice-1.html,9,31,OCO,Esteban Ocon,Alpine Renault,16,1:46.497,+1.298s
2021,FORMULA 1 ROLEX BELGIAN,1074,practice_1,https://www.formula1.com/en/results.html/2021/races/1074/belgium/practice-1.html,10,14,ALO,Fernando Alonso,Alpine Renault,16,1:46.612,+1.413s
2021,FORMULA 1 ROLEX BELGIAN,1074,practice_1,https://www.formula1.com/en/results.html/2021/races/1074/belgium/practice-1.html,11,18,STR,Lance Stroll,Aston Martin Mercedes,19,1:46.649,+1.450s
2021,FORMULA 1 ROLEX BELGIAN,1074,practice_1,https://www.formula1.com/en/results.html/2021/races/1074/belgium/practice-1.html,12,3,RIC,Daniel Ricciardo,McLaren Mercedes,20,1:46.683,+1.484s
2021,FORMULA 1 ROLEX BELGIAN,1074,practice_1,https://www.formula1.com/en/results.html/2021/races/1074/belgium/practice-1.html,13,99,GIO,Antonio Giovinazzi,Alfa Romeo Racing Ferrari,17,1:46.755,+1.556s
2021,FORMULA 1 ROLEX BELGIAN,1074,practice_1,https://www.formula1.com/en/results.html/2021/races/1074/belgium/practice-1.html,14,63,RUS,George Russell,Williams Mercedes,19,1:46.772,+1.573s
2021,FORMULA 1 ROLEX BELGIAN,1074,practice_1,https://www.formula1.com/en/results.html/2021/races/1074/belgium/practice-1.html,15,22,TSU,Yuki Tsunoda,AlphaTauri Honda,19,1:46.928,+1.729s
2021,FORMULA 1 ROLEX BELGIAN,1074,practice_1,https://www.formula1.com/en/results.html/2021/races/1074/belgium/practice-1.html,16,6,LAT,Nicholas Latifi,Williams Mercedes,20,1:47.101,+1.902s
2021,FORMULA 1 ROLEX BELGIAN,1074,practice_1,https://www.formula1.com/en/results.html/2021/races/1074/belgium/practice-1.html,17,7,RAI,Kimi Räikkönen,Alfa Romeo Racing Ferrari,15,1:48.125,+2.926s
2021,FORMULA 1 ROLEX BELGIAN,1074,practice_1,https://www.formula1.com/en/results.html/2021/races/1074/belgium/practice-1.html,18,44,HAM,Lewis Hamilton,Mercedes,17,1:48.224,+3.025s
2021,FORMULA 1 ROLEX BELGIAN,1074,practice_1,https://www.formula1.com/en/results.html/2021/races/1074/belgium/practice-1.html,19,9,MAZ,Nikita Mazepin,Haas Ferrari,16,1:48.705,+3.506s
2021,FORMULA 1 ROLEX BELGIAN,1074,practice_1,https://www.formula1.com/en/results.html/2021/races/1074/belgium/practice-1.html,20,47,MSC,Mick Schumacher,Haas Ferrari,15,1:49.059,+3.860s
2021,FORMULA 1 HEINEKEN DUTCH,1075,practice_1,https://www.formula1.com/en/results.html/2021/races/1075/netherlands/practice-1.html,1,44,HAM,Lewis Hamilton,Mercedes,17,1:11.500,
2021,FORMULA 1 HEINEKEN DUTCH,1075,practice_1,https://www.formula1.com/en/results.html/2021/races/1075/netherlands/practice-1.html,2,33,VER,Max Verstappen,Red Bull Racing Honda,18,1:11.597,+0.097s
2021,FORMULA 1 HEINEKEN DUTCH,1075,practice_1,https://www.formula1.com/en/results.html/2021/races/1075/netherlands/practice-1.html,3,55,SAI,Carlos Sainz,Ferrari,19,1:11.601,+0.101s
2021,FORMULA 1 HEINEKEN DUTCH,1075,practice_1,https://www.formula1.com/en/results.html/2021/races/1075/netherlands/practice-1.html,4,16,LEC,Charles Leclerc,Ferrari,18,1:11.623,+0.123s
2021,FORMULA 1 HEINEKEN DUTCH,1075,practice_1,https://www.formula1.com/en/results.html/2021/races/1075/netherlands/practice-1.html,5,77,BOT,Valtteri Bottas,Mercedes,18,1:11.738,+0.238s
2021,FORMULA 1 HEINEKEN DUTCH,1075,practice_1,https://www.formula1.com/en/results.html/2021/races/1075/netherlands/practice-1.html,6,14,ALO,Fernando Alonso,Alpine Renault,18,1:12.158,+0.658s
2021,FORMULA 1 HEINEKEN DUTCH,1075,practice_1,https://www.formula1.com/en/results.html/2021/races/1075/netherlands/practice-1.html,7,31,OCO,Esteban Ocon,Alpine Renault,17,1:12.231,+0.731s
2021,FORMULA 1 HEINEKEN DUTCH,1075,practice_1,https://www.formula1.com/en/results.html/2021/races/1075/netherlands/practice-1.html,8,99,GIO,Antonio Giovinazzi,Alfa Romeo Racing Ferrari,18,1:12.359,+0.859s
2021,FORMULA 1 HEINEKEN DUTCH,1075,practice_1,https://www.formula1.com/en/results.html/2021/races/1075/netherlands/practice-1.html,9,18,STR,Lance Stroll,Aston Martin Mercedes,18,1:12.431,+0.931s
2021,FORMULA 1 HEINEKEN DUTCH,1075,practice_1,https://www.formula1.com/en/results.html/2021/races/1075/netherlands/practice-1.html,10,10,GAS,Pierre Gasly,AlphaTauri Honda,19,1:12.515,+1.015s
2021,FORMULA 1 HEINEKEN DUTCH,1075,practice_1,https://www.formula1.com/en/results.html/2021/races/1075/netherlands/practice-1.html,11,4,NOR,Lando Norris,McLaren Mercedes,18,1:12.679,+1.179s
2021,FORMULA 1 HEINEKEN DUTCH,1075,practice_1,https://www.formula1.com/en/results.html/2021/races/1075/netherlands/practice-1.html,12,6,LAT,Nicholas Latifi,Williams Mercedes,16,1:12.907,+1.407s
2021,FORMULA 1 HEINEKEN DUTCH,1075,practice_1,https://www.formula1.com/en/results.html/2021/races/1075/netherlands/practice-1.html,13,7,RAI,Kimi Räikkönen,Alfa Romeo Racing Ferrari,20,1:13.053,+1.553s
2021,FORMULA 1 HEINEKEN DUTCH,1075,practice_1,https://www.formula1.com/en/results.html/2021/races/1075/netherlands/practice-1.html,14,3,RIC,Daniel Ricciardo,McLaren Mercedes,18,1:13.081,+1.581s
2021,FORMULA 1 HEINEKEN DUTCH,1075,practice_1,https://www.formula1.com/en/results.html/2021/races/1075/netherlands/practice-1.html,15,63,RUS,George Russell,Williams Mercedes,15,1:13.181,+1.681s
2021,FORMULA 1 HEINEKEN DUTCH,1075,practice_1,https://www.formula1.com/en/results.html/2021/races/1075/netherlands/practice-1.html,16,11,PER,Sergio Perez,Red Bull Racing Honda,18,1:13.328,+1.828s
2021,FORMULA 1 HEINEKEN DUTCH,1075,practice_1,https://www.formula1.com/en/results.html/2021/races/1075/netherlands/practice-1.html,17,9,MAZ,Nikita Mazepin,Haas Ferrari,14,1:13.516,+2.016s
2021,FORMULA 1 HEINEKEN DUTCH,1075,practice_1,https://www.formula1.com/en/results.html/2021/races/1075/netherlands/practice-1.html,18,47,MSC,Mick Schumacher,Haas Ferrari,17,1:13.847,+2.347s
2021,FORMULA 1 HEINEKEN DUTCH,1075,practice_1,https://www.formula1.com/en/results.html/2021/races/1075/netherlands/practice-1.html,19,5,VET,Sebastian Vettel,Aston Martin Mercedes,6,1:15.984,+4.484s
2021,FORMULA 1 HEINEKEN DUTCH,1075,practice_1,https://www.formula1.com/en/results.html/2021/races/1075/netherlands/practice-1.html,20,22,TSU,Yuki Tsunoda,AlphaTauri Honda,3,,
2021,ITALIA,1076,practice_1,https://www.formula1.com/en/results.html/2021/races/1076/italy/practice-1.html,1,44,HAM,Lewis Hamilton,Mercedes,28,1:20.926,
2021,ITALIA,1076,practice_1,https://www.formula1.com/en/results.html/2021/races/1076/italy/practice-1.html,2,33,VER,Max Verstappen,Red Bull Racing Honda,22,1:21.378,+0.452s
2021,ITALIA,1076,practice_1,https://www.formula1.com/en/results.html/2021/races/1076/italy/practice-1.html,3,77,BOT,Valtteri Bottas,Mercedes,29,1:21.451,+0.525s
2021,ITALIA,1076,practice_1,https://www.formula1.com/en/results.html/2021/races/1076/italy/practice-1.html,4,18,STR,Lance Stroll,Aston Martin Mercedes,23,1:21.676,+0.750s
2021,ITALIA,1076,practice_1,https://www.formula1.com/en/results.html/2021/races/1076/italy/practice-1.html,5,10,GAS,Pierre Gasly,AlphaTauri Honda,28,1:21.719,+0.793s
2021,ITALIA,1076,practice_1,https://www.formula1.com/en/results.html/2021/races/1076/italy/practice-1.html,6,5,VET,Sebastian Vettel,Aston Martin Mercedes,26,1:21.824,+0.898s
2021,ITALIA,1076,practice_1,https://www.formula1.com/en/results.html/2021/races/1076/italy/practice-1.html,7,55,SAI,Carlos Sainz,Ferrari,26,1:21.914,+0.988s
2021,ITALIA,1076,practice_1,https://www.formula1.com/en/results.html/2021/races/1076/italy/practice-1.html,8,14,ALO,Fernando Alonso,Alpine Renault,24,1:21.926,+1.000s
2021,ITALIA,1076,practice_1,https://www.formula1.com/en/results.html/2021/races/1076/italy/practice-1.html,9,3,RIC,Daniel Ricciardo,McLaren Mercedes,27,1:22.003,+1.077s
2021,ITALIA,1076,practice_1,https://www.formula1.com/en/results.html/2021/races/1076/italy/practice-1.html,10,11,PER,Sergio Perez,Red Bull Racing Honda,23,1:22.039,+1.113s
2021,ITALIA,1076,practice_1,https://www.formula1.com/en/results.html/2021/races/1076/italy/practice-1.html,11,16,LEC,Charles Leclerc,Ferrari,25,1:22.102,+1.176s
2021,ITALIA,1076,practice_1,https://www.formula1.com/en/results.html/2021/races/1076/italy/practice-1.html,12,4,NOR,Lando Norris,McLaren Mercedes,27,1:22.103,+1.177s
2021,ITALIA,1076,practice_1,https://www.formula1.com/en/results.html/2021/races/1076/italy/practice-1.html,13,99,GIO,Antonio Giovinazzi,Alfa Romeo Racing Ferrari,26,1:22.270,+1.344s
2021,ITALIA,1076,practice_1,https://www.formula1.com/en/results.html/2021/races/1076/italy/practice-1.html,14,22,TSU,Yuki Tsunoda,AlphaTauri Honda,31,1:22.530,+1.604s
2021,ITALIA,1076,practice_1,https://www.formula1.com/en/results.html/2021/races/1076/italy/practice-1.html,15,31,OCO,Esteban Ocon,Alpine Renault,27,1:22.534,+1.608s
2021,ITALIA,1076,practice_1,https://www.formula1.com/en/results.html/2021/races/1076/italy/practice-1.html,16,88,KUB,Robert Kubica,Alfa Romeo Racing Ferrari,28,1:23.009,+2.083s
2021,ITALIA,1076,practice_1,https://www.formula1.com/en/results.html/2021/races/1076/italy/practice-1.html,17,63,RUS,George Russell,Williams Mercedes,31,1:23.092,+2.166s
2021,ITALIA,1076,practice_1,https://www.formula1.com/en/results.html/2021/races/1076/italy/practice-1.html,18,6,LAT,Nicholas Latifi,Williams Mercedes,30,1:23.442,+2.516s
2021,ITALIA,1076,practice_1,https://www.formula1.com/en/results.html/2021/races/1076/italy/practice-1.html,19,9,MAZ,Nikita Mazepin,Haas Ferrari,23,1:23.445,+2.519s
2021,ITALIA,1076,practice_1,https://www.formula1.com/en/results.html/2021/races/1076/italy/practice-1.html,20,47,MSC,Mick Schumacher,Haas Ferrari,23,1:23.551,+2.625s
2021,FORMULA 1 ROLEX TURKISH,1078,practice_1,https://www.formula1.com/en/results.html/2021/races/1078/turkey/practice-1.html,1,44,HAM,Lewis Hamilton,Mercedes,26,1:24.178,
2021,FORMULA 1 ROLEX TURKISH,1078,practice_1,https://www.formula1.com/en/results.html/2021/races/1078/turkey/practice-1.html,2,33,VER,Max Verstappen,Red Bull Racing Honda,24,1:24.603,+0.425s
2021,FORMULA 1 ROLEX TURKISH,1078,practice_1,https://www.formula1.com/en/results.html/2021/races/1078/turkey/practice-1.html,3,16,LEC,Charles Leclerc,Ferrari,27,1:24.654,+0.476s
2021,FORMULA 1 ROLEX TURKISH,1078,practice_1,https://www.formula1.com/en/results.html/2021/races/1078/turkey/practice-1.html,4,77,BOT,Valtteri Bottas,Mercedes,28,1:24.842,+0.664s
2021,FORMULA 1 ROLEX TURKISH,1078,practice_1,https://www.formula1.com/en/results.html/2021/races/1078/turkey/practice-1.html,5,55,SAI,Carlos Sainz,Ferrari,25,1:24.860,+0.682s
2021,FORMULA 1 ROLEX TURKISH,1078,practice_1,https://www.formula1.com/en/results.html/2021/races/1078/turkey/practice-1.html,6,31,OCO,Esteban Ocon,Alpine Renault,30,1:24.909,+0.731s
2021,FORMULA 1 ROLEX TURKISH,1078,practice_1,https://www.formula1.com/en/results.html/2021/races/1078/turkey/practice-1.html,7,4,NOR,Lando Norris,McLaren Mercedes,26,1:25.347,+1.169s
2021,FORMULA 1 ROLEX TURKISH,1078,practice_1,https://www.formula1.com/en/results.html/2021/races/1078/turkey/practice-1.html,8,10,GAS,Pierre Gasly,AlphaTauri Honda,30,1:25.382,+1.204s
2021,FORMULA 1 ROLEX TURKISH,1078,practice_1,https://www.formula1.com/en/results.html/2021/races/1078/turkey/practice-1.html,9,14,ALO,Fernando Alonso,Alpine Renault,26,1:25.383,+1.205s
2021,FORMULA 1 ROLEX TURKISH,1078,practice_1,https://www.formula1.com/en/results.html/2021/races/1078/turkey/practice-1.html,10,11,PER,Sergio Perez,Red Bull Racing Honda,24,1:25.459,+1.281s
2021,FORMULA 1 ROLEX TURKISH,1078,practice_1,https://www.formula1.com/en/results.html/2021/races/1078/turkey/practice-1.html,11,63,RUS,George Russell,Williams Mercedes,25,1:25.685,+1.507s
2021,FORMULA 1 ROLEX TURKISH,1078,practice_1,https://www.formula1.com/en/results.html/2021/races/1078/turkey/practice-1.html,12,3,RIC,Daniel Ricciardo,McLaren Mercedes,26,1:25.750,+1.572s
2021,FORMULA 1 ROLEX TURKISH,1078,practice_1,https://www.formula1.com/en/results.html/2021/races/1078/turkey/practice-1.html,13,5,VET,Sebastian Vettel,Aston Martin Mercedes,26,1:25.810,+1.632s
2021,FORMULA 1 ROLEX TURKISH,1078,practice_1,https://www.formula1.com/en/results.html/2021/races/1078/turkey/practice-1.html,14,99,GIO,Antonio Giovinazzi,Alfa Romeo Racing Ferrari,24,1:25.813,+1.635s
2021,FORMULA 1 ROLEX TURKISH,1078,practice_1,https://www.formula1.com/en/results.html/2021/races/1078/turkey/practice-1.html,15,6,LAT,Nicholas Latifi,Williams Mercedes,28,1:25.863,+1.685s
2021,FORMULA 1 ROLEX TURKISH,1078,practice_1,https://www.formula1.com/en/results.html/2021/races/1078/turkey/practice-1.html,16,7,RAI,Kimi Räikkönen,Alfa Romeo Racing Ferrari,24,1:25.933,+1.755s
2021,FORMULA 1 ROLEX TURKISH,1078,practice_1,https://www.formula1.com/en/results.html/2021/races/1078/turkey/practice-1.html,17,18,STR,Lance Stroll,Aston Martin Mercedes,29,1:26.361,+2.183s
2021,FORMULA 1 ROLEX TURKISH,1078,practice_1,https://www.formula1.com/en/results.html/2021/races/1078/turkey/practice-1.html,18,22,TSU,Yuki Tsunoda,AlphaTauri Honda,28,1:26.424,+2.246s
2021,FORMULA 1 ROLEX TURKISH,1078,practice_1,https://www.formula1.com/en/results.html/2021/races/1078/turkey/practice-1.html,19,47,MSC,Mick Schumacher,Haas Ferrari,25,1:26.636,+2.458s
2021,FORMULA 1 ROLEX TURKISH,1078,practice_1,https://www.formula1.com/en/results.html/2021/races/1078/turkey/practice-1.html,20,9,MAZ,Nikita Mazepin,Haas Ferrari,28,1:27.019,+2.841s
2021,FORMULA 1 ARAMCO GRAN PREMIO DE ESPAÑA,1086,practice_1,https://www.formula1.com/en/results.html/2021/races/1086/spain/practice-1.html,1,77,BOT,Valtteri Bottas,Mercedes,25,1:18.504,
2021,FORMULA 1 ARAMCO GRAN PREMIO DE ESPAÑA,1086,practice_1,https://www.formula1.com/en/results.html/2021/races/1086/spain/practice-1.html,2,33,VER,Max Verstappen,Red Bull Racing Honda,19,1:18.537,+0.033s
2021,FORMULA 1 ARAMCO GRAN PREMIO DE ESPAÑA,1086,practice_1,https://www.formula1.com/en/results.html/2021/races/1086/spain/practice-1.html,3,44,HAM,Lewis Hamilton,Mercedes,22,1:18.627,+0.123s
2021,FORMULA 1 ARAMCO GRAN PREMIO DE ESPAÑA,1086,practice_1,https://www.formula1.com/en/results.html/2021/races/1086/spain/practice-1.html,4,4,NOR,Lando Norris,McLaren Mercedes,24,1:18.944,+0.440s
2021,FORMULA 1 ARAMCO GRAN PREMIO DE ESPAÑA,1086,practice_1,https://www.formula1.com/en/results.html/2021/races/1086/spain/practice-1.html,5,16,LEC,Charles Leclerc,Ferrari,25,1:18.996,+0.492s
2021,FORMULA 1 ARAMCO GRAN PREMIO DE ESPAÑA,1086,practice_1,https://www.formula1.com/en/results.html/2021/races/1086/spain/practice-1.html,6,55,SAI,Carlos Sainz,Ferrari,22,1:19.020,+0.516s
2021,FORMULA 1 ARAMCO GRAN PREMIO DE ESPAÑA,1086,practice_1,https://www.formula1.com/en/results.html/2021/races/1086/spain/practice-1.html,7,10,GAS,Pierre Gasly,AlphaTauri Honda,26,1:19.062,+0.558s
2021,FORMULA 1 ARAMCO GRAN PREMIO DE ESPAÑA,1086,practice_1,https://www.formula1.com/en/results.html/2021/races/1086/spain/practice-1.html,8,5,VET,Sebastian Vettel,Aston Martin Mercedes,24,1:19.234,+0.730s
2021,FORMULA 1 ARAMCO GRAN PREMIO DE ESPAÑA,1086,practice_1,https://www.formula1.com/en/results.html/2021/races/1086/spain/practice-1.html,9,11,PER,Sergio Perez,Red Bull Racing Honda,17,1:19.349,+0.845s
2021,FORMULA 1 ARAMCO GRAN PREMIO DE ESPAÑA,1086,practice_1,https://www.formula1.com/en/results.html/2021/races/1086/spain/practice-1.html,10,18,STR,Lance Stroll,Aston Martin Mercedes,25,1:19.429,+0.925s
2021,FORMULA 1 ARAMCO GRAN PREMIO DE ESPAÑA,1086,practice_1,https://www.formula1.com/en/results.html/2021/races/1086/spain/practice-1.html,11,22,TSU,Yuki Tsunoda,AlphaTauri Honda,22,1:19.669,+1.165s
2021,FORMULA 1 ARAMCO GRAN PREMIO DE ESPAÑA,1086,practice_1,https://www.formula1.com/en/results.html/2021/races/1086/spain/practice-1.html,12,31,OCO,Esteban Ocon,Alpine Renault,25,1:19.681,+1.177s
2021,FORMULA 1 ARAMCO GRAN PREMIO DE ESPAÑA,1086,practice_1,https://www.formula1.com/en/results.html/2021/races/1086/spain/practice-1.html,13,99,GIO,Antonio Giovinazzi,Alfa Romeo Racing Ferrari,23,1:19.694,+1.190s
2021,FORMULA 1 ARAMCO GRAN PREMIO DE ESPAÑA,1086,practice_1,https://www.formula1.com/en/results.html/2021/races/1086/spain/practice-1.html,14,3,RIC,Daniel Ricciardo,McLaren Mercedes,24,1:19.732,+1.228s
2021,FORMULA 1 ARAMCO GRAN PREMIO DE ESPAÑA,1086,practice_1,https://www.formula1.com/en/results.html/2021/races/1086/spain/practice-1.html,15,14,ALO,Fernando Alonso,Alpine Renault,25,1:19.950,+1.446s
2021,FORMULA 1 ARAMCO GRAN PREMIO DE ESPAÑA,1086,practice_1,https://www.formula1.com/en/results.html/2021/races/1086/spain/practice-1.html,16,6,LAT,Nicholas Latifi,Williams Mercedes,25,1:20.270,+1.766s
2021,FORMULA 1 ARAMCO GRAN PREMIO DE ESPAÑA,1086,practice_1,https://www.formula1.com/en/results.html/2021/races/1086/spain/practice-1.html,17,45,NIS,Roy Nissany,Williams Mercedes,23,1:20.700,+2.196s
2021,FORMULA 1 ARAMCO GRAN PREMIO DE ESPAÑA,1086,practice_1,https://www.formula1.com/en/results.html/2021/races/1086/spain/practice-1.html,18,47,MSC,Mick Schumacher,Haas Ferrari,23,1:20.766,+2.262s
2021,FORMULA 1 ARAMCO GRAN PREMIO DE ESPAÑA,1086,practice_1,https://www.formula1.com/en/results.html/2021/races/1086/spain/practice-1.html,19,88,KUB,Robert Kubica,Alfa Romeo Racing Ferrari,13,1:21.887,+3.383s
2021,FORMULA 1 ARAMCO GRAN PREMIO DE ESPAÑA,1086,practice_1,https://www.formula1.com/en/results.html/2021/races/1086/spain/practice-1.html,20,9,MAZ,Nikita Mazepin,Haas Ferrari,22,1:21.976,+3.472s
2021,FORMULA 1 BWT GROSSER PREIS DER STEIERMARK,1092,practice_1,https://www.formula1.com/en/results.html/2021/races/1092/styria/practice-1.html,1,33,VER,Max Verstappen,Red Bull Racing Honda,34,1:05.910,
2021,FORMULA 1 BWT GROSSER PREIS DER STEIERMARK,1092,practice_1,https://www.formula1.com/en/results.html/2021/races/1092/styria/practice-1.html,2,10,GAS,Pierre Gasly,AlphaTauri Honda,33,1:06.166,+0.256s
2021,FORMULA 1 BWT GROSSER PREIS DER STEIERMARK,1092,practice_1,https://www.formula1.com/en/results.html/2021/races/1092/styria/practice-1.html,3,44,HAM,Lewis Hamilton,Mercedes,32,1:06.332,+0.422s
2021,FORMULA 1 BWT GROSSER PREIS DER STEIERMARK,1092,practice_1,https://www.formula1.com/en/results.html/2021/races/1092/styria/practice-1.html,4,77,BOT,Valtteri Bottas,Mercedes,34,1:06.386,+0.476s
2021,FORMULA 1 BWT GROSSER PREIS DER STEIERMARK,1092,practice_1,https://www.formula1.com/en/results.html/2021/races/1092/styria/practice-1.html,5,22,TSU,Yuki Tsunoda,AlphaTauri Honda,36,1:06.397,+0.487s
2021,FORMULA 1 BWT GROSSER PREIS DER STEIERMARK,1092,practice_1,https://www.formula1.com/en/results.html/2021/races/1092/styria/practice-1.html,6,14,ALO,Fernando Alonso,Alpine Renault,36,1:06.519,+0.609s
2021,FORMULA 1 BWT GROSSER PREIS DER STEIERMARK,1092,practice_1,https://www.formula1.com/en/results.html/2021/races/1092/styria/practice-1.html,7,31,OCO,Esteban Ocon,Alpine Renault,35,1:06.551,+0.641s
2021,FORMULA 1 BWT GROSSER PREIS DER STEIERMARK,1092,practice_1,https://www.formula1.com/en/results.html/2021/races/1092/styria/practice-1.html,8,18,STR,Lance Stroll,Aston Martin Mercedes,33,1:06.584,+0.674s
2021,FORMULA 1 BWT GROSSER PREIS DER STEIERMARK,1092,practice_1,https://www.formula1.com/en/results.html/2021/races/1092/styria/practice-1.html,9,99,GIO,Antonio Giovinazzi,Alfa Romeo Racing Ferrari,29,1:06.614,+0.704s
2021,FORMULA 1 BWT GROSSER PREIS DER STEIERMARK,1092,practice_1,https://www.formula1.com/en/results.html/2021/races/1092/styria/practice-1.html,10,16,LEC,Charles Leclerc,Ferrari,36,1:06.629,+0.719s
2021,FORMULA 1 BWT GROSSER PREIS DER STEIERMARK,1092,practice_1,https://www.formula1.com/en/results.html/2021/races/1092/styria/practice-1.html,11,55,SAI,Carlos Sainz,Ferrari,33,1:06.630,+0.720s
2021,FORMULA 1 BWT GROSSER PREIS DER STEIERMARK,1092,practice_1,https://www.formula1.com/en/results.html/2021/races/1092/styria/practice-1.html,12,3,RIC,Daniel Ricciardo,McLaren Mercedes,38,1:06.669,+0.759s
2021,FORMULA 1 BWT GROSSER PREIS DER STEIERMARK,1092,practice_1,https://www.formula1.com/en/results.html/2021/races/1092/styria/practice-1.html,13,11,PER,Sergio Perez,Red Bull Racing Honda,33,1:06.696,+0.786s
2021,FORMULA 1 BWT GROSSER PREIS DER STEIERMARK,1092,practice_1,https://www.formula1.com/en/results.html/2021/races/1092/styria/practice-1.html,14,5,VET,Sebastian Vettel,Aston Martin Mercedes,32,1:06.708,+0.798s
2021,FORMULA 1 BWT GROSSER PREIS DER STEIERMARK,1092,practice_1,https://www.formula1.com/en/results.html/2021/races/1092/styria/practice-1.html,15,63,RUS,George Russell,Williams Mercedes,32,1:06.848,+0.938s
2021,FORMULA 1 BWT GROSSER PREIS DER STEIERMARK,1092,practice_1,https://www.formula1.com/en/results.html/2021/races/1092/styria/practice-1.html,16,4,NOR,Lando Norris,McLaren Mercedes,35,1:06.861,+0.951s
2021,FORMULA 1 BWT GROSSER PREIS DER STEIERMARK,1092,practice_1,https://www.formula1.com/en/results.html/2021/races/1092/styria/practice-1.html,17,6,LAT,Nicholas Latifi,Williams Mercedes,31,1:07.180,+1.270s
2021,FORMULA 1 BWT GROSSER PREIS DER STEIERMARK,1092,practice_1,https://www.formula1.com/en/results.html/2021/races/1092/styria/practice-1.html,18,47,MSC,Mick Schumacher,Haas Ferrari,30,1:07.473,+1.563s
2021,FORMULA 1 BWT GROSSER PREIS DER STEIERMARK,1092,practice_1,https://www.formula1.com/en/results.html/2021/races/1092/styria/practice-1.html,19,88,KUB,Robert Kubica,Alfa Romeo Racing Ferrari,30,1:07.823,+1.913s
2021,FORMULA 1 BWT GROSSER PREIS DER STEIERMARK,1092,practice_1,https://www.formula1.com/en/results.html/2021/races/1092/styria/practice-1.html,20,9,MAZ,Nikita Mazepin,Haas Ferrari,31,1:08.081,+2.171s
2021,FORMULA 1 ARAMCO UNITED STATES,1102,practice_1,https://www.formula1.com/en/results.html/2021/races/1102/united-states/practice-1.html,1,77,BOT,Valtteri Bottas,Mercedes,17,1:34.874,
2021,FORMULA 1 ARAMCO UNITED STATES,1102,practice_1,https://www.formula1.com/en/results.html/2021/races/1102/united-states/practice-1.html,2,44,HAM,Lewis Hamilton,Mercedes,18,1:34.919,+0.045s
2021,FORMULA 1 ARAMCO UNITED STATES,1102,practice_1,https://www.formula1.com/en/results.html/2021/races/1102/united-states/practice-1.html,3,33,VER,Max Verstappen,Red Bull Racing Honda,16,1:35.806,+0.932s
2021,FORMULA 1 ARAMCO UNITED STATES,1102,practice_1,https://www.formula1.com/en/results.html/2021/races/1102/united-states/practice-1.html,4,16,LEC,Charles Leclerc,Ferrari,18,1:36.334,+1.460s
2021,FORMULA 1 ARAMCO UNITED STATES,1102,practice_1,https://www.formula1.com/en/results.html/2021/races/1102/united-states/practice-1.html,5,55,SAI,Carlos Sainz,Ferrari,20,1:36.508,+1.634s
2021,FORMULA 1 ARAMCO UNITED STATES,1102,practice_1,https://www.formula1.com/en/results.html/2021/races/1102/united-states/practice-1.html,6,10,GAS,Pierre Gasly,AlphaTauri Honda,18,1:36.611,+1.737s
2021,FORMULA 1 ARAMCO UNITED STATES,1102,practice_1,https://www.formula1.com/en/results.html/2021/races/1102/united-states/practice-1.html,7,11,PER,Sergio Perez,Red Bull Racing Honda,20,1:36.798,+1.924s
2021,FORMULA 1 ARAMCO UNITED STATES,1102,practice_1,https://www.formula1.com/en/results.html/2021/races/1102/united-states/practice-1.html,8,4,NOR,Lando Norris,McLaren Mercedes,11,1:36.855,+1.981s
2021,FORMULA 1 ARAMCO UNITED STATES,1102,practice_1,https://www.formula1.com/en/results.html/2021/races/1102/united-states/practice-1.html,9,99,GIO,Antonio Giovinazzi,Alfa Romeo Racing Ferrari,18,1:36.874,+2.000s
2021,FORMULA 1 ARAMCO UNITED STATES,1102,practice_1,https://www.formula1.com/en/results.html/2021/races/1102/united-states/practice-1.html,10,7,RAI,Kimi Räikkönen,Alfa Romeo Racing Ferrari,18,1:36.876,+2.002s
2021,FORMULA 1 ARAMCO UNITED STATES,1102,practice_1,https://www.formula1.com/en/results.html/2021/races/1102/united-states/practice-1.html,11,63,RUS,George Russell,Williams Mercedes,19,1:36.966,+2.092s
2021,FORMULA 1 ARAMCO UNITED STATES,1102,practice_1,https://www.formula1.com/en/results.html/2021/races/1102/united-states/practice-1.html,12,31,OCO,Esteban Ocon,Alpine Renault,22,1:36.970,+2.096s
2021,FORMULA 1 ARAMCO UNITED STATES,1102,practice_1,https://www.formula1.com/en/results.html/2021/races/1102/united-states/practice-1.html,13,18,STR,Lance Stroll,Aston Martin Mercedes,20,1:36.972,+2.098s
2021,FORMULA 1 ARAMCO UNITED STATES,1102,practice_1,https://www.formula1.com/en/results.html/2021/races/1102/united-states/practice-1.html,14,5,VET,Sebastian Vettel,Aston Martin Mercedes,20,1:36.982,+2.108s
2021,FORMULA 1 ARAMCO UNITED STATES,1102,practice_1,https://www.formula1.com/en/results.html/2021/races/1102/united-states/practice-1.html,15,14,ALO,Fernando Alonso,Alpine Renault,12,1:37.068,+2.194s
2021,FORMULA 1 ARAMCO UNITED STATES,1102,practice_1,https://www.formula1.com/en/results.html/2021/races/1102/united-states/practice-1.html,16,3,RIC,Daniel Ricciardo,McLaren Mercedes,18,1:37.458,+2.584s
2021,FORMULA 1 ARAMCO UNITED STATES,1102,practice_1,https://www.formula1.com/en/results.html/2021/races/1102/united-states/practice-1.html,17,6,LAT,Nicholas Latifi,Williams Mercedes,19,1:37.463,+2.589s
2021,FORMULA 1 ARAMCO UNITED STATES,1102,practice_1,https://www.formula1.com/en/results.html/2021/races/1102/united-states/practice-1.html,18,22,TSU,Yuki Tsunoda,AlphaTauri Honda,22,1:37.954,+3.080s
2021,FORMULA 1 ARAMCO UNITED STATES,1102,practice_1,https://www.formula1.com/en/results.html/2021/races/1102/united-states/practice-1.html,19,47,MSC,Mick Schumacher,Haas Ferrari,17,1:38.866,+3.992s
2021,FORMULA 1 ARAMCO UNITED STATES,1102,practice_1,https://www.formula1.com/en/results.html/2021/races/1102/united-states/practice-1.html,20,9,MAZ,Nikita Mazepin,Haas Ferrari,19,1:42.239,+7.365s
2021,FORMULA 1 GRAN PREMIO DE LA CIUDAD DE MÉXICO,1103,practice_1,https://www.formula1.com/en/results.html/2021/races/1103/mexico/practice-1.html,1,77,BOT,Valtteri Bottas,Mercedes,28,1:18.341,
2021,FORMULA 1 GRAN PREMIO DE LA CIUDAD DE MÉXICO,1103,practice_1,https://www.formula1.com/en/results.html/2021/races/1103/mexico/practice-1.html,2,44,HAM,Lewis Hamilton,Mercedes,24,1:18.417,+0.076s
2021,FORMULA 1 GRAN PREMIO DE LA CIUDAD DE MÉXICO,1103,practice_1,https://www.formula1.com/en/results.html/2021/races/1103/mexico/practice-1.html,3,33,VER,Max Verstappen,Red Bull Racing Honda,28,1:18.464,+0.123s
2021,FORMULA 1 GRAN PREMIO DE LA CIUDAD DE MÉXICO,1103,practice_1,https://www.formula1.com/en/results.html/2021/races/1103/mexico/practice-1.html,4,11,PER,Sergio Perez,Red Bull Racing Honda,20,1:18.610,+0.269s
2021,FORMULA 1 GRAN PREMIO DE LA CIUDAD DE MÉXICO,1103,practice_1,https://www.formula1.com/en/results.html/2021/races/1103/mexico/practice-1.html,5,10,GAS,Pierre Gasly,AlphaTauri Honda,23,1:18.985,+0.644s
2021,FORMULA 1 GRAN PREMIO DE LA CIUDAD DE MÉXICO,1103,practice_1,https://www.formula1.com/en/results.html/2021/races/1103/mexico/practice-1.html,6,55,SAI,Carlos Sainz,Ferrari,26,1:19.463,+1.122s
2021,FORMULA 1 GRAN PREMIO DE LA CIUDAD DE MÉXICO,1103,practice_1,https://www.formula1.com/en/results.html/2021/races/1103/mexico/practice-1.html,7,14,ALO,Fernando Alonso,Alpine Renault,26,1:19.656,+1.315s
2021,FORMULA 1 GRAN PREMIO DE LA CIUDAD DE MÉXICO,1103,practice_1,https://www.formula1.com/en/results.html/2021/races/1103/mexico/practice-1.html,8,16,LEC,Charles Leclerc,Ferrari,20,1:19.667,+1.326s
2021,FORMULA 1 GRAN PREMIO DE LA CIUDAD DE MÉXICO,1103,practice_1,https://www.formula1.com/en/results.html/2021/races/1103/mexico/practice-1.html,9,31,OCO,Esteban Ocon,Alpine Renault,20,1:19.759,+1.418s
2021,FORMULA 1 GRAN PREMIO DE LA CIUDAD DE MÉXICO,1103,practice_1,https://www.formula1.com/en/results.html/2021/races/1103/mexico/practice-1.html,10,5,VET,Sebastian Vettel,Aston Martin Mercedes,27,1:19.858,+1.517s
2021,FORMULA 1 GRAN PREMIO DE LA CIUDAD DE MÉXICO,1103,practice_1,https://www.formula1.com/en/results.html/2021/races/1103/mexico/practice-1.html,11,22,TSU,Yuki Tsunoda,AlphaTauri Honda,30,1:20.011,+1.670s
2021,FORMULA 1 GRAN PREMIO DE LA CIUDAD DE MÉXICO,1103,practice_1,https://www.formula1.com/en/results.html/2021/races/1103/mexico/practice-1.html,12,7,RAI,Kimi Räikkönen,Alfa Romeo Racing Ferrari,26,1:20.026,+1.685s
2021,FORMULA 1 GRAN PREMIO DE LA CIUDAD DE MÉXICO,1103,practice_1,https://www.formula1.com/en/results.html/2021/races/1103/mexico/practice-1.html,13,18,STR,Lance Stroll,Aston Martin Mercedes,27,1:20.030,+1.689s
2021,FORMULA 1 GRAN PREMIO DE LA CIUDAD DE MÉXICO,1103,practice_1,https://www.formula1.com/en/results.html/2021/races/1103/mexico/practice-1.html,14,3,RIC,Daniel Ricciardo,McLaren Mercedes,25,1:20.273,+1.932s
2021,FORMULA 1 GRAN PREMIO DE LA CIUDAD DE MÉXICO,1103,practice_1,https://www.formula1.com/en/results.html/2021/races/1103/mexico/practice-1.html,15,4,NOR,Lando Norris,McLaren Mercedes,26,1:20.301,+1.960s
2021,FORMULA 1 GRAN PREMIO DE LA CIUDAD DE MÉXICO,1103,practice_1,https://www.formula1.com/en/results.html/2021/races/1103/mexico/practice-1.html,16,99,GIO,Antonio Giovinazzi,Alfa Romeo Racing Ferrari,27,1:20.344,+2.003s
2021,FORMULA 1 GRAN PREMIO DE LA CIUDAD DE MÉXICO,1103,practice_1,https://www.formula1.com/en/results.html/2021/races/1103/mexico/practice-1.html,17,63,RUS,George Russell,Williams Mercedes,23,1:20.517,+2.176s
2021,FORMULA 1 GRAN PREMIO DE LA CIUDAD DE MÉXICO,1103,practice_1,https://www.formula1.com/en/results.html/2021/races/1103/mexico/practice-1.html,18,6,LAT,Nicholas Latifi,Williams Mercedes,23,1:21.580,+3.239s
2021,FORMULA 1 GRAN PREMIO DE LA CIUDAD DE MÉXICO,1103,practice_1,https://www.formula1.com/en/results.html/2021/races/1103/mexico/practice-1.html,19,47,MSC,Mick Schumacher,Haas Ferrari,27,1:22.144,+3.803s
2021,FORMULA 1 GRAN PREMIO DE LA CIUDAD DE MÉXICO,1103,practice_1,https://www.formula1.com/en/results.html/2021/races/1103/mexico/practice-1.html,20,9,MAZ,Nikita Mazepin,Haas Ferrari,24,1:22.819,+4.478s
2021,FORMULA 1 HEINEKEN GRANDE PRÊMIO DE SÃO PAULO,1104,practice_1,https://www.formula1.com/en/results.html/2021/races/1104/brazil/practice-1.html,1,44,HAM,Lewis Hamilton,Mercedes,31,1:09.050,
2021,FORMULA 1 HEINEKEN GRANDE PRÊMIO DE SÃO PAULO,1104,practice_1,https://www.formula1.com/en/results.html/2021/races/1104/brazil/practice-1.html,2,33,VER,Max Verstappen,Red Bull Racing Honda,22,1:09.417,+0.367s
2021,FORMULA 1 HEINEKEN GRANDE PRÊMIO DE SÃO PAULO,1104,practice_1,https://www.formula1.com/en/results.html/2021/races/1104/brazil/practice-1.html,3,11,PER,Sergio Perez,Red Bull Racing Honda,28,1:09.492,+0.442s
2021,FORMULA 1 HEINEKEN GRANDE PRÊMIO DE SÃO PAULO,1104,practice_1,https://www.formula1.com/en/results.html/2021/races/1104/brazil/practice-1.html,4,77,BOT,Valtteri Bottas,Mercedes,30,1:09.567,+0.517s
2021,FORMULA 1 HEINEKEN GRANDE PRÊMIO DE SÃO PAULO,1104,practice_1,https://www.formula1.com/en/results.html/2021/races/1104/brazil/practice-1.html,5,10,GAS,Pierre Gasly,AlphaTauri Honda,32,1:09.880,+0.830s
2021,FORMULA 1 HEINEKEN GRANDE PRÊMIO DE SÃO PAULO,1104,practice_1,https://www.formula1.com/en/results.html/2021/races/1104/brazil/practice-1.html,6,55,SAI,Carlos Sainz,Ferrari,31,1:10.124,+1.074s
2021,FORMULA 1 HEINEKEN GRANDE PRÊMIO DE SÃO PAULO,1104,practice_1,https://www.formula1.com/en/results.html/2021/races/1104/brazil/practice-1.html,7,16,LEC,Charles Leclerc,Ferrari,32,1:10.142,+1.092s
2021,FORMULA 1 HEINEKEN GRANDE PRÊMIO DE SÃO PAULO,1104,practice_1,https://www.formula1.com/en/results.html/2021/races/1104/brazil/practice-1.html,8,31,OCO,Esteban Ocon,Alpine Renault,27,1:10.145,+1.095s
2021,FORMULA 1 HEINEKEN GRANDE PRÊMIO DE SÃO PAULO,1104,practice_1,https://www.formula1.com/en/results.html/2021/races/1104/brazil/practice-1.html,9,14,ALO,Fernando Alonso,Alpine Renault,26,1:10.201,+1.151s
2021,FORMULA 1 HEINEKEN GRANDE PRÊMIO DE SÃO PAULO,1104,practice_1,https://www.formula1.com/en/results.html/2021/races/1104/brazil/practice-1.html,10,18,STR,Lance Stroll,Aston Martin Mercedes,27,1:10.352,+1.302s
2021,FORMULA 1 HEINEKEN GRANDE PRÊMIO DE SÃO PAULO,1104,practice_1,https://www.formula1.com/en/results.html/2021/races/1104/brazil/practice-1.html,11,22,TSU,Yuki Tsunoda,AlphaTauri Honda,33,1:10.374,+1.324s
2021,FORMULA 1 HEINEKEN GRANDE PRÊMIO DE SÃO PAULO,1104,practice_1,https://www.formula1.com/en/results.html/2021/races/1104/brazil/practice-1.html,12,5,VET,Sebastian Vettel,Aston Martin Mercedes,28,1:10.413,+1.363s
2021,FORMULA 1 HEINEKEN GRANDE PRÊMIO DE SÃO PAULO,1104,practice_1,https://www.formula1.com/en/results.html/2021/races/1104/brazil/practice-1.html,13,7,RAI,Kimi Räikkönen,Alfa Romeo Racing Ferrari,31,1:10.443,+1.393s
2021,FORMULA 1 HEINEKEN GRANDE PRÊMIO DE SÃO PAULO,1104,practice_1,https://www.formula1.com/en/results.html/2021/races/1104/brazil/practice-1.html,14,99,GIO,Antonio Giovinazzi,Alfa Romeo Racing Ferrari,31,1:10.587,+1.537s
2021,FORMULA 1 HEINEKEN GRANDE PRÊMIO DE SÃO PAULO,1104,practice_1,https://www.formula1.com/en/results.html/2021/races/1104/brazil/practice-1.html,15,4,NOR,Lando Norris,McLaren Mercedes,27,1:10.610,+1.560s
2021,FORMULA 1 HEINEKEN GRANDE PRÊMIO DE SÃO PAULO,1104,practice_1,https://www.formula1.com/en/results.html/2021/races/1104/brazil/practice-1.html,16,47,MSC,Mick Schumacher,Haas Ferrari,27,1:10.885,+1.835s
2021,FORMULA 1 HEINEKEN GRANDE PRÊMIO DE SÃO PAULO,1104,practice_1,https://www.formula1.com/en/results.html/2021/races/1104/brazil/practice-1.html,17,6,LAT,Nicholas Latifi,Williams Mercedes,23,1:10.902,+1.852s
2021,FORMULA 1 HEINEKEN GRANDE PRÊMIO DE SÃO PAULO,1104,practice_1,https://www.formula1.com/en/results.html/2021/races/1104/brazil/practice-1.html,18,63,RUS,George Russell,Williams Mercedes,24,1:10.938,+1.888s
2021,FORMULA 1 HEINEKEN GRANDE PRÊMIO DE SÃO PAULO,1104,practice_1,https://www.formula1.com/en/results.html/2021/races/1104/brazil/practice-1.html,19,3,RIC,Daniel Ricciardo,McLaren Mercedes,25,1:10.990,+1.940s
2021,FORMULA 1 HEINEKEN GRANDE PRÊMIO DE SÃO PAULO,1104,practice_1,https://www.formula1.com/en/results.html/2021/races/1104/brazil/practice-1.html,20,9,MAZ,Nikita Mazepin,Haas Ferrari,28,1:11.342,+2.292s
2021,FORMULA 1 OOREDOO QATAR,1105,practice_1,https://www.formula1.com/en/results.html/2021/races/1105/qatar/practice-1.html,1,33,VER,Max Verstappen,Red Bull Racing Honda,22,1:23.723,
2021,FORMULA 1 OOREDOO QATAR,1105,practice_1,https://www.formula1.com/en/results.html/2021/races/1105/qatar/practice-1.html,2,10,GAS,Pierre Gasly,AlphaTauri Honda,28,1:24.160,+0.437s
2021,FORMULA 1 OOREDOO QATAR,1105,practice_1,https://www.formula1.com/en/results.html/2021/races/1105/qatar/practice-1.html,3,77,BOT,Valtteri Bottas,Mercedes,24,1:24.194,+0.471s
2021,FORMULA 1 OOREDOO QATAR,1105,practice_1,https://www.formula1.com/en/results.html/2021/races/1105/qatar/practice-1.html,4,44,HAM,Lewis Hamilton,Mercedes,21,1:24.509,+0.786s
2021,FORMULA 1 OOREDOO QATAR,1105,practice_1,https://www.formula1.com/en/results.html/2021/races/1105/qatar/practice-1.html,5,22,TSU,Yuki Tsunoda,AlphaTauri Honda,27,1:24.648,+0.925s
2021,FORMULA 1 OOREDOO QATAR,1105,practice_1,https://www.formula1.com/en/results.html/2021/races/1105/qatar/practice-1.html,6,55,SAI,Carlos Sainz,Ferrari,26,1:24.713,+0.990s
2021,FORMULA 1 OOREDOO QATAR,1105,practice_1,https://www.formula1.com/en/results.html/2021/races/1105/qatar/practice-1.html,7,16,LEC,Charles Leclerc,Ferrari,27,1:24.790,+1.067s
2021,FORMULA 1 OOREDOO QATAR,1105,practice_1,https://www.formula1.com/en/results.html/2021/races/1105/qatar/practice-1.html,8,11,PER,Sergio Perez,Red Bull Racing Honda,22,1:24.915,+1.192s
2021,FORMULA 1 OOREDOO QATAR,1105,practice_1,https://www.formula1.com/en/results.html/2021/races/1105/qatar/practice-1.html,9,31,OCO,Esteban Ocon,Alpine Renault,23,1:24.972,+1.249s
2021,FORMULA 1 OOREDOO QATAR,1105,practice_1,https://www.formula1.com/en/results.html/2021/races/1105/qatar/practice-1.html,10,4,NOR,Lando Norris,McLaren Mercedes,19,1:25.215,+1.492s
2021,FORMULA 1 OOREDOO QATAR,1105,practice_1,https://www.formula1.com/en/results.html/2021/races/1105/qatar/practice-1.html,11,3,RIC,Daniel Ricciardo,McLaren Mercedes,24,1:25.291,+1.568s
2021,FORMULA 1 OOREDOO QATAR,1105,practice_1,https://www.formula1.com/en/results.html/2021/races/1105/qatar/practice-1.html,12,5,VET,Sebastian Vettel,Aston Martin Mercedes,19,1:25.328,+1.605s
2021,FORMULA 1 OOREDOO QATAR,1105,practice_1,https://www.formula1.com/en/results.html/2021/races/1105/qatar/practice-1.html,13,6,LAT,Nicholas Latifi,Williams Mercedes,24,1:25.688,+1.965s
2021,FORMULA 1 OOREDOO QATAR,1105,practice_1,https://www.formula1.com/en/results.html/2021/races/1105/qatar/practice-1.html,14,99,GIO,Antonio Giovinazzi,Alfa Romeo Racing Ferrari,23,1:25.757,+2.034s
2021,FORMULA 1 OOREDOO QATAR,1105,practice_1,https://www.formula1.com/en/results.html/2021/races/1105/qatar/practice-1.html,15,7,RAI,Kimi Räikkönen,Alfa Romeo Racing Ferrari,25,1:25.828,+2.105s
2021,FORMULA 1 OOREDOO QATAR,1105,practice_1,https://www.formula1.com/en/results.html/2021/races/1105/qatar/practice-1.html,16,63,RUS,George Russell,Williams Mercedes,24,1:25.871,+2.148s
2021,FORMULA 1 OOREDOO QATAR,1105,practice_1,https://www.formula1.com/en/results.html/2021/races/1105/qatar/practice-1.html,17,14,ALO,Fernando Alonso,Alpine Renault,21,1:25.905,+2.182s
2021,FORMULA 1 OOREDOO QATAR,1105,practice_1,https://www.formula1.com/en/results.html/2021/races/1105/qatar/practice-1.html,18,47,MSC,Mick Schumacher,Haas Ferrari,21,1:26.699,+2.976s
2021,FORMULA 1 OOREDOO QATAR,1105,practice_1,https://www.formula1.com/en/results.html/2021/races/1105/qatar/practice-1.html,19,18,STR,Lance Stroll,Aston Martin Mercedes,11,1:26.712,+2.989s
2021,FORMULA 1 OOREDOO QATAR,1105,practice_1,https://www.formula1.com/en/results.html/2021/races/1105/qatar/practice-1.html,20,9,MAZ,Nikita Mazepin,Haas Ferrari,16,1:27.500,+3.777s
2021,FORMULA 1 STC SAUDI ARABIAN,1106,practice_1,https://www.formula1.com/en/results.html/2021/races/1106/saudi-arabia/practice-1.html,1,44,HAM,Lewis Hamilton,Mercedes,21,1:29.786,
2021,FORMULA 1 STC SAUDI ARABIAN,1106,practice_1,https://www.formula1.com/en/results.html/2021/races/1106/saudi-arabia/practice-1.html,2,33,VER,Max Verstappen,Red Bull Racing Honda,23,1:29.842,+0.056s
2021,FORMULA 1 STC SAUDI ARABIAN,1106,practice_1,https://www.formula1.com/en/results.html/2021/races/1106/saudi-arabia/practice-1.html,3,77,BOT,Valtteri Bottas,Mercedes,24,1:30.009,+0.223s
2021,FORMULA 1 STC SAUDI ARABIAN,1106,practice_1,https://www.formula1.com/en/results.html/2021/races/1106/saudi-arabia/practice-1.html,4,10,GAS,Pierre Gasly,AlphaTauri Honda,28,1:30.263,+0.477s
2021,FORMULA 1 STC SAUDI ARABIAN,1106,practice_1,https://www.formula1.com/en/results.html/2021/races/1106/saudi-arabia/practice-1.html,5,99,GIO,Antonio Giovinazzi,Alfa Romeo Racing Ferrari,27,1:30.318,+0.532s
2021,FORMULA 1 STC SAUDI ARABIAN,1106,practice_1,https://www.formula1.com/en/results.html/2021/races/1106/saudi-arabia/practice-1.html,6,55,SAI,Carlos Sainz,Ferrari,26,1:30.564,+0.778s
2021,FORMULA 1 STC SAUDI ARABIAN,1106,practice_1,https://www.formula1.com/en/results.html/2021/races/1106/saudi-arabia/practice-1.html,7,16,LEC,Charles Leclerc,Ferrari,26,1:30.600,+0.814s
2021,FORMULA 1 STC SAUDI ARABIAN,1106,practice_1,https://www.formula1.com/en/results.html/2021/races/1106/saudi-arabia/practice-1.html,8,3,RIC,Daniel Ricciardo,McLaren Mercedes,25,1:30.608,+0.822s
2021,FORMULA 1 STC SAUDI ARABIAN,1106,practice_1,https://www.formula1.com/en/results.html/2021/races/1106/saudi-arabia/practice-1.html,9,14,ALO,Fernando Alonso,Alpine Renault,27,1:30.842,+1.056s
2021,FORMULA 1 STC SAUDI ARABIAN,1106,practice_1,https://www.formula1.com/en/results.html/2021/races/1106/saudi-arabia/practice-1.html,10,5,VET,Sebastian Vettel,Aston Martin Mercedes,25,1:30.886,+1.100s
2021,FORMULA 1 STC SAUDI ARABIAN,1106,practice_1,https://www.formula1.com/en/results.html/2021/races/1106/saudi-arabia/practice-1.html,11,11,PER,Sergio Perez,Red Bull Racing Honda,27,1:30.960,+1.174s
2021,FORMULA 1 STC SAUDI ARABIAN,1106,practice_1,https://www.formula1.com/en/results.html/2021/races/1106/saudi-arabia/practice-1.html,12,31,OCO,Esteban Ocon,Alpine Renault,29,1:31.023,+1.237s
2021,FORMULA 1 STC SAUDI ARABIAN,1106,practice_1,https://www.formula1.com/en/results.html/2021/races/1106/saudi-arabia/practice-1.html,13,4,NOR,Lando Norris,McLaren Mercedes,23,1:31.029,+1.243s
2021,FORMULA 1 STC SAUDI ARABIAN,1106,practice_1,https://www.formula1.com/en/results.html/2021/races/1106/saudi-arabia/practice-1.html,14,18,STR,Lance Stroll,Aston Martin Mercedes,25,1:31.044,+1.258s
2021,FORMULA 1 STC SAUDI ARABIAN,1106,practice_1,https://www.formula1.com/en/results.html/2021/races/1106/saudi-arabia/practice-1.html,15,22,TSU,Yuki Tsunoda,AlphaTauri Honda,26,1:31.099,+1.313s
2021,FORMULA 1 STC SAUDI ARABIAN,1106,practice_1,https://www.formula1.com/en/results.html/2021/races/1106/saudi-arabia/practice-1.html,16,7,RAI,Kimi Räikkönen,Alfa Romeo Racing Ferrari,26,1:31.296,+1.510s
2021,FORMULA 1 STC SAUDI ARABIAN,1106,practice_1,https://www.formula1.com/en/results.html/2021/races/1106/saudi-arabia/practice-1.html,17,63,RUS,George Russell,Williams Mercedes,28,1:31.343,+1.557s
2021,FORMULA 1 STC SAUDI ARABIAN,1106,practice_1,https://www.formula1.com/en/results.html/2021/races/1106/saudi-arabia/practice-1.html,18,47,MSC,Mick Schumacher,Haas Ferrari,24,1:31.525,+1.739s
2021,FORMULA 1 STC SAUDI ARABIAN,1106,practice_1,https://www.formula1.com/en/results.html/2021/races/1106/saudi-arabia/practice-1.html,19,6,LAT,Nicholas Latifi,Williams Mercedes,27,1:31.821,+2.035s
2021,FORMULA 1 STC SAUDI ARABIAN,1106,practice_1,https://www.formula1.com/en/results.html/2021/races/1106/saudi-arabia/practice-1.html,20,9,MAZ,Nikita Mazepin,Haas Ferrari,23,1:33.464,+3.678s
2021,FORMULA 1 ETIHAD AIRWAYS ABU DHABI,1107,practice_1,https://www.formula1.com/en/results.html/2021/races/1107/abu-dhabi/practice-1.html,1,33,VER,Max Verstappen,Red Bull Racing Honda,23,1:25.009,
2021,FORMULA 1 ETIHAD AIRWAYS ABU DHABI,1107,practice_1,https://www.formula1.com/en/results.html/2021/races/1107/abu-dhabi/practice-1.html,2,77,BOT,Valtteri Bottas,Mercedes,27,1:25.205,+0.196s
2021,FORMULA 1 ETIHAD AIRWAYS ABU DHABI,1107,practice_1,https://www.formula1.com/en/results.html/2021/races/1107/abu-dhabi/practice-1.html,3,44,HAM,Lewis Hamilton,Mercedes,25,1:25.355,+0.346s
2021,FORMULA 1 ETIHAD AIRWAYS ABU DHABI,1107,practice_1,https://www.formula1.com/en/results.html/2021/races/1107/abu-dhabi/practice-1.html,4,11,PER,Sergio Perez,Red Bull Racing Honda,24,1:25.363,+0.354s
2021,FORMULA 1 ETIHAD AIRWAYS ABU DHABI,1107,practice_1,https://www.formula1.com/en/results.html/2021/races/1107/abu-dhabi/practice-1.html,5,22,TSU,Yuki Tsunoda,AlphaTauri Honda,23,1:25.378,+0.369s
2021,FORMULA 1 ETIHAD AIRWAYS ABU DHABI,1107,practice_1,https://www.formula1.com/en/results.html/2021/races/1107/abu-dhabi/practice-1.html,6,14,ALO,Fernando Alonso,Alpine Renault,26,1:25.625,+0.616s
2021,FORMULA 1 ETIHAD AIRWAYS ABU DHABI,1107,practice_1,https://www.formula1.com/en/results.html/2021/races/1107/abu-dhabi/practice-1.html,7,10,GAS,Pierre Gasly,AlphaTauri Honda,28,1:25.822,+0.813s
2021,FORMULA 1 ETIHAD AIRWAYS ABU DHABI,1107,practice_1,https://www.formula1.com/en/results.html/2021/races/1107/abu-dhabi/practice-1.html,8,16,LEC,Charles Leclerc,Ferrari,20,1:25.846,+0.837s
2021,FORMULA 1 ETIHAD AIRWAYS ABU DHABI,1107,practice_1,https://www.formula1.com/en/results.html/2021/races/1107/abu-dhabi/practice-1.html,9,55,SAI,Carlos Sainz,Ferrari,26,1:25.886,+0.877s
2021,FORMULA 1 ETIHAD AIRWAYS ABU DHABI,1107,practice_1,https://www.formula1.com/en/results.html/2021/races/1107/abu-dhabi/practice-1.html,10,5,VET,Sebastian Vettel,Aston Martin Mercedes,26,1:26.007,+0.998s
2021,FORMULA 1 ETIHAD AIRWAYS ABU DHABI,1107,practice_1,https://www.formula1.com/en/results.html/2021/races/1107/abu-dhabi/practice-1.html,11,31,OCO,Esteban Ocon,Alpine Renault,25,1:26.025,+1.016s
2021,FORMULA 1 ETIHAD AIRWAYS ABU DHABI,1107,practice_1,https://www.formula1.com/en/results.html/2021/races/1107/abu-dhabi/practice-1.html,12,4,NOR,Lando Norris,McLaren Mercedes,26,1:26.123,+1.114s
2021,FORMULA 1 ETIHAD AIRWAYS ABU DHABI,1107,practice_1,https://www.formula1.com/en/results.html/2021/races/1107/abu-dhabi/practice-1.html,13,7,RAI,Kimi Räikkönen,Alfa Romeo Racing Ferrari,25,1:26.189,+1.180s
2021,FORMULA 1 ETIHAD AIRWAYS ABU DHABI,1107,practice_1,https://www.formula1.com/en/results.html/2021/races/1107/abu-dhabi/practice-1.html,14,99,GIO,Antonio Giovinazzi,Alfa Romeo Racing Ferrari,25,1:26.409,+1.400s
2021,FORMULA 1 ETIHAD AIRWAYS ABU DHABI,1107,practice_1,https://www.formula1.com/en/results.html/2021/races/1107/abu-dhabi/practice-1.html,15,18,STR,Lance Stroll,Aston Martin Mercedes,26,1:26.608,+1.599s
2021,FORMULA 1 ETIHAD AIRWAYS ABU DHABI,1107,practice_1,https://www.formula1.com/en/results.html/2021/races/1107/abu-dhabi/practice-1.html,16,3,RIC,Daniel Ricciardo,McLaren Mercedes,29,1:26.676,+1.667s
2021,FORMULA 1 ETIHAD AIRWAYS ABU DHABI,1107,practice_1,https://www.formula1.com/en/results.html/2021/races/1107/abu-dhabi/practice-1.html,17,89,AIT,Jack Aitken,Williams Mercedes,27,1:27.481,+2.472s
2021,FORMULA 1 ETIHAD AIRWAYS ABU DHABI,1107,practice_1,https://www.formula1.com/en/results.html/2021/races/1107/abu-dhabi/practice-1.html,18,6,LAT,Nicholas Latifi,Williams Mercedes,27,1:27.487,+2.478s
2021,FORMULA 1 ETIHAD AIRWAYS ABU DHABI,1107,practice_1,https://www.formula1.com/en/results.html/2021/races/1107/abu-dhabi/practice-1.html,19,47,MSC,Mick Schumacher,Haas Ferrari,24,1:27.698,+2.689s
2021,FORMULA 1 ETIHAD AIRWAYS ABU DHABI,1107,practice_1,https://www.formula1.com/en/results.html/2021/races/1107/abu-dhabi/practice-1.html,20,9,MAZ,Nikita Mazepin,Haas Ferrari,22,1:28.305,+3.296s
