year,race_name,race_id,result_type,url,position,driver_number,driver_code,driver_name,team,laps,lap_time,gap
2020,FORMULA 1 ROLEX GROSSER PREIS VON ÖSTERREICH,1045,practice_2,https://www.formula1.com/en/results.html/2020/races/1045/austria/practice-2.html,1,44,HAM,Lewis Hamilton,Mercedes,42,1:04.304,
2020,FORMULA 1 ROLEX GROSSER PREIS VON ÖSTERREICH,1045,practice_2,https://www.formula1.com/en/results.html/2020/races/1045/austria/practice-2.html,2,77,BOT,Valtteri Bottas,Mercedes,37,1:04.501,+0.197s
2020,FORMULA 1 ROLEX GROSSER PREIS VON ÖSTERREICH,1045,practice_2,https://www.formula1.com/en/results.html/2020/races/1045/austria/practice-2.html,3,11,PER,Sergio Perez,Racing Point BWT Mercedes,48,1:04.945,+0.641s
2020,FORMULA 1 ROLEX GROSSER PREIS VON ÖSTERREICH,1045,practice_2,https://www.formula1.com/en/results.html/2020/races/1045/austria/practice-2.html,4,5,VET,Sebastian Vettel,Ferrari,48,1:04.961,+0.657s
2020,FORMULA 1 ROLEX GROSSER PREIS VON ÖSTERREICH,1045,practice_2,https://www.formula1.com/en/results.html/2020/races/1045/austria/practice-2.html,5,3,RIC,Daniel Ricciardo,Renault,36,1:04.972,+0.668s
2020,FORMULA 1 ROLEX GROSSER PREIS VON ÖSTERREICH,1045,practice_2,https://www.formula1.com/en/results.html/2020/races/1045/austria/practice-2.html,6,4,NOR,Lando Norris,McLaren Renault,38,1:05.087,+0.783s
2020,FORMULA 1 ROLEX GROSSER PREIS VON ÖSTERREICH,1045,practice_2,https://www.formula1.com/en/results.html/2020/races/1045/austria/practice-2.html,7,18,STR,Lance Stroll,Racing Point BWT Mercedes,48,1:05.135,+0.831s
2020,FORMULA 1 ROLEX GROSSER PREIS VON ÖSTERREICH,1045,practice_2,https://www.formula1.com/en/results.html/2020/races/1045/austria/practice-2.html,8,33,VER,Max Verstappen,Red Bull Racing Honda,41,1:05.215,+0.911s
2020,FORMULA 1 ROLEX GROSSER PREIS VON ÖSTERREICH,1045,practice_2,https://www.formula1.com/en/results.html/2020/races/1045/austria/practice-2.html,9,16,LEC,Charles Leclerc,Ferrari,46,1:05.298,+0.994s
2020,FORMULA 1 ROLEX GROSSER PREIS VON ÖSTERREICH,1045,practice_2,https://www.formula1.com/en/results.html/2020/races/1045/austria/practice-2.html,10,55,SAI,Carlos Sainz,McLaren Renault,37,1:05.352,+1.048s
2020,FORMULA 1 ROLEX GROSSER PREIS VON ÖSTERREICH,1045,practice_2,https://www.formula1.com/en/results.html/2020/races/1045/austria/practice-2.html,11,31,OCO,Esteban Ocon,Renault,42,1:05.415,+1.111s
2020,FORMULA 1 ROLEX GROSSER PREIS VON ÖSTERREICH,1045,practice_2,https://www.formula1.com/en/results.html/2020/races/1045/austria/practice-2.html,12,26,KVY,Daniil Kvyat,AlphaTauri Honda,34,1:05.443,+1.139s
2020,FORMULA 1 ROLEX GROSSER PREIS VON ÖSTERREICH,1045,practice_2,https://www.formula1.com/en/results.html/2020/races/1045/austria/practice-2.html,13,23,ALB,Alexander Albon,Red Bull Racing Honda,47,1:05.453,+1.149s
2020,FORMULA 1 ROLEX GROSSER PREIS VON ÖSTERREICH,1045,practice_2,https://www.formula1.com/en/results.html/2020/races/1045/austria/practice-2.html,14,99,GIO,Antonio Giovinazzi,Alfa Romeo Racing Ferrari,49,1:05.608,+1.304s
2020,FORMULA 1 ROLEX GROSSER PREIS VON ÖSTERREICH,1045,practice_2,https://www.formula1.com/en/results.html/2020/races/1045/austria/practice-2.html,15,20,MAG,Kevin Magnussen,Haas Ferrari,44,1:05.678,+1.374s
2020,FORMULA 1 ROLEX GROSSER PREIS VON ÖSTERREICH,1045,practice_2,https://www.formula1.com/en/results.html/2020/races/1045/austria/practice-2.html,16,8,GRO,Romain Grosjean,Haas Ferrari,50,1:05.908,+1.604s
2020,FORMULA 1 ROLEX GROSSER PREIS VON ÖSTERREICH,1045,practice_2,https://www.formula1.com/en/results.html/2020/races/1045/austria/practice-2.html,17,10,GAS,Pierre Gasly,AlphaTauri Honda,51,1:06.016,+1.712s
2020,FORMULA 1 ROLEX GROSSER PREIS VON ÖSTERREICH,1045,practice_2,https://www.formula1.com/en/results.html/2020/races/1045/austria/practice-2.html,18,63,RUS,George Russell,Williams Mercedes,40,1:06.125,+1.821s
2020,FORMULA 1 ROLEX GROSSER PREIS VON ÖSTERREICH,1045,practice_2,https://www.formula1.com/en/results.html/2020/races/1045/austria/practice-2.html,19,7,RAI,Kimi Räikkönen,Alfa Romeo Racing Ferrari,44,1:06.278,+1.974s
2020,FORMULA 1 ROLEX GROSSER PREIS VON ÖSTERREICH,1045,practice_2,https://www.formula1.com/en/results.html/2020/races/1045/austria/practice-2.html,20,6,LAT,Nicholas Latifi,Williams Mercedes,45,1:07.124,+2.820s
2020,FORMULA 1 PIRELLI GROSSER PREIS DER STEIERMARK,1046,practice_2,https://www.formula1.com/en/results.html/2020/races/1046/styria/practice-2.html,1,33,VER,Max Verstappen,Red Bull Racing Honda,27,1:03.660,
2020,FORMULA 1 PIRELLI GROSSER PREIS DER STEIERMARK,1046,practice_2,https://www.formula1.com/en/results.html/2020/races/1046/styria/practice-2.html,2,77,BOT,Valtteri Bottas,Mercedes,36,1:03.703,+0.043s
2020,FORMULA 1 PIRELLI GROSSER PREIS DER STEIERMARK,1046,practice_2,https://www.formula1.com/en/results.html/2020/races/1046/styria/practice-2.html,3,11,PER,Sergio Perez,Racing Point BWT Mercedes,43,1:03.877,+0.217s
2020,FORMULA 1 PIRELLI GROSSER PREIS DER STEIERMARK,1046,practice_2,https://www.formula1.com/en/results.html/2020/races/1046/styria/practice-2.html,4,18,STR,Lance Stroll,Racing Point BWT Mercedes,43,1:04.241,+0.581s
2020,FORMULA 1 PIRELLI GROSSER PREIS DER STEIERMARK,1046,practice_2,https://www.formula1.com/en/results.html/2020/races/1046/styria/practice-2.html,5,55,SAI,Carlos Sainz,McLaren Renault,45,1:04.333,+0.673s
2020,FORMULA 1 PIRELLI GROSSER PREIS DER STEIERMARK,1046,practice_2,https://www.formula1.com/en/results.html/2020/races/1046/styria/practice-2.html,6,44,HAM,Lewis Hamilton,Mercedes,27,1:04.348,+0.688s
2020,FORMULA 1 PIRELLI GROSSER PREIS DER STEIERMARK,1046,practice_2,https://www.formula1.com/en/results.html/2020/races/1046/styria/practice-2.html,7,23,ALB,Alexander Albon,Red Bull Racing Honda,29,1:04.437,+0.777s
2020,FORMULA 1 PIRELLI GROSSER PREIS DER STEIERMARK,1046,practice_2,https://www.formula1.com/en/results.html/2020/races/1046/styria/practice-2.html,8,4,NOR,Lando Norris,McLaren Renault,31,1:04.541,+0.881s
2020,FORMULA 1 PIRELLI GROSSER PREIS DER STEIERMARK,1046,practice_2,https://www.formula1.com/en/results.html/2020/races/1046/styria/practice-2.html,9,16,LEC,Charles Leclerc,Ferrari,35,1:04.706,+1.046s
2020,FORMULA 1 PIRELLI GROSSER PREIS DER STEIERMARK,1046,practice_2,https://www.formula1.com/en/results.html/2020/races/1046/styria/practice-2.html,10,31,OCO,Esteban Ocon,Renault,32,1:04.746,+1.086s
2020,FORMULA 1 PIRELLI GROSSER PREIS DER STEIERMARK,1046,practice_2,https://www.formula1.com/en/results.html/2020/races/1046/styria/practice-2.html,11,10,GAS,Pierre Gasly,AlphaTauri Honda,37,1:04.757,+1.097s
2020,FORMULA 1 PIRELLI GROSSER PREIS DER STEIERMARK,1046,practice_2,https://www.formula1.com/en/results.html/2020/races/1046/styria/practice-2.html,12,26,KVY,Daniil Kvyat,AlphaTauri Honda,34,1:05.050,+1.390s
2020,FORMULA 1 PIRELLI GROSSER PREIS DER STEIERMARK,1046,practice_2,https://www.formula1.com/en/results.html/2020/races/1046/styria/practice-2.html,13,7,RAI,Kimi Räikkönen,Alfa Romeo Racing Ferrari,23,1:05.152,+1.492s
2020,FORMULA 1 PIRELLI GROSSER PREIS DER STEIERMARK,1046,practice_2,https://www.formula1.com/en/results.html/2020/races/1046/styria/practice-2.html,14,99,GIO,Antonio Giovinazzi,Alfa Romeo Racing Ferrari,36,1:05.365,+1.705s
2020,FORMULA 1 PIRELLI GROSSER PREIS DER STEIERMARK,1046,practice_2,https://www.formula1.com/en/results.html/2020/races/1046/styria/practice-2.html,15,63,RUS,George Russell,Williams Mercedes,34,1:05.588,+1.928s
2020,FORMULA 1 PIRELLI GROSSER PREIS DER STEIERMARK,1046,practice_2,https://www.formula1.com/en/results.html/2020/races/1046/styria/practice-2.html,16,5,VET,Sebastian Vettel,Ferrari,40,1:05.613,+1.953s
2020,FORMULA 1 PIRELLI GROSSER PREIS DER STEIERMARK,1046,practice_2,https://www.formula1.com/en/results.html/2020/races/1046/styria/practice-2.html,17,6,LAT,Nicholas Latifi,Williams Mercedes,49,1:05.655,+1.995s
2020,FORMULA 1 PIRELLI GROSSER PREIS DER STEIERMARK,1046,practice_2,https://www.formula1.com/en/results.html/2020/races/1046/styria/practice-2.html,18,20,MAG,Kevin Magnussen,Haas Ferrari,36,1:05.790,+2.130s
2020,FORMULA 1 PIRELLI GROSSER PREIS DER STEIERMARK,1046,practice_2,https://www.formula1.com/en/results.html/2020/races/1046/styria/practice-2.html,19,8,GRO,Romain Grosjean,Haas Ferrari,38,1:06.096,+2.436s
2020,FORMULA 1 PIRELLI GROSSER PREIS DER STEIERMARK,1046,practice_2,https://www.formula1.com/en/results.html/2020/races/1046/styria/practice-2.html,20,3,RIC,Daniel Ricciardo,Renault,2,,
2020,FORMULA 1 ARAMCO MAGYAR NAGYDÍJ,1047,practice_2,https://www.formula1.com/en/results.html/2020/races/1047/hungary/practice-2.html,1,5,VET,Sebastian Vettel,Ferrari,12,1:40.464,
2020,FORMULA 1 ARAMCO MAGYAR NAGYDÍJ,1047,practice_2,https://www.formula1.com/en/results.html/2020/races/1047/hungary/practice-2.html,2,77,BOT,Valtteri Bottas,Mercedes,5,1:40.736,+0.272s
2020,FORMULA 1 ARAMCO MAGYAR NAGYDÍJ,1047,practice_2,https://www.formula1.com/en/results.html/2020/races/1047/hungary/practice-2.html,3,55,SAI,Carlos Sainz,McLaren Renault,6,1:41.784,+1.320s
2020,FORMULA 1 ARAMCO MAGYAR NAGYDÍJ,1047,practice_2,https://www.formula1.com/en/results.html/2020/races/1047/hungary/practice-2.html,4,18,STR,Lance Stroll,Racing Point BWT Mercedes,6,1:42.380,+1.916s
2020,FORMULA 1 ARAMCO MAGYAR NAGYDÍJ,1047,practice_2,https://www.formula1.com/en/results.html/2020/races/1047/hungary/practice-2.html,5,11,PER,Sergio Perez,Racing Point BWT Mercedes,5,1:42.470,+2.006s
2020,FORMULA 1 ARAMCO MAGYAR NAGYDÍJ,1047,practice_2,https://www.formula1.com/en/results.html/2020/races/1047/hungary/practice-2.html,6,10,GAS,Pierre Gasly,AlphaTauri Honda,7,1:42.588,+2.124s
2020,FORMULA 1 ARAMCO MAGYAR NAGYDÍJ,1047,practice_2,https://www.formula1.com/en/results.html/2020/races/1047/hungary/practice-2.html,7,33,VER,Max Verstappen,Red Bull Racing Honda,4,1:42.820,+2.356s
2020,FORMULA 1 ARAMCO MAGYAR NAGYDÍJ,1047,practice_2,https://www.formula1.com/en/results.html/2020/races/1047/hungary/practice-2.html,8,8,GRO,Romain Grosjean,Haas Ferrari,6,1:43.335,+2.871s
2020,FORMULA 1 ARAMCO MAGYAR NAGYDÍJ,1047,practice_2,https://www.formula1.com/en/results.html/2020/races/1047/hungary/practice-2.html,9,7,RAI,Kimi Räikkönen,Alfa Romeo Racing Ferrari,16,1:43.471,+3.007s
2020,FORMULA 1 ARAMCO MAGYAR NAGYDÍJ,1047,practice_2,https://www.formula1.com/en/results.html/2020/races/1047/hungary/practice-2.html,10,16,LEC,Charles Leclerc,Ferrari,10,1:43.725,+3.261s
2020,FORMULA 1 ARAMCO MAGYAR NAGYDÍJ,1047,practice_2,https://www.formula1.com/en/results.html/2020/races/1047/hungary/practice-2.html,11,99,GIO,Antonio Giovinazzi,Alfa Romeo Racing Ferrari,9,1:44.411,+3.947s
2020,FORMULA 1 ARAMCO MAGYAR NAGYDÍJ,1047,practice_2,https://www.formula1.com/en/results.html/2020/races/1047/hungary/practice-2.html,12,4,NOR,Lando Norris,McLaren Renault,5,1:46.000,+5.536s
2020,FORMULA 1 ARAMCO MAGYAR NAGYDÍJ,1047,practice_2,https://www.formula1.com/en/results.html/2020/races/1047/hungary/practice-2.html,13,26,KVY,Daniil Kvyat,AlphaTauri Honda,7,1:47.422,+6.958s
2020,FORMULA 1 ARAMCO MAGYAR NAGYDÍJ,1047,practice_2,https://www.formula1.com/en/results.html/2020/races/1047/hungary/practice-2.html,14,31,OCO,Esteban Ocon,Renault,1,,
2020,FORMULA 1 ARAMCO MAGYAR NAGYDÍJ,1047,practice_2,https://www.formula1.com/en/results.html/2020/races/1047/hungary/practice-2.html,15,3,RIC,Daniel Ricciardo,Renault,1,,
2020,FORMULA 1 ARAMCO MAGYAR NAGYDÍJ,1047,practice_2,https://www.formula1.com/en/results.html/2020/races/1047/hungary/practice-2.html,16,44,HAM,Lewis Hamilton,Mercedes,1,,
2020,FORMULA 1 ARAMCO MAGYAR NAGYDÍJ,1047,practice_2,https://www.formula1.com/en/results.html/2020/races/1047/hungary/practice-2.html,17,6,LAT,Nicholas Latifi,Williams Mercedes,2,,
2020,FORMULA 1 ARAMCO MAGYAR NAGYDÍJ,1047,practice_2,https://www.formula1.com/en/results.html/2020/races/1047/hungary/practice-2.html,18,63,RUS,George Russell,Williams Mercedes,2,,
2020,FORMULA 1 ARAMCO MAGYAR NAGYDÍJ,1047,practice_2,https://www.formula1.com/en/results.html/2020/races/1047/hungary/practice-2.html,19,23,ALB,Alexander Albon,Red Bull Racing Honda,3,,
2020,FORMULA 1 ARAMCO MAGYAR NAGYDÍJ,1047,practice_2,https://www.formula1.com/en/results.html/2020/races/1047/hungary/practice-2.html,20,20,MAG,Kevin Magnussen,Haas Ferrari,1,,
2020,FORMULA 1 PIRELLI BRITISH,1048,practice_2,https://www.formula1.com/en/results.html/2020/races/1048/great-britain/practice-2.html,1,18,STR,Lance Stroll,Racing Point BWT Mercedes,29,1:27.274,
2020,FORMULA 1 PIRELLI BRITISH,1048,practice_2,https://www.formula1.com/en/results.html/2020/races/1048/great-britain/practice-2.html,2,23,ALB,Alexander Albon,Red Bull Racing Honda,13,1:27.364,+0.090s
2020,FORMULA 1 PIRELLI BRITISH,1048,practice_2,https://www.formula1.com/en/results.html/2020/races/1048/great-britain/practice-2.html,3,77,BOT,Valtteri Bottas,Mercedes,30,1:27.431,+0.157s
2020,FORMULA 1 PIRELLI BRITISH,1048,practice_2,https://www.formula1.com/en/results.html/2020/races/1048/great-britain/practice-2.html,4,16,LEC,Charles Leclerc,Ferrari,30,1:27.570,+0.296s
2020,FORMULA 1 PIRELLI BRITISH,1048,practice_2,https://www.formula1.com/en/results.html/2020/races/1048/great-britain/practice-2.html,5,44,HAM,Lewis Hamilton,Mercedes,27,1:27.581,+0.307s
2020,FORMULA 1 PIRELLI BRITISH,1048,practice_2,https://www.formula1.com/en/results.html/2020/races/1048/great-britain/practice-2.html,6,55,SAI,Carlos Sainz,McLaren Renault,35,1:27.820,+0.546s
2020,FORMULA 1 PIRELLI BRITISH,1048,practice_2,https://www.formula1.com/en/results.html/2020/races/1048/great-britain/practice-2.html,7,27,HUL,Nico Hulkenberg,Racing Point BWT Mercedes,28,1:27.910,+0.636s
2020,FORMULA 1 PIRELLI BRITISH,1048,practice_2,https://www.formula1.com/en/results.html/2020/races/1048/great-britain/practice-2.html,8,10,GAS,Pierre Gasly,AlphaTauri Honda,31,1:27.997,+0.723s
2020,FORMULA 1 PIRELLI BRITISH,1048,practice_2,https://www.formula1.com/en/results.html/2020/races/1048/great-britain/practice-2.html,9,3,RIC,Daniel Ricciardo,Renault,30,1:28.112,+0.838s
2020,FORMULA 1 PIRELLI BRITISH,1048,practice_2,https://www.formula1.com/en/results.html/2020/races/1048/great-britain/practice-2.html,10,7,RAI,Kimi Räikkönen,Alfa Romeo Racing Ferrari,35,1:28.159,+0.885s
2020,FORMULA 1 PIRELLI BRITISH,1048,practice_2,https://www.formula1.com/en/results.html/2020/races/1048/great-britain/practice-2.html,11,4,NOR,Lando Norris,McLaren Renault,26,1:28.169,+0.895s
2020,FORMULA 1 PIRELLI BRITISH,1048,practice_2,https://www.formula1.com/en/results.html/2020/races/1048/great-britain/practice-2.html,12,31,OCO,Esteban Ocon,Renault,35,1:28.219,+0.945s
2020,FORMULA 1 PIRELLI BRITISH,1048,practice_2,https://www.formula1.com/en/results.html/2020/races/1048/great-britain/practice-2.html,13,99,GIO,Antonio Giovinazzi,Alfa Romeo Racing Ferrari,31,1:28.256,+0.982s
2020,FORMULA 1 PIRELLI BRITISH,1048,practice_2,https://www.formula1.com/en/results.html/2020/races/1048/great-britain/practice-2.html,14,33,VER,Max Verstappen,Red Bull Racing Honda,23,1:28.390,+1.116s
2020,FORMULA 1 PIRELLI BRITISH,1048,practice_2,https://www.formula1.com/en/results.html/2020/races/1048/great-britain/practice-2.html,15,26,KVY,Daniil Kvyat,AlphaTauri Honda,29,1:28.426,+1.152s
2020,FORMULA 1 PIRELLI BRITISH,1048,practice_2,https://www.formula1.com/en/results.html/2020/races/1048/great-britain/practice-2.html,16,8,GRO,Romain Grosjean,Haas Ferrari,27,1:28.564,+1.290s
2020,FORMULA 1 PIRELLI BRITISH,1048,practice_2,https://www.formula1.com/en/results.html/2020/races/1048/great-britain/practice-2.html,17,63,RUS,George Russell,Williams Mercedes,26,1:28.771,+1.497s
2020,FORMULA 1 PIRELLI BRITISH,1048,practice_2,https://www.formula1.com/en/results.html/2020/races/1048/great-britain/practice-2.html,18,5,VET,Sebastian Vettel,Ferrari,23,1:28.860,+1.586s
2020,FORMULA 1 PIRELLI BRITISH,1048,practice_2,https://www.formula1.com/en/results.html/2020/races/1048/great-britain/practice-2.html,19,20,MAG,Kevin Magnussen,Haas Ferrari,27,1:28.898,+1.624s
2020,FORMULA 1 PIRELLI BRITISH,1048,practice_2,https://www.formula1.com/en/results.html/2020/races/1048/great-britain/practice-2.html,20,6,LAT,Nicholas Latifi,Williams Mercedes,35,1:29.958,+2.684s
2020,EMIRATES FORMULA 1 70TH ANNIVERSARY,1049,practice_2,https://www.formula1.com/en/results.html/2020/races/1049/70th-anniversary/practice-2.html,1,44,HAM,Lewis Hamilton,Mercedes,22,1:25.606,
2020,EMIRATES FORMULA 1 70TH ANNIVERSARY,1049,practice_2,https://www.formula1.com/en/results.html/2020/races/1049/70th-anniversary/practice-2.html,2,77,BOT,Valtteri Bottas,Mercedes,22,1:25.782,+0.176s
2020,EMIRATES FORMULA 1 70TH ANNIVERSARY,1049,practice_2,https://www.formula1.com/en/results.html/2020/races/1049/70th-anniversary/practice-2.html,3,3,RIC,Daniel Ricciardo,Renault,29,1:26.421,+0.815s
2020,EMIRATES FORMULA 1 70TH ANNIVERSARY,1049,practice_2,https://www.formula1.com/en/results.html/2020/races/1049/70th-anniversary/practice-2.html,4,33,VER,Max Verstappen,Red Bull Racing Honda,15,1:26.437,+0.831s
2020,EMIRATES FORMULA 1 70TH ANNIVERSARY,1049,practice_2,https://www.formula1.com/en/results.html/2020/races/1049/70th-anniversary/practice-2.html,5,18,STR,Lance Stroll,Racing Point BWT Mercedes,24,1:26.501,+0.895s
2020,EMIRATES FORMULA 1 70TH ANNIVERSARY,1049,practice_2,https://www.formula1.com/en/results.html/2020/races/1049/70th-anniversary/practice-2.html,6,27,HUL,Nico Hulkenberg,Racing Point BWT Mercedes,26,1:26.746,+1.140s
2020,EMIRATES FORMULA 1 70TH ANNIVERSARY,1049,practice_2,https://www.formula1.com/en/results.html/2020/races/1049/70th-anniversary/practice-2.html,7,16,LEC,Charles Leclerc,Ferrari,32,1:26.812,+1.206s
2020,EMIRATES FORMULA 1 70TH ANNIVERSARY,1049,practice_2,https://www.formula1.com/en/results.html/2020/races/1049/70th-anniversary/practice-2.html,8,4,NOR,Lando Norris,McLaren Renault,26,1:26.867,+1.261s
2020,EMIRATES FORMULA 1 70TH ANNIVERSARY,1049,practice_2,https://www.formula1.com/en/results.html/2020/races/1049/70th-anniversary/practice-2.html,9,55,SAI,Carlos Sainz,McLaren Renault,24,1:26.918,+1.312s
2020,EMIRATES FORMULA 1 70TH ANNIVERSARY,1049,practice_2,https://www.formula1.com/en/results.html/2020/races/1049/70th-anniversary/practice-2.html,10,31,OCO,Esteban Ocon,Renault,25,1:26.928,+1.322s
2020,EMIRATES FORMULA 1 70TH ANNIVERSARY,1049,practice_2,https://www.formula1.com/en/results.html/2020/races/1049/70th-anniversary/practice-2.html,11,23,ALB,Alexander Albon,Red Bull Racing Honda,25,1:26.960,+1.354s
2020,EMIRATES FORMULA 1 70TH ANNIVERSARY,1049,practice_2,https://www.formula1.com/en/results.html/2020/races/1049/70th-anniversary/practice-2.html,12,26,KVY,Daniil Kvyat,AlphaTauri Honda,33,1:27.002,+1.396s
2020,EMIRATES FORMULA 1 70TH ANNIVERSARY,1049,practice_2,https://www.formula1.com/en/results.html/2020/races/1049/70th-anniversary/practice-2.html,13,10,GAS,Pierre Gasly,AlphaTauri Honda,31,1:27.128,+1.522s
2020,EMIRATES FORMULA 1 70TH ANNIVERSARY,1049,practice_2,https://www.formula1.com/en/results.html/2020/races/1049/70th-anniversary/practice-2.html,14,5,VET,Sebastian Vettel,Ferrari,30,1:27.198,+1.592s
2020,EMIRATES FORMULA 1 70TH ANNIVERSARY,1049,practice_2,https://www.formula1.com/en/results.html/2020/races/1049/70th-anniversary/practice-2.html,15,8,GRO,Romain Grosjean,Haas Ferrari,28,1:27.294,+1.688s
2020,EMIRATES FORMULA 1 70TH ANNIVERSARY,1049,practice_2,https://www.formula1.com/en/results.html/2020/races/1049/70th-anniversary/practice-2.html,16,63,RUS,George Russell,Williams Mercedes,31,1:27.320,+1.714s
2020,EMIRATES FORMULA 1 70TH ANNIVERSARY,1049,practice_2,https://www.formula1.com/en/results.html/2020/races/1049/70th-anniversary/practice-2.html,17,7,RAI,Kimi Räikkönen,Alfa Romeo Racing Ferrari,30,1:27.535,+1.929s
2020,EMIRATES FORMULA 1 70TH ANNIVERSARY,1049,practice_2,https://www.formula1.com/en/results.html/2020/races/1049/70th-anniversary/practice-2.html,18,20,MAG,Kevin Magnussen,Haas Ferrari,28,1:27.582,+1.976s
2020,EMIRATES FORMULA 1 70TH ANNIVERSARY,1049,practice_2,https://www.formula1.com/en/results.html/2020/races/1049/70th-anniversary/practice-2.html,19,6,LAT,Nicholas Latifi,Williams Mercedes,32,1:27.683,+2.077s
2020,EMIRATES FORMULA 1 70TH ANNIVERSARY,1049,practice_2,https://www.formula1.com/en/results.html/2020/races/1049/70th-anniversary/practice-2.html,20,99,GIO,Antonio Giovinazzi,Alfa Romeo Racing Ferrari,26,1:27.955,+2.349s
2020,FORMULA 1 ARAMCO GRAN PREMIO DE ESPAÑA,1050,practice_2,https://www.formula1.com/en/results.html/2020/races/1050/spain/practice-2.html,1,44,HAM,Lewis Hamilton,Mercedes,37,1:16.883,
2020,FORMULA 1 ARAMCO GRAN PREMIO DE ESPAÑA,1050,practice_2,https://www.formula1.com/en/results.html/2020/races/1050/spain/practice-2.html,2,77,BOT,Valtteri Bottas,Mercedes,38,1:17.170,+0.287s
2020,FORMULA 1 ARAMCO GRAN PREMIO DE ESPAÑA,1050,practice_2,https://www.formula1.com/en/results.html/2020/races/1050/spain/practice-2.html,3,33,VER,Max Verstappen,Red Bull Racing Honda,33,1:17.704,+0.821s
2020,FORMULA 1 ARAMCO GRAN PREMIO DE ESPAÑA,1050,practice_2,https://www.formula1.com/en/results.html/2020/races/1050/spain/practice-2.html,4,3,RIC,Daniel Ricciardo,Renault,34,1:17.868,+0.985s
2020,FORMULA 1 ARAMCO GRAN PREMIO DE ESPAÑA,1050,practice_2,https://www.formula1.com/en/results.html/2020/races/1050/spain/practice-2.html,5,8,GRO,Romain Grosjean,Haas Ferrari,29,1:18.133,+1.250s
2020,FORMULA 1 ARAMCO GRAN PREMIO DE ESPAÑA,1050,practice_2,https://www.formula1.com/en/results.html/2020/races/1050/spain/practice-2.html,6,16,LEC,Charles Leclerc,Ferrari,35,1:18.147,+1.264s
2020,FORMULA 1 ARAMCO GRAN PREMIO DE ESPAÑA,1050,practice_2,https://www.formula1.com/en/results.html/2020/races/1050/spain/practice-2.html,7,55,SAI,Carlos Sainz,McLaren Renault,33,1:18.214,+1.331s
2020,FORMULA 1 ARAMCO GRAN PREMIO DE ESPAÑA,1050,practice_2,https://www.formula1.com/en/results.html/2020/races/1050/spain/practice-2.html,8,11,PER,Sergio Perez,Racing Point BWT Mercedes,39,1:18.293,+1.410s
2020,FORMULA 1 ARAMCO GRAN PREMIO DE ESPAÑA,1050,practice_2,https://www.formula1.com/en/results.html/2020/races/1050/spain/practice-2.html,9,31,OCO,Esteban Ocon,Renault,40,1:18.303,+1.420s
2020,FORMULA 1 ARAMCO GRAN PREMIO DE ESPAÑA,1050,practice_2,https://www.formula1.com/en/results.html/2020/races/1050/spain/practice-2.html,10,10,GAS,Pierre Gasly,AlphaTauri Honda,40,1:18.312,+1.429s
2020,FORMULA 1 ARAMCO GRAN PREMIO DE ESPAÑA,1050,practice_2,https://www.formula1.com/en/results.html/2020/races/1050/spain/practice-2.html,11,18,STR,Lance Stroll,Racing Point BWT Mercedes,39,1:18.357,+1.474s
2020,FORMULA 1 ARAMCO GRAN PREMIO DE ESPAÑA,1050,practice_2,https://www.formula1.com/en/results.html/2020/races/1050/spain/practice-2.html,12,5,VET,Sebastian Vettel,Ferrari,36,1:18.404,+1.521s
2020,FORMULA 1 ARAMCO GRAN PREMIO DE ESPAÑA,1050,practice_2,https://www.formula1.com/en/results.html/2020/races/1050/spain/practice-2.html,13,23,ALB,Alexander Albon,Red Bull Racing Honda,35,1:18.491,+1.608s
2020,FORMULA 1 ARAMCO GRAN PREMIO DE ESPAÑA,1050,practice_2,https://www.formula1.com/en/results.html/2020/races/1050/spain/practice-2.html,14,4,NOR,Lando Norris,McLaren Renault,38,1:18.506,+1.623s
2020,FORMULA 1 ARAMCO GRAN PREMIO DE ESPAÑA,1050,practice_2,https://www.formula1.com/en/results.html/2020/races/1050/spain/practice-2.html,15,26,KVY,Daniil Kvyat,AlphaTauri Honda,39,1:18.642,+1.759s
2020,FORMULA 1 ARAMCO GRAN PREMIO DE ESPAÑA,1050,practice_2,https://www.formula1.com/en/results.html/2020/races/1050/spain/practice-2.html,16,20,MAG,Kevin Magnussen,Haas Ferrari,36,1:18.761,+1.878s
2020,FORMULA 1 ARAMCO GRAN PREMIO DE ESPAÑA,1050,practice_2,https://www.formula1.com/en/results.html/2020/races/1050/spain/practice-2.html,17,7,RAI,Kimi Räikkönen,Alfa Romeo Racing Ferrari,42,1:18.900,+2.017s
2020,FORMULA 1 ARAMCO GRAN PREMIO DE ESPAÑA,1050,practice_2,https://www.formula1.com/en/results.html/2020/races/1050/spain/practice-2.html,18,99,GIO,Antonio Giovinazzi,Alfa Romeo Racing Ferrari,40,1:18.964,+2.081s
2020,FORMULA 1 ARAMCO GRAN PREMIO DE ESPAÑA,1050,practice_2,https://www.formula1.com/en/results.html/2020/races/1050/spain/practice-2.html,19,6,LAT,Nicholas Latifi,Williams Mercedes,32,1:19.155,+2.272s
2020,FORMULA 1 ARAMCO GRAN PREMIO DE ESPAÑA,1050,practice_2,https://www.formula1.com/en/results.html/2020/races/1050/spain/practice-2.html,20,63,RUS,George Russell,Williams Mercedes,38,1:19.391,+2.508s
2020,FORMULA 1 ROLEX BELGIAN,1051,practice_2,https://www.formula1.com/en/results.html/2020/races/1051/belgium/practice-2.html,1,33,VER,Max Verstappen,Red Bull Racing Honda,21,1:43.744,
2020,FORMULA 1 ROLEX BELGIAN,1051,practice_2,https://www.formula1.com/en/results.html/2020/races/1051/belgium/practice-2.html,2,3,RIC,Daniel Ricciardo,Renault,12,1:43.792,+0.048s
2020,FORMULA 1 ROLEX BELGIAN,1051,practice_2,https://www.formula1.com/en/results.html/2020/races/1051/belgium/practice-2.html,3,44,HAM,Lewis Hamilton,Mercedes,23,1:43.840,+0.096s
2020,FORMULA 1 ROLEX BELGIAN,1051,practice_2,https://www.formula1.com/en/results.html/2020/races/1051/belgium/practice-2.html,4,23,ALB,Alexander Albon,Red Bull Racing Honda,21,1:44.134,+0.390s
2020,FORMULA 1 ROLEX BELGIAN,1051,practice_2,https://www.formula1.com/en/results.html/2020/races/1051/belgium/practice-2.html,5,11,PER,Sergio Perez,Racing Point BWT Mercedes,23,1:44.137,+0.393s
2020,FORMULA 1 ROLEX BELGIAN,1051,practice_2,https://www.formula1.com/en/results.html/2020/races/1051/belgium/practice-2.html,6,77,BOT,Valtteri Bottas,Mercedes,27,1:44.162,+0.418s
2020,FORMULA 1 ROLEX BELGIAN,1051,practice_2,https://www.formula1.com/en/results.html/2020/races/1051/belgium/practice-2.html,7,4,NOR,Lando Norris,McLaren Renault,22,1:44.168,+0.424s
2020,FORMULA 1 ROLEX BELGIAN,1051,practice_2,https://www.formula1.com/en/results.html/2020/races/1051/belgium/practice-2.html,8,31,OCO,Esteban Ocon,Renault,23,1:44.208,+0.464s
2020,FORMULA 1 ROLEX BELGIAN,1051,practice_2,https://www.formula1.com/en/results.html/2020/races/1051/belgium/practice-2.html,9,55,SAI,Carlos Sainz,McLaren Renault,23,1:44.474,+0.730s
2020,FORMULA 1 ROLEX BELGIAN,1051,practice_2,https://www.formula1.com/en/results.html/2020/races/1051/belgium/practice-2.html,10,10,GAS,Pierre Gasly,AlphaTauri Honda,27,1:44.600,+0.856s
2020,FORMULA 1 ROLEX BELGIAN,1051,practice_2,https://www.formula1.com/en/results.html/2020/races/1051/belgium/practice-2.html,11,18,STR,Lance Stroll,Racing Point BWT Mercedes,23,1:44.678,+0.934s
2020,FORMULA 1 ROLEX BELGIAN,1051,practice_2,https://www.formula1.com/en/results.html/2020/races/1051/belgium/practice-2.html,12,26,KVY,Daniil Kvyat,AlphaTauri Honda,26,1:44.826,+1.082s
2020,FORMULA 1 ROLEX BELGIAN,1051,practice_2,https://www.formula1.com/en/results.html/2020/races/1051/belgium/practice-2.html,13,99,GIO,Antonio Giovinazzi,Alfa Romeo Racing Ferrari,29,1:44.861,+1.117s
2020,FORMULA 1 ROLEX BELGIAN,1051,practice_2,https://www.formula1.com/en/results.html/2020/races/1051/belgium/practice-2.html,14,7,RAI,Kimi Räikkönen,Alfa Romeo Racing Ferrari,23,1:44.896,+1.152s
2020,FORMULA 1 ROLEX BELGIAN,1051,practice_2,https://www.formula1.com/en/results.html/2020/races/1051/belgium/practice-2.html,15,16,LEC,Charles Leclerc,Ferrari,19,1:45.440,+1.696s
2020,FORMULA 1 ROLEX BELGIAN,1051,practice_2,https://www.formula1.com/en/results.html/2020/races/1051/belgium/practice-2.html,16,63,RUS,George Russell,Williams Mercedes,25,1:45.463,+1.719s
2020,FORMULA 1 ROLEX BELGIAN,1051,practice_2,https://www.formula1.com/en/results.html/2020/races/1051/belgium/practice-2.html,17,5,VET,Sebastian Vettel,Ferrari,21,1:45.683,+1.939s
2020,FORMULA 1 ROLEX BELGIAN,1051,practice_2,https://www.formula1.com/en/results.html/2020/races/1051/belgium/practice-2.html,18,6,LAT,Nicholas Latifi,Williams Mercedes,26,1:45.774,+2.030s
2020,FORMULA 1 ROLEX BELGIAN,1051,practice_2,https://www.formula1.com/en/results.html/2020/races/1051/belgium/practice-2.html,19,8,GRO,Romain Grosjean,Haas Ferrari,12,1:45.834,+2.090s
2020,FORMULA 1 ROLEX BELGIAN,1051,practice_2,https://www.formula1.com/en/results.html/2020/races/1051/belgium/practice-2.html,20,20,MAG,Kevin Magnussen,Haas Ferrari,12,1:46.242,+2.498s
2020,ITALIA,1052,practice_2,https://www.formula1.com/en/results.html/2020/races/1052/italy/practice-2.html,1,44,HAM,Lewis Hamilton,Mercedes,32,1:20.192,
2020,ITALIA,1052,practice_2,https://www.formula1.com/en/results.html/2020/races/1052/italy/practice-2.html,2,77,BOT,Valtteri Bottas,Mercedes,29,1:20.454,+0.262s
2020,ITALIA,1052,practice_2,https://www.formula1.com/en/results.html/2020/races/1052/italy/practice-2.html,3,4,NOR,Lando Norris,McLaren Renault,19,1:21.089,+0.897s
2020,ITALIA,1052,practice_2,https://www.formula1.com/en/results.html/2020/races/1052/italy/practice-2.html,4,10,GAS,Pierre Gasly,AlphaTauri Honda,25,1:21.121,+0.929s
2020,ITALIA,1052,practice_2,https://www.formula1.com/en/results.html/2020/races/1052/italy/practice-2.html,5,33,VER,Max Verstappen,Red Bull Racing Honda,30,1:21.228,+1.036s
2020,ITALIA,1052,practice_2,https://www.formula1.com/en/results.html/2020/races/1052/italy/practice-2.html,6,55,SAI,Carlos Sainz,McLaren Renault,30,1:21.313,+1.121s
2020,ITALIA,1052,practice_2,https://www.formula1.com/en/results.html/2020/races/1052/italy/practice-2.html,7,26,KVY,Daniil Kvyat,AlphaTauri Honda,35,1:21.376,+1.184s
2020,ITALIA,1052,practice_2,https://www.formula1.com/en/results.html/2020/races/1052/italy/practice-2.html,8,18,STR,Lance Stroll,Racing Point BWT Mercedes,32,1:21.389,+1.197s
2020,ITALIA,1052,practice_2,https://www.formula1.com/en/results.html/2020/races/1052/italy/practice-2.html,9,16,LEC,Charles Leclerc,Ferrari,32,1:21.503,+1.311s
2020,ITALIA,1052,practice_2,https://www.formula1.com/en/results.html/2020/races/1052/italy/practice-2.html,10,11,PER,Sergio Perez,Racing Point BWT Mercedes,31,1:21.594,+1.402s
2020,ITALIA,1052,practice_2,https://www.formula1.com/en/results.html/2020/races/1052/italy/practice-2.html,11,31,OCO,Esteban Ocon,Renault,32,1:21.697,+1.505s
2020,ITALIA,1052,practice_2,https://www.formula1.com/en/results.html/2020/races/1052/italy/practice-2.html,12,5,VET,Sebastian Vettel,Ferrari,28,1:21.733,+1.541s
2020,ITALIA,1052,practice_2,https://www.formula1.com/en/results.html/2020/races/1052/italy/practice-2.html,13,99,GIO,Antonio Giovinazzi,Alfa Romeo Racing Ferrari,32,1:21.786,+1.594s
2020,ITALIA,1052,practice_2,https://www.formula1.com/en/results.html/2020/races/1052/italy/practice-2.html,14,23,ALB,Alexander Albon,Red Bull Racing Honda,36,1:21.883,+1.691s
2020,ITALIA,1052,practice_2,https://www.formula1.com/en/results.html/2020/races/1052/italy/practice-2.html,15,3,RIC,Daniel Ricciardo,Renault,29,1:22.080,+1.888s
2020,ITALIA,1052,practice_2,https://www.formula1.com/en/results.html/2020/races/1052/italy/practice-2.html,16,20,MAG,Kevin Magnussen,Haas Ferrari,32,1:22.088,+1.896s
2020,ITALIA,1052,practice_2,https://www.formula1.com/en/results.html/2020/races/1052/italy/practice-2.html,17,7,RAI,Kimi Räikkönen,Alfa Romeo Racing Ferrari,34,1:22.147,+1.955s
2020,ITALIA,1052,practice_2,https://www.formula1.com/en/results.html/2020/races/1052/italy/practice-2.html,18,8,GRO,Romain Grosjean,Haas Ferrari,34,1:22.254,+2.062s
2020,ITALIA,1052,practice_2,https://www.formula1.com/en/results.html/2020/races/1052/italy/practice-2.html,19,6,LAT,Nicholas Latifi,Williams Mercedes,32,1:22.825,+2.633s
2020,ITALIA,1052,practice_2,https://www.formula1.com/en/results.html/2020/races/1052/italy/practice-2.html,20,63,RUS,George Russell,Williams Mercedes,34,1:22.927,+2.735s
2020,FORMULA 1 VTB RUSSIAN,1054,practice_2,https://www.formula1.com/en/results.html/2020/races/1054/russia/practice-2.html,1,77,BOT,Valtteri Bottas,Mercedes,37,1:33.519,
2020,FORMULA 1 VTB RUSSIAN,1054,practice_2,https://www.formula1.com/en/results.html/2020/races/1054/russia/practice-2.html,2,44,HAM,Lewis Hamilton,Mercedes,33,1:33.786,+0.267s
2020,FORMULA 1 VTB RUSSIAN,1054,practice_2,https://www.formula1.com/en/results.html/2020/races/1054/russia/practice-2.html,3,3,RIC,Daniel Ricciardo,Renault,27,1:34.577,+1.058s
2020,FORMULA 1 VTB RUSSIAN,1054,practice_2,https://www.formula1.com/en/results.html/2020/races/1054/russia/practice-2.html,4,55,SAI,Carlos Sainz,McLaren Renault,36,1:34.723,+1.204s
2020,FORMULA 1 VTB RUSSIAN,1054,practice_2,https://www.formula1.com/en/results.html/2020/races/1054/russia/practice-2.html,5,4,NOR,Lando Norris,McLaren Renault,33,1:34.847,+1.328s
2020,FORMULA 1 VTB RUSSIAN,1054,practice_2,https://www.formula1.com/en/results.html/2020/races/1054/russia/practice-2.html,6,11,PER,Sergio Perez,Racing Point BWT Mercedes,35,1:34.890,+1.371s
2020,FORMULA 1 VTB RUSSIAN,1054,practice_2,https://www.formula1.com/en/results.html/2020/races/1054/russia/practice-2.html,7,33,VER,Max Verstappen,Red Bull Racing Honda,30,1:35.048,+1.529s
2020,FORMULA 1 VTB RUSSIAN,1054,practice_2,https://www.formula1.com/en/results.html/2020/races/1054/russia/practice-2.html,8,16,LEC,Charles Leclerc,Ferrari,35,1:35.052,+1.533s
2020,FORMULA 1 VTB RUSSIAN,1054,practice_2,https://www.formula1.com/en/results.html/2020/races/1054/russia/practice-2.html,9,31,OCO,Esteban Ocon,Renault,28,1:35.139,+1.620s
2020,FORMULA 1 VTB RUSSIAN,1054,practice_2,https://www.formula1.com/en/results.html/2020/races/1054/russia/practice-2.html,10,5,VET,Sebastian Vettel,Ferrari,35,1:35.183,+1.664s
2020,FORMULA 1 VTB RUSSIAN,1054,practice_2,https://www.formula1.com/en/results.html/2020/races/1054/russia/practice-2.html,11,10,GAS,Pierre Gasly,AlphaTauri Honda,35,1:35.210,+1.691s
2020,FORMULA 1 VTB RUSSIAN,1054,practice_2,https://www.formula1.com/en/results.html/2020/races/1054/russia/practice-2.html,12,23,ALB,Alexander Albon,Red Bull Racing Honda,31,1:35.242,+1.723s
2020,FORMULA 1 VTB RUSSIAN,1054,practice_2,https://www.formula1.com/en/results.html/2020/races/1054/russia/practice-2.html,13,26,KVY,Daniil Kvyat,AlphaTauri Honda,37,1:35.461,+1.942s
2020,FORMULA 1 VTB RUSSIAN,1054,practice_2,https://www.formula1.com/en/results.html/2020/races/1054/russia/practice-2.html,14,7,RAI,Kimi Räikkönen,Alfa Romeo Racing Ferrari,33,1:35.516,+1.997s
2020,FORMULA 1 VTB RUSSIAN,1054,practice_2,https://www.formula1.com/en/results.html/2020/races/1054/russia/practice-2.html,15,6,LAT,Nicholas Latifi,Williams Mercedes,31,1:35.563,+2.044s
2020,FORMULA 1 VTB RUSSIAN,1054,practice_2,https://www.formula1.com/en/results.html/2020/races/1054/russia/practice-2.html,16,63,RUS,George Russell,Williams Mercedes,30,1:35.575,+2.056s
2020,FORMULA 1 VTB RUSSIAN,1054,practice_2,https://www.formula1.com/en/results.html/2020/races/1054/russia/practice-2.html,17,18,STR,Lance Stroll,Racing Point BWT Mercedes,34,1:35.627,+2.108s
2020,FORMULA 1 VTB RUSSIAN,1054,practice_2,https://www.formula1.com/en/results.html/2020/races/1054/russia/practice-2.html,18,20,MAG,Kevin Magnussen,Haas Ferrari,32,1:35.729,+2.210s
2020,FORMULA 1 VTB RUSSIAN,1054,practice_2,https://www.formula1.com/en/results.html/2020/races/1054/russia/practice-2.html,19,99,GIO,Antonio Giovinazzi,Alfa Romeo Racing Ferrari,36,1:36.053,+2.534s
2020,FORMULA 1 VTB RUSSIAN,1054,practice_2,https://www.formula1.com/en/results.html/2020/races/1054/russia/practice-2.html,20,8,GRO,Romain Grosjean,Haas Ferrari,32,1:36.858,+3.339s
2020,FORMULA 1 HEINEKEN GRANDE PRÉMIO DE PORTUGAL,1056,practice_2,https://www.formula1.com/en/results.html/2020/races/1056/portugal/practice-2.html,1,77,BOT,Valtteri Bottas,Mercedes,32,1:17.940,
2020,FORMULA 1 HEINEKEN GRANDE PRÉMIO DE PORTUGAL,1056,practice_2,https://www.formula1.com/en/results.html/2020/races/1056/portugal/practice-2.html,2,33,VER,Max Verstappen,Red Bull Racing Honda,34,1:18.535,+0.595s
2020,FORMULA 1 HEINEKEN GRANDE PRÉMIO DE PORTUGAL,1056,practice_2,https://www.formula1.com/en/results.html/2020/races/1056/portugal/practice-2.html,3,4,NOR,Lando Norris,McLaren Renault,35,1:18.743,+0.803s
2020,FORMULA 1 HEINEKEN GRANDE PRÉMIO DE PORTUGAL,1056,practice_2,https://www.formula1.com/en/results.html/2020/races/1056/portugal/practice-2.html,4,16,LEC,Charles Leclerc,Ferrari,34,1:18.838,+0.898s
2020,FORMULA 1 HEINEKEN GRANDE PRÉMIO DE PORTUGAL,1056,practice_2,https://www.formula1.com/en/results.html/2020/races/1056/portugal/practice-2.html,5,55,SAI,Carlos Sainz,McLaren Renault,32,1:19.113,+1.173s
2020,FORMULA 1 HEINEKEN GRANDE PRÉMIO DE PORTUGAL,1056,practice_2,https://www.formula1.com/en/results.html/2020/races/1056/portugal/practice-2.html,6,5,VET,Sebastian Vettel,Ferrari,34,1:19.175,+1.235s
2020,FORMULA 1 HEINEKEN GRANDE PRÉMIO DE PORTUGAL,1056,practice_2,https://www.formula1.com/en/results.html/2020/races/1056/portugal/practice-2.html,7,10,GAS,Pierre Gasly,AlphaTauri Honda,26,1:19.178,+1.238s
2020,FORMULA 1 HEINEKEN GRANDE PRÉMIO DE PORTUGAL,1056,practice_2,https://www.formula1.com/en/results.html/2020/races/1056/portugal/practice-2.html,8,44,HAM,Lewis Hamilton,Mercedes,27,1:19.308,+1.368s
2020,FORMULA 1 HEINEKEN GRANDE PRÉMIO DE PORTUGAL,1056,practice_2,https://www.formula1.com/en/results.html/2020/races/1056/portugal/practice-2.html,9,31,OCO,Esteban Ocon,Renault,32,1:19.496,+1.556s
2020,FORMULA 1 HEINEKEN GRANDE PRÉMIO DE PORTUGAL,1056,practice_2,https://www.formula1.com/en/results.html/2020/races/1056/portugal/practice-2.html,10,23,ALB,Alexander Albon,Red Bull Racing Honda,37,1:19.643,+1.703s
2020,FORMULA 1 HEINEKEN GRANDE PRÉMIO DE PORTUGAL,1056,practice_2,https://www.formula1.com/en/results.html/2020/races/1056/portugal/practice-2.html,11,63,RUS,George Russell,Williams Mercedes,33,1:19.821,+1.881s
2020,FORMULA 1 HEINEKEN GRANDE PRÉMIO DE PORTUGAL,1056,practice_2,https://www.formula1.com/en/results.html/2020/races/1056/portugal/practice-2.html,12,11,PER,Sergio Perez,Racing Point BWT Mercedes,34,1:19.901,+1.961s
2020,FORMULA 1 HEINEKEN GRANDE PRÉMIO DE PORTUGAL,1056,practice_2,https://www.formula1.com/en/results.html/2020/races/1056/portugal/practice-2.html,13,3,RIC,Daniel Ricciardo,Renault,28,1:19.987,+2.047s
2020,FORMULA 1 HEINEKEN GRANDE PRÉMIO DE PORTUGAL,1056,practice_2,https://www.formula1.com/en/results.html/2020/races/1056/portugal/practice-2.html,14,6,LAT,Nicholas Latifi,Williams Mercedes,33,1:20.465,+2.525s
2020,FORMULA 1 HEINEKEN GRANDE PRÉMIO DE PORTUGAL,1056,practice_2,https://www.formula1.com/en/results.html/2020/races/1056/portugal/practice-2.html,15,7,RAI,Kimi Räikkönen,Alfa Romeo Racing Ferrari,34,1:20.490,+2.550s
2020,FORMULA 1 HEINEKEN GRANDE PRÉMIO DE PORTUGAL,1056,practice_2,https://www.formula1.com/en/results.html/2020/races/1056/portugal/practice-2.html,16,20,MAG,Kevin Magnussen,Haas Ferrari,29,1:20.680,+2.740s
2020,FORMULA 1 HEINEKEN GRANDE PRÉMIO DE PORTUGAL,1056,practice_2,https://www.formula1.com/en/results.html/2020/races/1056/portugal/practice-2.html,17,26,KVY,Daniil Kvyat,AlphaTauri Honda,33,1:20.729,+2.789s
2020,FORMULA 1 HEINEKEN GRANDE PRÉMIO DE PORTUGAL,1056,practice_2,https://www.formula1.com/en/results.html/2020/races/1056/portugal/practice-2.html,18,8,GRO,Romain Grosjean,Haas Ferrari,32,1:20.867,+2.927s
2020,FORMULA 1 HEINEKEN GRANDE PRÉMIO DE PORTUGAL,1056,practice_2,https://www.formula1.com/en/results.html/2020/races/1056/portugal/practice-2.html,19,18,STR,Lance Stroll,Racing Point BWT Mercedes,26,1:20.983,+3.043s
2020,FORMULA 1 HEINEKEN GRANDE PRÉMIO DE PORTUGAL,1056,practice_2,https://www.formula1.com/en/results.html/2020/races/1056/portugal/practice-2.html,20,99,GIO,Antonio Giovinazzi,Alfa Romeo Racing Ferrari,34,1:21.396,+3.456s
2020,FORMULA 1 DHL TURKISH,1058,practice_2,https://www.formula1.com/en/results.html/2020/races/1058/turkey/practice-2.html,1,33,VER,Max Verstappen,Red Bull Racing Honda,37,1:28.330,
2020,FORMULA 1 DHL TURKISH,1058,practice_2,https://www.formula1.com/en/results.html/2020/races/1058/turkey/practice-2.html,2,16,LEC,Charles Leclerc,Ferrari,45,1:28.731,+0.401s
2020,FORMULA 1 DHL TURKISH,1058,practice_2,https://www.formula1.com/en/results.html/2020/races/1058/turkey/practice-2.html,3,77,BOT,Valtteri Bottas,Mercedes,43,1:28.905,+0.575s
2020,FORMULA 1 DHL TURKISH,1058,practice_2,https://www.formula1.com/en/results.html/2020/races/1058/turkey/practice-2.html,4,44,HAM,Lewis Hamilton,Mercedes,39,1:29.180,+0.850s
2020,FORMULA 1 DHL TURKISH,1058,practice_2,https://www.formula1.com/en/results.html/2020/races/1058/turkey/practice-2.html,5,23,ALB,Alexander Albon,Red Bull Racing Honda,42,1:29.363,+1.033s
2020,FORMULA 1 DHL TURKISH,1058,practice_2,https://www.formula1.com/en/results.html/2020/races/1058/turkey/practice-2.html,6,26,KVY,Daniil Kvyat,AlphaTauri Honda,43,1:29.689,+1.359s
2020,FORMULA 1 DHL TURKISH,1058,practice_2,https://www.formula1.com/en/results.html/2020/races/1058/turkey/practice-2.html,7,10,GAS,Pierre Gasly,AlphaTauri Honda,43,1:29.944,+1.614s
2020,FORMULA 1 DHL TURKISH,1058,practice_2,https://www.formula1.com/en/results.html/2020/races/1058/turkey/practice-2.html,8,5,VET,Sebastian Vettel,Ferrari,41,1:30.022,+1.692s
2020,FORMULA 1 DHL TURKISH,1058,practice_2,https://www.formula1.com/en/results.html/2020/races/1058/turkey/practice-2.html,9,18,STR,Lance Stroll,Racing Point BWT Mercedes,38,1:30.297,+1.967s
2020,FORMULA 1 DHL TURKISH,1058,practice_2,https://www.formula1.com/en/results.html/2020/races/1058/turkey/practice-2.html,10,4,NOR,Lando Norris,McLaren Renault,39,1:30.735,+2.405s
2020,FORMULA 1 DHL TURKISH,1058,practice_2,https://www.formula1.com/en/results.html/2020/races/1058/turkey/practice-2.html,11,11,PER,Sergio Perez,Racing Point BWT Mercedes,38,1:31.104,+2.774s
2020,FORMULA 1 DHL TURKISH,1058,practice_2,https://www.formula1.com/en/results.html/2020/races/1058/turkey/practice-2.html,12,31,OCO,Esteban Ocon,Renault,36,1:31.380,+3.050s
2020,FORMULA 1 DHL TURKISH,1058,practice_2,https://www.formula1.com/en/results.html/2020/races/1058/turkey/practice-2.html,13,99,GIO,Antonio Giovinazzi,Alfa Romeo Racing Ferrari,39,1:31.493,+3.163s
2020,FORMULA 1 DHL TURKISH,1058,practice_2,https://www.formula1.com/en/results.html/2020/races/1058/turkey/practice-2.html,14,55,SAI,Carlos Sainz,McLaren Renault,40,1:31.498,+3.168s
2020,FORMULA 1 DHL TURKISH,1058,practice_2,https://www.formula1.com/en/results.html/2020/races/1058/turkey/practice-2.html,15,3,RIC,Daniel Ricciardo,Renault,35,1:31.660,+3.330s
2020,FORMULA 1 DHL TURKISH,1058,practice_2,https://www.formula1.com/en/results.html/2020/races/1058/turkey/practice-2.html,16,7,RAI,Kimi Räikkönen,Alfa Romeo Racing Ferrari,43,1:31.932,+3.602s
2020,FORMULA 1 DHL TURKISH,1058,practice_2,https://www.formula1.com/en/results.html/2020/races/1058/turkey/practice-2.html,17,63,RUS,George Russell,Williams Mercedes,39,1:32.302,+3.972s
2020,FORMULA 1 DHL TURKISH,1058,practice_2,https://www.formula1.com/en/results.html/2020/races/1058/turkey/practice-2.html,18,8,GRO,Romain Grosjean,Haas Ferrari,33,1:32.570,+4.240s
2020,FORMULA 1 DHL TURKISH,1058,practice_2,https://www.formula1.com/en/results.html/2020/races/1058/turkey/practice-2.html,19,20,MAG,Kevin Magnussen,Haas Ferrari,37,1:32.807,+4.477s
2020,FORMULA 1 DHL TURKISH,1058,practice_2,https://www.formula1.com/en/results.html/2020/races/1058/turkey/practice-2.html,20,6,LAT,Nicholas Latifi,Williams Mercedes,40,1:33.488,+5.158s
2020,FORMULA 1 GULF AIR BAHRAIN,1059,practice_2,https://www.formula1.com/en/results.html/2020/races/1059/bahrain/practice-2.html,1,44,HAM,Lewis Hamilton,Mercedes,28,1:28.971,
2020,FORMULA 1 GULF AIR BAHRAIN,1059,practice_2,https://www.formula1.com/en/results.html/2020/races/1059/bahrain/practice-2.html,2,33,VER,Max Verstappen,Red Bull Racing Honda,34,1:29.318,+0.347s
2020,FORMULA 1 GULF AIR BAHRAIN,1059,practice_2,https://www.formula1.com/en/results.html/2020/races/1059/bahrain/practice-2.html,3,77,BOT,Valtteri Bottas,Mercedes,30,1:29.336,+0.365s
2020,FORMULA 1 GULF AIR BAHRAIN,1059,practice_2,https://www.formula1.com/en/results.html/2020/races/1059/bahrain/practice-2.html,4,11,PER,Sergio Perez,Racing Point BWT Mercedes,32,1:29.403,+0.432s
2020,FORMULA 1 GULF AIR BAHRAIN,1059,practice_2,https://www.formula1.com/en/results.html/2020/races/1059/bahrain/practice-2.html,5,3,RIC,Daniel Ricciardo,Renault,27,1:29.462,+0.491s
2020,FORMULA 1 GULF AIR BAHRAIN,1059,practice_2,https://www.formula1.com/en/results.html/2020/races/1059/bahrain/practice-2.html,6,10,GAS,Pierre Gasly,AlphaTauri Honda,36,1:29.551,+0.580s
2020,FORMULA 1 GULF AIR BAHRAIN,1059,practice_2,https://www.formula1.com/en/results.html/2020/races/1059/bahrain/practice-2.html,7,4,NOR,Lando Norris,McLaren Renault,30,1:29.841,+0.870s
2020,FORMULA 1 GULF AIR BAHRAIN,1059,practice_2,https://www.formula1.com/en/results.html/2020/races/1059/bahrain/practice-2.html,8,18,STR,Lance Stroll,Racing Point BWT Mercedes,32,1:29.871,+0.900s
2020,FORMULA 1 GULF AIR BAHRAIN,1059,practice_2,https://www.formula1.com/en/results.html/2020/races/1059/bahrain/practice-2.html,9,26,KVY,Daniil Kvyat,AlphaTauri Honda,34,1:29.900,+0.929s
2020,FORMULA 1 GULF AIR BAHRAIN,1059,practice_2,https://www.formula1.com/en/results.html/2020/races/1059/bahrain/practice-2.html,10,23,ALB,Alexander Albon,Red Bull Racing Honda,17,1:30.014,+1.043s
2020,FORMULA 1 GULF AIR BAHRAIN,1059,practice_2,https://www.formula1.com/en/results.html/2020/races/1059/bahrain/practice-2.html,11,31,OCO,Esteban Ocon,Renault,30,1:30.085,+1.114s
2020,FORMULA 1 GULF AIR BAHRAIN,1059,practice_2,https://www.formula1.com/en/results.html/2020/races/1059/bahrain/practice-2.html,12,5,VET,Sebastian Vettel,Ferrari,35,1:30.110,+1.139s
2020,FORMULA 1 GULF AIR BAHRAIN,1059,practice_2,https://www.formula1.com/en/results.html/2020/races/1059/bahrain/practice-2.html,13,55,SAI,Carlos Sainz,McLaren Renault,33,1:30.271,+1.300s
2020,FORMULA 1 GULF AIR BAHRAIN,1059,practice_2,https://www.formula1.com/en/results.html/2020/races/1059/bahrain/practice-2.html,14,16,LEC,Charles Leclerc,Ferrari,30,1:30.407,+1.436s
2020,FORMULA 1 GULF AIR BAHRAIN,1059,practice_2,https://www.formula1.com/en/results.html/2020/races/1059/bahrain/practice-2.html,15,99,GIO,Antonio Giovinazzi,Alfa Romeo Racing Ferrari,33,1:30.627,+1.656s
2020,FORMULA 1 GULF AIR BAHRAIN,1059,practice_2,https://www.formula1.com/en/results.html/2020/races/1059/bahrain/practice-2.html,16,20,MAG,Kevin Magnussen,Haas Ferrari,27,1:30.849,+1.878s
2020,FORMULA 1 GULF AIR BAHRAIN,1059,practice_2,https://www.formula1.com/en/results.html/2020/races/1059/bahrain/practice-2.html,17,7,RAI,Kimi Räikkönen,Alfa Romeo Racing Ferrari,34,1:30.928,+1.957s
2020,FORMULA 1 GULF AIR BAHRAIN,1059,practice_2,https://www.formula1.com/en/results.html/2020/races/1059/bahrain/practice-2.html,18,6,LAT,Nicholas Latifi,Williams Mercedes,32,1:30.973,+2.002s
2020,FORMULA 1 GULF AIR BAHRAIN,1059,practice_2,https://www.formula1.com/en/results.html/2020/races/1059/bahrain/practice-2.html,19,8,GRO,Romain Grosjean,Haas Ferrari,28,1:31.119,+2.148s
2020,FORMULA 1 GULF AIR BAHRAIN,1059,practice_2,https://www.formula1.com/en/results.html/2020/races/1059/bahrain/practice-2.html,20,63,RUS,George Russell,Williams Mercedes,29,1:31.636,+2.665s
2020,FORMULA 1 ROLEX SAKHIR,1060,practice_2,https://www.formula1.com/en/results.html/2020/races/1060/sakhir/practice-2.html,1,63,RUS,George Russell,Mercedes,48,54.713,
2020,FORMULA 1 ROLEX SAKHIR,1060,practice_2,https://www.formula1.com/en/results.html/2020/races/1060/sakhir/practice-2.html,2,33,VER,Max Verstappen,Red Bull Racing Honda,43,54.841,+0.128s
2020,FORMULA 1 ROLEX SAKHIR,1060,practice_2,https://www.formula1.com/en/results.html/2020/races/1060/sakhir/practice-2.html,3,11,PER,Sergio Perez,Racing Point BWT Mercedes,52,54.866,+0.153s
2020,FORMULA 1 ROLEX SAKHIR,1060,practice_2,https://www.formula1.com/en/results.html/2020/races/1060/sakhir/practice-2.html,4,31,OCO,Esteban Ocon,Renault,50,54.940,+0.227s
2020,FORMULA 1 ROLEX SAKHIR,1060,practice_2,https://www.formula1.com/en/results.html/2020/races/1060/sakhir/practice-2.html,5,23,ALB,Alexander Albon,Red Bull Racing Honda,42,55.036,+0.323s
2020,FORMULA 1 ROLEX SAKHIR,1060,practice_2,https://www.formula1.com/en/results.html/2020/races/1060/sakhir/practice-2.html,6,26,KVY,Daniil Kvyat,AlphaTauri Honda,58,55.068,+0.355s
2020,FORMULA 1 ROLEX SAKHIR,1060,practice_2,https://www.formula1.com/en/results.html/2020/races/1060/sakhir/practice-2.html,7,18,STR,Lance Stroll,Racing Point BWT Mercedes,44,55.104,+0.391s
2020,FORMULA 1 ROLEX SAKHIR,1060,practice_2,https://www.formula1.com/en/results.html/2020/races/1060/sakhir/practice-2.html,8,3,RIC,Daniel Ricciardo,Renault,47,55.124,+0.411s
2020,FORMULA 1 ROLEX SAKHIR,1060,practice_2,https://www.formula1.com/en/results.html/2020/races/1060/sakhir/practice-2.html,9,10,GAS,Pierre Gasly,AlphaTauri Honda,48,55.133,+0.420s
2020,FORMULA 1 ROLEX SAKHIR,1060,practice_2,https://www.formula1.com/en/results.html/2020/races/1060/sakhir/practice-2.html,10,55,SAI,Carlos Sainz,McLaren Renault,39,55.258,+0.545s
2020,FORMULA 1 ROLEX SAKHIR,1060,practice_2,https://www.formula1.com/en/results.html/2020/races/1060/sakhir/practice-2.html,11,77,BOT,Valtteri Bottas,Mercedes,52,55.321,+0.608s
2020,FORMULA 1 ROLEX SAKHIR,1060,practice_2,https://www.formula1.com/en/results.html/2020/races/1060/sakhir/practice-2.html,12,7,RAI,Kimi Räikkönen,Alfa Romeo Racing Ferrari,54,55.484,+0.771s
2020,FORMULA 1 ROLEX SAKHIR,1060,practice_2,https://www.formula1.com/en/results.html/2020/races/1060/sakhir/practice-2.html,13,99,GIO,Antonio Giovinazzi,Alfa Romeo Racing Ferrari,57,55.533,+0.820s
2020,FORMULA 1 ROLEX SAKHIR,1060,practice_2,https://www.formula1.com/en/results.html/2020/races/1060/sakhir/practice-2.html,14,20,MAG,Kevin Magnussen,Haas Ferrari,49,55.738,+1.025s
2020,FORMULA 1 ROLEX SAKHIR,1060,practice_2,https://www.formula1.com/en/results.html/2020/races/1060/sakhir/practice-2.html,15,6,LAT,Nicholas Latifi,Williams Mercedes,52,55.784,+1.071s
2020,FORMULA 1 ROLEX SAKHIR,1060,practice_2,https://www.formula1.com/en/results.html/2020/races/1060/sakhir/practice-2.html,16,5,VET,Sebastian Vettel,Ferrari,43,55.830,+1.117s
2020,FORMULA 1 ROLEX SAKHIR,1060,practice_2,https://www.formula1.com/en/results.html/2020/races/1060/sakhir/practice-2.html,17,4,NOR,Lando Norris,McLaren Renault,14,56.031,+1.318s
2020,FORMULA 1 ROLEX SAKHIR,1060,practice_2,https://www.formula1.com/en/results.html/2020/races/1060/sakhir/practice-2.html,18,51,FIT,Pietro Fittipaldi,Haas Ferrari,56,56.110,+1.397s
2020,FORMULA 1 ROLEX SAKHIR,1060,practice_2,https://www.formula1.com/en/results.html/2020/races/1060/sakhir/practice-2.html,19,89,AIT,Jack Aitken,Williams Mercedes,58,56.260,+1.547s
2020,FORMULA 1 ROLEX SAKHIR,1060,practice_2,https://www.formula1.com/en/results.html/2020/races/1060/sakhir/practice-2.html,20,16,LEC,Charles Leclerc,Ferrari,2,,
2020,FORMULA 1 ETIHAD AIRWAYS ABU DHABI,1061,practice_2,https://www.formula1.com/en/results.html/2020/races/1061/abu-dhabi/practice-2.html,1,77,BOT,Valtteri Bottas,Mercedes,28,1:36.276,
2020,FORMULA 1 ETIHAD AIRWAYS ABU DHABI,1061,practice_2,https://www.formula1.com/en/results.html/2020/races/1061/abu-dhabi/practice-2.html,2,44,HAM,Lewis Hamilton,Mercedes,30,1:36.479,+0.203s
2020,FORMULA 1 ETIHAD AIRWAYS ABU DHABI,1061,practice_2,https://www.formula1.com/en/results.html/2020/races/1061/abu-dhabi/practice-2.html,3,33,VER,Max Verstappen,Red Bull Racing Honda,30,1:37.046,+0.770s
2020,FORMULA 1 ETIHAD AIRWAYS ABU DHABI,1061,practice_2,https://www.formula1.com/en/results.html/2020/races/1061/abu-dhabi/practice-2.html,4,23,ALB,Alexander Albon,Red Bull Racing Honda,33,1:37.263,+0.987s
2020,FORMULA 1 ETIHAD AIRWAYS ABU DHABI,1061,practice_2,https://www.formula1.com/en/results.html/2020/races/1061/abu-dhabi/practice-2.html,5,4,NOR,Lando Norris,McLaren Renault,29,1:37.438,+1.162s
2020,FORMULA 1 ETIHAD AIRWAYS ABU DHABI,1061,practice_2,https://www.formula1.com/en/results.html/2020/races/1061/abu-dhabi/practice-2.html,6,31,OCO,Esteban Ocon,Renault,30,1:37.505,+1.229s
2020,FORMULA 1 ETIHAD AIRWAYS ABU DHABI,1061,practice_2,https://www.formula1.com/en/results.html/2020/races/1061/abu-dhabi/practice-2.html,7,11,PER,Sergio Perez,Racing Point BWT Mercedes,35,1:37.506,+1.230s
2020,FORMULA 1 ETIHAD AIRWAYS ABU DHABI,1061,practice_2,https://www.formula1.com/en/results.html/2020/races/1061/abu-dhabi/practice-2.html,8,16,LEC,Charles Leclerc,Ferrari,31,1:37.508,+1.232s
2020,FORMULA 1 ETIHAD AIRWAYS ABU DHABI,1061,practice_2,https://www.formula1.com/en/results.html/2020/races/1061/abu-dhabi/practice-2.html,9,3,RIC,Daniel Ricciardo,Renault,29,1:37.508,+1.232s
2020,FORMULA 1 ETIHAD AIRWAYS ABU DHABI,1061,practice_2,https://www.formula1.com/en/results.html/2020/races/1061/abu-dhabi/practice-2.html,10,18,STR,Lance Stroll,Racing Point BWT Mercedes,29,1:37.560,+1.284s
2020,FORMULA 1 ETIHAD AIRWAYS ABU DHABI,1061,practice_2,https://www.formula1.com/en/results.html/2020/races/1061/abu-dhabi/practice-2.html,11,26,KVY,Daniil Kvyat,AlphaTauri Honda,32,1:37.596,+1.320s
2020,FORMULA 1 ETIHAD AIRWAYS ABU DHABI,1061,practice_2,https://www.formula1.com/en/results.html/2020/races/1061/abu-dhabi/practice-2.html,12,55,SAI,Carlos Sainz,McLaren Renault,31,1:37.616,+1.340s
2020,FORMULA 1 ETIHAD AIRWAYS ABU DHABI,1061,practice_2,https://www.formula1.com/en/results.html/2020/races/1061/abu-dhabi/practice-2.html,13,10,GAS,Pierre Gasly,AlphaTauri Honda,32,1:37.900,+1.624s
2020,FORMULA 1 ETIHAD AIRWAYS ABU DHABI,1061,practice_2,https://www.formula1.com/en/results.html/2020/races/1061/abu-dhabi/practice-2.html,14,7,RAI,Kimi Räikkönen,Alfa Romeo Racing Ferrari,28,1:38.068,+1.792s
2020,FORMULA 1 ETIHAD AIRWAYS ABU DHABI,1061,practice_2,https://www.formula1.com/en/results.html/2020/races/1061/abu-dhabi/practice-2.html,15,5,VET,Sebastian Vettel,Ferrari,32,1:38.198,+1.922s
2020,FORMULA 1 ETIHAD AIRWAYS ABU DHABI,1061,practice_2,https://www.formula1.com/en/results.html/2020/races/1061/abu-dhabi/practice-2.html,16,20,MAG,Kevin Magnussen,Haas Ferrari,35,1:38.504,+2.228s
2020,FORMULA 1 ETIHAD AIRWAYS ABU DHABI,1061,practice_2,https://www.formula1.com/en/results.html/2020/races/1061/abu-dhabi/practice-2.html,17,99,GIO,Antonio Giovinazzi,Alfa Romeo Racing Ferrari,31,1:38.564,+2.288s
2020,FORMULA 1 ETIHAD AIRWAYS ABU DHABI,1061,practice_2,https://www.formula1.com/en/results.html/2020/races/1061/abu-dhabi/practice-2.html,18,63,RUS,George Russell,Williams Mercedes,24,1:38.817,+2.541s
2020,FORMULA 1 ETIHAD AIRWAYS ABU DHABI,1061,practice_2,https://www.formula1.com/en/results.html/2020/races/1061/abu-dhabi/practice-2.html,19,51,FIT,Pietro Fittipaldi,Haas Ferrari,25,1:39.027,+2.751s
2020,FORMULA 1 ETIHAD AIRWAYS ABU DHABI,1061,practice_2,https://www.formula1.com/en/results.html/2020/races/1061/abu-dhabi/practice-2.html,20,6,LAT,Nicholas Latifi,Williams Mercedes,31,1:39.132,+2.856s
