year,race_name,race_id,result_type,url,position,driver_number,driver_code,driver_name,team,laps,lap_time,gap
2025,FORMULA 1 LOUIS VUITTON AUSTRALIAN,1254,practice_2,https://www.formula1.com/en/results.html/2025/races/1254/australia/practice-2.html,1,16,LEC,Charles Leclerc,Ferrari,32,1:16.439,
2025,FORMULA 1 LOUIS VUITTON AUSTRALIAN,1254,practice_2,https://www.formula1.com/en/results.html/2025/races/1254/australia/practice-2.html,2,81,PIA,Oscar Piastri,McLaren Mercedes,30,1:16.563,+0.124s
2025,FORMULA 1 LOUIS VUITTON AUSTRALIAN,1254,practice_2,https://www.formula1.com/en/results.html/2025/races/1254/australia/practice-2.html,3,4,NOR,Lando Norris,McLaren Mercedes,30,1:16.580,+0.141s
2025,FORMULA 1 LOUIS VUITTON AUSTRALIAN,1254,practice_2,https://www.formula1.com/en/results.html/2025/races/1254/australia/practice-2.html,4,22,TSU,Yuki Tsunoda,Racing Bulls Honda RBPT,29,1:16.784,+0.345s
2025,FORMULA 1 LOUIS VUITTON AUSTRALIAN,1254,practice_2,https://www.formula1.com/en/results.html/2025/races/1254/australia/practice-2.html,5,44,HAM,Lewis Hamilton,Ferrari,31,1:16.859,+0.420s
2025,FORMULA 1 LOUIS VUITTON AUSTRALIAN,1254,practice_2,https://www.formula1.com/en/results.html/2025/races/1254/australia/practice-2.html,6,6,HAD,Isack Hadjar,Racing Bulls Honda RBPT,30,1:17.019,+0.580s
2025,FORMULA 1 LOUIS VUITTON AUSTRALIAN,1254,practice_2,https://www.formula1.com/en/results.html/2025/races/1254/australia/practice-2.html,7,1,VER,Max Verstappen,Red Bull Racing Honda RBPT,22,1:17.063,+0.624s
2025,FORMULA 1 LOUIS VUITTON AUSTRALIAN,1254,practice_2,https://www.formula1.com/en/results.html/2025/races/1254/australia/practice-2.html,8,27,HUL,Nico Hulkenberg,Kick Sauber Ferrari,24,1:17.161,+0.722s
2025,FORMULA 1 LOUIS VUITTON AUSTRALIAN,1254,practice_2,https://www.formula1.com/en/results.html/2025/races/1254/australia/practice-2.html,9,18,STR,Lance Stroll,Aston Martin Aramco Mercedes,28,1:17.279,+0.840s
2025,FORMULA 1 LOUIS VUITTON AUSTRALIAN,1254,practice_2,https://www.formula1.com/en/results.html/2025/races/1254/australia/practice-2.html,10,63,RUS,George Russell,Mercedes,30,1:17.282,+0.843s
2025,FORMULA 1 LOUIS VUITTON AUSTRALIAN,1254,practice_2,https://www.formula1.com/en/results.html/2025/races/1254/australia/practice-2.html,11,55,SAI,Carlos Sainz,Williams Mercedes,30,1:17.302,+0.863s
2025,FORMULA 1 LOUIS VUITTON AUSTRALIAN,1254,practice_2,https://www.formula1.com/en/results.html/2025/races/1254/australia/practice-2.html,12,23,ALB,Alexander Albon,Williams Mercedes,28,1:17.302,+0.863s
2025,FORMULA 1 LOUIS VUITTON AUSTRALIAN,1254,practice_2,https://www.formula1.com/en/results.html/2025/races/1254/australia/practice-2.html,13,14,ALO,Fernando Alonso,Aston Martin Aramco Mercedes,27,1:17.330,+0.891s
2025,FORMULA 1 LOUIS VUITTON AUSTRALIAN,1254,practice_2,https://www.formula1.com/en/results.html/2025/races/1254/australia/practice-2.html,14,7,DOO,Jack Doohan,Alpine Renault,30,1:17.394,+0.955s
2025,FORMULA 1 LOUIS VUITTON AUSTRALIAN,1254,practice_2,https://www.formula1.com/en/results.html/2025/races/1254/australia/practice-2.html,15,10,GAS,Pierre Gasly,Alpine Renault,30,1:17.493,+1.054s
2025,FORMULA 1 LOUIS VUITTON AUSTRALIAN,1254,practice_2,https://www.formula1.com/en/results.html/2025/races/1254/australia/practice-2.html,16,12,ANT,Kimi Antonelli,Mercedes,31,1:17.634,+1.195s
2025,FORMULA 1 LOUIS VUITTON AUSTRALIAN,1254,practice_2,https://www.formula1.com/en/results.html/2025/races/1254/australia/practice-2.html,17,30,LAW,Liam Lawson,Red Bull Racing Honda RBPT,30,1:17.640,+1.201s
2025,FORMULA 1 LOUIS VUITTON AUSTRALIAN,1254,practice_2,https://www.formula1.com/en/results.html/2025/races/1254/australia/practice-2.html,18,5,BOR,Gabriel Bortoleto,Kick Sauber Ferrari,29,1:17.847,+1.408s
2025,FORMULA 1 LOUIS VUITTON AUSTRALIAN,1254,practice_2,https://www.formula1.com/en/results.html/2025/races/1254/australia/practice-2.html,19,31,OCO,Esteban Ocon,Haas Ferrari,31,1:18.034,+1.595s
2025,FORMULA 1 LENOVO JAPANESE,1256,practice_2,https://www.formula1.com/en/results.html/2025/races/1256/japan/practice-2.html,1,81,PIA,Oscar Piastri,McLaren Mercedes,13,1:28.114,
2025,FORMULA 1 LENOVO JAPANESE,1256,practice_2,https://www.formula1.com/en/results.html/2025/races/1256/japan/practice-2.html,2,4,NOR,Lando Norris,McLaren Mercedes,12,1:28.163,+0.049s
2025,FORMULA 1 LENOVO JAPANESE,1256,practice_2,https://www.formula1.com/en/results.html/2025/races/1256/japan/practice-2.html,3,6,HAD,Isack Hadjar,Racing Bulls Honda RBPT,12,1:28.518,+0.404s
2025,FORMULA 1 LENOVO JAPANESE,1256,practice_2,https://www.formula1.com/en/results.html/2025/races/1256/japan/practice-2.html,4,44,HAM,Lewis Hamilton,Ferrari,14,1:28.544,+0.430s
2025,FORMULA 1 LENOVO JAPANESE,1256,practice_2,https://www.formula1.com/en/results.html/2025/races/1256/japan/practice-2.html,5,30,LAW,Liam Lawson,Racing Bulls Honda RBPT,13,1:28.559,+0.445s
2025,FORMULA 1 LENOVO JAPANESE,1256,practice_2,https://www.formula1.com/en/results.html/2025/races/1256/japan/practice-2.html,6,63,RUS,George Russell,Mercedes,13,1:28.567,+0.453s
2025,FORMULA 1 LENOVO JAPANESE,1256,practice_2,https://www.formula1.com/en/results.html/2025/races/1256/japan/practice-2.html,7,16,LEC,Charles Leclerc,Ferrari,14,1:28.586,+0.472s
2025,FORMULA 1 LENOVO JAPANESE,1256,practice_2,https://www.formula1.com/en/results.html/2025/races/1256/japan/practice-2.html,8,1,VER,Max Verstappen,Red Bull Racing Honda RBPT,9,1:28.670,+0.556s
2025,FORMULA 1 LENOVO JAPANESE,1256,practice_2,https://www.formula1.com/en/results.html/2025/races/1256/japan/practice-2.html,9,10,GAS,Pierre Gasly,Alpine Renault,13,1:28.757,+0.643s
2025,FORMULA 1 LENOVO JAPANESE,1256,practice_2,https://www.formula1.com/en/results.html/2025/races/1256/japan/practice-2.html,10,55,SAI,Carlos Sainz,Williams Mercedes,9,1:28.832,+0.718s
2025,FORMULA 1 LENOVO JAPANESE,1256,practice_2,https://www.formula1.com/en/results.html/2025/races/1256/japan/practice-2.html,11,23,ALB,Alexander Albon,Williams Mercedes,11,1:29.023,+0.909s
2025,FORMULA 1 LENOVO JAPANESE,1256,practice_2,https://www.formula1.com/en/results.html/2025/races/1256/japan/practice-2.html,12,27,HUL,Nico Hulkenberg,Kick Sauber Ferrari,12,1:29.062,+0.948s
2025,FORMULA 1 LENOVO JAPANESE,1256,practice_2,https://www.formula1.com/en/results.html/2025/races/1256/japan/practice-2.html,13,5,BOR,Gabriel Bortoleto,Kick Sauber Ferrari,13,1:29.335,+1.221s
2025,FORMULA 1 LENOVO JAPANESE,1256,practice_2,https://www.formula1.com/en/results.html/2025/races/1256/japan/practice-2.html,14,31,OCO,Esteban Ocon,Haas Ferrari,13,1:29.507,+1.393s
2025,FORMULA 1 LENOVO JAPANESE,1256,practice_2,https://www.formula1.com/en/results.html/2025/races/1256/japan/practice-2.html,15,87,BEA,Oliver Bearman,Haas Ferrari,10,1:29.654,+1.540s
2025,FORMULA 1 LENOVO JAPANESE,1256,practice_2,https://www.formula1.com/en/results.html/2025/races/1256/japan/practice-2.html,16,12,ANT,Kimi Antonelli,Mercedes,13,1:29.733,+1.619s
2025,FORMULA 1 LENOVO JAPANESE,1256,practice_2,https://www.formula1.com/en/results.html/2025/races/1256/japan/practice-2.html,17,14,ALO,Fernando Alonso,Aston Martin Aramco Mercedes,5,1:29.978,+1.864s
2025,FORMULA 1 LENOVO JAPANESE,1256,practice_2,https://www.formula1.com/en/results.html/2025/races/1256/japan/practice-2.html,18,22,TSU,Yuki Tsunoda,Red Bull Racing Honda RBPT,12,1:30.625,+2.511s
2025,FORMULA 1 LENOVO JAPANESE,1256,practice_2,https://www.formula1.com/en/results.html/2025/races/1256/japan/practice-2.html,19,18,STR,Lance Stroll,Aston Martin Aramco Mercedes,12,1:30.845,+2.731s
2025,FORMULA 1 LENOVO JAPANESE,1256,practice_2,https://www.formula1.com/en/results.html/2025/races/1256/japan/practice-2.html,20,7,DOO,Jack Doohan,Alpine Renault,4,1:31.659,+3.545s
2025,FORMULA 1 GULF AIR BAHRAIN,1257,practice_2,https://www.formula1.com/en/results.html/2025/races/1257/bahrain/practice-2.html,1,81,PIA,Oscar Piastri,McLaren Mercedes,29,1:30.505,
2025,FORMULA 1 GULF AIR BAHRAIN,1257,practice_2,https://www.formula1.com/en/results.html/2025/races/1257/bahrain/practice-2.html,2,4,NOR,Lando Norris,McLaren Mercedes,28,1:30.659,+0.154s
2025,FORMULA 1 GULF AIR BAHRAIN,1257,practice_2,https://www.formula1.com/en/results.html/2025/races/1257/bahrain/practice-2.html,3,63,RUS,George Russell,Mercedes,25,1:31.032,+0.527s
2025,FORMULA 1 GULF AIR BAHRAIN,1257,practice_2,https://www.formula1.com/en/results.html/2025/races/1257/bahrain/practice-2.html,4,16,LEC,Charles Leclerc,Ferrari,27,1:31.045,+0.540s
2025,FORMULA 1 GULF AIR BAHRAIN,1257,practice_2,https://www.formula1.com/en/results.html/2025/races/1257/bahrain/practice-2.html,5,12,ANT,Kimi Antonelli,Mercedes,27,1:31.227,+0.722s
2025,FORMULA 1 GULF AIR BAHRAIN,1257,practice_2,https://www.formula1.com/en/results.html/2025/races/1257/bahrain/practice-2.html,6,6,HAD,Isack Hadjar,Racing Bulls Honda RBPT,24,1:31.238,+0.733s
2025,FORMULA 1 GULF AIR BAHRAIN,1257,practice_2,https://www.formula1.com/en/results.html/2025/races/1257/bahrain/practice-2.html,7,1,VER,Max Verstappen,Red Bull Racing Honda RBPT,27,1:31.330,+0.825s
2025,FORMULA 1 GULF AIR BAHRAIN,1257,practice_2,https://www.formula1.com/en/results.html/2025/races/1257/bahrain/practice-2.html,8,44,HAM,Lewis Hamilton,Ferrari,23,1:31.576,+1.071s
2025,FORMULA 1 GULF AIR BAHRAIN,1257,practice_2,https://www.formula1.com/en/results.html/2025/races/1257/bahrain/practice-2.html,9,87,BEA,Oliver Bearman,Haas Ferrari,27,1:31.584,+1.079s
2025,FORMULA 1 GULF AIR BAHRAIN,1257,practice_2,https://www.formula1.com/en/results.html/2025/races/1257/bahrain/practice-2.html,10,55,SAI,Carlos Sainz,Williams Mercedes,28,1:31.623,+1.118s
2025,FORMULA 1 GULF AIR BAHRAIN,1257,practice_2,https://www.formula1.com/en/results.html/2025/races/1257/bahrain/practice-2.html,11,23,ALB,Alexander Albon,Williams Mercedes,29,1:31.696,+1.191s
2025,FORMULA 1 GULF AIR BAHRAIN,1257,practice_2,https://www.formula1.com/en/results.html/2025/races/1257/bahrain/practice-2.html,12,30,LAW,Liam Lawson,Racing Bulls Honda RBPT,27,1:31.706,+1.201s
2025,FORMULA 1 GULF AIR BAHRAIN,1257,practice_2,https://www.formula1.com/en/results.html/2025/races/1257/bahrain/practice-2.html,13,5,BOR,Gabriel Bortoleto,Kick Sauber Ferrari,25,1:31.772,+1.267s
2025,FORMULA 1 GULF AIR BAHRAIN,1257,practice_2,https://www.formula1.com/en/results.html/2025/races/1257/bahrain/practice-2.html,14,7,DOO,Jack Doohan,Alpine Renault,27,1:31.788,+1.283s
2025,FORMULA 1 GULF AIR BAHRAIN,1257,practice_2,https://www.formula1.com/en/results.html/2025/races/1257/bahrain/practice-2.html,15,14,ALO,Fernando Alonso,Aston Martin Aramco Mercedes,19,1:31.825,+1.320s
2025,FORMULA 1 GULF AIR BAHRAIN,1257,practice_2,https://www.formula1.com/en/results.html/2025/races/1257/bahrain/practice-2.html,16,31,OCO,Esteban Ocon,Haas Ferrari,27,1:31.870,+1.365s
2025,FORMULA 1 GULF AIR BAHRAIN,1257,practice_2,https://www.formula1.com/en/results.html/2025/races/1257/bahrain/practice-2.html,17,10,GAS,Pierre Gasly,Alpine Renault,27,1:31.947,+1.442s
2025,FORMULA 1 GULF AIR BAHRAIN,1257,practice_2,https://www.formula1.com/en/results.html/2025/races/1257/bahrain/practice-2.html,18,22,TSU,Yuki Tsunoda,Red Bull Racing Honda RBPT,25,1:32.024,+1.519s
2025,FORMULA 1 GULF AIR BAHRAIN,1257,practice_2,https://www.formula1.com/en/results.html/2025/races/1257/bahrain/practice-2.html,19,18,STR,Lance Stroll,Aston Martin Aramco Mercedes,27,1:32.382,+1.877s
2025,FORMULA 1 GULF AIR BAHRAIN,1257,practice_2,https://www.formula1.com/en/results.html/2025/races/1257/bahrain/practice-2.html,20,27,HUL,Nico Hulkenberg,Kick Sauber Ferrari,24,1:32.496,+1.991s
2025,FORMULA 1 STC SAUDI ARABIAN,1258,practice_2,https://www.formula1.com/en/results.html/2025/races/1258/saudi-arabia/practice-2.html,1,4,NOR,Lando Norris,McLaren Mercedes,21,1:28.267,
2025,FORMULA 1 STC SAUDI ARABIAN,1258,practice_2,https://www.formula1.com/en/results.html/2025/races/1258/saudi-arabia/practice-2.html,2,81,PIA,Oscar Piastri,McLaren Mercedes,22,1:28.430,+0.163s
2025,FORMULA 1 STC SAUDI ARABIAN,1258,practice_2,https://www.formula1.com/en/results.html/2025/races/1258/saudi-arabia/practice-2.html,3,1,VER,Max Verstappen,Red Bull Racing Honda RBPT,23,1:28.547,+0.280s
2025,FORMULA 1 STC SAUDI ARABIAN,1258,practice_2,https://www.formula1.com/en/results.html/2025/races/1258/saudi-arabia/practice-2.html,4,16,LEC,Charles Leclerc,Ferrari,22,1:28.749,+0.482s
2025,FORMULA 1 STC SAUDI ARABIAN,1258,practice_2,https://www.formula1.com/en/results.html/2025/races/1258/saudi-arabia/practice-2.html,5,55,SAI,Carlos Sainz,Williams Mercedes,24,1:28.942,+0.675s
2025,FORMULA 1 STC SAUDI ARABIAN,1258,practice_2,https://www.formula1.com/en/results.html/2025/races/1258/saudi-arabia/practice-2.html,6,22,TSU,Yuki Tsunoda,Red Bull Racing Honda RBPT,19,1:28.963,+0.696s
2025,FORMULA 1 STC SAUDI ARABIAN,1258,practice_2,https://www.formula1.com/en/results.html/2025/races/1258/saudi-arabia/practice-2.html,7,63,RUS,George Russell,Mercedes,21,1:28.973,+0.706s
2025,FORMULA 1 STC SAUDI ARABIAN,1258,practice_2,https://www.formula1.com/en/results.html/2025/races/1258/saudi-arabia/practice-2.html,8,10,GAS,Pierre Gasly,Alpine Renault,22,1:29.106,+0.839s
2025,FORMULA 1 STC SAUDI ARABIAN,1258,practice_2,https://www.formula1.com/en/results.html/2025/races/1258/saudi-arabia/practice-2.html,9,27,HUL,Nico Hulkenberg,Kick Sauber Ferrari,21,1:29.193,+0.926s
2025,FORMULA 1 STC SAUDI ARABIAN,1258,practice_2,https://www.formula1.com/en/results.html/2025/races/1258/saudi-arabia/practice-2.html,10,23,ALB,Alexander Albon,Williams Mercedes,23,1:29.220,+0.953s
2025,FORMULA 1 STC SAUDI ARABIAN,1258,practice_2,https://www.formula1.com/en/results.html/2025/races/1258/saudi-arabia/practice-2.html,11,12,ANT,Kimi Antonelli,Mercedes,16,1:29.242,+0.975s
2025,FORMULA 1 STC SAUDI ARABIAN,1258,practice_2,https://www.formula1.com/en/results.html/2025/races/1258/saudi-arabia/practice-2.html,12,6,HAD,Isack Hadjar,Racing Bulls Honda RBPT,17,1:29.306,+1.039s
2025,FORMULA 1 STC SAUDI ARABIAN,1258,practice_2,https://www.formula1.com/en/results.html/2025/races/1258/saudi-arabia/practice-2.html,13,44,HAM,Lewis Hamilton,Ferrari,23,1:29.371,+1.104s
2025,FORMULA 1 STC SAUDI ARABIAN,1258,practice_2,https://www.formula1.com/en/results.html/2025/races/1258/saudi-arabia/practice-2.html,14,30,LAW,Liam Lawson,Racing Bulls Honda RBPT,22,1:29.488,+1.221s
2025,FORMULA 1 STC SAUDI ARABIAN,1258,practice_2,https://www.formula1.com/en/results.html/2025/races/1258/saudi-arabia/practice-2.html,15,14,ALO,Fernando Alonso,Aston Martin Aramco Mercedes,18,1:29.662,+1.395s
2025,FORMULA 1 STC SAUDI ARABIAN,1258,practice_2,https://www.formula1.com/en/results.html/2025/races/1258/saudi-arabia/practice-2.html,16,87,BEA,Oliver Bearman,Haas Ferrari,19,1:29.754,+1.487s
2025,FORMULA 1 STC SAUDI ARABIAN,1258,practice_2,https://www.formula1.com/en/results.html/2025/races/1258/saudi-arabia/practice-2.html,17,7,DOO,Jack Doohan,Alpine Renault,21,1:29.912,+1.645s
2025,FORMULA 1 STC SAUDI ARABIAN,1258,practice_2,https://www.formula1.com/en/results.html/2025/races/1258/saudi-arabia/practice-2.html,18,18,STR,Lance Stroll,Aston Martin Aramco Mercedes,18,1:30.007,+1.740s
2025,FORMULA 1 STC SAUDI ARABIAN,1258,practice_2,https://www.formula1.com/en/results.html/2025/races/1258/saudi-arabia/practice-2.html,19,31,OCO,Esteban Ocon,Haas Ferrari,22,1:30.019,+1.752s
2025,EMILIA-ROMAGNA,1260,practice_2,https://www.formula1.com/en/results.html/2025/races/1260/emilia-romagna/practice-2.html,1,81,PIA,Oscar Piastri,McLaren Mercedes,28,1:15.293,
2025,EMILIA-ROMAGNA,1260,practice_2,https://www.formula1.com/en/results.html/2025/races/1260/emilia-romagna/practice-2.html,2,4,NOR,Lando Norris,McLaren Mercedes,25,1:15.318,+0.025s
2025,EMILIA-ROMAGNA,1260,practice_2,https://www.formula1.com/en/results.html/2025/races/1260/emilia-romagna/practice-2.html,3,10,GAS,Pierre Gasly,Alpine Renault,29,1:15.569,+0.276s
2025,EMILIA-ROMAGNA,1260,practice_2,https://www.formula1.com/en/results.html/2025/races/1260/emilia-romagna/practice-2.html,4,63,RUS,George Russell,Mercedes,23,1:15.693,+0.400s
2025,EMILIA-ROMAGNA,1260,practice_2,https://www.formula1.com/en/results.html/2025/races/1260/emilia-romagna/practice-2.html,5,1,VER,Max Verstappen,Red Bull Racing Honda RBPT,26,1:15.735,+0.442s
2025,EMILIA-ROMAGNA,1260,practice_2,https://www.formula1.com/en/results.html/2025/races/1260/emilia-romagna/practice-2.html,6,16,LEC,Charles Leclerc,Ferrari,28,1:15.768,+0.475s
2025,EMILIA-ROMAGNA,1260,practice_2,https://www.formula1.com/en/results.html/2025/races/1260/emilia-romagna/practice-2.html,7,6,HAD,Isack Hadjar,Racing Bulls Honda RBPT,22,1:15.792,+0.499s
2025,EMILIA-ROMAGNA,1260,practice_2,https://www.formula1.com/en/results.html/2025/races/1260/emilia-romagna/practice-2.html,8,22,TSU,Yuki Tsunoda,Red Bull Racing Honda RBPT,29,1:15.827,+0.534s
2025,EMILIA-ROMAGNA,1260,practice_2,https://www.formula1.com/en/results.html/2025/races/1260/emilia-romagna/practice-2.html,9,23,ALB,Alexander Albon,Williams Mercedes,29,1:15.916,+0.623s
2025,EMILIA-ROMAGNA,1260,practice_2,https://www.formula1.com/en/results.html/2025/races/1260/emilia-romagna/practice-2.html,10,55,SAI,Carlos Sainz,Williams Mercedes,29,1:15.934,+0.641s
2025,EMILIA-ROMAGNA,1260,practice_2,https://www.formula1.com/en/results.html/2025/races/1260/emilia-romagna/practice-2.html,11,44,HAM,Lewis Hamilton,Ferrari,26,1:15.943,+0.650s
2025,EMILIA-ROMAGNA,1260,practice_2,https://www.formula1.com/en/results.html/2025/races/1260/emilia-romagna/practice-2.html,12,87,BEA,Oliver Bearman,Haas Ferrari,26,1:16.009,+0.716s
2025,EMILIA-ROMAGNA,1260,practice_2,https://www.formula1.com/en/results.html/2025/races/1260/emilia-romagna/practice-2.html,13,43,COL,Franco Colapinto,Alpine Renault,29,1:16.044,+0.751s
2025,EMILIA-ROMAGNA,1260,practice_2,https://www.formula1.com/en/results.html/2025/races/1260/emilia-romagna/practice-2.html,14,14,ALO,Fernando Alonso,Aston Martin Aramco Mercedes,21,1:16.220,+0.927s
2025,EMILIA-ROMAGNA,1260,practice_2,https://www.formula1.com/en/results.html/2025/races/1260/emilia-romagna/practice-2.html,15,30,LAW,Liam Lawson,Racing Bulls Honda RBPT,22,1:16.255,+0.962s
2025,EMILIA-ROMAGNA,1260,practice_2,https://www.formula1.com/en/results.html/2025/races/1260/emilia-romagna/practice-2.html,16,5,BOR,Gabriel Bortoleto,Kick Sauber Ferrari,27,1:16.339,+1.046s
2025,EMILIA-ROMAGNA,1260,practice_2,https://www.formula1.com/en/results.html/2025/races/1260/emilia-romagna/practice-2.html,17,18,STR,Lance Stroll,Aston Martin Aramco Mercedes,23,1:16.341,+1.048s
2025,EMILIA-ROMAGNA,1260,practice_2,https://www.formula1.com/en/results.html/2025/races/1260/emilia-romagna/practice-2.html,18,12,ANT,Kimi Antonelli,Mercedes,27,1:16.406,+1.113s
2025,EMILIA-ROMAGNA,1260,practice_2,https://www.formula1.com/en/results.html/2025/races/1260/emilia-romagna/practice-2.html,19,27,HUL,Nico Hulkenberg,Kick Sauber Ferrari,26,1:16.419,+1.126s
2025,EMILIA-ROMAGNA,1260,practice_2,https://www.formula1.com/en/results.html/2025/races/1260/emilia-romagna/practice-2.html,20,31,OCO,Esteban Ocon,Haas Ferrari,24,1:16.420,+1.127s
2025,FORMULA 1 TAG HEUER GRAND PRIX DE MONACO,1261,practice_2,https://www.formula1.com/en/results.html/2025/races/1261/monaco/practice-2.html,1,16,LEC,Charles Leclerc,Ferrari,32,1:11.355,
2025,FORMULA 1 TAG HEUER GRAND PRIX DE MONACO,1261,practice_2,https://www.formula1.com/en/results.html/2025/races/1261/monaco/practice-2.html,2,81,PIA,Oscar Piastri,McLaren Mercedes,28,1:11.393,+0.038s
2025,FORMULA 1 TAG HEUER GRAND PRIX DE MONACO,1261,practice_2,https://www.formula1.com/en/results.html/2025/races/1261/monaco/practice-2.html,3,44,HAM,Lewis Hamilton,Ferrari,30,1:11.460,+0.105s
2025,FORMULA 1 TAG HEUER GRAND PRIX DE MONACO,1261,practice_2,https://www.formula1.com/en/results.html/2025/races/1261/monaco/practice-2.html,4,4,NOR,Lando Norris,McLaren Mercedes,32,1:11.677,+0.322s
2025,FORMULA 1 TAG HEUER GRAND PRIX DE MONACO,1261,practice_2,https://www.formula1.com/en/results.html/2025/races/1261/monaco/practice-2.html,5,30,LAW,Liam Lawson,Racing Bulls Honda RBPT,32,1:11.823,+0.468s
2025,FORMULA 1 TAG HEUER GRAND PRIX DE MONACO,1261,practice_2,https://www.formula1.com/en/results.html/2025/races/1261/monaco/practice-2.html,6,6,HAD,Isack Hadjar,Racing Bulls Honda RBPT,17,1:11.842,+0.487s
2025,FORMULA 1 TAG HEUER GRAND PRIX DE MONACO,1261,practice_2,https://www.formula1.com/en/results.html/2025/races/1261/monaco/practice-2.html,7,14,ALO,Fernando Alonso,Aston Martin Aramco Mercedes,30,1:11.890,+0.535s
2025,FORMULA 1 TAG HEUER GRAND PRIX DE MONACO,1261,practice_2,https://www.formula1.com/en/results.html/2025/races/1261/monaco/practice-2.html,8,23,ALB,Alexander Albon,Williams Mercedes,34,1:11.918,+0.563s
2025,FORMULA 1 TAG HEUER GRAND PRIX DE MONACO,1261,practice_2,https://www.formula1.com/en/results.html/2025/races/1261/monaco/practice-2.html,9,12,ANT,Kimi Antonelli,Mercedes,32,1:12.002,+0.647s
2025,FORMULA 1 TAG HEUER GRAND PRIX DE MONACO,1261,practice_2,https://www.formula1.com/en/results.html/2025/races/1261/monaco/practice-2.html,10,1,VER,Max Verstappen,Red Bull Racing Honda RBPT,29,1:12.068,+0.713s
2025,FORMULA 1 TAG HEUER GRAND PRIX DE MONACO,1261,practice_2,https://www.formula1.com/en/results.html/2025/races/1261/monaco/practice-2.html,11,22,TSU,Yuki Tsunoda,Red Bull Racing Honda RBPT,30,1:12.072,+0.717s
2025,FORMULA 1 TAG HEUER GRAND PRIX DE MONACO,1261,practice_2,https://www.formula1.com/en/results.html/2025/races/1261/monaco/practice-2.html,12,63,RUS,George Russell,Mercedes,32,1:12.092,+0.737s
2025,FORMULA 1 TAG HEUER GRAND PRIX DE MONACO,1261,practice_2,https://www.formula1.com/en/results.html/2025/races/1261/monaco/practice-2.html,13,55,SAI,Carlos Sainz,Williams Mercedes,32,1:12.151,+0.796s
2025,FORMULA 1 TAG HEUER GRAND PRIX DE MONACO,1261,practice_2,https://www.formula1.com/en/results.html/2025/races/1261/monaco/practice-2.html,14,5,BOR,Gabriel Bortoleto,Kick Sauber Ferrari,29,1:12.234,+0.879s
2025,FORMULA 1 TAG HEUER GRAND PRIX DE MONACO,1261,practice_2,https://www.formula1.com/en/results.html/2025/races/1261/monaco/practice-2.html,15,87,BEA,Oliver Bearman,Haas Ferrari,33,1:12.259,+0.904s
2025,FORMULA 1 TAG HEUER GRAND PRIX DE MONACO,1261,practice_2,https://www.formula1.com/en/results.html/2025/races/1261/monaco/practice-2.html,16,27,HUL,Nico Hulkenberg,Kick Sauber Ferrari,32,1:12.262,+0.907s
2025,FORMULA 1 TAG HEUER GRAND PRIX DE MONACO,1261,practice_2,https://www.formula1.com/en/results.html/2025/races/1261/monaco/practice-2.html,17,10,GAS,Pierre Gasly,Alpine Renault,34,1:12.404,+1.049s
2025,FORMULA 1 TAG HEUER GRAND PRIX DE MONACO,1261,practice_2,https://www.formula1.com/en/results.html/2025/races/1261/monaco/practice-2.html,18,18,STR,Lance Stroll,Aston Martin Aramco Mercedes,30,1:12.512,+1.157s
2025,FORMULA 1 TAG HEUER GRAND PRIX DE MONACO,1261,practice_2,https://www.formula1.com/en/results.html/2025/races/1261/monaco/practice-2.html,19,31,OCO,Esteban Ocon,Haas Ferrari,33,1:12.541,+1.186s
2025,FORMULA 1 TAG HEUER GRAND PRIX DE MONACO,1261,practice_2,https://www.formula1.com/en/results.html/2025/races/1261/monaco/practice-2.html,20,43,COL,Franco Colapinto,Alpine Renault,31,1:13.415,+2.060s
2025,FORMULA 1 ARAMCO GRAN PREMIO DE ESPAÑA,1262,practice_2,https://www.formula1.com/en/results.html/2025/races/1262/spain/practice-2.html,1,81,PIA,Oscar Piastri,McLaren Mercedes,28,1:12.760,
2025,FORMULA 1 ARAMCO GRAN PREMIO DE ESPAÑA,1262,practice_2,https://www.formula1.com/en/results.html/2025/races/1262/spain/practice-2.html,2,63,RUS,George Russell,Mercedes,32,1:13.046,+0.286s
2025,FORMULA 1 ARAMCO GRAN PREMIO DE ESPAÑA,1262,practice_2,https://www.formula1.com/en/results.html/2025/races/1262/spain/practice-2.html,3,1,VER,Max Verstappen,Red Bull Racing Honda RBPT,30,1:13.070,+0.310s
2025,FORMULA 1 ARAMCO GRAN PREMIO DE ESPAÑA,1262,practice_2,https://www.formula1.com/en/results.html/2025/races/1262/spain/practice-2.html,4,4,NOR,Lando Norris,McLaren Mercedes,31,1:13.070,+0.310s
2025,FORMULA 1 ARAMCO GRAN PREMIO DE ESPAÑA,1262,practice_2,https://www.formula1.com/en/results.html/2025/races/1262/spain/practice-2.html,5,16,LEC,Charles Leclerc,Ferrari,33,1:13.260,+0.500s
2025,FORMULA 1 ARAMCO GRAN PREMIO DE ESPAÑA,1262,practice_2,https://www.formula1.com/en/results.html/2025/races/1262/spain/practice-2.html,6,12,ANT,Kimi Antonelli,Mercedes,31,1:13.298,+0.538s
2025,FORMULA 1 ARAMCO GRAN PREMIO DE ESPAÑA,1262,practice_2,https://www.formula1.com/en/results.html/2025/races/1262/spain/practice-2.html,7,14,ALO,Fernando Alonso,Aston Martin Aramco Mercedes,28,1:13.301,+0.541s
2025,FORMULA 1 ARAMCO GRAN PREMIO DE ESPAÑA,1262,practice_2,https://www.formula1.com/en/results.html/2025/races/1262/spain/practice-2.html,8,10,GAS,Pierre Gasly,Alpine Renault,30,1:13.385,+0.625s
2025,FORMULA 1 ARAMCO GRAN PREMIO DE ESPAÑA,1262,practice_2,https://www.formula1.com/en/results.html/2025/races/1262/spain/practice-2.html,9,6,HAD,Isack Hadjar,Racing Bulls Honda RBPT,29,1:13.400,+0.640s
2025,FORMULA 1 ARAMCO GRAN PREMIO DE ESPAÑA,1262,practice_2,https://www.formula1.com/en/results.html/2025/races/1262/spain/practice-2.html,10,30,LAW,Liam Lawson,Racing Bulls Honda RBPT,29,1:13.494,+0.734s
2025,FORMULA 1 ARAMCO GRAN PREMIO DE ESPAÑA,1262,practice_2,https://www.formula1.com/en/results.html/2025/races/1262/spain/practice-2.html,11,44,HAM,Lewis Hamilton,Ferrari,29,1:13.533,+0.773s
2025,FORMULA 1 ARAMCO GRAN PREMIO DE ESPAÑA,1262,practice_2,https://www.formula1.com/en/results.html/2025/races/1262/spain/practice-2.html,12,27,HUL,Nico Hulkenberg,Kick Sauber Ferrari,30,1:13.592,+0.832s
2025,FORMULA 1 ARAMCO GRAN PREMIO DE ESPAÑA,1262,practice_2,https://www.formula1.com/en/results.html/2025/races/1262/spain/practice-2.html,13,22,TSU,Yuki Tsunoda,Red Bull Racing Honda RBPT,31,1:13.683,+0.923s
2025,FORMULA 1 ARAMCO GRAN PREMIO DE ESPAÑA,1262,practice_2,https://www.formula1.com/en/results.html/2025/races/1262/spain/practice-2.html,14,55,SAI,Carlos Sainz,Williams Mercedes,34,1:13.721,+0.961s
2025,FORMULA 1 ARAMCO GRAN PREMIO DE ESPAÑA,1262,practice_2,https://www.formula1.com/en/results.html/2025/races/1262/spain/practice-2.html,15,23,ALB,Alexander Albon,Williams Mercedes,32,1:13.839,+1.079s
2025,FORMULA 1 ARAMCO GRAN PREMIO DE ESPAÑA,1262,practice_2,https://www.formula1.com/en/results.html/2025/races/1262/spain/practice-2.html,16,18,STR,Lance Stroll,Aston Martin Aramco Mercedes,17,1:13.839,+1.079s
2025,FORMULA 1 ARAMCO GRAN PREMIO DE ESPAÑA,1262,practice_2,https://www.formula1.com/en/results.html/2025/races/1262/spain/practice-2.html,17,5,BOR,Gabriel Bortoleto,Kick Sauber Ferrari,27,1:13.959,+1.199s
2025,FORMULA 1 ARAMCO GRAN PREMIO DE ESPAÑA,1262,practice_2,https://www.formula1.com/en/results.html/2025/races/1262/spain/practice-2.html,18,31,OCO,Esteban Ocon,Haas Ferrari,30,1:14.005,+1.245s
2025,FORMULA 1 ARAMCO GRAN PREMIO DE ESPAÑA,1262,practice_2,https://www.formula1.com/en/results.html/2025/races/1262/spain/practice-2.html,19,87,BEA,Oliver Bearman,Haas Ferrari,20,1:14.126,+1.366s
2025,FORMULA 1 ARAMCO GRAN PREMIO DE ESPAÑA,1262,practice_2,https://www.formula1.com/en/results.html/2025/races/1262/spain/practice-2.html,20,43,COL,Franco Colapinto,Alpine Renault,31,1:14.303,+1.543s
