year,race_name,race_id,result_type,url,position,driver_number,driver_code,driver_name,team,laps,lap_time,gap
2024,FORMULA 1 GULF AIR BAHRAIN,1229,practice_1,https://www.formula1.com/en/results.html/2024/races/1229/bahrain/practice-1.html,1,3,RIC,Daniel Ricciardo,RB Honda RBPT,23,1:32.869,
2024,FORMULA 1 GULF AIR BAHRAIN,1229,practice_1,https://www.formula1.com/en/results.html/2024/races/1229/bahrain/practice-1.html,2,4,NOR,Lando Norris,McLaren Mercedes,25,1:32.901,+0.032s
2024,FORMULA 1 GULF AIR BAHRAIN,1229,practice_1,https://www.formula1.com/en/results.html/2024/races/1229/bahrain/practice-1.html,3,81,PIA,Oscar Piastri,McLaren Mercedes,25,1:33.113,+0.244s
2024,FORMULA 1 GULF AIR BAHRAIN,1229,practice_1,https://www.formula1.com/en/results.html/2024/races/1229/bahrain/practice-1.html,4,22,TSU,Yuki Tsunoda,RB Honda RBPT,24,1:33.183,+0.314s
2024,FORMULA 1 GULF AIR BAHRAIN,1229,practice_1,https://www.formula1.com/en/results.html/2024/races/1229/bahrain/practice-1.html,5,14,ALO,Fernando Alonso,Aston Martin Aramco Mercedes,20,1:33.193,+0.324s
2024,FORMULA 1 GULF AIR BAHRAIN,1229,practice_1,https://www.formula1.com/en/results.html/2024/races/1229/bahrain/practice-1.html,6,1,VER,Max Verstappen,Red Bull Racing Honda RBPT,21,1:33.238,+0.369s
2024,FORMULA 1 GULF AIR BAHRAIN,1229,practice_1,https://www.formula1.com/en/results.html/2024/races/1229/bahrain/practice-1.html,7,63,RUS,George Russell,Mercedes,25,1:33.251,+0.382s
2024,FORMULA 1 GULF AIR BAHRAIN,1229,practice_1,https://www.formula1.com/en/results.html/2024/races/1229/bahrain/practice-1.html,8,16,LEC,Charles Leclerc,Ferrari,24,1:33.268,+0.399s
2024,FORMULA 1 GULF AIR BAHRAIN,1229,practice_1,https://www.formula1.com/en/results.html/2024/races/1229/bahrain/practice-1.html,9,44,HAM,Lewis Hamilton,Mercedes,22,1:33.302,+0.433s
2024,FORMULA 1 GULF AIR BAHRAIN,1229,practice_1,https://www.formula1.com/en/results.html/2024/races/1229/bahrain/practice-1.html,10,77,BOT,Valtteri Bottas,Kick Sauber Ferrari,21,1:33.354,+0.485s
2024,FORMULA 1 GULF AIR BAHRAIN,1229,practice_1,https://www.formula1.com/en/results.html/2024/races/1229/bahrain/practice-1.html,11,55,SAI,Carlos Sainz,Ferrari,26,1:33.385,+0.516s
2024,FORMULA 1 GULF AIR BAHRAIN,1229,practice_1,https://www.formula1.com/en/results.html/2024/races/1229/bahrain/practice-1.html,12,11,PER,Sergio Perez,Red Bull Racing Honda RBPT,24,1:33.413,+0.544s
2024,FORMULA 1 GULF AIR BAHRAIN,1229,practice_1,https://www.formula1.com/en/results.html/2024/races/1229/bahrain/practice-1.html,13,23,ALB,Alexander Albon,Williams Mercedes,17,1:33.583,+0.714s
2024,FORMULA 1 GULF AIR BAHRAIN,1229,practice_1,https://www.formula1.com/en/results.html/2024/races/1229/bahrain/practice-1.html,14,18,STR,Lance Stroll,Aston Martin Aramco Mercedes,20,1:33.868,+0.999s
2024,FORMULA 1 GULF AIR BAHRAIN,1229,practice_1,https://www.formula1.com/en/results.html/2024/races/1229/bahrain/practice-1.html,15,24,ZHO,Zhou Guanyu,Kick Sauber Ferrari,16,1:33.923,+1.054s
2024,FORMULA 1 GULF AIR BAHRAIN,1229,practice_1,https://www.formula1.com/en/results.html/2024/races/1229/bahrain/practice-1.html,16,2,SAR,Logan Sargeant,Williams Mercedes,19,1:34.213,+1.344s
2024,FORMULA 1 GULF AIR BAHRAIN,1229,practice_1,https://www.formula1.com/en/results.html/2024/races/1229/bahrain/practice-1.html,17,31,OCO,Esteban Ocon,Alpine Renault,21,1:34.807,+1.938s
2024,FORMULA 1 GULF AIR BAHRAIN,1229,practice_1,https://www.formula1.com/en/results.html/2024/races/1229/bahrain/practice-1.html,18,10,GAS,Pierre Gasly,Alpine Renault,24,1:35.144,+2.275s
2024,FORMULA 1 GULF AIR BAHRAIN,1229,practice_1,https://www.formula1.com/en/results.html/2024/races/1229/bahrain/practice-1.html,19,20,MAG,Kevin Magnussen,Haas Ferrari,25,1:37.477,+4.608s
2024,FORMULA 1 GULF AIR BAHRAIN,1229,practice_1,https://www.formula1.com/en/results.html/2024/races/1229/bahrain/practice-1.html,20,27,HUL,Nico Hulkenberg,Haas Ferrari,27,1:37.938,+5.069s
2024,FORMULA 1 STC SAUDI ARABIAN,1230,practice_1,https://www.formula1.com/en/results.html/2024/races/1230/saudi-arabia/practice-1.html,1,1,VER,Max Verstappen,Red Bull Racing Honda RBPT,24,1:29.659,
2024,FORMULA 1 STC SAUDI ARABIAN,1230,practice_1,https://www.formula1.com/en/results.html/2024/races/1230/saudi-arabia/practice-1.html,2,14,ALO,Fernando Alonso,Aston Martin Aramco Mercedes,24,1:29.845,+0.186s
2024,FORMULA 1 STC SAUDI ARABIAN,1230,practice_1,https://www.formula1.com/en/results.html/2024/races/1230/saudi-arabia/practice-1.html,3,11,PER,Sergio Perez,Red Bull Racing Honda RBPT,23,1:29.868,+0.209s
2024,FORMULA 1 STC SAUDI ARABIAN,1230,practice_1,https://www.formula1.com/en/results.html/2024/races/1230/saudi-arabia/practice-1.html,4,63,RUS,George Russell,Mercedes,23,1:29.939,+0.280s
2024,FORMULA 1 STC SAUDI ARABIAN,1230,practice_1,https://www.formula1.com/en/results.html/2024/races/1230/saudi-arabia/practice-1.html,5,16,LEC,Charles Leclerc,Ferrari,24,1:30.030,+0.371s
2024,FORMULA 1 STC SAUDI ARABIAN,1230,practice_1,https://www.formula1.com/en/results.html/2024/races/1230/saudi-arabia/practice-1.html,6,55,SAI,Carlos Sainz,Ferrari,24,1:30.164,+0.505s
2024,FORMULA 1 STC SAUDI ARABIAN,1230,practice_1,https://www.formula1.com/en/results.html/2024/races/1230/saudi-arabia/practice-1.html,7,4,NOR,Lando Norris,McLaren Mercedes,26,1:30.231,+0.572s
2024,FORMULA 1 STC SAUDI ARABIAN,1230,practice_1,https://www.formula1.com/en/results.html/2024/races/1230/saudi-arabia/practice-1.html,8,44,HAM,Lewis Hamilton,Mercedes,21,1:30.236,+0.577s
2024,FORMULA 1 STC SAUDI ARABIAN,1230,practice_1,https://www.formula1.com/en/results.html/2024/races/1230/saudi-arabia/practice-1.html,9,18,STR,Lance Stroll,Aston Martin Aramco Mercedes,18,1:30.580,+0.921s
2024,FORMULA 1 STC SAUDI ARABIAN,1230,practice_1,https://www.formula1.com/en/results.html/2024/races/1230/saudi-arabia/practice-1.html,10,23,ALB,Alexander Albon,Williams Mercedes,26,1:30.747,+1.088s
2024,FORMULA 1 STC SAUDI ARABIAN,1230,practice_1,https://www.formula1.com/en/results.html/2024/races/1230/saudi-arabia/practice-1.html,11,77,BOT,Valtteri Bottas,Kick Sauber Ferrari,26,1:30.783,+1.124s
2024,FORMULA 1 STC SAUDI ARABIAN,1230,practice_1,https://www.formula1.com/en/results.html/2024/races/1230/saudi-arabia/practice-1.html,12,3,RIC,Daniel Ricciardo,RB Honda RBPT,25,1:30.917,+1.258s
2024,FORMULA 1 STC SAUDI ARABIAN,1230,practice_1,https://www.formula1.com/en/results.html/2024/races/1230/saudi-arabia/practice-1.html,13,31,OCO,Esteban Ocon,Alpine Renault,27,1:30.945,+1.286s
2024,FORMULA 1 STC SAUDI ARABIAN,1230,practice_1,https://www.formula1.com/en/results.html/2024/races/1230/saudi-arabia/practice-1.html,14,2,SAR,Logan Sargeant,Williams Mercedes,27,1:30.966,+1.307s
2024,FORMULA 1 STC SAUDI ARABIAN,1230,practice_1,https://www.formula1.com/en/results.html/2024/races/1230/saudi-arabia/practice-1.html,15,81,PIA,Oscar Piastri,McLaren Mercedes,22,1:30.977,+1.318s
2024,FORMULA 1 STC SAUDI ARABIAN,1230,practice_1,https://www.formula1.com/en/results.html/2024/races/1230/saudi-arabia/practice-1.html,16,22,TSU,Yuki Tsunoda,RB Honda RBPT,25,1:31.036,+1.377s
2024,FORMULA 1 STC SAUDI ARABIAN,1230,practice_1,https://www.formula1.com/en/results.html/2024/races/1230/saudi-arabia/practice-1.html,17,10,GAS,Pierre Gasly,Alpine Renault,25,1:31.046,+1.387s
2024,FORMULA 1 STC SAUDI ARABIAN,1230,practice_1,https://www.formula1.com/en/results.html/2024/races/1230/saudi-arabia/practice-1.html,18,24,ZHO,Zhou Guanyu,Kick Sauber Ferrari,24,1:31.131,+1.472s
2024,FORMULA 1 STC SAUDI ARABIAN,1230,practice_1,https://www.formula1.com/en/results.html/2024/races/1230/saudi-arabia/practice-1.html,19,27,HUL,Nico Hulkenberg,Haas Ferrari,19,1:31.411,+1.752s
2024,FORMULA 1 STC SAUDI ARABIAN,1230,practice_1,https://www.formula1.com/en/results.html/2024/races/1230/saudi-arabia/practice-1.html,20,20,MAG,Kevin Magnussen,Haas Ferrari,18,1:31.577,+1.918s
2024,FORMULA 1 ROLEX AUSTRALIAN,1231,practice_1,https://www.formula1.com/en/results.html/2024/races/1231/australia/practice-1.html,1,4,NOR,Lando Norris,McLaren Mercedes,23,1:18.564,
2024,FORMULA 1 ROLEX AUSTRALIAN,1231,practice_1,https://www.formula1.com/en/results.html/2024/races/1231/australia/practice-1.html,2,1,VER,Max Verstappen,Red Bull Racing Honda RBPT,19,1:18.582,+0.018s
2024,FORMULA 1 ROLEX AUSTRALIAN,1231,practice_1,https://www.formula1.com/en/results.html/2024/races/1231/australia/practice-1.html,3,63,RUS,George Russell,Mercedes,21,1:18.597,+0.033s
2024,FORMULA 1 ROLEX AUSTRALIAN,1231,practice_1,https://www.formula1.com/en/results.html/2024/races/1231/australia/practice-1.html,4,16,LEC,Charles Leclerc,Ferrari,22,1:18.599,+0.035s
2024,FORMULA 1 ROLEX AUSTRALIAN,1231,practice_1,https://www.formula1.com/en/results.html/2024/races/1231/australia/practice-1.html,5,22,TSU,Yuki Tsunoda,RB Honda RBPT,26,1:18.621,+0.057s
2024,FORMULA 1 ROLEX AUSTRALIAN,1231,practice_1,https://www.formula1.com/en/results.html/2024/races/1231/australia/practice-1.html,6,11,PER,Sergio Perez,Red Bull Racing Honda RBPT,23,1:18.642,+0.078s
2024,FORMULA 1 ROLEX AUSTRALIAN,1231,practice_1,https://www.formula1.com/en/results.html/2024/races/1231/australia/practice-1.html,7,18,STR,Lance Stroll,Aston Martin Aramco Mercedes,26,1:18.667,+0.103s
2024,FORMULA 1 ROLEX AUSTRALIAN,1231,practice_1,https://www.formula1.com/en/results.html/2024/races/1231/australia/practice-1.html,8,55,SAI,Carlos Sainz,Ferrari,23,1:18.686,+0.122s
2024,FORMULA 1 ROLEX AUSTRALIAN,1231,practice_1,https://www.formula1.com/en/results.html/2024/races/1231/australia/practice-1.html,9,44,HAM,Lewis Hamilton,Mercedes,20,1:18.771,+0.207s
2024,FORMULA 1 ROLEX AUSTRALIAN,1231,practice_1,https://www.formula1.com/en/results.html/2024/races/1231/australia/practice-1.html,10,81,PIA,Oscar Piastri,McLaren Mercedes,25,1:18.918,+0.354s
2024,FORMULA 1 ROLEX AUSTRALIAN,1231,practice_1,https://www.formula1.com/en/results.html/2024/races/1231/australia/practice-1.html,11,3,RIC,Daniel Ricciardo,RB Honda RBPT,25,1:19.274,+0.710s
2024,FORMULA 1 ROLEX AUSTRALIAN,1231,practice_1,https://www.formula1.com/en/results.html/2024/races/1231/australia/practice-1.html,12,23,ALB,Alexander Albon,Williams Mercedes,11,1:19.443,+0.879s
2024,FORMULA 1 ROLEX AUSTRALIAN,1231,practice_1,https://www.formula1.com/en/results.html/2024/races/1231/australia/practice-1.html,13,20,MAG,Kevin Magnussen,Haas Ferrari,21,1:19.489,+0.925s
2024,FORMULA 1 ROLEX AUSTRALIAN,1231,practice_1,https://www.formula1.com/en/results.html/2024/races/1231/australia/practice-1.html,14,2,SAR,Logan Sargeant,Williams Mercedes,22,1:19.519,+0.955s
2024,FORMULA 1 ROLEX AUSTRALIAN,1231,practice_1,https://www.formula1.com/en/results.html/2024/races/1231/australia/practice-1.html,15,31,OCO,Esteban Ocon,Alpine Renault,25,1:19.561,+0.997s
2024,FORMULA 1 ROLEX AUSTRALIAN,1231,practice_1,https://www.formula1.com/en/results.html/2024/races/1231/australia/practice-1.html,16,27,HUL,Nico Hulkenberg,Haas Ferrari,21,1:19.604,+1.040s
2024,FORMULA 1 ROLEX AUSTRALIAN,1231,practice_1,https://www.formula1.com/en/results.html/2024/races/1231/australia/practice-1.html,17,10,GAS,Pierre Gasly,Alpine Renault,25,1:19.622,+1.058s
2024,FORMULA 1 ROLEX AUSTRALIAN,1231,practice_1,https://www.formula1.com/en/results.html/2024/races/1231/australia/practice-1.html,18,14,ALO,Fernando Alonso,Aston Martin Aramco Mercedes,16,1:19.716,+1.152s
2024,FORMULA 1 ROLEX AUSTRALIAN,1231,practice_1,https://www.formula1.com/en/results.html/2024/races/1231/australia/practice-1.html,19,24,ZHO,Zhou Guanyu,Kick Sauber Ferrari,23,1:19.989,+1.425s
2024,FORMULA 1 ROLEX AUSTRALIAN,1231,practice_1,https://www.formula1.com/en/results.html/2024/races/1231/australia/practice-1.html,20,77,BOT,Valtteri Bottas,Kick Sauber Ferrari,21,1:20.014,+1.450s
2024,FORMULA 1 MSC CRUISES JAPANESE,1232,practice_1,https://www.formula1.com/en/results.html/2024/races/1232/japan/practice-1.html,1,1,VER,Max Verstappen,Red Bull Racing Honda RBPT,18,1:30.056,
2024,FORMULA 1 MSC CRUISES JAPANESE,1232,practice_1,https://www.formula1.com/en/results.html/2024/races/1232/japan/practice-1.html,2,11,PER,Sergio Perez,Red Bull Racing Honda RBPT,18,1:30.237,+0.181s
2024,FORMULA 1 MSC CRUISES JAPANESE,1232,practice_1,https://www.formula1.com/en/results.html/2024/races/1232/japan/practice-1.html,3,55,SAI,Carlos Sainz,Ferrari,20,1:30.269,+0.213s
2024,FORMULA 1 MSC CRUISES JAPANESE,1232,practice_1,https://www.formula1.com/en/results.html/2024/races/1232/japan/practice-1.html,4,63,RUS,George Russell,Mercedes,18,1:30.530,+0.474s
2024,FORMULA 1 MSC CRUISES JAPANESE,1232,practice_1,https://www.formula1.com/en/results.html/2024/races/1232/japan/practice-1.html,5,44,HAM,Lewis Hamilton,Mercedes,23,1:30.543,+0.487s
2024,FORMULA 1 MSC CRUISES JAPANESE,1232,practice_1,https://www.formula1.com/en/results.html/2024/races/1232/japan/practice-1.html,6,16,LEC,Charles Leclerc,Ferrari,18,1:30.558,+0.502s
2024,FORMULA 1 MSC CRUISES JAPANESE,1232,practice_1,https://www.formula1.com/en/results.html/2024/races/1232/japan/practice-1.html,7,14,ALO,Fernando Alonso,Aston Martin Aramco Mercedes,20,1:30.599,+0.543s
2024,FORMULA 1 MSC CRUISES JAPANESE,1232,practice_1,https://www.formula1.com/en/results.html/2024/races/1232/japan/practice-1.html,8,81,PIA,Oscar Piastri,McLaren Mercedes,23,1:31.165,+1.109s
2024,FORMULA 1 MSC CRUISES JAPANESE,1232,practice_1,https://www.formula1.com/en/results.html/2024/races/1232/japan/practice-1.html,9,22,TSU,Yuki Tsunoda,RB Honda RBPT,20,1:31.230,+1.174s
2024,FORMULA 1 MSC CRUISES JAPANESE,1232,practice_1,https://www.formula1.com/en/results.html/2024/races/1232/japan/practice-1.html,10,4,NOR,Lando Norris,McLaren Mercedes,22,1:31.240,+1.184s
2024,FORMULA 1 MSC CRUISES JAPANESE,1232,practice_1,https://www.formula1.com/en/results.html/2024/races/1232/japan/practice-1.html,11,31,OCO,Esteban Ocon,Alpine Renault,19,1:31.935,+1.879s
2024,FORMULA 1 MSC CRUISES JAPANESE,1232,practice_1,https://www.formula1.com/en/results.html/2024/races/1232/japan/practice-1.html,12,23,ALB,Alexander Albon,Williams Mercedes,18,1:31.943,+1.887s
2024,FORMULA 1 MSC CRUISES JAPANESE,1232,practice_1,https://www.formula1.com/en/results.html/2024/races/1232/japan/practice-1.html,13,27,HUL,Nico Hulkenberg,Haas Ferrari,19,1:31.958,+1.902s
2024,FORMULA 1 MSC CRUISES JAPANESE,1232,practice_1,https://www.formula1.com/en/results.html/2024/races/1232/japan/practice-1.html,14,77,BOT,Valtteri Bottas,Kick Sauber Ferrari,17,1:32.054,+1.998s
2024,FORMULA 1 MSC CRUISES JAPANESE,1232,practice_1,https://www.formula1.com/en/results.html/2024/races/1232/japan/practice-1.html,15,18,STR,Lance Stroll,Aston Martin Aramco Mercedes,17,1:32.055,+1.999s
2024,FORMULA 1 MSC CRUISES JAPANESE,1232,practice_1,https://www.formula1.com/en/results.html/2024/races/1232/japan/practice-1.html,16,40,IWA,Ayumu Iwasa,RB Honda RBPT,22,1:32.103,+2.047s
2024,FORMULA 1 MSC CRUISES JAPANESE,1232,practice_1,https://www.formula1.com/en/results.html/2024/races/1232/japan/practice-1.html,17,10,GAS,Pierre Gasly,Alpine Renault,23,1:32.277,+2.221s
2024,FORMULA 1 MSC CRUISES JAPANESE,1232,practice_1,https://www.formula1.com/en/results.html/2024/races/1232/japan/practice-1.html,18,24,ZHO,Zhou Guanyu,Kick Sauber Ferrari,18,1:32.638,+2.582s
2024,FORMULA 1 MSC CRUISES JAPANESE,1232,practice_1,https://www.formula1.com/en/results.html/2024/races/1232/japan/practice-1.html,19,20,MAG,Kevin Magnussen,Haas Ferrari,21,1:32.803,+2.747s
2024,FORMULA 1 MSC CRUISES JAPANESE,1232,practice_1,https://www.formula1.com/en/results.html/2024/races/1232/japan/practice-1.html,20,2,SAR,Logan Sargeant,Williams Mercedes,10,1:33.204,+3.148s
2024,FORMULA 1 LENOVO CHINESE,1233,practice_1,https://www.formula1.com/en/results.html/2024/races/1233/china/practice-1.html,1,18,STR,Lance Stroll,Aston Martin Aramco Mercedes,21,1:36.302,
2024,FORMULA 1 LENOVO CHINESE,1233,practice_1,https://www.formula1.com/en/results.html/2024/races/1233/china/practice-1.html,2,81,PIA,Oscar Piastri,McLaren Mercedes,24,1:36.629,+0.327s
2024,FORMULA 1 LENOVO CHINESE,1233,practice_1,https://www.formula1.com/en/results.html/2024/races/1233/china/practice-1.html,3,1,VER,Max Verstappen,Red Bull Racing Honda RBPT,25,1:36.660,+0.358s
2024,FORMULA 1 LENOVO CHINESE,1233,practice_1,https://www.formula1.com/en/results.html/2024/races/1233/china/practice-1.html,4,11,PER,Sergio Perez,Red Bull Racing Honda RBPT,24,1:36.690,+0.388s
2024,FORMULA 1 LENOVO CHINESE,1233,practice_1,https://www.formula1.com/en/results.html/2024/races/1233/china/practice-1.html,5,27,HUL,Nico Hulkenberg,Haas Ferrari,23,1:37.101,+0.799s
2024,FORMULA 1 LENOVO CHINESE,1233,practice_1,https://www.formula1.com/en/results.html/2024/races/1233/china/practice-1.html,6,20,MAG,Kevin Magnussen,Haas Ferrari,23,1:37.118,+0.816s
2024,FORMULA 1 LENOVO CHINESE,1233,practice_1,https://www.formula1.com/en/results.html/2024/races/1233/china/practice-1.html,7,31,OCO,Esteban Ocon,Alpine Renault,23,1:37.213,+0.911s
2024,FORMULA 1 LENOVO CHINESE,1233,practice_1,https://www.formula1.com/en/results.html/2024/races/1233/china/practice-1.html,8,23,ALB,Alexander Albon,Williams Mercedes,19,1:37.229,+0.927s
2024,FORMULA 1 LENOVO CHINESE,1233,practice_1,https://www.formula1.com/en/results.html/2024/races/1233/china/practice-1.html,9,3,RIC,Daniel Ricciardo,RB Honda RBPT,25,1:37.238,+0.936s
2024,FORMULA 1 LENOVO CHINESE,1233,practice_1,https://www.formula1.com/en/results.html/2024/races/1233/china/practice-1.html,10,77,BOT,Valtteri Bottas,Kick Sauber Ferrari,24,1:37.530,+1.228s
2024,FORMULA 1 LENOVO CHINESE,1233,practice_1,https://www.formula1.com/en/results.html/2024/races/1233/china/practice-1.html,11,24,ZHO,Zhou Guanyu,Kick Sauber Ferrari,24,1:37.626,+1.324s
2024,FORMULA 1 LENOVO CHINESE,1233,practice_1,https://www.formula1.com/en/results.html/2024/races/1233/china/practice-1.html,12,22,TSU,Yuki Tsunoda,RB Honda RBPT,27,1:38.006,+1.704s
2024,FORMULA 1 LENOVO CHINESE,1233,practice_1,https://www.formula1.com/en/results.html/2024/races/1233/china/practice-1.html,13,16,LEC,Charles Leclerc,Ferrari,20,1:38.090,+1.788s
2024,FORMULA 1 LENOVO CHINESE,1233,practice_1,https://www.formula1.com/en/results.html/2024/races/1233/china/practice-1.html,14,55,SAI,Carlos Sainz,Ferrari,19,1:38.284,+1.982s
2024,FORMULA 1 LENOVO CHINESE,1233,practice_1,https://www.formula1.com/en/results.html/2024/races/1233/china/practice-1.html,15,2,SAR,Logan Sargeant,Williams Mercedes,23,1:38.286,+1.984s
2024,FORMULA 1 LENOVO CHINESE,1233,practice_1,https://www.formula1.com/en/results.html/2024/races/1233/china/practice-1.html,16,4,NOR,Lando Norris,McLaren Mercedes,21,1:38.630,+2.328s
2024,FORMULA 1 LENOVO CHINESE,1233,practice_1,https://www.formula1.com/en/results.html/2024/races/1233/china/practice-1.html,17,63,RUS,George Russell,Mercedes,21,1:38.806,+2.504s
2024,FORMULA 1 LENOVO CHINESE,1233,practice_1,https://www.formula1.com/en/results.html/2024/races/1233/china/practice-1.html,18,44,HAM,Lewis Hamilton,Mercedes,24,1:38.839,+2.537s
2024,FORMULA 1 LENOVO CHINESE,1233,practice_1,https://www.formula1.com/en/results.html/2024/races/1233/china/practice-1.html,19,14,ALO,Fernando Alonso,Aston Martin Aramco Mercedes,22,1:38.936,+2.634s
2024,FORMULA 1 LENOVO CHINESE,1233,practice_1,https://www.formula1.com/en/results.html/2024/races/1233/china/practice-1.html,20,10,GAS,Pierre Gasly,Alpine Renault,21,1:39.276,+2.974s
2024,COM MIAMI,1234,practice_1,https://www.formula1.com/en/results.html/2024/races/1234/miami/practice-1.html,1,1,VER,Max Verstappen,Red Bull Racing Honda RBPT,25,1:28.595,
2024,COM MIAMI,1234,practice_1,https://www.formula1.com/en/results.html/2024/races/1234/miami/practice-1.html,2,81,PIA,Oscar Piastri,McLaren Mercedes,24,1:28.700,+0.105s
2024,COM MIAMI,1234,practice_1,https://www.formula1.com/en/results.html/2024/races/1234/miami/practice-1.html,3,55,SAI,Carlos Sainz,Ferrari,24,1:28.711,+0.116s
2024,COM MIAMI,1234,practice_1,https://www.formula1.com/en/results.html/2024/races/1234/miami/practice-1.html,4,63,RUS,George Russell,Mercedes,26,1:28.784,+0.189s
2024,COM MIAMI,1234,practice_1,https://www.formula1.com/en/results.html/2024/races/1234/miami/practice-1.html,5,18,STR,Lance Stroll,Aston Martin Aramco Mercedes,25,1:28.817,+0.222s
2024,COM MIAMI,1234,practice_1,https://www.formula1.com/en/results.html/2024/races/1234/miami/practice-1.html,6,11,PER,Sergio Perez,Red Bull Racing Honda RBPT,23,1:28.868,+0.273s
2024,COM MIAMI,1234,practice_1,https://www.formula1.com/en/results.html/2024/races/1234/miami/practice-1.html,7,44,HAM,Lewis Hamilton,Mercedes,24,1:29.012,+0.417s
2024,COM MIAMI,1234,practice_1,https://www.formula1.com/en/results.html/2024/races/1234/miami/practice-1.html,8,22,TSU,Yuki Tsunoda,RB Honda RBPT,25,1:29.056,+0.461s
2024,COM MIAMI,1234,practice_1,https://www.formula1.com/en/results.html/2024/races/1234/miami/practice-1.html,9,31,OCO,Esteban Ocon,Alpine Renault,23,1:29.163,+0.568s
2024,COM MIAMI,1234,practice_1,https://www.formula1.com/en/results.html/2024/races/1234/miami/practice-1.html,10,10,GAS,Pierre Gasly,Alpine Renault,27,1:29.175,+0.580s
2024,COM MIAMI,1234,practice_1,https://www.formula1.com/en/results.html/2024/races/1234/miami/practice-1.html,11,3,RIC,Daniel Ricciardo,RB Honda RBPT,27,1:29.178,+0.583s
2024,COM MIAMI,1234,practice_1,https://www.formula1.com/en/results.html/2024/races/1234/miami/practice-1.html,12,20,MAG,Kevin Magnussen,Haas Ferrari,26,1:29.189,+0.594s
2024,COM MIAMI,1234,practice_1,https://www.formula1.com/en/results.html/2024/races/1234/miami/practice-1.html,13,27,HUL,Nico Hulkenberg,Haas Ferrari,25,1:29.314,+0.719s
2024,COM MIAMI,1234,practice_1,https://www.formula1.com/en/results.html/2024/races/1234/miami/practice-1.html,14,23,ALB,Alexander Albon,Williams Mercedes,24,1:29.393,+0.798s
2024,COM MIAMI,1234,practice_1,https://www.formula1.com/en/results.html/2024/races/1234/miami/practice-1.html,15,24,ZHO,Zhou Guanyu,Kick Sauber Ferrari,24,1:29.445,+0.850s
2024,COM MIAMI,1234,practice_1,https://www.formula1.com/en/results.html/2024/races/1234/miami/practice-1.html,16,4,NOR,Lando Norris,McLaren Mercedes,21,1:29.495,+0.900s
2024,COM MIAMI,1234,practice_1,https://www.formula1.com/en/results.html/2024/races/1234/miami/practice-1.html,17,77,BOT,Valtteri Bottas,Kick Sauber Ferrari,23,1:29.636,+1.041s
2024,COM MIAMI,1234,practice_1,https://www.formula1.com/en/results.html/2024/races/1234/miami/practice-1.html,18,2,SAR,Logan Sargeant,Williams Mercedes,23,1:29.891,+1.296s
2024,COM MIAMI,1234,practice_1,https://www.formula1.com/en/results.html/2024/races/1234/miami/practice-1.html,19,14,ALO,Fernando Alonso,Aston Martin Aramco Mercedes,22,1:30.023,+1.428s
2024,COM MIAMI,1234,practice_1,https://www.formula1.com/en/results.html/2024/races/1234/miami/practice-1.html,20,16,LEC,Charles Leclerc,Ferrari,3,1:32.099,+3.504s
2024,EMILIA-ROMAGNA,1235,practice_1,https://www.formula1.com/en/results.html/2024/races/1235/emilia-romagna/practice-1.html,1,16,LEC,Charles Leclerc,Ferrari,30,1:16.990,
2024,EMILIA-ROMAGNA,1235,practice_1,https://www.formula1.com/en/results.html/2024/races/1235/emilia-romagna/practice-1.html,2,63,RUS,George Russell,Mercedes,28,1:17.094,+0.104s
2024,EMILIA-ROMAGNA,1235,practice_1,https://www.formula1.com/en/results.html/2024/races/1235/emilia-romagna/practice-1.html,3,55,SAI,Carlos Sainz,Ferrari,25,1:17.120,+0.130s
2024,EMILIA-ROMAGNA,1235,practice_1,https://www.formula1.com/en/results.html/2024/races/1235/emilia-romagna/practice-1.html,4,11,PER,Sergio Perez,Red Bull Racing Honda RBPT,23,1:17.233,+0.243s
2024,EMILIA-ROMAGNA,1235,practice_1,https://www.formula1.com/en/results.html/2024/races/1235/emilia-romagna/practice-1.html,5,1,VER,Max Verstappen,Red Bull Racing Honda RBPT,21,1:17.240,+0.250s
2024,EMILIA-ROMAGNA,1235,practice_1,https://www.formula1.com/en/results.html/2024/races/1235/emilia-romagna/practice-1.html,6,22,TSU,Yuki Tsunoda,RB Honda RBPT,29,1:17.388,+0.398s
2024,EMILIA-ROMAGNA,1235,practice_1,https://www.formula1.com/en/results.html/2024/races/1235/emilia-romagna/practice-1.html,7,44,HAM,Lewis Hamilton,Mercedes,27,1:17.408,+0.418s
2024,EMILIA-ROMAGNA,1235,practice_1,https://www.formula1.com/en/results.html/2024/races/1235/emilia-romagna/practice-1.html,8,4,NOR,Lando Norris,McLaren Mercedes,17,1:17.602,+0.612s
2024,EMILIA-ROMAGNA,1235,practice_1,https://www.formula1.com/en/results.html/2024/races/1235/emilia-romagna/practice-1.html,9,81,PIA,Oscar Piastri,McLaren Mercedes,25,1:17.807,+0.817s
2024,EMILIA-ROMAGNA,1235,practice_1,https://www.formula1.com/en/results.html/2024/races/1235/emilia-romagna/practice-1.html,10,14,ALO,Fernando Alonso,Aston Martin Aramco Mercedes,18,1:17.867,+0.877s
2024,EMILIA-ROMAGNA,1235,practice_1,https://www.formula1.com/en/results.html/2024/races/1235/emilia-romagna/practice-1.html,11,10,GAS,Pierre Gasly,Alpine Renault,21,1:17.905,+0.915s
2024,EMILIA-ROMAGNA,1235,practice_1,https://www.formula1.com/en/results.html/2024/races/1235/emilia-romagna/practice-1.html,12,18,STR,Lance Stroll,Aston Martin Aramco Mercedes,22,1:18.072,+1.082s
2024,EMILIA-ROMAGNA,1235,practice_1,https://www.formula1.com/en/results.html/2024/races/1235/emilia-romagna/practice-1.html,13,3,RIC,Daniel Ricciardo,RB Honda RBPT,26,1:18.142,+1.152s
2024,EMILIA-ROMAGNA,1235,practice_1,https://www.formula1.com/en/results.html/2024/races/1235/emilia-romagna/practice-1.html,14,31,OCO,Esteban Ocon,Alpine Renault,29,1:18.612,+1.622s
2024,EMILIA-ROMAGNA,1235,practice_1,https://www.formula1.com/en/results.html/2024/races/1235/emilia-romagna/practice-1.html,15,50,BEA,Oliver Bearman,Haas Ferrari,31,1:18.667,+1.677s
2024,EMILIA-ROMAGNA,1235,practice_1,https://www.formula1.com/en/results.html/2024/races/1235/emilia-romagna/practice-1.html,16,77,BOT,Valtteri Bottas,Kick Sauber Ferrari,23,1:18.827,+1.837s
2024,EMILIA-ROMAGNA,1235,practice_1,https://www.formula1.com/en/results.html/2024/races/1235/emilia-romagna/practice-1.html,17,24,ZHO,Zhou Guanyu,Kick Sauber Ferrari,18,1:19.129,+2.139s
2024,EMILIA-ROMAGNA,1235,practice_1,https://www.formula1.com/en/results.html/2024/races/1235/emilia-romagna/practice-1.html,18,2,SAR,Logan Sargeant,Williams Mercedes,22,1:19.901,+2.911s
2024,EMILIA-ROMAGNA,1235,practice_1,https://www.formula1.com/en/results.html/2024/races/1235/emilia-romagna/practice-1.html,19,23,ALB,Alexander Albon,Williams Mercedes,8,1:20.050,+3.060s
2024,EMILIA-ROMAGNA,1235,practice_1,https://www.formula1.com/en/results.html/2024/races/1235/emilia-romagna/practice-1.html,20,27,HUL,Nico Hulkenberg,Haas Ferrari,20,1:21.059,+4.069s
2024,FORMULA 1 GRAND PRIX DE MONACO,1236,practice_1,https://www.formula1.com/en/results.html/2024/races/1236/monaco/practice-1.html,1,44,HAM,Lewis Hamilton,Mercedes,35,1:12.169,
2024,FORMULA 1 GRAND PRIX DE MONACO,1236,practice_1,https://www.formula1.com/en/results.html/2024/races/1236/monaco/practice-1.html,2,81,PIA,Oscar Piastri,McLaren Mercedes,31,1:12.198,+0.029s
2024,FORMULA 1 GRAND PRIX DE MONACO,1236,practice_1,https://www.formula1.com/en/results.html/2024/races/1236/monaco/practice-1.html,3,63,RUS,George Russell,Mercedes,35,1:12.295,+0.126s
2024,FORMULA 1 GRAND PRIX DE MONACO,1236,practice_1,https://www.formula1.com/en/results.html/2024/races/1236/monaco/practice-1.html,4,4,NOR,Lando Norris,McLaren Mercedes,33,1:12.396,+0.227s
2024,FORMULA 1 GRAND PRIX DE MONACO,1236,practice_1,https://www.formula1.com/en/results.html/2024/races/1236/monaco/practice-1.html,5,16,LEC,Charles Leclerc,Ferrari,33,1:12.397,+0.228s
2024,FORMULA 1 GRAND PRIX DE MONACO,1236,practice_1,https://www.formula1.com/en/results.html/2024/races/1236/monaco/practice-1.html,6,14,ALO,Fernando Alonso,Aston Martin Aramco Mercedes,26,1:12.775,+0.606s
2024,FORMULA 1 GRAND PRIX DE MONACO,1236,practice_1,https://www.formula1.com/en/results.html/2024/races/1236/monaco/practice-1.html,7,18,STR,Lance Stroll,Aston Martin Aramco Mercedes,26,1:12.789,+0.620s
2024,FORMULA 1 GRAND PRIX DE MONACO,1236,practice_1,https://www.formula1.com/en/results.html/2024/races/1236/monaco/practice-1.html,8,22,TSU,Yuki Tsunoda,RB Honda RBPT,34,1:12.875,+0.706s
2024,FORMULA 1 GRAND PRIX DE MONACO,1236,practice_1,https://www.formula1.com/en/results.html/2024/races/1236/monaco/practice-1.html,9,3,RIC,Daniel Ricciardo,RB Honda RBPT,36,1:12.901,+0.732s
2024,FORMULA 1 GRAND PRIX DE MONACO,1236,practice_1,https://www.formula1.com/en/results.html/2024/races/1236/monaco/practice-1.html,10,55,SAI,Carlos Sainz,Ferrari,35,1:12.954,+0.785s
2024,FORMULA 1 GRAND PRIX DE MONACO,1236,practice_1,https://www.formula1.com/en/results.html/2024/races/1236/monaco/practice-1.html,11,1,VER,Max Verstappen,Red Bull Racing Honda RBPT,29,1:12.984,+0.815s
2024,FORMULA 1 GRAND PRIX DE MONACO,1236,practice_1,https://www.formula1.com/en/results.html/2024/races/1236/monaco/practice-1.html,12,11,PER,Sergio Perez,Red Bull Racing Honda RBPT,29,1:13.229,+1.060s
2024,FORMULA 1 GRAND PRIX DE MONACO,1236,practice_1,https://www.formula1.com/en/results.html/2024/races/1236/monaco/practice-1.html,13,77,BOT,Valtteri Bottas,Kick Sauber Ferrari,28,1:13.248,+1.079s
2024,FORMULA 1 GRAND PRIX DE MONACO,1236,practice_1,https://www.formula1.com/en/results.html/2024/races/1236/monaco/practice-1.html,14,20,MAG,Kevin Magnussen,Haas Ferrari,33,1:13.390,+1.221s
2024,FORMULA 1 GRAND PRIX DE MONACO,1236,practice_1,https://www.formula1.com/en/results.html/2024/races/1236/monaco/practice-1.html,15,23,ALB,Alexander Albon,Williams Mercedes,34,1:13.425,+1.256s
2024,FORMULA 1 GRAND PRIX DE MONACO,1236,practice_1,https://www.formula1.com/en/results.html/2024/races/1236/monaco/practice-1.html,16,27,HUL,Nico Hulkenberg,Haas Ferrari,34,1:13.576,+1.407s
2024,FORMULA 1 GRAND PRIX DE MONACO,1236,practice_1,https://www.formula1.com/en/results.html/2024/races/1236/monaco/practice-1.html,17,2,SAR,Logan Sargeant,Williams Mercedes,36,1:14.150,+1.981s
2024,FORMULA 1 GRAND PRIX DE MONACO,1236,practice_1,https://www.formula1.com/en/results.html/2024/races/1236/monaco/practice-1.html,18,31,OCO,Esteban Ocon,Alpine Renault,33,1:14.159,+1.990s
2024,FORMULA 1 GRAND PRIX DE MONACO,1236,practice_1,https://www.formula1.com/en/results.html/2024/races/1236/monaco/practice-1.html,19,24,ZHO,Zhou Guanyu,Kick Sauber Ferrari,30,1:14.570,+2.401s
2024,FORMULA 1 GRAND PRIX DE MONACO,1236,practice_1,https://www.formula1.com/en/results.html/2024/races/1236/monaco/practice-1.html,20,10,GAS,Pierre Gasly,Alpine Renault,10,1:15.574,+3.405s
2024,FORMULA 1 AWS GRAND PRIX DU CANADA,1237,practice_1,https://www.formula1.com/en/results.html/2024/races/1237/canada/practice-1.html,1,4,NOR,Lando Norris,McLaren Mercedes,8,1:24.435,
2024,FORMULA 1 AWS GRAND PRIX DU CANADA,1237,practice_1,https://www.formula1.com/en/results.html/2024/races/1237/canada/practice-1.html,2,55,SAI,Carlos Sainz,Ferrari,11,1:24.763,+0.328s
2024,FORMULA 1 AWS GRAND PRIX DU CANADA,1237,practice_1,https://www.formula1.com/en/results.html/2024/races/1237/canada/practice-1.html,3,16,LEC,Charles Leclerc,Ferrari,11,1:25.306,+0.871s
2024,FORMULA 1 AWS GRAND PRIX DU CANADA,1237,practice_1,https://www.formula1.com/en/results.html/2024/races/1237/canada/practice-1.html,4,44,HAM,Lewis Hamilton,Mercedes,11,1:25.970,+1.535s
2024,FORMULA 1 AWS GRAND PRIX DU CANADA,1237,practice_1,https://www.formula1.com/en/results.html/2024/races/1237/canada/practice-1.html,5,1,VER,Max Verstappen,Red Bull Racing Honda RBPT,10,1:26.502,+2.067s
2024,FORMULA 1 AWS GRAND PRIX DU CANADA,1237,practice_1,https://www.formula1.com/en/results.html/2024/races/1237/canada/practice-1.html,6,81,PIA,Oscar Piastri,McLaren Mercedes,7,1:26.754,+2.319s
2024,FORMULA 1 AWS GRAND PRIX DU CANADA,1237,practice_1,https://www.formula1.com/en/results.html/2024/races/1237/canada/practice-1.html,7,10,GAS,Pierre Gasly,Alpine Renault,8,1:27.584,+3.149s
2024,FORMULA 1 AWS GRAND PRIX DU CANADA,1237,practice_1,https://www.formula1.com/en/results.html/2024/races/1237/canada/practice-1.html,8,77,BOT,Valtteri Bottas,Kick Sauber Ferrari,11,1:27.670,+3.235s
2024,FORMULA 1 AWS GRAND PRIX DU CANADA,1237,practice_1,https://www.formula1.com/en/results.html/2024/races/1237/canada/practice-1.html,9,11,PER,Sergio Perez,Red Bull Racing Honda RBPT,10,1:28.058,+3.623s
2024,FORMULA 1 AWS GRAND PRIX DU CANADA,1237,practice_1,https://www.formula1.com/en/results.html/2024/races/1237/canada/practice-1.html,10,63,RUS,George Russell,Mercedes,9,1:28.541,+4.106s
2024,FORMULA 1 AWS GRAND PRIX DU CANADA,1237,practice_1,https://www.formula1.com/en/results.html/2024/races/1237/canada/practice-1.html,11,3,RIC,Daniel Ricciardo,RB Honda RBPT,9,1:28.582,+4.147s
2024,FORMULA 1 AWS GRAND PRIX DU CANADA,1237,practice_1,https://www.formula1.com/en/results.html/2024/races/1237/canada/practice-1.html,12,22,TSU,Yuki Tsunoda,RB Honda RBPT,9,1:28.723,+4.288s
2024,FORMULA 1 AWS GRAND PRIX DU CANADA,1237,practice_1,https://www.formula1.com/en/results.html/2024/races/1237/canada/practice-1.html,13,20,MAG,Kevin Magnussen,Haas Ferrari,8,1:29.052,+4.617s
2024,FORMULA 1 AWS GRAND PRIX DU CANADA,1237,practice_1,https://www.formula1.com/en/results.html/2024/races/1237/canada/practice-1.html,14,27,HUL,Nico Hulkenberg,Haas Ferrari,5,1:32.826,+8.391s
2024,FORMULA 1 AWS GRAND PRIX DU CANADA,1237,practice_1,https://www.formula1.com/en/results.html/2024/races/1237/canada/practice-1.html,15,14,ALO,Fernando Alonso,Aston Martin Aramco Mercedes,4,1:33.411,+8.976s
2024,FORMULA 1 AWS GRAND PRIX DU CANADA,1237,practice_1,https://www.formula1.com/en/results.html/2024/races/1237/canada/practice-1.html,16,2,SAR,Logan Sargeant,Williams Mercedes,5,1:36.586,+12.151s
2024,FORMULA 1 AWS GRAND PRIX DU CANADA,1237,practice_1,https://www.formula1.com/en/results.html/2024/races/1237/canada/practice-1.html,17,18,STR,Lance Stroll,Aston Martin Aramco Mercedes,4,1:40.530,+16.095s
2024,FORMULA 1 AWS GRAND PRIX DU CANADA,1237,practice_1,https://www.formula1.com/en/results.html/2024/races/1237/canada/practice-1.html,18,24,ZHO,Zhou Guanyu,Kick Sauber Ferrari,4,,
2024,FORMULA 1 AWS GRAND PRIX DU CANADA,1237,practice_1,https://www.formula1.com/en/results.html/2024/races/1237/canada/practice-1.html,19,61,DOO,Jack Doohan,Alpine Renault,3,,
2024,FORMULA 1 AWS GRAND PRIX DU CANADA,1237,practice_1,https://www.formula1.com/en/results.html/2024/races/1237/canada/practice-1.html,20,23,ALB,Alexander Albon,Williams Mercedes,4,,
2024,FORMULA 1 ARAMCO GRAN PREMIO DE ESPAÑA,1238,practice_1,https://www.formula1.com/en/results.html/2024/races/1238/spain/practice-1.html,1,4,NOR,Lando Norris,McLaren Mercedes,27,1:14.228,
2024,FORMULA 1 ARAMCO GRAN PREMIO DE ESPAÑA,1238,practice_1,https://www.formula1.com/en/results.html/2024/races/1238/spain/practice-1.html,2,1,VER,Max Verstappen,Red Bull Racing Honda RBPT,27,1:14.252,+0.024s
2024,FORMULA 1 ARAMCO GRAN PREMIO DE ESPAÑA,1238,practice_1,https://www.formula1.com/en/results.html/2024/races/1238/spain/practice-1.html,3,55,SAI,Carlos Sainz,Ferrari,31,1:14.572,+0.344s
2024,FORMULA 1 ARAMCO GRAN PREMIO DE ESPAÑA,1238,practice_1,https://www.formula1.com/en/results.html/2024/races/1238/spain/practice-1.html,4,63,RUS,George Russell,Mercedes,31,1:14.614,+0.386s
2024,FORMULA 1 ARAMCO GRAN PREMIO DE ESPAÑA,1238,practice_1,https://www.formula1.com/en/results.html/2024/races/1238/spain/practice-1.html,5,11,PER,Sergio Perez,Red Bull Racing Honda RBPT,28,1:14.692,+0.464s
2024,FORMULA 1 ARAMCO GRAN PREMIO DE ESPAÑA,1238,practice_1,https://www.formula1.com/en/results.html/2024/races/1238/spain/practice-1.html,6,81,PIA,Oscar Piastri,McLaren Mercedes,29,1:14.867,+0.639s
2024,FORMULA 1 ARAMCO GRAN PREMIO DE ESPAÑA,1238,practice_1,https://www.formula1.com/en/results.html/2024/races/1238/spain/practice-1.html,7,44,HAM,Lewis Hamilton,Mercedes,28,1:14.911,+0.683s
2024,FORMULA 1 ARAMCO GRAN PREMIO DE ESPAÑA,1238,practice_1,https://www.formula1.com/en/results.html/2024/races/1238/spain/practice-1.html,8,31,OCO,Esteban Ocon,Alpine Renault,30,1:15.086,+0.858s
2024,FORMULA 1 ARAMCO GRAN PREMIO DE ESPAÑA,1238,practice_1,https://www.formula1.com/en/results.html/2024/races/1238/spain/practice-1.html,9,14,ALO,Fernando Alonso,Aston Martin Aramco Mercedes,26,1:15.222,+0.994s
2024,FORMULA 1 ARAMCO GRAN PREMIO DE ESPAÑA,1238,practice_1,https://www.formula1.com/en/results.html/2024/races/1238/spain/practice-1.html,10,23,ALB,Alexander Albon,Williams Mercedes,25,1:15.417,+1.189s
2024,FORMULA 1 ARAMCO GRAN PREMIO DE ESPAÑA,1238,practice_1,https://www.formula1.com/en/results.html/2024/races/1238/spain/practice-1.html,11,16,LEC,Charles Leclerc,Ferrari,26,1:15.434,+1.206s
2024,FORMULA 1 ARAMCO GRAN PREMIO DE ESPAÑA,1238,practice_1,https://www.formula1.com/en/results.html/2024/races/1238/spain/practice-1.html,12,77,BOT,Valtteri Bottas,Kick Sauber Ferrari,24,1:15.472,+1.244s
2024,FORMULA 1 ARAMCO GRAN PREMIO DE ESPAÑA,1238,practice_1,https://www.formula1.com/en/results.html/2024/races/1238/spain/practice-1.html,13,10,GAS,Pierre Gasly,Alpine Renault,21,1:15.484,+1.256s
2024,FORMULA 1 ARAMCO GRAN PREMIO DE ESPAÑA,1238,practice_1,https://www.formula1.com/en/results.html/2024/races/1238/spain/practice-1.html,14,18,STR,Lance Stroll,Aston Martin Aramco Mercedes,28,1:15.512,+1.284s
2024,FORMULA 1 ARAMCO GRAN PREMIO DE ESPAÑA,1238,practice_1,https://www.formula1.com/en/results.html/2024/races/1238/spain/practice-1.html,15,3,RIC,Daniel Ricciardo,RB Honda RBPT,30,1:15.580,+1.352s
2024,FORMULA 1 ARAMCO GRAN PREMIO DE ESPAÑA,1238,practice_1,https://www.formula1.com/en/results.html/2024/races/1238/spain/practice-1.html,16,24,ZHO,Zhou Guanyu,Kick Sauber Ferrari,24,1:15.616,+1.388s
2024,FORMULA 1 ARAMCO GRAN PREMIO DE ESPAÑA,1238,practice_1,https://www.formula1.com/en/results.html/2024/races/1238/spain/practice-1.html,17,20,MAG,Kevin Magnussen,Haas Ferrari,30,1:15.644,+1.416s
2024,FORMULA 1 ARAMCO GRAN PREMIO DE ESPAÑA,1238,practice_1,https://www.formula1.com/en/results.html/2024/races/1238/spain/practice-1.html,18,2,SAR,Logan Sargeant,Williams Mercedes,25,1:15.752,+1.524s
2024,FORMULA 1 ARAMCO GRAN PREMIO DE ESPAÑA,1238,practice_1,https://www.formula1.com/en/results.html/2024/races/1238/spain/practice-1.html,19,50,BEA,Oliver Bearman,Haas Ferrari,29,1:15.865,+1.637s
2024,FORMULA 1 ARAMCO GRAN PREMIO DE ESPAÑA,1238,practice_1,https://www.formula1.com/en/results.html/2024/races/1238/spain/practice-1.html,20,22,TSU,Yuki Tsunoda,RB Honda RBPT,21,1:15.916,+1.688s
2024,FORMULA 1 QATAR AIRWAYS AUSTRIAN,1239,practice_1,https://www.formula1.com/en/results.html/2024/races/1239/austria/practice-1.html,1,1,VER,Max Verstappen,Red Bull Racing Honda RBPT,28,1:05.685,
2024,FORMULA 1 QATAR AIRWAYS AUSTRIAN,1239,practice_1,https://www.formula1.com/en/results.html/2024/races/1239/austria/practice-1.html,2,81,PIA,Oscar Piastri,McLaren Mercedes,32,1:05.961,+0.276s
2024,FORMULA 1 QATAR AIRWAYS AUSTRIAN,1239,practice_1,https://www.formula1.com/en/results.html/2024/races/1239/austria/practice-1.html,3,16,LEC,Charles Leclerc,Ferrari,31,1:06.055,+0.370s
2024,FORMULA 1 QATAR AIRWAYS AUSTRIAN,1239,practice_1,https://www.formula1.com/en/results.html/2024/races/1239/austria/practice-1.html,4,55,SAI,Carlos Sainz,Ferrari,31,1:06.128,+0.443s
2024,FORMULA 1 QATAR AIRWAYS AUSTRIAN,1239,practice_1,https://www.formula1.com/en/results.html/2024/races/1239/austria/practice-1.html,5,44,HAM,Lewis Hamilton,Mercedes,39,1:06.254,+0.569s
2024,FORMULA 1 QATAR AIRWAYS AUSTRIAN,1239,practice_1,https://www.formula1.com/en/results.html/2024/races/1239/austria/practice-1.html,6,31,OCO,Esteban Ocon,Alpine Renault,30,1:06.297,+0.612s
2024,FORMULA 1 QATAR AIRWAYS AUSTRIAN,1239,practice_1,https://www.formula1.com/en/results.html/2024/races/1239/austria/practice-1.html,7,18,STR,Lance Stroll,Aston Martin Aramco Mercedes,27,1:06.384,+0.699s
2024,FORMULA 1 QATAR AIRWAYS AUSTRIAN,1239,practice_1,https://www.formula1.com/en/results.html/2024/races/1239/austria/practice-1.html,8,63,RUS,George Russell,Mercedes,32,1:06.386,+0.701s
2024,FORMULA 1 QATAR AIRWAYS AUSTRIAN,1239,practice_1,https://www.formula1.com/en/results.html/2024/races/1239/austria/practice-1.html,9,22,TSU,Yuki Tsunoda,RB Honda RBPT,30,1:06.579,+0.894s
2024,FORMULA 1 QATAR AIRWAYS AUSTRIAN,1239,practice_1,https://www.formula1.com/en/results.html/2024/races/1239/austria/practice-1.html,10,14,ALO,Fernando Alonso,Aston Martin Aramco Mercedes,30,1:06.603,+0.918s
2024,FORMULA 1 QATAR AIRWAYS AUSTRIAN,1239,practice_1,https://www.formula1.com/en/results.html/2024/races/1239/austria/practice-1.html,11,10,GAS,Pierre Gasly,Alpine Renault,28,1:06.734,+1.049s
2024,FORMULA 1 QATAR AIRWAYS AUSTRIAN,1239,practice_1,https://www.formula1.com/en/results.html/2024/races/1239/austria/practice-1.html,12,11,PER,Sergio Perez,Red Bull Racing Honda RBPT,24,1:06.783,+1.098s
2024,FORMULA 1 QATAR AIRWAYS AUSTRIAN,1239,practice_1,https://www.formula1.com/en/results.html/2024/races/1239/austria/practice-1.html,13,4,NOR,Lando Norris,McLaren Mercedes,30,1:06.880,+1.195s
2024,FORMULA 1 QATAR AIRWAYS AUSTRIAN,1239,practice_1,https://www.formula1.com/en/results.html/2024/races/1239/austria/practice-1.html,14,24,ZHO,Zhou Guanyu,Kick Sauber Ferrari,28,1:06.919,+1.234s
2024,FORMULA 1 QATAR AIRWAYS AUSTRIAN,1239,practice_1,https://www.formula1.com/en/results.html/2024/races/1239/austria/practice-1.html,15,77,BOT,Valtteri Bottas,Kick Sauber Ferrari,29,1:06.925,+1.240s
2024,FORMULA 1 QATAR AIRWAYS AUSTRIAN,1239,practice_1,https://www.formula1.com/en/results.html/2024/races/1239/austria/practice-1.html,16,3,RIC,Daniel Ricciardo,RB Honda RBPT,31,1:06.962,+1.277s
2024,FORMULA 1 QATAR AIRWAYS AUSTRIAN,1239,practice_1,https://www.formula1.com/en/results.html/2024/races/1239/austria/practice-1.html,17,27,HUL,Nico Hulkenberg,Haas Ferrari,31,1:06.966,+1.281s
2024,FORMULA 1 QATAR AIRWAYS AUSTRIAN,1239,practice_1,https://www.formula1.com/en/results.html/2024/races/1239/austria/practice-1.html,18,23,ALB,Alexander Albon,Williams Mercedes,28,1:06.995,+1.310s
2024,FORMULA 1 QATAR AIRWAYS AUSTRIAN,1239,practice_1,https://www.formula1.com/en/results.html/2024/races/1239/austria/practice-1.html,19,20,MAG,Kevin Magnussen,Haas Ferrari,31,1:07.145,+1.460s
2024,FORMULA 1 QATAR AIRWAYS AUSTRIAN,1239,practice_1,https://www.formula1.com/en/results.html/2024/races/1239/austria/practice-1.html,20,2,SAR,Logan Sargeant,Williams Mercedes,29,1:07.259,+1.574s
2024,FORMULA 1 QATAR AIRWAYS BRITISH,1240,practice_1,https://www.formula1.com/en/results.html/2024/races/1240/great-britain/practice-1.html,1,4,NOR,Lando Norris,McLaren Mercedes,26,1:27.420,
2024,FORMULA 1 QATAR AIRWAYS BRITISH,1240,practice_1,https://www.formula1.com/en/results.html/2024/races/1240/great-britain/practice-1.html,2,18,STR,Lance Stroll,Aston Martin Aramco Mercedes,22,1:27.554,+0.134s
2024,FORMULA 1 QATAR AIRWAYS BRITISH,1240,practice_1,https://www.formula1.com/en/results.html/2024/races/1240/great-britain/practice-1.html,3,81,PIA,Oscar Piastri,McLaren Mercedes,18,1:27.631,+0.211s
2024,FORMULA 1 QATAR AIRWAYS BRITISH,1240,practice_1,https://www.formula1.com/en/results.html/2024/races/1240/great-britain/practice-1.html,4,1,VER,Max Verstappen,Red Bull Racing Honda RBPT,25,1:27.729,+0.309s
2024,FORMULA 1 QATAR AIRWAYS BRITISH,1240,practice_1,https://www.formula1.com/en/results.html/2024/races/1240/great-britain/practice-1.html,5,63,RUS,George Russell,Mercedes,26,1:27.738,+0.318s
2024,FORMULA 1 QATAR AIRWAYS BRITISH,1240,practice_1,https://www.formula1.com/en/results.html/2024/races/1240/great-britain/practice-1.html,6,14,ALO,Fernando Alonso,Aston Martin Aramco Mercedes,27,1:27.794,+0.374s
2024,FORMULA 1 QATAR AIRWAYS BRITISH,1240,practice_1,https://www.formula1.com/en/results.html/2024/races/1240/great-britain/practice-1.html,7,44,HAM,Lewis Hamilton,Mercedes,26,1:27.858,+0.438s
2024,FORMULA 1 QATAR AIRWAYS BRITISH,1240,practice_1,https://www.formula1.com/en/results.html/2024/races/1240/great-britain/practice-1.html,8,16,LEC,Charles Leclerc,Ferrari,26,1:27.903,+0.483s
2024,FORMULA 1 QATAR AIRWAYS BRITISH,1240,practice_1,https://www.formula1.com/en/results.html/2024/races/1240/great-britain/practice-1.html,9,55,SAI,Carlos Sainz,Ferrari,27,1:27.925,+0.505s
2024,FORMULA 1 QATAR AIRWAYS BRITISH,1240,practice_1,https://www.formula1.com/en/results.html/2024/races/1240/great-britain/practice-1.html,10,31,OCO,Esteban Ocon,Alpine Renault,24,1:27.974,+0.554s
2024,FORMULA 1 QATAR AIRWAYS BRITISH,1240,practice_1,https://www.formula1.com/en/results.html/2024/races/1240/great-britain/practice-1.html,11,27,HUL,Nico Hulkenberg,Haas Ferrari,22,1:28.082,+0.662s
2024,FORMULA 1 QATAR AIRWAYS BRITISH,1240,practice_1,https://www.formula1.com/en/results.html/2024/races/1240/great-britain/practice-1.html,12,77,BOT,Valtteri Bottas,Kick Sauber Ferrari,26,1:28.254,+0.834s
2024,FORMULA 1 QATAR AIRWAYS BRITISH,1240,practice_1,https://www.formula1.com/en/results.html/2024/races/1240/great-britain/practice-1.html,13,3,RIC,Daniel Ricciardo,RB Honda RBPT,24,1:28.477,+1.057s
2024,FORMULA 1 QATAR AIRWAYS BRITISH,1240,practice_1,https://www.formula1.com/en/results.html/2024/races/1240/great-britain/practice-1.html,14,50,BEA,Oliver Bearman,Haas Ferrari,25,1:28.536,+1.116s
2024,FORMULA 1 QATAR AIRWAYS BRITISH,1240,practice_1,https://www.formula1.com/en/results.html/2024/races/1240/great-britain/practice-1.html,15,24,ZHO,Zhou Guanyu,Kick Sauber Ferrari,24,1:28.590,+1.170s
2024,FORMULA 1 QATAR AIRWAYS BRITISH,1240,practice_1,https://www.formula1.com/en/results.html/2024/races/1240/great-britain/practice-1.html,16,23,ALB,Alexander Albon,Williams Mercedes,25,1:28.649,+1.229s
2024,FORMULA 1 QATAR AIRWAYS BRITISH,1240,practice_1,https://www.formula1.com/en/results.html/2024/races/1240/great-britain/practice-1.html,17,61,DOO,Jack Doohan,Alpine Renault,22,1:28.735,+1.315s
2024,FORMULA 1 QATAR AIRWAYS BRITISH,1240,practice_1,https://www.formula1.com/en/results.html/2024/races/1240/great-britain/practice-1.html,18,45,COL,Franco Colapinto,Williams Mercedes,24,1:29.078,+1.658s
2024,FORMULA 1 QATAR AIRWAYS BRITISH,1240,practice_1,https://www.formula1.com/en/results.html/2024/races/1240/great-britain/practice-1.html,19,37,HAD,Isack Hadjar,Red Bull Racing Honda RBPT,15,1:29.270,+1.850s
2024,FORMULA 1 QATAR AIRWAYS BRITISH,1240,practice_1,https://www.formula1.com/en/results.html/2024/races/1240/great-britain/practice-1.html,20,22,TSU,Yuki Tsunoda,RB Honda RBPT,5,1:29.864,+2.444s
2024,FORMULA 1 HUNGARIAN,1241,practice_1,https://www.formula1.com/en/results.html/2024/races/1241/hungary/practice-1.html,1,55,SAI,Carlos Sainz,Ferrari,27,1:18.713,
2024,FORMULA 1 HUNGARIAN,1241,practice_1,https://www.formula1.com/en/results.html/2024/races/1241/hungary/practice-1.html,2,1,VER,Max Verstappen,Red Bull Racing Honda RBPT,20,1:18.989,+0.276s
2024,FORMULA 1 HUNGARIAN,1241,practice_1,https://www.formula1.com/en/results.html/2024/races/1241/hungary/practice-1.html,3,16,LEC,Charles Leclerc,Ferrari,29,1:19.011,+0.298s
2024,FORMULA 1 HUNGARIAN,1241,practice_1,https://www.formula1.com/en/results.html/2024/races/1241/hungary/practice-1.html,4,63,RUS,George Russell,Mercedes,28,1:19.137,+0.424s
2024,FORMULA 1 HUNGARIAN,1241,practice_1,https://www.formula1.com/en/results.html/2024/races/1241/hungary/practice-1.html,5,24,ZHO,Zhou Guanyu,Kick Sauber Ferrari,24,1:19.180,+0.467s
2024,FORMULA 1 HUNGARIAN,1241,practice_1,https://www.formula1.com/en/results.html/2024/races/1241/hungary/practice-1.html,6,4,NOR,Lando Norris,McLaren Mercedes,26,1:19.211,+0.498s
2024,FORMULA 1 HUNGARIAN,1241,practice_1,https://www.formula1.com/en/results.html/2024/races/1241/hungary/practice-1.html,7,81,PIA,Oscar Piastri,McLaren Mercedes,26,1:19.249,+0.536s
2024,FORMULA 1 HUNGARIAN,1241,practice_1,https://www.formula1.com/en/results.html/2024/races/1241/hungary/practice-1.html,8,22,TSU,Yuki Tsunoda,RB Honda RBPT,26,1:19.260,+0.547s
2024,FORMULA 1 HUNGARIAN,1241,practice_1,https://www.formula1.com/en/results.html/2024/races/1241/hungary/practice-1.html,9,18,STR,Lance Stroll,Aston Martin Aramco Mercedes,25,1:19.265,+0.552s
2024,FORMULA 1 HUNGARIAN,1241,practice_1,https://www.formula1.com/en/results.html/2024/races/1241/hungary/practice-1.html,10,44,HAM,Lewis Hamilton,Mercedes,29,1:19.287,+0.574s
2024,FORMULA 1 HUNGARIAN,1241,practice_1,https://www.formula1.com/en/results.html/2024/races/1241/hungary/practice-1.html,11,11,PER,Sergio Perez,Red Bull Racing Honda RBPT,22,1:19.440,+0.727s
2024,FORMULA 1 HUNGARIAN,1241,practice_1,https://www.formula1.com/en/results.html/2024/races/1241/hungary/practice-1.html,12,3,RIC,Daniel Ricciardo,RB Honda RBPT,27,1:19.578,+0.865s
2024,FORMULA 1 HUNGARIAN,1241,practice_1,https://www.formula1.com/en/results.html/2024/races/1241/hungary/practice-1.html,13,14,ALO,Fernando Alonso,Aston Martin Aramco Mercedes,24,1:19.686,+0.973s
2024,FORMULA 1 HUNGARIAN,1241,practice_1,https://www.formula1.com/en/results.html/2024/races/1241/hungary/practice-1.html,14,23,ALB,Alexander Albon,Williams Mercedes,22,1:19.794,+1.081s
2024,FORMULA 1 HUNGARIAN,1241,practice_1,https://www.formula1.com/en/results.html/2024/races/1241/hungary/practice-1.html,15,77,BOT,Valtteri Bottas,Kick Sauber Ferrari,28,1:19.804,+1.091s
2024,FORMULA 1 HUNGARIAN,1241,practice_1,https://www.formula1.com/en/results.html/2024/races/1241/hungary/practice-1.html,16,2,SAR,Logan Sargeant,Williams Mercedes,26,1:19.885,+1.172s
2024,FORMULA 1 HUNGARIAN,1241,practice_1,https://www.formula1.com/en/results.html/2024/races/1241/hungary/practice-1.html,17,10,GAS,Pierre Gasly,Alpine Renault,26,1:19.976,+1.263s
2024,FORMULA 1 HUNGARIAN,1241,practice_1,https://www.formula1.com/en/results.html/2024/races/1241/hungary/practice-1.html,18,31,OCO,Esteban Ocon,Alpine Renault,26,1:20.023,+1.310s
2024,FORMULA 1 HUNGARIAN,1241,practice_1,https://www.formula1.com/en/results.html/2024/races/1241/hungary/practice-1.html,19,20,MAG,Kevin Magnussen,Haas Ferrari,27,1:20.295,+1.582s
2024,FORMULA 1 HUNGARIAN,1241,practice_1,https://www.formula1.com/en/results.html/2024/races/1241/hungary/practice-1.html,20,50,BEA,Oliver Bearman,Haas Ferrari,27,1:20.371,+1.658s
2024,FORMULA 1 ROLEX BELGIAN,1242,practice_1,https://www.formula1.com/en/results.html/2024/races/1242/belgium/practice-1.html,1,1,VER,Max Verstappen,Red Bull Racing Honda RBPT,23,1:43.372,
2024,FORMULA 1 ROLEX BELGIAN,1242,practice_1,https://www.formula1.com/en/results.html/2024/races/1242/belgium/practice-1.html,2,81,PIA,Oscar Piastri,McLaren Mercedes,24,1:43.903,+0.531s
2024,FORMULA 1 ROLEX BELGIAN,1242,practice_1,https://www.formula1.com/en/results.html/2024/races/1242/belgium/practice-1.html,3,23,ALB,Alexander Albon,Williams Mercedes,21,1:44.099,+0.727s
2024,FORMULA 1 ROLEX BELGIAN,1242,practice_1,https://www.formula1.com/en/results.html/2024/races/1242/belgium/practice-1.html,4,63,RUS,George Russell,Mercedes,23,1:44.225,+0.853s
2024,FORMULA 1 ROLEX BELGIAN,1242,practice_1,https://www.formula1.com/en/results.html/2024/races/1242/belgium/practice-1.html,5,44,HAM,Lewis Hamilton,Mercedes,21,1:44.279,+0.907s
2024,FORMULA 1 ROLEX BELGIAN,1242,practice_1,https://www.formula1.com/en/results.html/2024/races/1242/belgium/practice-1.html,6,16,LEC,Charles Leclerc,Ferrari,25,1:44.306,+0.934s
2024,FORMULA 1 ROLEX BELGIAN,1242,practice_1,https://www.formula1.com/en/results.html/2024/races/1242/belgium/practice-1.html,7,11,PER,Sergio Perez,Red Bull Racing Honda RBPT,22,1:44.329,+0.957s
2024,FORMULA 1 ROLEX BELGIAN,1242,practice_1,https://www.formula1.com/en/results.html/2024/races/1242/belgium/practice-1.html,8,4,NOR,Lando Norris,McLaren Mercedes,24,1:44.415,+1.043s
2024,FORMULA 1 ROLEX BELGIAN,1242,practice_1,https://www.formula1.com/en/results.html/2024/races/1242/belgium/practice-1.html,9,55,SAI,Carlos Sainz,Ferrari,24,1:44.574,+1.202s
2024,FORMULA 1 ROLEX BELGIAN,1242,practice_1,https://www.formula1.com/en/results.html/2024/races/1242/belgium/practice-1.html,10,18,STR,Lance Stroll,Aston Martin Aramco Mercedes,20,1:44.699,+1.327s
2024,FORMULA 1 ROLEX BELGIAN,1242,practice_1,https://www.formula1.com/en/results.html/2024/races/1242/belgium/practice-1.html,11,10,GAS,Pierre Gasly,Alpine Renault,22,1:44.833,+1.461s
2024,FORMULA 1 ROLEX BELGIAN,1242,practice_1,https://www.formula1.com/en/results.html/2024/races/1242/belgium/practice-1.html,12,14,ALO,Fernando Alonso,Aston Martin Aramco Mercedes,19,1:44.921,+1.549s
2024,FORMULA 1 ROLEX BELGIAN,1242,practice_1,https://www.formula1.com/en/results.html/2024/races/1242/belgium/practice-1.html,13,3,RIC,Daniel Ricciardo,RB Honda RBPT,23,1:44.950,+1.578s
2024,FORMULA 1 ROLEX BELGIAN,1242,practice_1,https://www.formula1.com/en/results.html/2024/races/1242/belgium/practice-1.html,14,77,BOT,Valtteri Bottas,Kick Sauber Ferrari,21,1:45.155,+1.783s
2024,FORMULA 1 ROLEX BELGIAN,1242,practice_1,https://www.formula1.com/en/results.html/2024/races/1242/belgium/practice-1.html,15,2,SAR,Logan Sargeant,Williams Mercedes,20,1:45.311,+1.939s
2024,FORMULA 1 ROLEX BELGIAN,1242,practice_1,https://www.formula1.com/en/results.html/2024/races/1242/belgium/practice-1.html,16,22,TSU,Yuki Tsunoda,RB Honda RBPT,23,1:45.564,+2.192s
2024,FORMULA 1 ROLEX BELGIAN,1242,practice_1,https://www.formula1.com/en/results.html/2024/races/1242/belgium/practice-1.html,17,27,HUL,Nico Hulkenberg,Haas Ferrari,19,1:45.645,+2.273s
2024,FORMULA 1 ROLEX BELGIAN,1242,practice_1,https://www.formula1.com/en/results.html/2024/races/1242/belgium/practice-1.html,18,20,MAG,Kevin Magnussen,Haas Ferrari,19,1:45.812,+2.440s
2024,FORMULA 1 ROLEX BELGIAN,1242,practice_1,https://www.formula1.com/en/results.html/2024/races/1242/belgium/practice-1.html,19,24,ZHO,Zhou Guanyu,Kick Sauber Ferrari,23,1:45.995,+2.623s
2024,FORMULA 1 ROLEX BELGIAN,1242,practice_1,https://www.formula1.com/en/results.html/2024/races/1242/belgium/practice-1.html,20,31,OCO,Esteban Ocon,Alpine Renault,1,,
2024,FORMULA 1 HEINEKEN DUTCH,1243,practice_1,https://www.formula1.com/en/results.html/2024/races/1243/netherlands/practice-1.html,1,4,NOR,Lando Norris,McLaren Mercedes,17,1:12.322,
2024,FORMULA 1 HEINEKEN DUTCH,1243,practice_1,https://www.formula1.com/en/results.html/2024/races/1243/netherlands/practice-1.html,2,1,VER,Max Verstappen,Red Bull Racing Honda RBPT,13,1:12.523,+0.201s
2024,FORMULA 1 HEINEKEN DUTCH,1243,practice_1,https://www.formula1.com/en/results.html/2024/races/1243/netherlands/practice-1.html,3,44,HAM,Lewis Hamilton,Mercedes,13,1:13.006,+0.684s
2024,FORMULA 1 HEINEKEN DUTCH,1243,practice_1,https://www.formula1.com/en/results.html/2024/races/1243/netherlands/practice-1.html,4,55,SAI,Carlos Sainz,Ferrari,15,1:13.074,+0.752s
2024,FORMULA 1 HEINEKEN DUTCH,1243,practice_1,https://www.formula1.com/en/results.html/2024/races/1243/netherlands/practice-1.html,5,63,RUS,George Russell,Mercedes,17,1:13.142,+0.820s
2024,FORMULA 1 HEINEKEN DUTCH,1243,practice_1,https://www.formula1.com/en/results.html/2024/races/1243/netherlands/practice-1.html,6,23,ALB,Alexander Albon,Williams Mercedes,14,1:13.159,+0.837s
2024,FORMULA 1 HEINEKEN DUTCH,1243,practice_1,https://www.formula1.com/en/results.html/2024/races/1243/netherlands/practice-1.html,7,81,PIA,Oscar Piastri,McLaren Mercedes,14,1:13.230,+0.908s
2024,FORMULA 1 HEINEKEN DUTCH,1243,practice_1,https://www.formula1.com/en/results.html/2024/races/1243/netherlands/practice-1.html,8,27,HUL,Nico Hulkenberg,Haas Ferrari,18,1:13.563,+1.241s
2024,FORMULA 1 HEINEKEN DUTCH,1243,practice_1,https://www.formula1.com/en/results.html/2024/races/1243/netherlands/practice-1.html,9,20,MAG,Kevin Magnussen,Haas Ferrari,15,1:13.597,+1.275s
2024,FORMULA 1 HEINEKEN DUTCH,1243,practice_1,https://www.formula1.com/en/results.html/2024/races/1243/netherlands/practice-1.html,10,24,ZHO,Zhou Guanyu,Kick Sauber Ferrari,15,1:13.965,+1.643s
2024,FORMULA 1 HEINEKEN DUTCH,1243,practice_1,https://www.formula1.com/en/results.html/2024/races/1243/netherlands/practice-1.html,11,18,STR,Lance Stroll,Aston Martin Aramco Mercedes,14,1:14.151,+1.829s
2024,FORMULA 1 HEINEKEN DUTCH,1243,practice_1,https://www.formula1.com/en/results.html/2024/races/1243/netherlands/practice-1.html,12,11,PER,Sergio Perez,Red Bull Racing Honda RBPT,12,1:14.279,+1.957s
2024,FORMULA 1 HEINEKEN DUTCH,1243,practice_1,https://www.formula1.com/en/results.html/2024/races/1243/netherlands/practice-1.html,13,16,LEC,Charles Leclerc,Ferrari,15,1:14.306,+1.984s
2024,FORMULA 1 HEINEKEN DUTCH,1243,practice_1,https://www.formula1.com/en/results.html/2024/races/1243/netherlands/practice-1.html,14,22,TSU,Yuki Tsunoda,RB Honda RBPT,13,1:14.418,+2.096s
2024,FORMULA 1 HEINEKEN DUTCH,1243,practice_1,https://www.formula1.com/en/results.html/2024/races/1243/netherlands/practice-1.html,15,14,ALO,Fernando Alonso,Aston Martin Aramco Mercedes,15,1:14.467,+2.145s
2024,FORMULA 1 HEINEKEN DUTCH,1243,practice_1,https://www.formula1.com/en/results.html/2024/races/1243/netherlands/practice-1.html,16,97,SHW,Robert Shwartzman,Kick Sauber Ferrari,15,1:14.658,+2.336s
2024,FORMULA 1 HEINEKEN DUTCH,1243,practice_1,https://www.formula1.com/en/results.html/2024/races/1243/netherlands/practice-1.html,17,2,SAR,Logan Sargeant,Williams Mercedes,12,1:15.605,+3.283s
2024,FORMULA 1 HEINEKEN DUTCH,1243,practice_1,https://www.formula1.com/en/results.html/2024/races/1243/netherlands/practice-1.html,18,31,OCO,Esteban Ocon,Alpine Renault,15,1:15.796,+3.474s
2024,FORMULA 1 HEINEKEN DUTCH,1243,practice_1,https://www.formula1.com/en/results.html/2024/races/1243/netherlands/practice-1.html,19,3,RIC,Daniel Ricciardo,RB Honda RBPT,15,1:16.231,+3.909s
2024,FORMULA 1 HEINEKEN DUTCH,1243,practice_1,https://www.formula1.com/en/results.html/2024/races/1243/netherlands/practice-1.html,20,10,GAS,Pierre Gasly,Alpine Renault,8,1:22.036,+9.714s
2024,FORMULA 1 QATAR AIRWAYS AZERBAIJAN,1245,practice_1,https://www.formula1.com/en/results.html/2024/races/1245/azerbaijan/practice-1.html,1,1,VER,Max Verstappen,Red Bull Racing Honda RBPT,21,1:45.546,
2024,FORMULA 1 QATAR AIRWAYS AZERBAIJAN,1245,practice_1,https://www.formula1.com/en/results.html/2024/races/1245/azerbaijan/practice-1.html,2,44,HAM,Lewis Hamilton,Mercedes,19,1:45.859,+0.313s
2024,FORMULA 1 QATAR AIRWAYS AZERBAIJAN,1245,practice_1,https://www.formula1.com/en/results.html/2024/races/1245/azerbaijan/practice-1.html,3,11,PER,Sergio Perez,Red Bull Racing Honda RBPT,17,1:45.922,+0.376s
2024,FORMULA 1 QATAR AIRWAYS AZERBAIJAN,1245,practice_1,https://www.formula1.com/en/results.html/2024/races/1245/azerbaijan/practice-1.html,4,4,NOR,Lando Norris,McLaren Mercedes,18,1:46.027,+0.481s
2024,FORMULA 1 QATAR AIRWAYS AZERBAIJAN,1245,practice_1,https://www.formula1.com/en/results.html/2024/races/1245/azerbaijan/practice-1.html,5,55,SAI,Carlos Sainz,Ferrari,21,1:46.173,+0.627s
2024,FORMULA 1 QATAR AIRWAYS AZERBAIJAN,1245,practice_1,https://www.formula1.com/en/results.html/2024/races/1245/azerbaijan/practice-1.html,6,81,PIA,Oscar Piastri,McLaren Mercedes,18,1:46.282,+0.736s
2024,FORMULA 1 QATAR AIRWAYS AZERBAIJAN,1245,practice_1,https://www.formula1.com/en/results.html/2024/races/1245/azerbaijan/practice-1.html,7,14,ALO,Fernando Alonso,Aston Martin Aramco Mercedes,19,1:46.452,+0.906s
2024,FORMULA 1 QATAR AIRWAYS AZERBAIJAN,1245,practice_1,https://www.formula1.com/en/results.html/2024/races/1245/azerbaijan/practice-1.html,8,63,RUS,George Russell,Mercedes,18,1:46.516,+0.970s
2024,FORMULA 1 QATAR AIRWAYS AZERBAIJAN,1245,practice_1,https://www.formula1.com/en/results.html/2024/races/1245/azerbaijan/practice-1.html,9,16,LEC,Charles Leclerc,Ferrari,11,1:46.608,+1.062s
2024,FORMULA 1 QATAR AIRWAYS AZERBAIJAN,1245,practice_1,https://www.formula1.com/en/results.html/2024/races/1245/azerbaijan/practice-1.html,10,3,RIC,Daniel Ricciardo,RB Honda RBPT,23,1:46.687,+1.141s
2024,FORMULA 1 QATAR AIRWAYS AZERBAIJAN,1245,practice_1,https://www.formula1.com/en/results.html/2024/races/1245/azerbaijan/practice-1.html,11,50,BEA,Oliver Bearman,Haas Ferrari,23,1:46.973,+1.427s
2024,FORMULA 1 QATAR AIRWAYS AZERBAIJAN,1245,practice_1,https://www.formula1.com/en/results.html/2024/races/1245/azerbaijan/practice-1.html,12,27,HUL,Nico Hulkenberg,Haas Ferrari,20,1:47.135,+1.589s
2024,FORMULA 1 QATAR AIRWAYS AZERBAIJAN,1245,practice_1,https://www.formula1.com/en/results.html/2024/races/1245/azerbaijan/practice-1.html,13,18,STR,Lance Stroll,Aston Martin Aramco Mercedes,15,1:47.184,+1.638s
2024,FORMULA 1 QATAR AIRWAYS AZERBAIJAN,1245,practice_1,https://www.formula1.com/en/results.html/2024/races/1245/azerbaijan/practice-1.html,14,77,BOT,Valtteri Bottas,Kick Sauber Ferrari,18,1:47.640,+2.094s
2024,FORMULA 1 QATAR AIRWAYS AZERBAIJAN,1245,practice_1,https://www.formula1.com/en/results.html/2024/races/1245/azerbaijan/practice-1.html,15,22,TSU,Yuki Tsunoda,RB Honda RBPT,21,1:47.708,+2.162s
2024,FORMULA 1 QATAR AIRWAYS AZERBAIJAN,1245,practice_1,https://www.formula1.com/en/results.html/2024/races/1245/azerbaijan/practice-1.html,16,43,COL,Franco Colapinto,Williams Mercedes,12,1:47.901,+2.355s
2024,FORMULA 1 QATAR AIRWAYS AZERBAIJAN,1245,practice_1,https://www.formula1.com/en/results.html/2024/races/1245/azerbaijan/practice-1.html,17,23,ALB,Alexander Albon,Williams Mercedes,17,1:47.955,+2.409s
2024,FORMULA 1 QATAR AIRWAYS AZERBAIJAN,1245,practice_1,https://www.formula1.com/en/results.html/2024/races/1245/azerbaijan/practice-1.html,18,10,GAS,Pierre Gasly,Alpine Renault,21,1:48.712,+3.166s
2024,FORMULA 1 QATAR AIRWAYS AZERBAIJAN,1245,practice_1,https://www.formula1.com/en/results.html/2024/races/1245/azerbaijan/practice-1.html,19,24,ZHO,Zhou Guanyu,Kick Sauber Ferrari,19,1:49.052,+3.506s
2024,FORMULA 1 QATAR AIRWAYS AZERBAIJAN,1245,practice_1,https://www.formula1.com/en/results.html/2024/races/1245/azerbaijan/practice-1.html,20,31,OCO,Esteban Ocon,Alpine Renault,3,,
2024,FORMULA 1 SINGAPORE AIRLINES SINGAPORE,1246,practice_1,https://www.formula1.com/en/results.html/2024/races/1246/singapore/practice-1.html,1,16,LEC,Charles Leclerc,Ferrari,26,1:31.763,
2024,FORMULA 1 SINGAPORE AIRLINES SINGAPORE,1246,practice_1,https://www.formula1.com/en/results.html/2024/races/1246/singapore/practice-1.html,2,4,NOR,Lando Norris,McLaren Mercedes,25,1:31.839,+0.076s
2024,FORMULA 1 SINGAPORE AIRLINES SINGAPORE,1246,practice_1,https://www.formula1.com/en/results.html/2024/races/1246/singapore/practice-1.html,3,55,SAI,Carlos Sainz,Ferrari,27,1:31.952,+0.189s
2024,FORMULA 1 SINGAPORE AIRLINES SINGAPORE,1246,practice_1,https://www.formula1.com/en/results.html/2024/races/1246/singapore/practice-1.html,4,1,VER,Max Verstappen,Red Bull Racing Honda RBPT,22,1:32.097,+0.334s
2024,FORMULA 1 SINGAPORE AIRLINES SINGAPORE,1246,practice_1,https://www.formula1.com/en/results.html/2024/races/1246/singapore/practice-1.html,5,22,TSU,Yuki Tsunoda,RB Honda RBPT,26,1:32.263,+0.500s
2024,FORMULA 1 SINGAPORE AIRLINES SINGAPORE,1246,practice_1,https://www.formula1.com/en/results.html/2024/races/1246/singapore/practice-1.html,6,81,PIA,Oscar Piastri,McLaren Mercedes,25,1:32.369,+0.606s
2024,FORMULA 1 SINGAPORE AIRLINES SINGAPORE,1246,practice_1,https://www.formula1.com/en/results.html/2024/races/1246/singapore/practice-1.html,7,3,RIC,Daniel Ricciardo,RB Honda RBPT,21,1:32.375,+0.612s
2024,FORMULA 1 SINGAPORE AIRLINES SINGAPORE,1246,practice_1,https://www.formula1.com/en/results.html/2024/races/1246/singapore/practice-1.html,8,23,ALB,Alexander Albon,Williams Mercedes,25,1:32.451,+0.688s
2024,FORMULA 1 SINGAPORE AIRLINES SINGAPORE,1246,practice_1,https://www.formula1.com/en/results.html/2024/races/1246/singapore/practice-1.html,9,14,ALO,Fernando Alonso,Aston Martin Aramco Mercedes,26,1:32.610,+0.847s
2024,FORMULA 1 SINGAPORE AIRLINES SINGAPORE,1246,practice_1,https://www.formula1.com/en/results.html/2024/races/1246/singapore/practice-1.html,10,31,OCO,Esteban Ocon,Alpine Renault,27,1:32.615,+0.852s
2024,FORMULA 1 SINGAPORE AIRLINES SINGAPORE,1246,practice_1,https://www.formula1.com/en/results.html/2024/races/1246/singapore/practice-1.html,11,43,COL,Franco Colapinto,Williams Mercedes,25,1:32.618,+0.855s
2024,FORMULA 1 SINGAPORE AIRLINES SINGAPORE,1246,practice_1,https://www.formula1.com/en/results.html/2024/races/1246/singapore/practice-1.html,12,44,HAM,Lewis Hamilton,Mercedes,24,1:32.679,+0.916s
2024,FORMULA 1 SINGAPORE AIRLINES SINGAPORE,1246,practice_1,https://www.formula1.com/en/results.html/2024/races/1246/singapore/practice-1.html,13,10,GAS,Pierre Gasly,Alpine Renault,27,1:32.694,+0.931s
2024,FORMULA 1 SINGAPORE AIRLINES SINGAPORE,1246,practice_1,https://www.formula1.com/en/results.html/2024/races/1246/singapore/practice-1.html,14,11,PER,Sergio Perez,Red Bull Racing Honda RBPT,22,1:32.767,+1.004s
2024,FORMULA 1 SINGAPORE AIRLINES SINGAPORE,1246,practice_1,https://www.formula1.com/en/results.html/2024/races/1246/singapore/practice-1.html,15,18,STR,Lance Stroll,Aston Martin Aramco Mercedes,21,1:32.778,+1.015s
2024,FORMULA 1 SINGAPORE AIRLINES SINGAPORE,1246,practice_1,https://www.formula1.com/en/results.html/2024/races/1246/singapore/practice-1.html,16,63,RUS,George Russell,Mercedes,25,1:33.334,+1.571s
2024,FORMULA 1 SINGAPORE AIRLINES SINGAPORE,1246,practice_1,https://www.formula1.com/en/results.html/2024/races/1246/singapore/practice-1.html,17,20,MAG,Kevin Magnussen,Haas Ferrari,21,1:33.377,+1.614s
2024,FORMULA 1 SINGAPORE AIRLINES SINGAPORE,1246,practice_1,https://www.formula1.com/en/results.html/2024/races/1246/singapore/practice-1.html,18,77,BOT,Valtteri Bottas,Kick Sauber Ferrari,25,1:33.485,+1.722s
2024,FORMULA 1 SINGAPORE AIRLINES SINGAPORE,1246,practice_1,https://www.formula1.com/en/results.html/2024/races/1246/singapore/practice-1.html,19,24,ZHO,Zhou Guanyu,Kick Sauber Ferrari,24,1:33.585,+1.822s
2024,FORMULA 1 SINGAPORE AIRLINES SINGAPORE,1246,practice_1,https://www.formula1.com/en/results.html/2024/races/1246/singapore/practice-1.html,20,27,HUL,Nico Hulkenberg,Haas Ferrari,24,1:33.797,+2.034s
2024,FORMULA 1 PIRELLI UNITED STATES,1247,practice_1,https://www.formula1.com/en/results.html/2024/races/1247/united-states/practice-1.html,1,55,SAI,Carlos Sainz,Ferrari,25,1:33.602,
2024,FORMULA 1 PIRELLI UNITED STATES,1247,practice_1,https://www.formula1.com/en/results.html/2024/races/1247/united-states/practice-1.html,2,16,LEC,Charles Leclerc,Ferrari,27,1:33.623,+0.021s
2024,FORMULA 1 PIRELLI UNITED STATES,1247,practice_1,https://www.formula1.com/en/results.html/2024/races/1247/united-states/practice-1.html,3,1,VER,Max Verstappen,Red Bull Racing Honda RBPT,23,1:33.855,+0.253s
2024,FORMULA 1 PIRELLI UNITED STATES,1247,practice_1,https://www.formula1.com/en/results.html/2024/races/1247/united-states/practice-1.html,4,4,NOR,Lando Norris,McLaren Mercedes,25,1:33.868,+0.266s
2024,FORMULA 1 PIRELLI UNITED STATES,1247,practice_1,https://www.formula1.com/en/results.html/2024/races/1247/united-states/practice-1.html,5,81,PIA,Oscar Piastri,McLaren Mercedes,26,1:33.908,+0.306s
2024,FORMULA 1 PIRELLI UNITED STATES,1247,practice_1,https://www.formula1.com/en/results.html/2024/races/1247/united-states/practice-1.html,6,44,HAM,Lewis Hamilton,Mercedes,22,1:33.963,+0.361s
2024,FORMULA 1 PIRELLI UNITED STATES,1247,practice_1,https://www.formula1.com/en/results.html/2024/races/1247/united-states/practice-1.html,7,63,RUS,George Russell,Mercedes,27,1:34.093,+0.491s
2024,FORMULA 1 PIRELLI UNITED STATES,1247,practice_1,https://www.formula1.com/en/results.html/2024/races/1247/united-states/practice-1.html,8,20,MAG,Kevin Magnussen,Haas Ferrari,24,1:34.096,+0.494s
2024,FORMULA 1 PIRELLI UNITED STATES,1247,practice_1,https://www.formula1.com/en/results.html/2024/races/1247/united-states/practice-1.html,9,14,ALO,Fernando Alonso,Aston Martin Aramco Mercedes,24,1:34.112,+0.510s
2024,FORMULA 1 PIRELLI UNITED STATES,1247,practice_1,https://www.formula1.com/en/results.html/2024/races/1247/united-states/practice-1.html,10,22,TSU,Yuki Tsunoda,RB Honda RBPT,20,1:34.313,+0.711s
2024,FORMULA 1 PIRELLI UNITED STATES,1247,practice_1,https://www.formula1.com/en/results.html/2024/races/1247/united-states/practice-1.html,11,27,HUL,Nico Hulkenberg,Haas Ferrari,24,1:34.364,+0.762s
2024,FORMULA 1 PIRELLI UNITED STATES,1247,practice_1,https://www.formula1.com/en/results.html/2024/races/1247/united-states/practice-1.html,12,10,GAS,Pierre Gasly,Alpine Renault,24,1:34.375,+0.773s
2024,FORMULA 1 PIRELLI UNITED STATES,1247,practice_1,https://www.formula1.com/en/results.html/2024/races/1247/united-states/practice-1.html,13,30,LAW,Liam Lawson,RB Honda RBPT,28,1:34.443,+0.841s
2024,FORMULA 1 PIRELLI UNITED STATES,1247,practice_1,https://www.formula1.com/en/results.html/2024/races/1247/united-states/practice-1.html,14,23,ALB,Alexander Albon,Williams Mercedes,26,1:34.618,+1.016s
2024,FORMULA 1 PIRELLI UNITED STATES,1247,practice_1,https://www.formula1.com/en/results.html/2024/races/1247/united-states/practice-1.html,15,18,STR,Lance Stroll,Aston Martin Aramco Mercedes,24,1:34.619,+1.017s
2024,FORMULA 1 PIRELLI UNITED STATES,1247,practice_1,https://www.formula1.com/en/results.html/2024/races/1247/united-states/practice-1.html,16,11,PER,Sergio Perez,Red Bull Racing Honda RBPT,24,1:34.638,+1.036s
2024,FORMULA 1 PIRELLI UNITED STATES,1247,practice_1,https://www.formula1.com/en/results.html/2024/races/1247/united-states/practice-1.html,17,31,OCO,Esteban Ocon,Alpine Renault,24,1:34.806,+1.204s
2024,FORMULA 1 PIRELLI UNITED STATES,1247,practice_1,https://www.formula1.com/en/results.html/2024/races/1247/united-states/practice-1.html,18,77,BOT,Valtteri Bottas,Kick Sauber Ferrari,26,1:35.041,+1.439s
2024,FORMULA 1 PIRELLI UNITED STATES,1247,practice_1,https://www.formula1.com/en/results.html/2024/races/1247/united-states/practice-1.html,19,43,COL,Franco Colapinto,Williams Mercedes,27,1:35.248,+1.646s
2024,FORMULA 1 PIRELLI UNITED STATES,1247,practice_1,https://www.formula1.com/en/results.html/2024/races/1247/united-states/practice-1.html,20,24,ZHO,Zhou Guanyu,Kick Sauber Ferrari,15,1:37.219,+3.617s
2024,FORMULA 1 GRAN PREMIO DE LA CIUDAD DE MÉXICO,1248,practice_1,https://www.formula1.com/en/results.html/2024/races/1248/mexico/practice-1.html,1,63,RUS,George Russell,Mercedes,24,1:17.998,
2024,FORMULA 1 GRAN PREMIO DE LA CIUDAD DE MÉXICO,1248,practice_1,https://www.formula1.com/en/results.html/2024/races/1248/mexico/practice-1.html,2,55,SAI,Carlos Sainz,Ferrari,25,1:18.315,+0.317s
2024,FORMULA 1 GRAN PREMIO DE LA CIUDAD DE MÉXICO,1248,practice_1,https://www.formula1.com/en/results.html/2024/races/1248/mexico/practice-1.html,3,22,TSU,Yuki Tsunoda,RB Honda RBPT,24,1:18.699,+0.701s
2024,FORMULA 1 GRAN PREMIO DE LA CIUDAD DE MÉXICO,1248,practice_1,https://www.formula1.com/en/results.html/2024/races/1248/mexico/practice-1.html,4,1,VER,Max Verstappen,Red Bull Racing Honda RBPT,14,1:18.839,+0.841s
2024,FORMULA 1 GRAN PREMIO DE LA CIUDAD DE MÉXICO,1248,practice_1,https://www.formula1.com/en/results.html/2024/races/1248/mexico/practice-1.html,5,27,HUL,Nico Hulkenberg,Haas Ferrari,18,1:18.904,+0.906s
2024,FORMULA 1 GRAN PREMIO DE LA CIUDAD DE MÉXICO,1248,practice_1,https://www.formula1.com/en/results.html/2024/races/1248/mexico/practice-1.html,6,81,PIA,Oscar Piastri,McLaren Mercedes,24,1:18.958,+0.960s
2024,FORMULA 1 GRAN PREMIO DE LA CIUDAD DE MÉXICO,1248,practice_1,https://www.formula1.com/en/results.html/2024/races/1248/mexico/practice-1.html,7,31,OCO,Esteban Ocon,Alpine Renault,22,1:18.996,+0.998s
2024,FORMULA 1 GRAN PREMIO DE LA CIUDAD DE MÉXICO,1248,practice_1,https://www.formula1.com/en/results.html/2024/races/1248/mexico/practice-1.html,8,77,BOT,Valtteri Bottas,Kick Sauber Ferrari,24,1:19.048,+1.050s
2024,FORMULA 1 GRAN PREMIO DE LA CIUDAD DE MÉXICO,1248,practice_1,https://www.formula1.com/en/results.html/2024/races/1248/mexico/practice-1.html,9,30,LAW,Liam Lawson,RB Honda RBPT,26,1:19.093,+1.095s
2024,FORMULA 1 GRAN PREMIO DE LA CIUDAD DE MÉXICO,1248,practice_1,https://www.formula1.com/en/results.html/2024/races/1248/mexico/practice-1.html,10,11,PER,Sergio Perez,Red Bull Racing Honda RBPT,23,1:19.094,+1.096s
2024,FORMULA 1 GRAN PREMIO DE LA CIUDAD DE MÉXICO,1248,practice_1,https://www.formula1.com/en/results.html/2024/races/1248/mexico/practice-1.html,11,43,COL,Franco Colapinto,Williams Mercedes,21,1:19.109,+1.111s
2024,FORMULA 1 GRAN PREMIO DE LA CIUDAD DE MÉXICO,1248,practice_1,https://www.formula1.com/en/results.html/2024/races/1248/mexico/practice-1.html,12,12,ANT,Kimi Antonelli,Mercedes,19,1:19.200,+1.202s
2024,FORMULA 1 GRAN PREMIO DE LA CIUDAD DE MÉXICO,1248,practice_1,https://www.formula1.com/en/results.html/2024/races/1248/mexico/practice-1.html,13,29,OWA,Patricio O'Ward,McLaren Mercedes,21,1:19.295,+1.297s
2024,FORMULA 1 GRAN PREMIO DE LA CIUDAD DE MÉXICO,1248,practice_1,https://www.formula1.com/en/results.html/2024/races/1248/mexico/practice-1.html,14,20,MAG,Kevin Magnussen,Haas Ferrari,23,1:19.335,+1.337s
2024,FORMULA 1 GRAN PREMIO DE LA CIUDAD DE MÉXICO,1248,practice_1,https://www.formula1.com/en/results.html/2024/races/1248/mexico/practice-1.html,15,10,GAS,Pierre Gasly,Alpine Renault,20,1:19.340,+1.342s
2024,FORMULA 1 GRAN PREMIO DE LA CIUDAD DE MÉXICO,1248,practice_1,https://www.formula1.com/en/results.html/2024/races/1248/mexico/practice-1.html,16,18,STR,Lance Stroll,Aston Martin Aramco Mercedes,18,1:19.600,+1.602s
2024,FORMULA 1 GRAN PREMIO DE LA CIUDAD DE MÉXICO,1248,practice_1,https://www.formula1.com/en/results.html/2024/races/1248/mexico/practice-1.html,17,23,ALB,Alexander Albon,Williams Mercedes,7,1:19.812,+1.814s
2024,FORMULA 1 GRAN PREMIO DE LA CIUDAD DE MÉXICO,1248,practice_1,https://www.formula1.com/en/results.html/2024/races/1248/mexico/practice-1.html,18,34,DRU,Felipe Drugovich,Aston Martin Aramco Mercedes,17,1:19.819,+1.821s
2024,FORMULA 1 GRAN PREMIO DE LA CIUDAD DE MÉXICO,1248,practice_1,https://www.formula1.com/en/results.html/2024/races/1248/mexico/practice-1.html,19,97,SHW,Robert Shwartzman,Kick Sauber Ferrari,18,1:19.988,+1.990s
2024,FORMULA 1 GRAN PREMIO DE LA CIUDAD DE MÉXICO,1248,practice_1,https://www.formula1.com/en/results.html/2024/races/1248/mexico/practice-1.html,20,38,BEA,Oliver Bearman,Ferrari,7,1:21.256,+3.258s
2024,FORMULA 1 LENOVO GRANDE PRÊMIO DE SÃO PAULO,1249,practice_1,https://www.formula1.com/en/results.html/2024/races/1249/brazil/practice-1.html,1,4,NOR,Lando Norris,McLaren Mercedes,29,1:10.610,
2024,FORMULA 1 LENOVO GRANDE PRÊMIO DE SÃO PAULO,1249,practice_1,https://www.formula1.com/en/results.html/2024/races/1249/brazil/practice-1.html,2,63,RUS,George Russell,Mercedes,24,1:10.791,+0.181s
2024,FORMULA 1 LENOVO GRANDE PRÊMIO DE SÃO PAULO,1249,practice_1,https://www.formula1.com/en/results.html/2024/races/1249/brazil/practice-1.html,3,50,BEA,Oliver Bearman,Haas Ferrari,30,1:10.805,+0.195s
2024,FORMULA 1 LENOVO GRANDE PRÊMIO DE SÃO PAULO,1249,practice_1,https://www.formula1.com/en/results.html/2024/races/1249/brazil/practice-1.html,4,81,PIA,Oscar Piastri,McLaren Mercedes,30,1:10.950,+0.340s
2024,FORMULA 1 LENOVO GRANDE PRÊMIO DE SÃO PAULO,1249,practice_1,https://www.formula1.com/en/results.html/2024/races/1249/brazil/practice-1.html,5,23,ALB,Alexander Albon,Williams Mercedes,28,1:10.955,+0.345s
2024,FORMULA 1 LENOVO GRANDE PRÊMIO DE SÃO PAULO,1249,practice_1,https://www.formula1.com/en/results.html/2024/races/1249/brazil/practice-1.html,6,16,LEC,Charles Leclerc,Ferrari,31,1:11.038,+0.428s
2024,FORMULA 1 LENOVO GRANDE PRÊMIO DE SÃO PAULO,1249,practice_1,https://www.formula1.com/en/results.html/2024/races/1249/brazil/practice-1.html,7,55,SAI,Carlos Sainz,Ferrari,30,1:11.100,+0.490s
2024,FORMULA 1 LENOVO GRANDE PRÊMIO DE SÃO PAULO,1249,practice_1,https://www.formula1.com/en/results.html/2024/races/1249/brazil/practice-1.html,8,27,HUL,Nico Hulkenberg,Haas Ferrari,26,1:11.124,+0.514s
2024,FORMULA 1 LENOVO GRANDE PRÊMIO DE SÃO PAULO,1249,practice_1,https://www.formula1.com/en/results.html/2024/races/1249/brazil/practice-1.html,9,14,ALO,Fernando Alonso,Aston Martin Aramco Mercedes,26,1:11.215,+0.605s
2024,FORMULA 1 LENOVO GRANDE PRÊMIO DE SÃO PAULO,1249,practice_1,https://www.formula1.com/en/results.html/2024/races/1249/brazil/practice-1.html,10,10,GAS,Pierre Gasly,Alpine Renault,27,1:11.216,+0.606s
2024,FORMULA 1 LENOVO GRANDE PRÊMIO DE SÃO PAULO,1249,practice_1,https://www.formula1.com/en/results.html/2024/races/1249/brazil/practice-1.html,11,30,LAW,Liam Lawson,RB Honda RBPT,26,1:11.301,+0.691s
2024,FORMULA 1 LENOVO GRANDE PRÊMIO DE SÃO PAULO,1249,practice_1,https://www.formula1.com/en/results.html/2024/races/1249/brazil/practice-1.html,12,22,TSU,Yuki Tsunoda,RB Honda RBPT,25,1:11.483,+0.873s
2024,FORMULA 1 LENOVO GRANDE PRÊMIO DE SÃO PAULO,1249,practice_1,https://www.formula1.com/en/results.html/2024/races/1249/brazil/practice-1.html,13,43,COL,Franco Colapinto,Williams Mercedes,31,1:11.619,+1.009s
2024,FORMULA 1 LENOVO GRANDE PRÊMIO DE SÃO PAULO,1249,practice_1,https://www.formula1.com/en/results.html/2024/races/1249/brazil/practice-1.html,14,77,BOT,Valtteri Bottas,Kick Sauber Ferrari,29,1:11.651,+1.041s
2024,FORMULA 1 LENOVO GRANDE PRÊMIO DE SÃO PAULO,1249,practice_1,https://www.formula1.com/en/results.html/2024/races/1249/brazil/practice-1.html,15,1,VER,Max Verstappen,Red Bull Racing Honda RBPT,30,1:11.712,+1.102s
2024,FORMULA 1 LENOVO GRANDE PRÊMIO DE SÃO PAULO,1249,practice_1,https://www.formula1.com/en/results.html/2024/races/1249/brazil/practice-1.html,16,44,HAM,Lewis Hamilton,Mercedes,30,1:11.754,+1.144s
2024,FORMULA 1 LENOVO GRANDE PRÊMIO DE SÃO PAULO,1249,practice_1,https://www.formula1.com/en/results.html/2024/races/1249/brazil/practice-1.html,17,18,STR,Lance Stroll,Aston Martin Aramco Mercedes,26,1:11.783,+1.173s
2024,FORMULA 1 LENOVO GRANDE PRÊMIO DE SÃO PAULO,1249,practice_1,https://www.formula1.com/en/results.html/2024/races/1249/brazil/practice-1.html,18,31,OCO,Esteban Ocon,Alpine Renault,26,1:11.827,+1.217s
2024,FORMULA 1 LENOVO GRANDE PRÊMIO DE SÃO PAULO,1249,practice_1,https://www.formula1.com/en/results.html/2024/races/1249/brazil/practice-1.html,19,11,PER,Sergio Perez,Red Bull Racing Honda RBPT,28,1:11.845,+1.235s
2024,FORMULA 1 LENOVO GRANDE PRÊMIO DE SÃO PAULO,1249,practice_1,https://www.formula1.com/en/results.html/2024/races/1249/brazil/practice-1.html,20,24,ZHO,Zhou Guanyu,Kick Sauber Ferrari,27,1:12.883,+2.273s
2024,FORMULA 1 HEINEKEN SILVER LAS VEGAS,1250,practice_1,https://www.formula1.com/en/results.html/2024/races/1250/las-vegas/practice-1.html,1,44,HAM,Lewis Hamilton,Mercedes,26,1:35.001,
2024,FORMULA 1 HEINEKEN SILVER LAS VEGAS,1250,practice_1,https://www.formula1.com/en/results.html/2024/races/1250/las-vegas/practice-1.html,2,63,RUS,George Russell,Mercedes,29,1:35.397,+0.396s
2024,FORMULA 1 HEINEKEN SILVER LAS VEGAS,1250,practice_1,https://www.formula1.com/en/results.html/2024/races/1250/las-vegas/practice-1.html,3,4,NOR,Lando Norris,McLaren Mercedes,27,1:35.954,+0.953s
2024,FORMULA 1 HEINEKEN SILVER LAS VEGAS,1250,practice_1,https://www.formula1.com/en/results.html/2024/races/1250/las-vegas/practice-1.html,4,16,LEC,Charles Leclerc,Ferrari,27,1:36.007,+1.006s
2024,FORMULA 1 HEINEKEN SILVER LAS VEGAS,1250,practice_1,https://www.formula1.com/en/results.html/2024/races/1250/las-vegas/practice-1.html,5,1,VER,Max Verstappen,Red Bull Racing Honda RBPT,25,1:36.038,+1.037s
2024,FORMULA 1 HEINEKEN SILVER LAS VEGAS,1250,practice_1,https://www.formula1.com/en/results.html/2024/races/1250/las-vegas/practice-1.html,6,55,SAI,Carlos Sainz,Ferrari,26,1:36.218,+1.217s
2024,FORMULA 1 HEINEKEN SILVER LAS VEGAS,1250,practice_1,https://www.formula1.com/en/results.html/2024/races/1250/las-vegas/practice-1.html,7,14,ALO,Fernando Alonso,Aston Martin Aramco Mercedes,25,1:36.262,+1.261s
2024,FORMULA 1 HEINEKEN SILVER LAS VEGAS,1250,practice_1,https://www.formula1.com/en/results.html/2024/races/1250/las-vegas/practice-1.html,8,81,PIA,Oscar Piastri,McLaren Mercedes,26,1:36.451,+1.450s
2024,FORMULA 1 HEINEKEN SILVER LAS VEGAS,1250,practice_1,https://www.formula1.com/en/results.html/2024/races/1250/las-vegas/practice-1.html,9,10,GAS,Pierre Gasly,Alpine Renault,24,1:36.478,+1.477s
2024,FORMULA 1 HEINEKEN SILVER LAS VEGAS,1250,practice_1,https://www.formula1.com/en/results.html/2024/races/1250/las-vegas/practice-1.html,10,11,PER,Sergio Perez,Red Bull Racing Honda RBPT,25,1:36.536,+1.535s
2024,FORMULA 1 HEINEKEN SILVER LAS VEGAS,1250,practice_1,https://www.formula1.com/en/results.html/2024/races/1250/las-vegas/practice-1.html,11,20,MAG,Kevin Magnussen,Haas Ferrari,24,1:36.811,+1.810s
2024,FORMULA 1 HEINEKEN SILVER LAS VEGAS,1250,practice_1,https://www.formula1.com/en/results.html/2024/races/1250/las-vegas/practice-1.html,12,18,STR,Lance Stroll,Aston Martin Aramco Mercedes,25,1:36.817,+1.816s
2024,FORMULA 1 HEINEKEN SILVER LAS VEGAS,1250,practice_1,https://www.formula1.com/en/results.html/2024/races/1250/las-vegas/practice-1.html,13,23,ALB,Alexander Albon,Williams Mercedes,26,1:36.948,+1.947s
2024,FORMULA 1 HEINEKEN SILVER LAS VEGAS,1250,practice_1,https://www.formula1.com/en/results.html/2024/races/1250/las-vegas/practice-1.html,14,31,OCO,Esteban Ocon,Alpine Renault,25,1:37.152,+2.151s
2024,FORMULA 1 HEINEKEN SILVER LAS VEGAS,1250,practice_1,https://www.formula1.com/en/results.html/2024/races/1250/las-vegas/practice-1.html,15,27,HUL,Nico Hulkenberg,Haas Ferrari,24,1:37.200,+2.199s
2024,FORMULA 1 HEINEKEN SILVER LAS VEGAS,1250,practice_1,https://www.formula1.com/en/results.html/2024/races/1250/las-vegas/practice-1.html,16,77,BOT,Valtteri Bottas,Kick Sauber Ferrari,25,1:37.765,+2.764s
2024,FORMULA 1 HEINEKEN SILVER LAS VEGAS,1250,practice_1,https://www.formula1.com/en/results.html/2024/races/1250/las-vegas/practice-1.html,17,43,COL,Franco Colapinto,Williams Mercedes,28,1:38.025,+3.024s
2024,FORMULA 1 HEINEKEN SILVER LAS VEGAS,1250,practice_1,https://www.formula1.com/en/results.html/2024/races/1250/las-vegas/practice-1.html,18,24,ZHO,Zhou Guanyu,Kick Sauber Ferrari,23,1:38.350,+3.349s
2024,FORMULA 1 HEINEKEN SILVER LAS VEGAS,1250,practice_1,https://www.formula1.com/en/results.html/2024/races/1250/las-vegas/practice-1.html,19,22,TSU,Yuki Tsunoda,RB Honda RBPT,23,1:38.574,+3.573s
2024,FORMULA 1 HEINEKEN SILVER LAS VEGAS,1250,practice_1,https://www.formula1.com/en/results.html/2024/races/1250/las-vegas/practice-1.html,20,30,LAW,Liam Lawson,RB Honda RBPT,28,1:38.730,+3.729s
2024,FORMULA 1 QATAR AIRWAYS QATAR,1251,practice_1,https://www.formula1.com/en/results.html/2024/races/1251/qatar/practice-1.html,1,16,LEC,Charles Leclerc,Ferrari,30,1:21.953,
2024,FORMULA 1 QATAR AIRWAYS QATAR,1251,practice_1,https://www.formula1.com/en/results.html/2024/races/1251/qatar/practice-1.html,2,4,NOR,Lando Norris,McLaren Mercedes,24,1:22.378,+0.425s
2024,FORMULA 1 QATAR AIRWAYS QATAR,1251,practice_1,https://www.formula1.com/en/results.html/2024/races/1251/qatar/practice-1.html,3,81,PIA,Oscar Piastri,McLaren Mercedes,26,1:22.425,+0.472s
2024,FORMULA 1 QATAR AIRWAYS QATAR,1251,practice_1,https://www.formula1.com/en/results.html/2024/races/1251/qatar/practice-1.html,4,55,SAI,Carlos Sainz,Ferrari,30,1:22.535,+0.582s
2024,FORMULA 1 QATAR AIRWAYS QATAR,1251,practice_1,https://www.formula1.com/en/results.html/2024/races/1251/qatar/practice-1.html,5,22,TSU,Yuki Tsunoda,RB Honda RBPT,27,1:23.045,+1.092s
2024,FORMULA 1 QATAR AIRWAYS QATAR,1251,practice_1,https://www.formula1.com/en/results.html/2024/races/1251/qatar/practice-1.html,6,77,BOT,Valtteri Bottas,Kick Sauber Ferrari,29,1:23.064,+1.111s
2024,FORMULA 1 QATAR AIRWAYS QATAR,1251,practice_1,https://www.formula1.com/en/results.html/2024/races/1251/qatar/practice-1.html,7,18,STR,Lance Stroll,Aston Martin Aramco Mercedes,24,1:23.099,+1.146s
2024,FORMULA 1 QATAR AIRWAYS QATAR,1251,practice_1,https://www.formula1.com/en/results.html/2024/races/1251/qatar/practice-1.html,8,63,RUS,George Russell,Mercedes,27,1:23.160,+1.207s
2024,FORMULA 1 QATAR AIRWAYS QATAR,1251,practice_1,https://www.formula1.com/en/results.html/2024/races/1251/qatar/practice-1.html,9,23,ALB,Alexander Albon,Williams Mercedes,29,1:23.161,+1.208s
2024,FORMULA 1 QATAR AIRWAYS QATAR,1251,practice_1,https://www.formula1.com/en/results.html/2024/races/1251/qatar/practice-1.html,10,44,HAM,Lewis Hamilton,Mercedes,26,1:23.188,+1.235s
2024,FORMULA 1 QATAR AIRWAYS QATAR,1251,practice_1,https://www.formula1.com/en/results.html/2024/races/1251/qatar/practice-1.html,11,1,VER,Max Verstappen,Red Bull Racing Honda RBPT,26,1:23.213,+1.260s
2024,FORMULA 1 QATAR AIRWAYS QATAR,1251,practice_1,https://www.formula1.com/en/results.html/2024/races/1251/qatar/practice-1.html,12,14,ALO,Fernando Alonso,Aston Martin Aramco Mercedes,24,1:23.227,+1.274s
2024,FORMULA 1 QATAR AIRWAYS QATAR,1251,practice_1,https://www.formula1.com/en/results.html/2024/races/1251/qatar/practice-1.html,13,27,HUL,Nico Hulkenberg,Haas Ferrari,27,1:23.245,+1.292s
2024,FORMULA 1 QATAR AIRWAYS QATAR,1251,practice_1,https://www.formula1.com/en/results.html/2024/races/1251/qatar/practice-1.html,14,30,LAW,Liam Lawson,RB Honda RBPT,29,1:23.562,+1.609s
2024,FORMULA 1 QATAR AIRWAYS QATAR,1251,practice_1,https://www.formula1.com/en/results.html/2024/races/1251/qatar/practice-1.html,15,10,GAS,Pierre Gasly,Alpine Renault,28,1:23.620,+1.667s
2024,FORMULA 1 QATAR AIRWAYS QATAR,1251,practice_1,https://www.formula1.com/en/results.html/2024/races/1251/qatar/practice-1.html,16,20,MAG,Kevin Magnussen,Haas Ferrari,27,1:23.715,+1.762s
2024,FORMULA 1 QATAR AIRWAYS QATAR,1251,practice_1,https://www.formula1.com/en/results.html/2024/races/1251/qatar/practice-1.html,17,24,ZHO,Zhou Guanyu,Kick Sauber Ferrari,27,1:23.880,+1.927s
2024,FORMULA 1 QATAR AIRWAYS QATAR,1251,practice_1,https://www.formula1.com/en/results.html/2024/races/1251/qatar/practice-1.html,18,11,PER,Sergio Perez,Red Bull Racing Honda RBPT,26,1:24.039,+2.086s
2024,FORMULA 1 QATAR AIRWAYS QATAR,1251,practice_1,https://www.formula1.com/en/results.html/2024/races/1251/qatar/practice-1.html,19,43,COL,Franco Colapinto,Williams Mercedes,29,1:24.200,+2.247s
2024,FORMULA 1 QATAR AIRWAYS QATAR,1251,practice_1,https://www.formula1.com/en/results.html/2024/races/1251/qatar/practice-1.html,20,31,OCO,Esteban Ocon,Alpine Renault,21,1:24.280,+2.327s
2024,FORMULA 1 ETIHAD AIRWAYS ABU DHABI,1252,practice_1,https://www.formula1.com/en/results.html/2024/races/1252/abu-dhabi/practice-1.html,1,16,LEC,Charles Leclerc,Ferrari,19,1:24.321,
2024,FORMULA 1 ETIHAD AIRWAYS ABU DHABI,1252,practice_1,https://www.formula1.com/en/results.html/2024/races/1252/abu-dhabi/practice-1.html,2,4,NOR,Lando Norris,McLaren Mercedes,25,1:24.542,+0.221s
2024,FORMULA 1 ETIHAD AIRWAYS ABU DHABI,1252,practice_1,https://www.formula1.com/en/results.html/2024/races/1252/abu-dhabi/practice-1.html,3,44,HAM,Lewis Hamilton,Mercedes,27,1:24.806,+0.485s
2024,FORMULA 1 ETIHAD AIRWAYS ABU DHABI,1252,practice_1,https://www.formula1.com/en/results.html/2024/races/1252/abu-dhabi/practice-1.html,4,63,RUS,George Russell,Mercedes,27,1:25.165,+0.844s
2024,FORMULA 1 ETIHAD AIRWAYS ABU DHABI,1252,practice_1,https://www.formula1.com/en/results.html/2024/races/1252/abu-dhabi/practice-1.html,5,10,GAS,Pierre Gasly,Alpine Renault,24,1:25.333,+1.012s
2024,FORMULA 1 ETIHAD AIRWAYS ABU DHABI,1252,practice_1,https://www.formula1.com/en/results.html/2024/races/1252/abu-dhabi/practice-1.html,6,27,HUL,Nico Hulkenberg,Haas Ferrari,23,1:25.373,+1.052s
2024,FORMULA 1 ETIHAD AIRWAYS ABU DHABI,1252,practice_1,https://www.formula1.com/en/results.html/2024/races/1252/abu-dhabi/practice-1.html,7,43,COL,Franco Colapinto,Williams Mercedes,24,1:25.382,+1.061s
2024,FORMULA 1 ETIHAD AIRWAYS ABU DHABI,1252,practice_1,https://www.formula1.com/en/results.html/2024/races/1252/abu-dhabi/practice-1.html,8,20,MAG,Kevin Magnussen,Haas Ferrari,25,1:25.444,+1.123s
2024,FORMULA 1 ETIHAD AIRWAYS ABU DHABI,1252,practice_1,https://www.formula1.com/en/results.html/2024/races/1252/abu-dhabi/practice-1.html,9,34,DRU,Felipe Drugovich,Aston Martin Aramco Mercedes,22,1:25.471,+1.150s
2024,FORMULA 1 ETIHAD AIRWAYS ABU DHABI,1252,practice_1,https://www.formula1.com/en/results.html/2024/races/1252/abu-dhabi/practice-1.html,10,11,PER,Sergio Perez,Red Bull Racing Honda RBPT,26,1:25.483,+1.162s
2024,FORMULA 1 ETIHAD AIRWAYS ABU DHABI,1252,practice_1,https://www.formula1.com/en/results.html/2024/races/1252/abu-dhabi/practice-1.html,11,14,ALO,Fernando Alonso,Aston Martin Aramco Mercedes,23,1:25.504,+1.183s
2024,FORMULA 1 ETIHAD AIRWAYS ABU DHABI,1252,practice_1,https://www.formula1.com/en/results.html/2024/races/1252/abu-dhabi/practice-1.html,12,30,LAW,Liam Lawson,RB Honda RBPT,27,1:25.563,+1.242s
2024,FORMULA 1 ETIHAD AIRWAYS ABU DHABI,1252,practice_1,https://www.formula1.com/en/results.html/2024/races/1252/abu-dhabi/practice-1.html,13,77,BOT,Valtteri Bottas,Kick Sauber Ferrari,23,1:25.611,+1.290s
2024,FORMULA 1 ETIHAD AIRWAYS ABU DHABI,1252,practice_1,https://www.formula1.com/en/results.html/2024/races/1252/abu-dhabi/practice-1.html,14,28,HIR,Ryo Hirakawa,McLaren Mercedes,19,1:25.874,+1.553s
2024,FORMULA 1 ETIHAD AIRWAYS ABU DHABI,1252,practice_1,https://www.formula1.com/en/results.html/2024/races/1252/abu-dhabi/practice-1.html,15,37,HAD,Isack Hadjar,Red Bull Racing Honda RBPT,22,1:25.877,+1.556s
2024,FORMULA 1 ETIHAD AIRWAYS ABU DHABI,1252,practice_1,https://www.formula1.com/en/results.html/2024/races/1252/abu-dhabi/practice-1.html,16,24,ZHO,Zhou Guanyu,Kick Sauber Ferrari,23,1:25.921,+1.600s
2024,FORMULA 1 ETIHAD AIRWAYS ABU DHABI,1252,practice_1,https://www.formula1.com/en/results.html/2024/races/1252/abu-dhabi/practice-1.html,17,40,IWA,Ayumu Iwasa,RB Honda RBPT,24,1:26.121,+1.800s
2024,FORMULA 1 ETIHAD AIRWAYS ABU DHABI,1252,practice_1,https://www.formula1.com/en/results.html/2024/races/1252/abu-dhabi/practice-1.html,18,39,LEL,Arthur Leclerc,Ferrari,22,1:26.179,+1.858s
2024,FORMULA 1 ETIHAD AIRWAYS ABU DHABI,1252,practice_1,https://www.formula1.com/en/results.html/2024/races/1252/abu-dhabi/practice-1.html,19,61,DOO,Jack Doohan,Alpine Renault,24,1:26.304,+1.983s
2024,FORMULA 1 ETIHAD AIRWAYS ABU DHABI,1252,practice_1,https://www.formula1.com/en/results.html/2024/races/1252/abu-dhabi/practice-1.html,20,46,BRO,Luke Browning,Williams Mercedes,22,1:26.519,+2.198s
