year,race_name,race_id,result_type,url,position,driver_number,driver_code,driver_name,team,sg_time
2020,FORMULA 1 ROLEX GROSSER PREIS VON ÖSTERREICH,1045,starting_grid,https://www.formula1.com/en/results.html/2020/races/1045/austria/starting-grid.html,1,77,BOT,Valtteri Bottas,Mercedes,1:02.939
2020,FORMULA 1 ROLEX GROSSER PREIS VON ÖSTERREICH,1045,starting_grid,https://www.formula1.com/en/results.html/2020/races/1045/austria/starting-grid.html,2,33,VER,Max Verstappen,Red Bull Racing Honda,1:03.477
2020,FORMULA 1 ROLEX GROSSER PREIS VON ÖSTERREICH,1045,starting_grid,https://www.formula1.com/en/results.html/2020/races/1045/austria/starting-grid.html,3,4,NOR,Lando Norris,McLaren Renault,1:03.626
2020,FORMULA 1 ROLEX GROSSER PREIS VON ÖSTERREICH,1045,starting_grid,https://www.formula1.com/en/results.html/2020/races/1045/austria/starting-grid.html,4,23,ALB,Alexander Albon,Red Bull Racing Honda,1:03.868
2020,FORMULA 1 ROLEX GROSSER PREIS VON ÖSTERREICH,1045,starting_grid,https://www.formula1.com/en/results.html/2020/races/1045/austria/starting-grid.html,5,44,HAM,Lewis Hamilton,Mercedes,1:02.951
2020,FORMULA 1 ROLEX GROSSER PREIS VON ÖSTERREICH,1045,starting_grid,https://www.formula1.com/en/results.html/2020/races/1045/austria/starting-grid.html,6,11,PER,Sergio Perez,Racing Point BWT Mercedes,1:03.868
2020,FORMULA 1 ROLEX GROSSER PREIS VON ÖSTERREICH,1045,starting_grid,https://www.formula1.com/en/results.html/2020/races/1045/austria/starting-grid.html,7,16,LEC,Charles Leclerc,Ferrari,1:03.923
2020,FORMULA 1 ROLEX GROSSER PREIS VON ÖSTERREICH,1045,starting_grid,https://www.formula1.com/en/results.html/2020/races/1045/austria/starting-grid.html,8,55,SAI,Carlos Sainz,McLaren Renault,1:03.971
2020,FORMULA 1 ROLEX GROSSER PREIS VON ÖSTERREICH,1045,starting_grid,https://www.formula1.com/en/results.html/2020/races/1045/austria/starting-grid.html,9,18,STR,Lance Stroll,Racing Point BWT Mercedes,1:04.029
2020,FORMULA 1 ROLEX GROSSER PREIS VON ÖSTERREICH,1045,starting_grid,https://www.formula1.com/en/results.html/2020/races/1045/austria/starting-grid.html,10,3,RIC,Daniel Ricciardo,Renault,1:04.239
2020,FORMULA 1 ROLEX GROSSER PREIS VON ÖSTERREICH,1045,starting_grid,https://www.formula1.com/en/results.html/2020/races/1045/austria/starting-grid.html,11,5,VET,Sebastian Vettel,Ferrari,1:04.206
2020,FORMULA 1 ROLEX GROSSER PREIS VON ÖSTERREICH,1045,starting_grid,https://www.formula1.com/en/results.html/2020/races/1045/austria/starting-grid.html,12,10,GAS,Pierre Gasly,AlphaTauri Honda,1:04.305
2020,FORMULA 1 ROLEX GROSSER PREIS VON ÖSTERREICH,1045,starting_grid,https://www.formula1.com/en/results.html/2020/races/1045/austria/starting-grid.html,13,26,KVY,Daniil Kvyat,AlphaTauri Honda,1:04.431
2020,FORMULA 1 ROLEX GROSSER PREIS VON ÖSTERREICH,1045,starting_grid,https://www.formula1.com/en/results.html/2020/races/1045/austria/starting-grid.html,14,31,OCO,Esteban Ocon,Renault,1:04.643
2020,FORMULA 1 ROLEX GROSSER PREIS VON ÖSTERREICH,1045,starting_grid,https://www.formula1.com/en/results.html/2020/races/1045/austria/starting-grid.html,15,8,GRO,Romain Grosjean,Haas Ferrari,1:04.691
2020,FORMULA 1 ROLEX GROSSER PREIS VON ÖSTERREICH,1045,starting_grid,https://www.formula1.com/en/results.html/2020/races/1045/austria/starting-grid.html,16,20,MAG,Kevin Magnussen,Haas Ferrari,1:05.164
2020,FORMULA 1 ROLEX GROSSER PREIS VON ÖSTERREICH,1045,starting_grid,https://www.formula1.com/en/results.html/2020/races/1045/austria/starting-grid.html,17,63,RUS,George Russell,Williams Mercedes,1:05.167
2020,FORMULA 1 ROLEX GROSSER PREIS VON ÖSTERREICH,1045,starting_grid,https://www.formula1.com/en/results.html/2020/races/1045/austria/starting-grid.html,18,99,GIO,Antonio Giovinazzi,Alfa Romeo Racing Ferrari,1:05.175
2020,FORMULA 1 ROLEX GROSSER PREIS VON ÖSTERREICH,1045,starting_grid,https://www.formula1.com/en/results.html/2020/races/1045/austria/starting-grid.html,19,7,RAI,Kimi Räikkönen,Alfa Romeo Racing Ferrari,1:05.224
2020,FORMULA 1 ROLEX GROSSER PREIS VON ÖSTERREICH,1045,starting_grid,https://www.formula1.com/en/results.html/2020/races/1045/austria/starting-grid.html,20,6,LAT,Nicholas Latifi,Williams Mercedes,1:05.757
2020,FORMULA 1 PIRELLI GROSSER PREIS DER STEIERMARK,1046,starting_grid,https://www.formula1.com/en/results.html/2020/races/1046/styria/starting-grid.html,1,44,HAM,Lewis Hamilton,Mercedes,1:19.273
2020,FORMULA 1 PIRELLI GROSSER PREIS DER STEIERMARK,1046,starting_grid,https://www.formula1.com/en/results.html/2020/races/1046/styria/starting-grid.html,2,33,VER,Max Verstappen,Red Bull Racing Honda,1:20.489
2020,FORMULA 1 PIRELLI GROSSER PREIS DER STEIERMARK,1046,starting_grid,https://www.formula1.com/en/results.html/2020/races/1046/styria/starting-grid.html,3,55,SAI,Carlos Sainz,McLaren Renault,1:20.671
2020,FORMULA 1 PIRELLI GROSSER PREIS DER STEIERMARK,1046,starting_grid,https://www.formula1.com/en/results.html/2020/races/1046/styria/starting-grid.html,4,77,BOT,Valtteri Bottas,Mercedes,1:20.701
2020,FORMULA 1 PIRELLI GROSSER PREIS DER STEIERMARK,1046,starting_grid,https://www.formula1.com/en/results.html/2020/races/1046/styria/starting-grid.html,5,31,OCO,Esteban Ocon,Renault,1:20.922
2020,FORMULA 1 PIRELLI GROSSER PREIS DER STEIERMARK,1046,starting_grid,https://www.formula1.com/en/results.html/2020/races/1046/styria/starting-grid.html,6,23,ALB,Alexander Albon,Red Bull Racing Honda,1:21.011
2020,FORMULA 1 PIRELLI GROSSER PREIS DER STEIERMARK,1046,starting_grid,https://www.formula1.com/en/results.html/2020/races/1046/styria/starting-grid.html,7,10,GAS,Pierre Gasly,AlphaTauri Honda,1:21.028
2020,FORMULA 1 PIRELLI GROSSER PREIS DER STEIERMARK,1046,starting_grid,https://www.formula1.com/en/results.html/2020/races/1046/styria/starting-grid.html,8,3,RIC,Daniel Ricciardo,Renault,1:21.192
2020,FORMULA 1 PIRELLI GROSSER PREIS DER STEIERMARK,1046,starting_grid,https://www.formula1.com/en/results.html/2020/races/1046/styria/starting-grid.html,9,4,NOR,Lando Norris,McLaren Renault,1:20.925
2020,FORMULA 1 PIRELLI GROSSER PREIS DER STEIERMARK,1046,starting_grid,https://www.formula1.com/en/results.html/2020/races/1046/styria/starting-grid.html,10,5,VET,Sebastian Vettel,Ferrari,1:21.651
2020,FORMULA 1 PIRELLI GROSSER PREIS DER STEIERMARK,1046,starting_grid,https://www.formula1.com/en/results.html/2020/races/1046/styria/starting-grid.html,11,63,RUS,George Russell,Williams Mercedes,1:19.636
2020,FORMULA 1 PIRELLI GROSSER PREIS DER STEIERMARK,1046,starting_grid,https://www.formula1.com/en/results.html/2020/races/1046/styria/starting-grid.html,12,18,STR,Lance Stroll,Racing Point BWT Mercedes,1:19.645
2020,FORMULA 1 PIRELLI GROSSER PREIS DER STEIERMARK,1046,starting_grid,https://www.formula1.com/en/results.html/2020/races/1046/styria/starting-grid.html,13,26,KVY,Daniil Kvyat,AlphaTauri Honda,1:19.717
2020,FORMULA 1 PIRELLI GROSSER PREIS DER STEIERMARK,1046,starting_grid,https://www.formula1.com/en/results.html/2020/races/1046/styria/starting-grid.html,14,16,LEC,Charles Leclerc,Ferrari,1:19.628
2020,FORMULA 1 PIRELLI GROSSER PREIS DER STEIERMARK,1046,starting_grid,https://www.formula1.com/en/results.html/2020/races/1046/styria/starting-grid.html,15,20,MAG,Kevin Magnussen,Haas Ferrari,1:20.211
2020,FORMULA 1 PIRELLI GROSSER PREIS DER STEIERMARK,1046,starting_grid,https://www.formula1.com/en/results.html/2020/races/1046/styria/starting-grid.html,16,7,RAI,Kimi Räikkönen,Alfa Romeo Racing Ferrari,1:21.372
2020,FORMULA 1 PIRELLI GROSSER PREIS DER STEIERMARK,1046,starting_grid,https://www.formula1.com/en/results.html/2020/races/1046/styria/starting-grid.html,17,11,PER,Sergio Perez,Racing Point BWT Mercedes,1:21.607
2020,FORMULA 1 PIRELLI GROSSER PREIS DER STEIERMARK,1046,starting_grid,https://www.formula1.com/en/results.html/2020/races/1046/styria/starting-grid.html,18,6,LAT,Nicholas Latifi,Williams Mercedes,1:21.759
2020,FORMULA 1 PIRELLI GROSSER PREIS DER STEIERMARK,1046,starting_grid,https://www.formula1.com/en/results.html/2020/races/1046/styria/starting-grid.html,19,99,GIO,Antonio Giovinazzi,Alfa Romeo Racing Ferrari,1:21.831
2020,FORMULA 1 ARAMCO MAGYAR NAGYDÍJ,1047,starting_grid,https://www.formula1.com/en/results.html/2020/races/1047/hungary/starting-grid.html,1,44,HAM,Lewis Hamilton,Mercedes,1:13.447
2020,FORMULA 1 ARAMCO MAGYAR NAGYDÍJ,1047,starting_grid,https://www.formula1.com/en/results.html/2020/races/1047/hungary/starting-grid.html,2,77,BOT,Valtteri Bottas,Mercedes,1:13.554
2020,FORMULA 1 ARAMCO MAGYAR NAGYDÍJ,1047,starting_grid,https://www.formula1.com/en/results.html/2020/races/1047/hungary/starting-grid.html,3,18,STR,Lance Stroll,Racing Point BWT Mercedes,1:14.377
2020,FORMULA 1 ARAMCO MAGYAR NAGYDÍJ,1047,starting_grid,https://www.formula1.com/en/results.html/2020/races/1047/hungary/starting-grid.html,4,11,PER,Sergio Perez,Racing Point BWT Mercedes,1:14.545
2020,FORMULA 1 ARAMCO MAGYAR NAGYDÍJ,1047,starting_grid,https://www.formula1.com/en/results.html/2020/races/1047/hungary/starting-grid.html,5,5,VET,Sebastian Vettel,Ferrari,1:14.774
2020,FORMULA 1 ARAMCO MAGYAR NAGYDÍJ,1047,starting_grid,https://www.formula1.com/en/results.html/2020/races/1047/hungary/starting-grid.html,6,16,LEC,Charles Leclerc,Ferrari,1:14.817
2020,FORMULA 1 ARAMCO MAGYAR NAGYDÍJ,1047,starting_grid,https://www.formula1.com/en/results.html/2020/races/1047/hungary/starting-grid.html,7,33,VER,Max Verstappen,Red Bull Racing Honda,1:14.849
2020,FORMULA 1 ARAMCO MAGYAR NAGYDÍJ,1047,starting_grid,https://www.formula1.com/en/results.html/2020/races/1047/hungary/starting-grid.html,8,4,NOR,Lando Norris,McLaren Renault,1:14.966
2020,FORMULA 1 ARAMCO MAGYAR NAGYDÍJ,1047,starting_grid,https://www.formula1.com/en/results.html/2020/races/1047/hungary/starting-grid.html,9,55,SAI,Carlos Sainz,McLaren Renault,1:15.027
2020,FORMULA 1 ARAMCO MAGYAR NAGYDÍJ,1047,starting_grid,https://www.formula1.com/en/results.html/2020/races/1047/hungary/starting-grid.html,10,10,GAS,Pierre Gasly,AlphaTauri Honda,
2020,FORMULA 1 ARAMCO MAGYAR NAGYDÍJ,1047,starting_grid,https://www.formula1.com/en/results.html/2020/races/1047/hungary/starting-grid.html,11,3,RIC,Daniel Ricciardo,Renault,1:15.661
2020,FORMULA 1 ARAMCO MAGYAR NAGYDÍJ,1047,starting_grid,https://www.formula1.com/en/results.html/2020/races/1047/hungary/starting-grid.html,12,63,RUS,George Russell,Williams Mercedes,1:15.698
2020,FORMULA 1 ARAMCO MAGYAR NAGYDÍJ,1047,starting_grid,https://www.formula1.com/en/results.html/2020/races/1047/hungary/starting-grid.html,13,23,ALB,Alexander Albon,Red Bull Racing Honda,1:15.715
2020,FORMULA 1 ARAMCO MAGYAR NAGYDÍJ,1047,starting_grid,https://www.formula1.com/en/results.html/2020/races/1047/hungary/starting-grid.html,14,31,OCO,Esteban Ocon,Renault,1:15.742
2020,FORMULA 1 ARAMCO MAGYAR NAGYDÍJ,1047,starting_grid,https://www.formula1.com/en/results.html/2020/races/1047/hungary/starting-grid.html,15,6,LAT,Nicholas Latifi,Williams Mercedes,1:16.544
2020,FORMULA 1 ARAMCO MAGYAR NAGYDÍJ,1047,starting_grid,https://www.formula1.com/en/results.html/2020/races/1047/hungary/starting-grid.html,16,20,MAG,Kevin Magnussen,Haas Ferrari,1:16.152
2020,FORMULA 1 ARAMCO MAGYAR NAGYDÍJ,1047,starting_grid,https://www.formula1.com/en/results.html/2020/races/1047/hungary/starting-grid.html,17,26,KVY,Daniil Kvyat,AlphaTauri Honda,1:16.204
2020,FORMULA 1 ARAMCO MAGYAR NAGYDÍJ,1047,starting_grid,https://www.formula1.com/en/results.html/2020/races/1047/hungary/starting-grid.html,18,8,GRO,Romain Grosjean,Haas Ferrari,1:16.407
2020,FORMULA 1 ARAMCO MAGYAR NAGYDÍJ,1047,starting_grid,https://www.formula1.com/en/results.html/2020/races/1047/hungary/starting-grid.html,19,99,GIO,Antonio Giovinazzi,Alfa Romeo Racing Ferrari,1:16.506
2020,FORMULA 1 ARAMCO MAGYAR NAGYDÍJ,1047,starting_grid,https://www.formula1.com/en/results.html/2020/races/1047/hungary/starting-grid.html,20,7,RAI,Kimi Räikkönen,Alfa Romeo Racing Ferrari,1:16.614
2020,FORMULA 1 PIRELLI BRITISH,1048,starting_grid,https://www.formula1.com/en/results.html/2020/races/1048/great-britain/starting-grid.html,1,44,HAM,Lewis Hamilton,Mercedes,1:24.303
2020,FORMULA 1 PIRELLI BRITISH,1048,starting_grid,https://www.formula1.com/en/results.html/2020/races/1048/great-britain/starting-grid.html,2,77,BOT,Valtteri Bottas,Mercedes,1:24.616
2020,FORMULA 1 PIRELLI BRITISH,1048,starting_grid,https://www.formula1.com/en/results.html/2020/races/1048/great-britain/starting-grid.html,3,33,VER,Max Verstappen,Red Bull Racing Honda,1:25.325
2020,FORMULA 1 PIRELLI BRITISH,1048,starting_grid,https://www.formula1.com/en/results.html/2020/races/1048/great-britain/starting-grid.html,4,16,LEC,Charles Leclerc,Ferrari,1:25.427
2020,FORMULA 1 PIRELLI BRITISH,1048,starting_grid,https://www.formula1.com/en/results.html/2020/races/1048/great-britain/starting-grid.html,5,4,NOR,Lando Norris,McLaren Renault,1:25.782
2020,FORMULA 1 PIRELLI BRITISH,1048,starting_grid,https://www.formula1.com/en/results.html/2020/races/1048/great-britain/starting-grid.html,6,18,STR,Lance Stroll,Racing Point BWT Mercedes,1:25.839
2020,FORMULA 1 PIRELLI BRITISH,1048,starting_grid,https://www.formula1.com/en/results.html/2020/races/1048/great-britain/starting-grid.html,7,55,SAI,Carlos Sainz,McLaren Renault,1:25.965
2020,FORMULA 1 PIRELLI BRITISH,1048,starting_grid,https://www.formula1.com/en/results.html/2020/races/1048/great-britain/starting-grid.html,8,3,RIC,Daniel Ricciardo,Renault,1:26.009
2020,FORMULA 1 PIRELLI BRITISH,1048,starting_grid,https://www.formula1.com/en/results.html/2020/races/1048/great-britain/starting-grid.html,9,31,OCO,Esteban Ocon,Renault,1:26.209
2020,FORMULA 1 PIRELLI BRITISH,1048,starting_grid,https://www.formula1.com/en/results.html/2020/races/1048/great-britain/starting-grid.html,10,5,VET,Sebastian Vettel,Ferrari,1:26.339
2020,FORMULA 1 PIRELLI BRITISH,1048,starting_grid,https://www.formula1.com/en/results.html/2020/races/1048/great-britain/starting-grid.html,11,10,GAS,Pierre Gasly,AlphaTauri Honda,1:26.501
2020,FORMULA 1 PIRELLI BRITISH,1048,starting_grid,https://www.formula1.com/en/results.html/2020/races/1048/great-britain/starting-grid.html,12,23,ALB,Alexander Albon,Red Bull Racing Honda,1:26.545
2020,FORMULA 1 PIRELLI BRITISH,1048,starting_grid,https://www.formula1.com/en/results.html/2020/races/1048/great-britain/starting-grid.html,13,27,HUL,Nico Hulkenberg,Racing Point BWT Mercedes,1:26.566
2020,FORMULA 1 PIRELLI BRITISH,1048,starting_grid,https://www.formula1.com/en/results.html/2020/races/1048/great-britain/starting-grid.html,14,20,MAG,Kevin Magnussen,Haas Ferrari,1:27.158
2020,FORMULA 1 PIRELLI BRITISH,1048,starting_grid,https://www.formula1.com/en/results.html/2020/races/1048/great-britain/starting-grid.html,15,99,GIO,Antonio Giovinazzi,Alfa Romeo Racing Ferrari,1:27.164
2020,FORMULA 1 PIRELLI BRITISH,1048,starting_grid,https://www.formula1.com/en/results.html/2020/races/1048/great-britain/starting-grid.html,16,7,RAI,Kimi Räikkönen,Alfa Romeo Racing Ferrari,1:27.366
2020,FORMULA 1 PIRELLI BRITISH,1048,starting_grid,https://www.formula1.com/en/results.html/2020/races/1048/great-britain/starting-grid.html,17,8,GRO,Romain Grosjean,Haas Ferrari,1:27.643
2020,FORMULA 1 PIRELLI BRITISH,1048,starting_grid,https://www.formula1.com/en/results.html/2020/races/1048/great-britain/starting-grid.html,18,6,LAT,Nicholas Latifi,Williams Mercedes,1:27.705
2020,FORMULA 1 PIRELLI BRITISH,1048,starting_grid,https://www.formula1.com/en/results.html/2020/races/1048/great-britain/starting-grid.html,19,26,KVY,Daniil Kvyat,AlphaTauri Honda,1:26.744
2020,FORMULA 1 PIRELLI BRITISH,1048,starting_grid,https://www.formula1.com/en/results.html/2020/races/1048/great-britain/starting-grid.html,20,63,RUS,George Russell,Williams Mercedes,1:27.092
2020,EMIRATES FORMULA 1 70TH ANNIVERSARY,1049,starting_grid,https://www.formula1.com/en/results.html/2020/races/1049/70th-anniversary/starting-grid.html,1,77,BOT,Valtteri Bottas,Mercedes,1:25.154
2020,EMIRATES FORMULA 1 70TH ANNIVERSARY,1049,starting_grid,https://www.formula1.com/en/results.html/2020/races/1049/70th-anniversary/starting-grid.html,2,44,HAM,Lewis Hamilton,Mercedes,1:25.217
2020,EMIRATES FORMULA 1 70TH ANNIVERSARY,1049,starting_grid,https://www.formula1.com/en/results.html/2020/races/1049/70th-anniversary/starting-grid.html,3,27,HUL,Nico Hulkenberg,Racing Point BWT Mercedes,1:26.082
2020,EMIRATES FORMULA 1 70TH ANNIVERSARY,1049,starting_grid,https://www.formula1.com/en/results.html/2020/races/1049/70th-anniversary/starting-grid.html,4,33,VER,Max Verstappen,Red Bull Racing Honda,1:26.176
2020,EMIRATES FORMULA 1 70TH ANNIVERSARY,1049,starting_grid,https://www.formula1.com/en/results.html/2020/races/1049/70th-anniversary/starting-grid.html,5,3,RIC,Daniel Ricciardo,Renault,1:26.297
2020,EMIRATES FORMULA 1 70TH ANNIVERSARY,1049,starting_grid,https://www.formula1.com/en/results.html/2020/races/1049/70th-anniversary/starting-grid.html,6,18,STR,Lance Stroll,Racing Point BWT Mercedes,1:26.428
2020,EMIRATES FORMULA 1 70TH ANNIVERSARY,1049,starting_grid,https://www.formula1.com/en/results.html/2020/races/1049/70th-anniversary/starting-grid.html,7,10,GAS,Pierre Gasly,AlphaTauri Honda,1:26.534
2020,EMIRATES FORMULA 1 70TH ANNIVERSARY,1049,starting_grid,https://www.formula1.com/en/results.html/2020/races/1049/70th-anniversary/starting-grid.html,8,16,LEC,Charles Leclerc,Ferrari,1:26.614
2020,EMIRATES FORMULA 1 70TH ANNIVERSARY,1049,starting_grid,https://www.formula1.com/en/results.html/2020/races/1049/70th-anniversary/starting-grid.html,9,23,ALB,Alexander Albon,Red Bull Racing Honda,1:26.669
2020,EMIRATES FORMULA 1 70TH ANNIVERSARY,1049,starting_grid,https://www.formula1.com/en/results.html/2020/races/1049/70th-anniversary/starting-grid.html,10,4,NOR,Lando Norris,McLaren Renault,1:26.778
2020,EMIRATES FORMULA 1 70TH ANNIVERSARY,1049,starting_grid,https://www.formula1.com/en/results.html/2020/races/1049/70th-anniversary/starting-grid.html,11,5,VET,Sebastian Vettel,Ferrari,1:27.078
2020,EMIRATES FORMULA 1 70TH ANNIVERSARY,1049,starting_grid,https://www.formula1.com/en/results.html/2020/races/1049/70th-anniversary/starting-grid.html,12,55,SAI,Carlos Sainz,McLaren Renault,1:27.083
2020,EMIRATES FORMULA 1 70TH ANNIVERSARY,1049,starting_grid,https://www.formula1.com/en/results.html/2020/races/1049/70th-anniversary/starting-grid.html,13,8,GRO,Romain Grosjean,Haas Ferrari,1:27.254
2020,EMIRATES FORMULA 1 70TH ANNIVERSARY,1049,starting_grid,https://www.formula1.com/en/results.html/2020/races/1049/70th-anniversary/starting-grid.html,14,31,OCO,Esteban Ocon,Renault,1:27.011
2020,EMIRATES FORMULA 1 70TH ANNIVERSARY,1049,starting_grid,https://www.formula1.com/en/results.html/2020/races/1049/70th-anniversary/starting-grid.html,15,63,RUS,George Russell,Williams Mercedes,1:27.455
2020,EMIRATES FORMULA 1 70TH ANNIVERSARY,1049,starting_grid,https://www.formula1.com/en/results.html/2020/races/1049/70th-anniversary/starting-grid.html,16,26,KVY,Daniil Kvyat,AlphaTauri Honda,1:27.882
2020,EMIRATES FORMULA 1 70TH ANNIVERSARY,1049,starting_grid,https://www.formula1.com/en/results.html/2020/races/1049/70th-anniversary/starting-grid.html,17,20,MAG,Kevin Magnussen,Haas Ferrari,1:28.236
2020,EMIRATES FORMULA 1 70TH ANNIVERSARY,1049,starting_grid,https://www.formula1.com/en/results.html/2020/races/1049/70th-anniversary/starting-grid.html,18,6,LAT,Nicholas Latifi,Williams Mercedes,1:28.430
2020,EMIRATES FORMULA 1 70TH ANNIVERSARY,1049,starting_grid,https://www.formula1.com/en/results.html/2020/races/1049/70th-anniversary/starting-grid.html,19,99,GIO,Antonio Giovinazzi,Alfa Romeo Racing Ferrari,1:28.433
2020,EMIRATES FORMULA 1 70TH ANNIVERSARY,1049,starting_grid,https://www.formula1.com/en/results.html/2020/races/1049/70th-anniversary/starting-grid.html,20,7,RAI,Kimi Räikkönen,Alfa Romeo Racing Ferrari,1:28.493
2020,FORMULA 1 ARAMCO GRAN PREMIO DE ESPAÑA,1050,starting_grid,https://www.formula1.com/en/results.html/2020/races/1050/spain/starting-grid.html,1,44,HAM,Lewis Hamilton,Mercedes,1:15.584
2020,FORMULA 1 ARAMCO GRAN PREMIO DE ESPAÑA,1050,starting_grid,https://www.formula1.com/en/results.html/2020/races/1050/spain/starting-grid.html,2,77,BOT,Valtteri Bottas,Mercedes,1:15.643
2020,FORMULA 1 ARAMCO GRAN PREMIO DE ESPAÑA,1050,starting_grid,https://www.formula1.com/en/results.html/2020/races/1050/spain/starting-grid.html,3,33,VER,Max Verstappen,Red Bull Racing Honda,1:16.292
2020,FORMULA 1 ARAMCO GRAN PREMIO DE ESPAÑA,1050,starting_grid,https://www.formula1.com/en/results.html/2020/races/1050/spain/starting-grid.html,4,11,PER,Sergio Perez,Racing Point BWT Mercedes,1:16.482
2020,FORMULA 1 ARAMCO GRAN PREMIO DE ESPAÑA,1050,starting_grid,https://www.formula1.com/en/results.html/2020/races/1050/spain/starting-grid.html,5,18,STR,Lance Stroll,Racing Point BWT Mercedes,1:16.589
2020,FORMULA 1 ARAMCO GRAN PREMIO DE ESPAÑA,1050,starting_grid,https://www.formula1.com/en/results.html/2020/races/1050/spain/starting-grid.html,6,23,ALB,Alexander Albon,Red Bull Racing Honda,1:17.029
2020,FORMULA 1 ARAMCO GRAN PREMIO DE ESPAÑA,1050,starting_grid,https://www.formula1.com/en/results.html/2020/races/1050/spain/starting-grid.html,7,55,SAI,Carlos Sainz,McLaren Renault,1:17.044
2020,FORMULA 1 ARAMCO GRAN PREMIO DE ESPAÑA,1050,starting_grid,https://www.formula1.com/en/results.html/2020/races/1050/spain/starting-grid.html,8,4,NOR,Lando Norris,McLaren Renault,1:17.084
2020,FORMULA 1 ARAMCO GRAN PREMIO DE ESPAÑA,1050,starting_grid,https://www.formula1.com/en/results.html/2020/races/1050/spain/starting-grid.html,9,16,LEC,Charles Leclerc,Ferrari,1:17.087
2020,FORMULA 1 ARAMCO GRAN PREMIO DE ESPAÑA,1050,starting_grid,https://www.formula1.com/en/results.html/2020/races/1050/spain/starting-grid.html,10,10,GAS,Pierre Gasly,AlphaTauri Honda,1:17.136
2020,FORMULA 1 ARAMCO GRAN PREMIO DE ESPAÑA,1050,starting_grid,https://www.formula1.com/en/results.html/2020/races/1050/spain/starting-grid.html,11,5,VET,Sebastian Vettel,Ferrari,1:17.168
2020,FORMULA 1 ARAMCO GRAN PREMIO DE ESPAÑA,1050,starting_grid,https://www.formula1.com/en/results.html/2020/races/1050/spain/starting-grid.html,12,26,KVY,Daniil Kvyat,AlphaTauri Honda,1:17.192
2020,FORMULA 1 ARAMCO GRAN PREMIO DE ESPAÑA,1050,starting_grid,https://www.formula1.com/en/results.html/2020/races/1050/spain/starting-grid.html,13,3,RIC,Daniel Ricciardo,Renault,1:17.198
2020,FORMULA 1 ARAMCO GRAN PREMIO DE ESPAÑA,1050,starting_grid,https://www.formula1.com/en/results.html/2020/races/1050/spain/starting-grid.html,14,7,RAI,Kimi Räikkönen,Alfa Romeo Racing Ferrari,1:17.386
2020,FORMULA 1 ARAMCO GRAN PREMIO DE ESPAÑA,1050,starting_grid,https://www.formula1.com/en/results.html/2020/races/1050/spain/starting-grid.html,15,31,OCO,Esteban Ocon,Renault,1:17.567
2020,FORMULA 1 ARAMCO GRAN PREMIO DE ESPAÑA,1050,starting_grid,https://www.formula1.com/en/results.html/2020/races/1050/spain/starting-grid.html,16,20,MAG,Kevin Magnussen,Haas Ferrari,1:17.908
2020,FORMULA 1 ARAMCO GRAN PREMIO DE ESPAÑA,1050,starting_grid,https://www.formula1.com/en/results.html/2020/races/1050/spain/starting-grid.html,17,8,GRO,Romain Grosjean,Haas Ferrari,1:18.089
2020,FORMULA 1 ARAMCO GRAN PREMIO DE ESPAÑA,1050,starting_grid,https://www.formula1.com/en/results.html/2020/races/1050/spain/starting-grid.html,18,63,RUS,George Russell,Williams Mercedes,1:18.099
2020,FORMULA 1 ARAMCO GRAN PREMIO DE ESPAÑA,1050,starting_grid,https://www.formula1.com/en/results.html/2020/races/1050/spain/starting-grid.html,19,6,LAT,Nicholas Latifi,Williams Mercedes,1:18.532
2020,FORMULA 1 ARAMCO GRAN PREMIO DE ESPAÑA,1050,starting_grid,https://www.formula1.com/en/results.html/2020/races/1050/spain/starting-grid.html,20,99,GIO,Antonio Giovinazzi,Alfa Romeo Racing Ferrari,1:18.697
2020,FORMULA 1 ROLEX BELGIAN,1051,starting_grid,https://www.formula1.com/en/results.html/2020/races/1051/belgium/starting-grid.html,1,44,HAM,Lewis Hamilton,Mercedes,1:41.252
2020,FORMULA 1 ROLEX BELGIAN,1051,starting_grid,https://www.formula1.com/en/results.html/2020/races/1051/belgium/starting-grid.html,2,77,BOT,Valtteri Bottas,Mercedes,1:41.763
2020,FORMULA 1 ROLEX BELGIAN,1051,starting_grid,https://www.formula1.com/en/results.html/2020/races/1051/belgium/starting-grid.html,3,33,VER,Max Verstappen,Red Bull Racing Honda,1:41.778
2020,FORMULA 1 ROLEX BELGIAN,1051,starting_grid,https://www.formula1.com/en/results.html/2020/races/1051/belgium/starting-grid.html,4,3,RIC,Daniel Ricciardo,Renault,1:42.061
2020,FORMULA 1 ROLEX BELGIAN,1051,starting_grid,https://www.formula1.com/en/results.html/2020/races/1051/belgium/starting-grid.html,5,23,ALB,Alexander Albon,Red Bull Racing Honda,1:42.264
2020,FORMULA 1 ROLEX BELGIAN,1051,starting_grid,https://www.formula1.com/en/results.html/2020/races/1051/belgium/starting-grid.html,6,31,OCO,Esteban Ocon,Renault,1:42.396
2020,FORMULA 1 ROLEX BELGIAN,1051,starting_grid,https://www.formula1.com/en/results.html/2020/races/1051/belgium/starting-grid.html,7,55,SAI,Carlos Sainz,McLaren Renault,1:42.438
2020,FORMULA 1 ROLEX BELGIAN,1051,starting_grid,https://www.formula1.com/en/results.html/2020/races/1051/belgium/starting-grid.html,8,11,PER,Sergio Perez,Racing Point BWT Mercedes,1:42.532
2020,FORMULA 1 ROLEX BELGIAN,1051,starting_grid,https://www.formula1.com/en/results.html/2020/races/1051/belgium/starting-grid.html,9,18,STR,Lance Stroll,Racing Point BWT Mercedes,1:42.603
2020,FORMULA 1 ROLEX BELGIAN,1051,starting_grid,https://www.formula1.com/en/results.html/2020/races/1051/belgium/starting-grid.html,10,4,NOR,Lando Norris,McLaren Renault,1:42.657
2020,FORMULA 1 ROLEX BELGIAN,1051,starting_grid,https://www.formula1.com/en/results.html/2020/races/1051/belgium/starting-grid.html,11,26,KVY,Daniil Kvyat,AlphaTauri Honda,1:42.730
2020,FORMULA 1 ROLEX BELGIAN,1051,starting_grid,https://www.formula1.com/en/results.html/2020/races/1051/belgium/starting-grid.html,12,10,GAS,Pierre Gasly,AlphaTauri Honda,1:42.745
2020,FORMULA 1 ROLEX BELGIAN,1051,starting_grid,https://www.formula1.com/en/results.html/2020/races/1051/belgium/starting-grid.html,13,16,LEC,Charles Leclerc,Ferrari,1:42.996
2020,FORMULA 1 ROLEX BELGIAN,1051,starting_grid,https://www.formula1.com/en/results.html/2020/races/1051/belgium/starting-grid.html,14,5,VET,Sebastian Vettel,Ferrari,1:43.261
2020,FORMULA 1 ROLEX BELGIAN,1051,starting_grid,https://www.formula1.com/en/results.html/2020/races/1051/belgium/starting-grid.html,15,63,RUS,George Russell,Williams Mercedes,1:43.468
2020,FORMULA 1 ROLEX BELGIAN,1051,starting_grid,https://www.formula1.com/en/results.html/2020/races/1051/belgium/starting-grid.html,16,7,RAI,Kimi Räikkönen,Alfa Romeo Racing Ferrari,1:43.743
2020,FORMULA 1 ROLEX BELGIAN,1051,starting_grid,https://www.formula1.com/en/results.html/2020/races/1051/belgium/starting-grid.html,17,8,GRO,Romain Grosjean,Haas Ferrari,1:43.838
2020,FORMULA 1 ROLEX BELGIAN,1051,starting_grid,https://www.formula1.com/en/results.html/2020/races/1051/belgium/starting-grid.html,18,99,GIO,Antonio Giovinazzi,Alfa Romeo Racing Ferrari,1:43.950
2020,FORMULA 1 ROLEX BELGIAN,1051,starting_grid,https://www.formula1.com/en/results.html/2020/races/1051/belgium/starting-grid.html,19,6,LAT,Nicholas Latifi,Williams Mercedes,1:44.138
2020,FORMULA 1 ROLEX BELGIAN,1051,starting_grid,https://www.formula1.com/en/results.html/2020/races/1051/belgium/starting-grid.html,20,20,MAG,Kevin Magnussen,Haas Ferrari,1:44.314
2020,ITALIA,1052,starting_grid,https://www.formula1.com/en/results.html/2020/races/1052/italy/starting-grid.html,1,44,HAM,Lewis Hamilton,Mercedes,1:18.887
2020,ITALIA,1052,starting_grid,https://www.formula1.com/en/results.html/2020/races/1052/italy/starting-grid.html,2,77,BOT,Valtteri Bottas,Mercedes,1:18.956
2020,ITALIA,1052,starting_grid,https://www.formula1.com/en/results.html/2020/races/1052/italy/starting-grid.html,3,55,SAI,Carlos Sainz,McLaren Renault,1:19.695
2020,ITALIA,1052,starting_grid,https://www.formula1.com/en/results.html/2020/races/1052/italy/starting-grid.html,4,11,PER,Sergio Perez,Racing Point BWT Mercedes,1:19.720
2020,ITALIA,1052,starting_grid,https://www.formula1.com/en/results.html/2020/races/1052/italy/starting-grid.html,5,33,VER,Max Verstappen,Red Bull Racing Honda,1:19.795
2020,ITALIA,1052,starting_grid,https://www.formula1.com/en/results.html/2020/races/1052/italy/starting-grid.html,6,4,NOR,Lando Norris,McLaren Renault,1:19.820
2020,ITALIA,1052,starting_grid,https://www.formula1.com/en/results.html/2020/races/1052/italy/starting-grid.html,7,3,RIC,Daniel Ricciardo,Renault,1:19.864
2020,ITALIA,1052,starting_grid,https://www.formula1.com/en/results.html/2020/races/1052/italy/starting-grid.html,8,18,STR,Lance Stroll,Racing Point BWT Mercedes,1:20.049
2020,ITALIA,1052,starting_grid,https://www.formula1.com/en/results.html/2020/races/1052/italy/starting-grid.html,9,23,ALB,Alexander Albon,Red Bull Racing Honda,1:20.090
2020,ITALIA,1052,starting_grid,https://www.formula1.com/en/results.html/2020/races/1052/italy/starting-grid.html,10,10,GAS,Pierre Gasly,AlphaTauri Honda,1:20.177
2020,ITALIA,1052,starting_grid,https://www.formula1.com/en/results.html/2020/races/1052/italy/starting-grid.html,11,26,KVY,Daniil Kvyat,AlphaTauri Honda,1:20.169
2020,ITALIA,1052,starting_grid,https://www.formula1.com/en/results.html/2020/races/1052/italy/starting-grid.html,12,31,OCO,Esteban Ocon,Renault,1:20.234
2020,ITALIA,1052,starting_grid,https://www.formula1.com/en/results.html/2020/races/1052/italy/starting-grid.html,13,16,LEC,Charles Leclerc,Ferrari,1:20.273
2020,ITALIA,1052,starting_grid,https://www.formula1.com/en/results.html/2020/races/1052/italy/starting-grid.html,14,7,RAI,Kimi Räikkönen,Alfa Romeo Racing Ferrari,1:20.926
2020,ITALIA,1052,starting_grid,https://www.formula1.com/en/results.html/2020/races/1052/italy/starting-grid.html,15,20,MAG,Kevin Magnussen,Haas Ferrari,1:21.573
2020,ITALIA,1052,starting_grid,https://www.formula1.com/en/results.html/2020/races/1052/italy/starting-grid.html,16,8,GRO,Romain Grosjean,Haas Ferrari,1:21.139
2020,ITALIA,1052,starting_grid,https://www.formula1.com/en/results.html/2020/races/1052/italy/starting-grid.html,17,5,VET,Sebastian Vettel,Ferrari,1:21.151
2020,ITALIA,1052,starting_grid,https://www.formula1.com/en/results.html/2020/races/1052/italy/starting-grid.html,18,99,GIO,Antonio Giovinazzi,Alfa Romeo Racing Ferrari,1:21.206
2020,ITALIA,1052,starting_grid,https://www.formula1.com/en/results.html/2020/races/1052/italy/starting-grid.html,19,63,RUS,George Russell,Williams Mercedes,1:21.587
2020,ITALIA,1052,starting_grid,https://www.formula1.com/en/results.html/2020/races/1052/italy/starting-grid.html,20,6,LAT,Nicholas Latifi,Williams Mercedes,1:21.717
1000,FORMULA 1 PIRELLI GRAN PREMIO DELLA TOSCANA FERRARI,1053,starting_grid,https://www.formula1.com/en/results.html/2020/races/1053/tuscany/starting-grid.html,1,44,HAM,Lewis Hamilton,Mercedes,1:15.144
1000,FORMULA 1 PIRELLI GRAN PREMIO DELLA TOSCANA FERRARI,1053,starting_grid,https://www.formula1.com/en/results.html/2020/races/1053/tuscany/starting-grid.html,2,77,BOT,Valtteri Bottas,Mercedes,1:15.203
1000,FORMULA 1 PIRELLI GRAN PREMIO DELLA TOSCANA FERRARI,1053,starting_grid,https://www.formula1.com/en/results.html/2020/races/1053/tuscany/starting-grid.html,3,33,VER,Max Verstappen,Red Bull Racing Honda,1:15.509
1000,FORMULA 1 PIRELLI GRAN PREMIO DELLA TOSCANA FERRARI,1053,starting_grid,https://www.formula1.com/en/results.html/2020/races/1053/tuscany/starting-grid.html,4,23,ALB,Alexander Albon,Red Bull Racing Honda,1:15.954
1000,FORMULA 1 PIRELLI GRAN PREMIO DELLA TOSCANA FERRARI,1053,starting_grid,https://www.formula1.com/en/results.html/2020/races/1053/tuscany/starting-grid.html,5,16,LEC,Charles Leclerc,Ferrari,1:16.270
1000,FORMULA 1 PIRELLI GRAN PREMIO DELLA TOSCANA FERRARI,1053,starting_grid,https://www.formula1.com/en/results.html/2020/races/1053/tuscany/starting-grid.html,6,18,STR,Lance Stroll,Racing Point BWT Mercedes,1:16.356
1000,FORMULA 1 PIRELLI GRAN PREMIO DELLA TOSCANA FERRARI,1053,starting_grid,https://www.formula1.com/en/results.html/2020/races/1053/tuscany/starting-grid.html,7,11,PER,Sergio Perez,Racing Point BWT Mercedes,1:16.311
1000,FORMULA 1 PIRELLI GRAN PREMIO DELLA TOSCANA FERRARI,1053,starting_grid,https://www.formula1.com/en/results.html/2020/races/1053/tuscany/starting-grid.html,8,3,RIC,Daniel Ricciardo,Renault,1:16.543
1000,FORMULA 1 PIRELLI GRAN PREMIO DELLA TOSCANA FERRARI,1053,starting_grid,https://www.formula1.com/en/results.html/2020/races/1053/tuscany/starting-grid.html,9,55,SAI,Carlos Sainz,McLaren Renault,1:17.870
1000,FORMULA 1 PIRELLI GRAN PREMIO DELLA TOSCANA FERRARI,1053,starting_grid,https://www.formula1.com/en/results.html/2020/races/1053/tuscany/starting-grid.html,10,31,OCO,Esteban Ocon,Renault,
1000,FORMULA 1 PIRELLI GRAN PREMIO DELLA TOSCANA FERRARI,1053,starting_grid,https://www.formula1.com/en/results.html/2020/races/1053/tuscany/starting-grid.html,11,4,NOR,Lando Norris,McLaren Renault,1:16.640
1000,FORMULA 1 PIRELLI GRAN PREMIO DELLA TOSCANA FERRARI,1053,starting_grid,https://www.formula1.com/en/results.html/2020/races/1053/tuscany/starting-grid.html,12,26,KVY,Daniil Kvyat,AlphaTauri Honda,1:16.854
1000,FORMULA 1 PIRELLI GRAN PREMIO DELLA TOSCANA FERRARI,1053,starting_grid,https://www.formula1.com/en/results.html/2020/races/1053/tuscany/starting-grid.html,13,7,RAI,Kimi Räikkönen,Alfa Romeo Racing Ferrari,1:16.854
1000,FORMULA 1 PIRELLI GRAN PREMIO DELLA TOSCANA FERRARI,1053,starting_grid,https://www.formula1.com/en/results.html/2020/races/1053/tuscany/starting-grid.html,14,5,VET,Sebastian Vettel,Ferrari,1:16.858
1000,FORMULA 1 PIRELLI GRAN PREMIO DELLA TOSCANA FERRARI,1053,starting_grid,https://www.formula1.com/en/results.html/2020/races/1053/tuscany/starting-grid.html,15,8,GRO,Romain Grosjean,Haas Ferrari,1:17.254
1000,FORMULA 1 PIRELLI GRAN PREMIO DELLA TOSCANA FERRARI,1053,starting_grid,https://www.formula1.com/en/results.html/2020/races/1053/tuscany/starting-grid.html,16,10,GAS,Pierre Gasly,AlphaTauri Honda,1:17.125
1000,FORMULA 1 PIRELLI GRAN PREMIO DELLA TOSCANA FERRARI,1053,starting_grid,https://www.formula1.com/en/results.html/2020/races/1053/tuscany/starting-grid.html,17,99,GIO,Antonio Giovinazzi,Alfa Romeo Racing Ferrari,1:17.220
1000,FORMULA 1 PIRELLI GRAN PREMIO DELLA TOSCANA FERRARI,1053,starting_grid,https://www.formula1.com/en/results.html/2020/races/1053/tuscany/starting-grid.html,18,63,RUS,George Russell,Williams Mercedes,1:17.232
1000,FORMULA 1 PIRELLI GRAN PREMIO DELLA TOSCANA FERRARI,1053,starting_grid,https://www.formula1.com/en/results.html/2020/races/1053/tuscany/starting-grid.html,19,6,LAT,Nicholas Latifi,Williams Mercedes,1:17.320
1000,FORMULA 1 PIRELLI GRAN PREMIO DELLA TOSCANA FERRARI,1053,starting_grid,https://www.formula1.com/en/results.html/2020/races/1053/tuscany/starting-grid.html,20,20,MAG,Kevin Magnussen,Haas Ferrari,1:17.348
2020,FORMULA 1 VTB RUSSIAN,1054,starting_grid,https://www.formula1.com/en/results.html/2020/races/1054/russia/starting-grid.html,1,44,HAM,Lewis Hamilton,Mercedes,1:31.304
2020,FORMULA 1 VTB RUSSIAN,1054,starting_grid,https://www.formula1.com/en/results.html/2020/races/1054/russia/starting-grid.html,2,33,VER,Max Verstappen,Red Bull Racing Honda,1:31.867
2020,FORMULA 1 VTB RUSSIAN,1054,starting_grid,https://www.formula1.com/en/results.html/2020/races/1054/russia/starting-grid.html,3,77,BOT,Valtteri Bottas,Mercedes,1:31.956
2020,FORMULA 1 VTB RUSSIAN,1054,starting_grid,https://www.formula1.com/en/results.html/2020/races/1054/russia/starting-grid.html,4,11,PER,Sergio Perez,Racing Point BWT Mercedes,1:32.317
2020,FORMULA 1 VTB RUSSIAN,1054,starting_grid,https://www.formula1.com/en/results.html/2020/races/1054/russia/starting-grid.html,5,3,RIC,Daniel Ricciardo,Renault,1:32.364
2020,FORMULA 1 VTB RUSSIAN,1054,starting_grid,https://www.formula1.com/en/results.html/2020/races/1054/russia/starting-grid.html,6,55,SAI,Carlos Sainz,McLaren Renault,1:32.550
2020,FORMULA 1 VTB RUSSIAN,1054,starting_grid,https://www.formula1.com/en/results.html/2020/races/1054/russia/starting-grid.html,7,31,OCO,Esteban Ocon,Renault,1:32.624
2020,FORMULA 1 VTB RUSSIAN,1054,starting_grid,https://www.formula1.com/en/results.html/2020/races/1054/russia/starting-grid.html,8,4,NOR,Lando Norris,McLaren Renault,1:32.847
2020,FORMULA 1 VTB RUSSIAN,1054,starting_grid,https://www.formula1.com/en/results.html/2020/races/1054/russia/starting-grid.html,9,10,GAS,Pierre Gasly,AlphaTauri Honda,1:33.000
2020,FORMULA 1 VTB RUSSIAN,1054,starting_grid,https://www.formula1.com/en/results.html/2020/races/1054/russia/starting-grid.html,10,16,LEC,Charles Leclerc,Ferrari,1:33.239
2020,FORMULA 1 VTB RUSSIAN,1054,starting_grid,https://www.formula1.com/en/results.html/2020/races/1054/russia/starting-grid.html,11,26,KVY,Daniil Kvyat,AlphaTauri Honda,1:33.249
2020,FORMULA 1 VTB RUSSIAN,1054,starting_grid,https://www.formula1.com/en/results.html/2020/races/1054/russia/starting-grid.html,12,18,STR,Lance Stroll,Racing Point BWT Mercedes,1:33.364
2020,FORMULA 1 VTB RUSSIAN,1054,starting_grid,https://www.formula1.com/en/results.html/2020/races/1054/russia/starting-grid.html,13,63,RUS,George Russell,Williams Mercedes,1:33.583
2020,FORMULA 1 VTB RUSSIAN,1054,starting_grid,https://www.formula1.com/en/results.html/2020/races/1054/russia/starting-grid.html,14,5,VET,Sebastian Vettel,Ferrari,1:33.609
2020,FORMULA 1 VTB RUSSIAN,1054,starting_grid,https://www.formula1.com/en/results.html/2020/races/1054/russia/starting-grid.html,15,23,ALB,Alexander Albon,Red Bull Racing Honda,1:33.008
2020,FORMULA 1 VTB RUSSIAN,1054,starting_grid,https://www.formula1.com/en/results.html/2020/races/1054/russia/starting-grid.html,16,8,GRO,Romain Grosjean,Haas Ferrari,1:34.592
2020,FORMULA 1 VTB RUSSIAN,1054,starting_grid,https://www.formula1.com/en/results.html/2020/races/1054/russia/starting-grid.html,17,99,GIO,Antonio Giovinazzi,Alfa Romeo Racing Ferrari,1:34.594
2020,FORMULA 1 VTB RUSSIAN,1054,starting_grid,https://www.formula1.com/en/results.html/2020/races/1054/russia/starting-grid.html,18,20,MAG,Kevin Magnussen,Haas Ferrari,1:34.681
2020,FORMULA 1 VTB RUSSIAN,1054,starting_grid,https://www.formula1.com/en/results.html/2020/races/1054/russia/starting-grid.html,19,7,RAI,Kimi Räikkönen,Alfa Romeo Racing Ferrari,1:35.267
2020,FORMULA 1 VTB RUSSIAN,1054,starting_grid,https://www.formula1.com/en/results.html/2020/races/1054/russia/starting-grid.html,20,6,LAT,Nicholas Latifi,Williams Mercedes,1:35.066
2020,FORMULA 1 ARAMCO GROSSER PREIS DER EIFEL,1055,starting_grid,https://www.formula1.com/en/results.html/2020/races/1055/eifel/starting-grid.html,1,77,BOT,Valtteri Bottas,Mercedes,1:25.269
2020,FORMULA 1 ARAMCO GROSSER PREIS DER EIFEL,1055,starting_grid,https://www.formula1.com/en/results.html/2020/races/1055/eifel/starting-grid.html,2,44,HAM,Lewis Hamilton,Mercedes,1:25.525
2020,FORMULA 1 ARAMCO GROSSER PREIS DER EIFEL,1055,starting_grid,https://www.formula1.com/en/results.html/2020/races/1055/eifel/starting-grid.html,3,33,VER,Max Verstappen,Red Bull Racing Honda,1:25.562
2020,FORMULA 1 ARAMCO GROSSER PREIS DER EIFEL,1055,starting_grid,https://www.formula1.com/en/results.html/2020/races/1055/eifel/starting-grid.html,4,16,LEC,Charles Leclerc,Ferrari,1:26.035
2020,FORMULA 1 ARAMCO GROSSER PREIS DER EIFEL,1055,starting_grid,https://www.formula1.com/en/results.html/2020/races/1055/eifel/starting-grid.html,5,23,ALB,Alexander Albon,Red Bull Racing Honda,1:26.047
2020,FORMULA 1 ARAMCO GROSSER PREIS DER EIFEL,1055,starting_grid,https://www.formula1.com/en/results.html/2020/races/1055/eifel/starting-grid.html,6,3,RIC,Daniel Ricciardo,Renault,1:26.223
2020,FORMULA 1 ARAMCO GROSSER PREIS DER EIFEL,1055,starting_grid,https://www.formula1.com/en/results.html/2020/races/1055/eifel/starting-grid.html,7,31,OCO,Esteban Ocon,Renault,1:26.242
2020,FORMULA 1 ARAMCO GROSSER PREIS DER EIFEL,1055,starting_grid,https://www.formula1.com/en/results.html/2020/races/1055/eifel/starting-grid.html,8,4,NOR,Lando Norris,McLaren Renault,1:26.458
2020,FORMULA 1 ARAMCO GROSSER PREIS DER EIFEL,1055,starting_grid,https://www.formula1.com/en/results.html/2020/races/1055/eifel/starting-grid.html,9,11,PER,Sergio Perez,Racing Point BWT Mercedes,1:26.704
2020,FORMULA 1 ARAMCO GROSSER PREIS DER EIFEL,1055,starting_grid,https://www.formula1.com/en/results.html/2020/races/1055/eifel/starting-grid.html,10,55,SAI,Carlos Sainz,McLaren Renault,1:26.709
2020,FORMULA 1 ARAMCO GROSSER PREIS DER EIFEL,1055,starting_grid,https://www.formula1.com/en/results.html/2020/races/1055/eifel/starting-grid.html,11,5,VET,Sebastian Vettel,Ferrari,1:26.738
2020,FORMULA 1 ARAMCO GROSSER PREIS DER EIFEL,1055,starting_grid,https://www.formula1.com/en/results.html/2020/races/1055/eifel/starting-grid.html,12,10,GAS,Pierre Gasly,AlphaTauri Honda,1:26.776
2020,FORMULA 1 ARAMCO GROSSER PREIS DER EIFEL,1055,starting_grid,https://www.formula1.com/en/results.html/2020/races/1055/eifel/starting-grid.html,13,26,KVY,Daniil Kvyat,AlphaTauri Honda,1:26.848
2020,FORMULA 1 ARAMCO GROSSER PREIS DER EIFEL,1055,starting_grid,https://www.formula1.com/en/results.html/2020/races/1055/eifel/starting-grid.html,14,99,GIO,Antonio Giovinazzi,Alfa Romeo Racing Ferrari,1:26.936
2020,FORMULA 1 ARAMCO GROSSER PREIS DER EIFEL,1055,starting_grid,https://www.formula1.com/en/results.html/2020/races/1055/eifel/starting-grid.html,15,20,MAG,Kevin Magnussen,Haas Ferrari,1:27.125
2020,FORMULA 1 ARAMCO GROSSER PREIS DER EIFEL,1055,starting_grid,https://www.formula1.com/en/results.html/2020/races/1055/eifel/starting-grid.html,16,8,GRO,Romain Grosjean,Haas Ferrari,1:27.552
2020,FORMULA 1 ARAMCO GROSSER PREIS DER EIFEL,1055,starting_grid,https://www.formula1.com/en/results.html/2020/races/1055/eifel/starting-grid.html,17,63,RUS,George Russell,Williams Mercedes,1:27.564
2020,FORMULA 1 ARAMCO GROSSER PREIS DER EIFEL,1055,starting_grid,https://www.formula1.com/en/results.html/2020/races/1055/eifel/starting-grid.html,18,6,LAT,Nicholas Latifi,Williams Mercedes,1:27.812
2020,FORMULA 1 ARAMCO GROSSER PREIS DER EIFEL,1055,starting_grid,https://www.formula1.com/en/results.html/2020/races/1055/eifel/starting-grid.html,19,7,RAI,Kimi Räikkönen,Alfa Romeo Racing Ferrari,1:27.817
2020,FORMULA 1 ARAMCO GROSSER PREIS DER EIFEL,1055,starting_grid,https://www.formula1.com/en/results.html/2020/races/1055/eifel/starting-grid.html,20,27,HUL,Nico Hulkenberg,Racing Point BWT Mercedes,1:28.021
2020,FORMULA 1 HEINEKEN GRANDE PRÉMIO DE PORTUGAL,1056,starting_grid,https://www.formula1.com/en/results.html/2020/races/1056/portugal/starting-grid.html,1,44,HAM,Lewis Hamilton,Mercedes,1:16.652
2020,FORMULA 1 HEINEKEN GRANDE PRÉMIO DE PORTUGAL,1056,starting_grid,https://www.formula1.com/en/results.html/2020/races/1056/portugal/starting-grid.html,2,77,BOT,Valtteri Bottas,Mercedes,1:16.754
2020,FORMULA 1 HEINEKEN GRANDE PRÉMIO DE PORTUGAL,1056,starting_grid,https://www.formula1.com/en/results.html/2020/races/1056/portugal/starting-grid.html,3,33,VER,Max Verstappen,Red Bull Racing Honda,1:16.904
2020,FORMULA 1 HEINEKEN GRANDE PRÉMIO DE PORTUGAL,1056,starting_grid,https://www.formula1.com/en/results.html/2020/races/1056/portugal/starting-grid.html,4,16,LEC,Charles Leclerc,Ferrari,1:17.090
2020,FORMULA 1 HEINEKEN GRANDE PRÉMIO DE PORTUGAL,1056,starting_grid,https://www.formula1.com/en/results.html/2020/races/1056/portugal/starting-grid.html,5,11,PER,Sergio Perez,Racing Point BWT Mercedes,1:17.223
2020,FORMULA 1 HEINEKEN GRANDE PRÉMIO DE PORTUGAL,1056,starting_grid,https://www.formula1.com/en/results.html/2020/races/1056/portugal/starting-grid.html,6,23,ALB,Alexander Albon,Red Bull Racing Honda,1:17.437
2020,FORMULA 1 HEINEKEN GRANDE PRÉMIO DE PORTUGAL,1056,starting_grid,https://www.formula1.com/en/results.html/2020/races/1056/portugal/starting-grid.html,7,55,SAI,Carlos Sainz,McLaren Renault,1:17.520
2020,FORMULA 1 HEINEKEN GRANDE PRÉMIO DE PORTUGAL,1056,starting_grid,https://www.formula1.com/en/results.html/2020/races/1056/portugal/starting-grid.html,8,4,NOR,Lando Norris,McLaren Renault,1:17.525
2020,FORMULA 1 HEINEKEN GRANDE PRÉMIO DE PORTUGAL,1056,starting_grid,https://www.formula1.com/en/results.html/2020/races/1056/portugal/starting-grid.html,9,10,GAS,Pierre Gasly,AlphaTauri Honda,1:17.803
2020,FORMULA 1 HEINEKEN GRANDE PRÉMIO DE PORTUGAL,1056,starting_grid,https://www.formula1.com/en/results.html/2020/races/1056/portugal/starting-grid.html,10,3,RIC,Daniel Ricciardo,Renault,
2020,FORMULA 1 HEINEKEN GRANDE PRÉMIO DE PORTUGAL,1056,starting_grid,https://www.formula1.com/en/results.html/2020/races/1056/portugal/starting-grid.html,11,31,OCO,Esteban Ocon,Renault,1:17.614
2020,FORMULA 1 HEINEKEN GRANDE PRÉMIO DE PORTUGAL,1056,starting_grid,https://www.formula1.com/en/results.html/2020/races/1056/portugal/starting-grid.html,12,18,STR,Lance Stroll,Racing Point BWT Mercedes,1:17.626
2020,FORMULA 1 HEINEKEN GRANDE PRÉMIO DE PORTUGAL,1056,starting_grid,https://www.formula1.com/en/results.html/2020/races/1056/portugal/starting-grid.html,13,26,KVY,Daniil Kvyat,AlphaTauri Honda,1:17.728
2020,FORMULA 1 HEINEKEN GRANDE PRÉMIO DE PORTUGAL,1056,starting_grid,https://www.formula1.com/en/results.html/2020/races/1056/portugal/starting-grid.html,14,63,RUS,George Russell,Williams Mercedes,1:17.788
2020,FORMULA 1 HEINEKEN GRANDE PRÉMIO DE PORTUGAL,1056,starting_grid,https://www.formula1.com/en/results.html/2020/races/1056/portugal/starting-grid.html,15,5,VET,Sebastian Vettel,Ferrari,1:17.919
2020,FORMULA 1 HEINEKEN GRANDE PRÉMIO DE PORTUGAL,1056,starting_grid,https://www.formula1.com/en/results.html/2020/races/1056/portugal/starting-grid.html,16,7,RAI,Kimi Räikkönen,Alfa Romeo Racing Ferrari,1:18.201
2020,FORMULA 1 HEINEKEN GRANDE PRÉMIO DE PORTUGAL,1056,starting_grid,https://www.formula1.com/en/results.html/2020/races/1056/portugal/starting-grid.html,17,99,GIO,Antonio Giovinazzi,Alfa Romeo Racing Ferrari,1:18.323
2020,FORMULA 1 HEINEKEN GRANDE PRÉMIO DE PORTUGAL,1056,starting_grid,https://www.formula1.com/en/results.html/2020/races/1056/portugal/starting-grid.html,18,8,GRO,Romain Grosjean,Haas Ferrari,1:18.364
2020,FORMULA 1 HEINEKEN GRANDE PRÉMIO DE PORTUGAL,1056,starting_grid,https://www.formula1.com/en/results.html/2020/races/1056/portugal/starting-grid.html,19,20,MAG,Kevin Magnussen,Haas Ferrari,1:18.508
2020,FORMULA 1 HEINEKEN GRANDE PRÉMIO DE PORTUGAL,1056,starting_grid,https://www.formula1.com/en/results.html/2020/races/1056/portugal/starting-grid.html,20,6,LAT,Nicholas Latifi,Williams Mercedes,1:18.777
2020,EMILIA ROMAGNA,1057,starting_grid,https://www.formula1.com/en/results.html/2020/races/1057/emilia-romagna/starting-grid.html,1,77,BOT,Valtteri Bottas,Mercedes,1:13.609
2020,EMILIA ROMAGNA,1057,starting_grid,https://www.formula1.com/en/results.html/2020/races/1057/emilia-romagna/starting-grid.html,2,44,HAM,Lewis Hamilton,Mercedes,1:13.706
2020,EMILIA ROMAGNA,1057,starting_grid,https://www.formula1.com/en/results.html/2020/races/1057/emilia-romagna/starting-grid.html,3,33,VER,Max Verstappen,Red Bull Racing Honda,1:14.176
2020,EMILIA ROMAGNA,1057,starting_grid,https://www.formula1.com/en/results.html/2020/races/1057/emilia-romagna/starting-grid.html,4,10,GAS,Pierre Gasly,AlphaTauri Honda,1:14.502
2020,EMILIA ROMAGNA,1057,starting_grid,https://www.formula1.com/en/results.html/2020/races/1057/emilia-romagna/starting-grid.html,5,3,RIC,Daniel Ricciardo,Renault,1:14.520
2020,EMILIA ROMAGNA,1057,starting_grid,https://www.formula1.com/en/results.html/2020/races/1057/emilia-romagna/starting-grid.html,6,23,ALB,Alexander Albon,Red Bull Racing Honda,1:14.572
2020,EMILIA ROMAGNA,1057,starting_grid,https://www.formula1.com/en/results.html/2020/races/1057/emilia-romagna/starting-grid.html,7,16,LEC,Charles Leclerc,Ferrari,1:14.616
2020,EMILIA ROMAGNA,1057,starting_grid,https://www.formula1.com/en/results.html/2020/races/1057/emilia-romagna/starting-grid.html,8,26,KVY,Daniil Kvyat,AlphaTauri Honda,1:14.696
2020,EMILIA ROMAGNA,1057,starting_grid,https://www.formula1.com/en/results.html/2020/races/1057/emilia-romagna/starting-grid.html,9,4,NOR,Lando Norris,McLaren Renault,1:14.814
2020,EMILIA ROMAGNA,1057,starting_grid,https://www.formula1.com/en/results.html/2020/races/1057/emilia-romagna/starting-grid.html,10,55,SAI,Carlos Sainz,McLaren Renault,1:14.911
2020,EMILIA ROMAGNA,1057,starting_grid,https://www.formula1.com/en/results.html/2020/races/1057/emilia-romagna/starting-grid.html,11,11,PER,Sergio Perez,Racing Point BWT Mercedes,1:15.061
2020,EMILIA ROMAGNA,1057,starting_grid,https://www.formula1.com/en/results.html/2020/races/1057/emilia-romagna/starting-grid.html,12,31,OCO,Esteban Ocon,Renault,1:15.201
2020,EMILIA ROMAGNA,1057,starting_grid,https://www.formula1.com/en/results.html/2020/races/1057/emilia-romagna/starting-grid.html,13,63,RUS,George Russell,Williams Mercedes,1:15.323
2020,EMILIA ROMAGNA,1057,starting_grid,https://www.formula1.com/en/results.html/2020/races/1057/emilia-romagna/starting-grid.html,14,5,VET,Sebastian Vettel,Ferrari,1:15.385
2020,EMILIA ROMAGNA,1057,starting_grid,https://www.formula1.com/en/results.html/2020/races/1057/emilia-romagna/starting-grid.html,15,18,STR,Lance Stroll,Racing Point BWT Mercedes,1:15.494
2020,EMILIA ROMAGNA,1057,starting_grid,https://www.formula1.com/en/results.html/2020/races/1057/emilia-romagna/starting-grid.html,16,8,GRO,Romain Grosjean,Haas Ferrari,1:15.918
2020,EMILIA ROMAGNA,1057,starting_grid,https://www.formula1.com/en/results.html/2020/races/1057/emilia-romagna/starting-grid.html,17,20,MAG,Kevin Magnussen,Haas Ferrari,1:15.939
2020,EMILIA ROMAGNA,1057,starting_grid,https://www.formula1.com/en/results.html/2020/races/1057/emilia-romagna/starting-grid.html,18,7,RAI,Kimi Räikkönen,Alfa Romeo Racing Ferrari,1:15.953
2020,EMILIA ROMAGNA,1057,starting_grid,https://www.formula1.com/en/results.html/2020/races/1057/emilia-romagna/starting-grid.html,19,6,LAT,Nicholas Latifi,Williams Mercedes,1:15.987
2020,EMILIA ROMAGNA,1057,starting_grid,https://www.formula1.com/en/results.html/2020/races/1057/emilia-romagna/starting-grid.html,20,99,GIO,Antonio Giovinazzi,Alfa Romeo Racing Ferrari,1:16.208
2020,FORMULA 1 DHL TURKISH,1058,starting_grid,https://www.formula1.com/en/results.html/2020/races/1058/turkey/starting-grid.html,1,18,STR,Lance Stroll,Racing Point BWT Mercedes,1:47.765
2020,FORMULA 1 DHL TURKISH,1058,starting_grid,https://www.formula1.com/en/results.html/2020/races/1058/turkey/starting-grid.html,2,33,VER,Max Verstappen,Red Bull Racing Honda,1:48.055
2020,FORMULA 1 DHL TURKISH,1058,starting_grid,https://www.formula1.com/en/results.html/2020/races/1058/turkey/starting-grid.html,3,11,PER,Sergio Perez,Racing Point BWT Mercedes,1:49.321
2020,FORMULA 1 DHL TURKISH,1058,starting_grid,https://www.formula1.com/en/results.html/2020/races/1058/turkey/starting-grid.html,4,23,ALB,Alexander Albon,Red Bull Racing Honda,1:50.448
2020,FORMULA 1 DHL TURKISH,1058,starting_grid,https://www.formula1.com/en/results.html/2020/races/1058/turkey/starting-grid.html,5,3,RIC,Daniel Ricciardo,Renault,1:51.595
2020,FORMULA 1 DHL TURKISH,1058,starting_grid,https://www.formula1.com/en/results.html/2020/races/1058/turkey/starting-grid.html,6,44,HAM,Lewis Hamilton,Mercedes,1:52.560
2020,FORMULA 1 DHL TURKISH,1058,starting_grid,https://www.formula1.com/en/results.html/2020/races/1058/turkey/starting-grid.html,7,31,OCO,Esteban Ocon,Renault,1:52.622
2020,FORMULA 1 DHL TURKISH,1058,starting_grid,https://www.formula1.com/en/results.html/2020/races/1058/turkey/starting-grid.html,8,7,RAI,Kimi Räikkönen,Alfa Romeo Racing Ferrari,1:52.745
2020,FORMULA 1 DHL TURKISH,1058,starting_grid,https://www.formula1.com/en/results.html/2020/races/1058/turkey/starting-grid.html,9,77,BOT,Valtteri Bottas,Mercedes,1:53.258
2020,FORMULA 1 DHL TURKISH,1058,starting_grid,https://www.formula1.com/en/results.html/2020/races/1058/turkey/starting-grid.html,10,99,GIO,Antonio Giovinazzi,Alfa Romeo Racing Ferrari,1:57.226
2020,FORMULA 1 DHL TURKISH,1058,starting_grid,https://www.formula1.com/en/results.html/2020/races/1058/turkey/starting-grid.html,11,5,VET,Sebastian Vettel,Ferrari,1:55.169
2020,FORMULA 1 DHL TURKISH,1058,starting_grid,https://www.formula1.com/en/results.html/2020/races/1058/turkey/starting-grid.html,12,16,LEC,Charles Leclerc,Ferrari,1:56.696
2020,FORMULA 1 DHL TURKISH,1058,starting_grid,https://www.formula1.com/en/results.html/2020/races/1058/turkey/starting-grid.html,13,20,MAG,Kevin Magnussen,Haas Ferrari,2:08.007
2020,FORMULA 1 DHL TURKISH,1058,starting_grid,https://www.formula1.com/en/results.html/2020/races/1058/turkey/starting-grid.html,14,4,NOR,Lando Norris,McLaren Renault,1:54.945
2020,FORMULA 1 DHL TURKISH,1058,starting_grid,https://www.formula1.com/en/results.html/2020/races/1058/turkey/starting-grid.html,15,55,SAI,Carlos Sainz,McLaren Renault,1:55.410
2020,FORMULA 1 DHL TURKISH,1058,starting_grid,https://www.formula1.com/en/results.html/2020/races/1058/turkey/starting-grid.html,16,26,KVY,Daniil Kvyat,AlphaTauri Honda,2:09.070
2020,FORMULA 1 DHL TURKISH,1058,starting_grid,https://www.formula1.com/en/results.html/2020/races/1058/turkey/starting-grid.html,17,8,GRO,Romain Grosjean,Haas Ferrari,2:12.909
2020,FORMULA 1 DHL TURKISH,1058,starting_grid,https://www.formula1.com/en/results.html/2020/races/1058/turkey/starting-grid.html,18,6,LAT,Nicholas Latifi,Williams Mercedes,2:21.611
2020,FORMULA 1 DHL TURKISH,1058,starting_grid,https://www.formula1.com/en/results.html/2020/races/1058/turkey/starting-grid.html,19,10,GAS,Pierre Gasly,AlphaTauri Honda,1:58.556
2020,FORMULA 1 DHL TURKISH,1058,starting_grid,https://www.formula1.com/en/results.html/2020/races/1058/turkey/starting-grid.html,20,63,RUS,George Russell,Williams Mercedes,2:10.017
2020,FORMULA 1 GULF AIR BAHRAIN,1059,starting_grid,https://www.formula1.com/en/results.html/2020/races/1059/bahrain/starting-grid.html,1,44,HAM,Lewis Hamilton,Mercedes,1:27.264
2020,FORMULA 1 GULF AIR BAHRAIN,1059,starting_grid,https://www.formula1.com/en/results.html/2020/races/1059/bahrain/starting-grid.html,2,77,BOT,Valtteri Bottas,Mercedes,1:27.553
2020,FORMULA 1 GULF AIR BAHRAIN,1059,starting_grid,https://www.formula1.com/en/results.html/2020/races/1059/bahrain/starting-grid.html,3,33,VER,Max Verstappen,Red Bull Racing Honda,1:27.678
2020,FORMULA 1 GULF AIR BAHRAIN,1059,starting_grid,https://www.formula1.com/en/results.html/2020/races/1059/bahrain/starting-grid.html,4,23,ALB,Alexander Albon,Red Bull Racing Honda,1:28.274
2020,FORMULA 1 GULF AIR BAHRAIN,1059,starting_grid,https://www.formula1.com/en/results.html/2020/races/1059/bahrain/starting-grid.html,5,11,PER,Sergio Perez,Racing Point BWT Mercedes,1:28.322
2020,FORMULA 1 GULF AIR BAHRAIN,1059,starting_grid,https://www.formula1.com/en/results.html/2020/races/1059/bahrain/starting-grid.html,6,3,RIC,Daniel Ricciardo,Renault,1:28.417
2020,FORMULA 1 GULF AIR BAHRAIN,1059,starting_grid,https://www.formula1.com/en/results.html/2020/races/1059/bahrain/starting-grid.html,7,31,OCO,Esteban Ocon,Renault,1:28.419
2020,FORMULA 1 GULF AIR BAHRAIN,1059,starting_grid,https://www.formula1.com/en/results.html/2020/races/1059/bahrain/starting-grid.html,8,10,GAS,Pierre Gasly,AlphaTauri Honda,1:28.448
2020,FORMULA 1 GULF AIR BAHRAIN,1059,starting_grid,https://www.formula1.com/en/results.html/2020/races/1059/bahrain/starting-grid.html,9,4,NOR,Lando Norris,McLaren Renault,1:28.542
2020,FORMULA 1 GULF AIR BAHRAIN,1059,starting_grid,https://www.formula1.com/en/results.html/2020/races/1059/bahrain/starting-grid.html,10,26,KVY,Daniil Kvyat,AlphaTauri Honda,1:28.618
2020,FORMULA 1 GULF AIR BAHRAIN,1059,starting_grid,https://www.formula1.com/en/results.html/2020/races/1059/bahrain/starting-grid.html,11,5,VET,Sebastian Vettel,Ferrari,1:29.149
2020,FORMULA 1 GULF AIR BAHRAIN,1059,starting_grid,https://www.formula1.com/en/results.html/2020/races/1059/bahrain/starting-grid.html,12,16,LEC,Charles Leclerc,Ferrari,1:29.165
2020,FORMULA 1 GULF AIR BAHRAIN,1059,starting_grid,https://www.formula1.com/en/results.html/2020/races/1059/bahrain/starting-grid.html,13,18,STR,Lance Stroll,Racing Point BWT Mercedes,1:29.557
2020,FORMULA 1 GULF AIR BAHRAIN,1059,starting_grid,https://www.formula1.com/en/results.html/2020/races/1059/bahrain/starting-grid.html,14,63,RUS,George Russell,Williams Mercedes,1:31.218
2020,FORMULA 1 GULF AIR BAHRAIN,1059,starting_grid,https://www.formula1.com/en/results.html/2020/races/1059/bahrain/starting-grid.html,15,55,SAI,Carlos Sainz,McLaren Renault,
2020,FORMULA 1 GULF AIR BAHRAIN,1059,starting_grid,https://www.formula1.com/en/results.html/2020/races/1059/bahrain/starting-grid.html,16,99,GIO,Antonio Giovinazzi,Alfa Romeo Racing Ferrari,1:29.491
2020,FORMULA 1 GULF AIR BAHRAIN,1059,starting_grid,https://www.formula1.com/en/results.html/2020/races/1059/bahrain/starting-grid.html,17,7,RAI,Kimi Räikkönen,Alfa Romeo Racing Ferrari,1:29.810
2020,FORMULA 1 GULF AIR BAHRAIN,1059,starting_grid,https://www.formula1.com/en/results.html/2020/races/1059/bahrain/starting-grid.html,18,20,MAG,Kevin Magnussen,Haas Ferrari,1:30.111
2020,FORMULA 1 GULF AIR BAHRAIN,1059,starting_grid,https://www.formula1.com/en/results.html/2020/races/1059/bahrain/starting-grid.html,19,8,GRO,Romain Grosjean,Haas Ferrari,1:30.138
2020,FORMULA 1 GULF AIR BAHRAIN,1059,starting_grid,https://www.formula1.com/en/results.html/2020/races/1059/bahrain/starting-grid.html,20,6,LAT,Nicholas Latifi,Williams Mercedes,1:30.182
2020,FORMULA 1 ROLEX SAKHIR,1060,starting_grid,https://www.formula1.com/en/results.html/2020/races/1060/sakhir/starting-grid.html,1,77,BOT,Valtteri Bottas,Mercedes,53.377
2020,FORMULA 1 ROLEX SAKHIR,1060,starting_grid,https://www.formula1.com/en/results.html/2020/races/1060/sakhir/starting-grid.html,2,63,RUS,George Russell,Mercedes,53.403
2020,FORMULA 1 ROLEX SAKHIR,1060,starting_grid,https://www.formula1.com/en/results.html/2020/races/1060/sakhir/starting-grid.html,3,33,VER,Max Verstappen,Red Bull Racing Honda,53.433
2020,FORMULA 1 ROLEX SAKHIR,1060,starting_grid,https://www.formula1.com/en/results.html/2020/races/1060/sakhir/starting-grid.html,4,16,LEC,Charles Leclerc,Ferrari,53.613
2020,FORMULA 1 ROLEX SAKHIR,1060,starting_grid,https://www.formula1.com/en/results.html/2020/races/1060/sakhir/starting-grid.html,5,11,PER,Sergio Perez,Racing Point BWT Mercedes,53.790
2020,FORMULA 1 ROLEX SAKHIR,1060,starting_grid,https://www.formula1.com/en/results.html/2020/races/1060/sakhir/starting-grid.html,6,26,KVY,Daniil Kvyat,AlphaTauri Honda,53.906
2020,FORMULA 1 ROLEX SAKHIR,1060,starting_grid,https://www.formula1.com/en/results.html/2020/races/1060/sakhir/starting-grid.html,7,3,RIC,Daniel Ricciardo,Renault,53.957
2020,FORMULA 1 ROLEX SAKHIR,1060,starting_grid,https://www.formula1.com/en/results.html/2020/races/1060/sakhir/starting-grid.html,8,55,SAI,Carlos Sainz,McLaren Renault,54.010
2020,FORMULA 1 ROLEX SAKHIR,1060,starting_grid,https://www.formula1.com/en/results.html/2020/races/1060/sakhir/starting-grid.html,9,10,GAS,Pierre Gasly,AlphaTauri Honda,54.154
2020,FORMULA 1 ROLEX SAKHIR,1060,starting_grid,https://www.formula1.com/en/results.html/2020/races/1060/sakhir/starting-grid.html,10,18,STR,Lance Stroll,Racing Point BWT Mercedes,54.200
2020,FORMULA 1 ROLEX SAKHIR,1060,starting_grid,https://www.formula1.com/en/results.html/2020/races/1060/sakhir/starting-grid.html,11,31,OCO,Esteban Ocon,Renault,53.995
2020,FORMULA 1 ROLEX SAKHIR,1060,starting_grid,https://www.formula1.com/en/results.html/2020/races/1060/sakhir/starting-grid.html,12,23,ALB,Alexander Albon,Red Bull Racing Honda,54.026
2020,FORMULA 1 ROLEX SAKHIR,1060,starting_grid,https://www.formula1.com/en/results.html/2020/races/1060/sakhir/starting-grid.html,13,5,VET,Sebastian Vettel,Ferrari,54.175
2020,FORMULA 1 ROLEX SAKHIR,1060,starting_grid,https://www.formula1.com/en/results.html/2020/races/1060/sakhir/starting-grid.html,14,99,GIO,Antonio Giovinazzi,Alfa Romeo Racing Ferrari,54.377
2020,FORMULA 1 ROLEX SAKHIR,1060,starting_grid,https://www.formula1.com/en/results.html/2020/races/1060/sakhir/starting-grid.html,15,20,MAG,Kevin Magnussen,Haas Ferrari,54.705
2020,FORMULA 1 ROLEX SAKHIR,1060,starting_grid,https://www.formula1.com/en/results.html/2020/races/1060/sakhir/starting-grid.html,16,6,LAT,Nicholas Latifi,Williams Mercedes,54.796
2020,FORMULA 1 ROLEX SAKHIR,1060,starting_grid,https://www.formula1.com/en/results.html/2020/races/1060/sakhir/starting-grid.html,17,89,AIT,Jack Aitken,Williams Mercedes,54.892
2020,FORMULA 1 ROLEX SAKHIR,1060,starting_grid,https://www.formula1.com/en/results.html/2020/races/1060/sakhir/starting-grid.html,18,7,RAI,Kimi Räikkönen,Alfa Romeo Racing Ferrari,54.963
2020,FORMULA 1 ROLEX SAKHIR,1060,starting_grid,https://www.formula1.com/en/results.html/2020/races/1060/sakhir/starting-grid.html,19,4,NOR,Lando Norris,McLaren Renault,54.693
2020,FORMULA 1 ROLEX SAKHIR,1060,starting_grid,https://www.formula1.com/en/results.html/2020/races/1060/sakhir/starting-grid.html,20,51,FIT,Pietro Fittipaldi,Haas Ferrari,55.426
2020,FORMULA 1 ETIHAD AIRWAYS ABU DHABI,1061,starting_grid,https://www.formula1.com/en/results.html/2020/races/1061/abu-dhabi/starting-grid.html,1,33,VER,Max Verstappen,Red Bull Racing Honda,1:35.246
2020,FORMULA 1 ETIHAD AIRWAYS ABU DHABI,1061,starting_grid,https://www.formula1.com/en/results.html/2020/races/1061/abu-dhabi/starting-grid.html,2,77,BOT,Valtteri Bottas,Mercedes,1:35.271
2020,FORMULA 1 ETIHAD AIRWAYS ABU DHABI,1061,starting_grid,https://www.formula1.com/en/results.html/2020/races/1061/abu-dhabi/starting-grid.html,3,44,HAM,Lewis Hamilton,Mercedes,1:35.332
2020,FORMULA 1 ETIHAD AIRWAYS ABU DHABI,1061,starting_grid,https://www.formula1.com/en/results.html/2020/races/1061/abu-dhabi/starting-grid.html,4,4,NOR,Lando Norris,McLaren Renault,1:35.497
2020,FORMULA 1 ETIHAD AIRWAYS ABU DHABI,1061,starting_grid,https://www.formula1.com/en/results.html/2020/races/1061/abu-dhabi/starting-grid.html,5,23,ALB,Alexander Albon,Red Bull Racing Honda,1:35.571
2020,FORMULA 1 ETIHAD AIRWAYS ABU DHABI,1061,starting_grid,https://www.formula1.com/en/results.html/2020/races/1061/abu-dhabi/starting-grid.html,6,55,SAI,Carlos Sainz,McLaren Renault,1:35.815
2020,FORMULA 1 ETIHAD AIRWAYS ABU DHABI,1061,starting_grid,https://www.formula1.com/en/results.html/2020/races/1061/abu-dhabi/starting-grid.html,7,26,KVY,Daniil Kvyat,AlphaTauri Honda,1:35.963
2020,FORMULA 1 ETIHAD AIRWAYS ABU DHABI,1061,starting_grid,https://www.formula1.com/en/results.html/2020/races/1061/abu-dhabi/starting-grid.html,8,18,STR,Lance Stroll,Racing Point BWT Mercedes,1:36.046
2020,FORMULA 1 ETIHAD AIRWAYS ABU DHABI,1061,starting_grid,https://www.formula1.com/en/results.html/2020/races/1061/abu-dhabi/starting-grid.html,9,10,GAS,Pierre Gasly,AlphaTauri Honda,1:36.242
2020,FORMULA 1 ETIHAD AIRWAYS ABU DHABI,1061,starting_grid,https://www.formula1.com/en/results.html/2020/races/1061/abu-dhabi/starting-grid.html,10,31,OCO,Esteban Ocon,Renault,1:36.359
2020,FORMULA 1 ETIHAD AIRWAYS ABU DHABI,1061,starting_grid,https://www.formula1.com/en/results.html/2020/races/1061/abu-dhabi/starting-grid.html,11,3,RIC,Daniel Ricciardo,Renault,1:36.406
2020,FORMULA 1 ETIHAD AIRWAYS ABU DHABI,1061,starting_grid,https://www.formula1.com/en/results.html/2020/races/1061/abu-dhabi/starting-grid.html,12,16,LEC,Charles Leclerc,Ferrari,1:36.065
2020,FORMULA 1 ETIHAD AIRWAYS ABU DHABI,1061,starting_grid,https://www.formula1.com/en/results.html/2020/races/1061/abu-dhabi/starting-grid.html,13,5,VET,Sebastian Vettel,Ferrari,1:36.631
2020,FORMULA 1 ETIHAD AIRWAYS ABU DHABI,1061,starting_grid,https://www.formula1.com/en/results.html/2020/races/1061/abu-dhabi/starting-grid.html,14,99,GIO,Antonio Giovinazzi,Alfa Romeo Racing Ferrari,1:38.248
2020,FORMULA 1 ETIHAD AIRWAYS ABU DHABI,1061,starting_grid,https://www.formula1.com/en/results.html/2020/races/1061/abu-dhabi/starting-grid.html,15,7,RAI,Kimi Räikkönen,Alfa Romeo Racing Ferrari,1:37.555
2020,FORMULA 1 ETIHAD AIRWAYS ABU DHABI,1061,starting_grid,https://www.formula1.com/en/results.html/2020/races/1061/abu-dhabi/starting-grid.html,16,63,RUS,George Russell,Williams Mercedes,1:38.045
2020,FORMULA 1 ETIHAD AIRWAYS ABU DHABI,1061,starting_grid,https://www.formula1.com/en/results.html/2020/races/1061/abu-dhabi/starting-grid.html,17,51,FIT,Pietro Fittipaldi,Haas Ferrari,1:38.173
2020,FORMULA 1 ETIHAD AIRWAYS ABU DHABI,1061,starting_grid,https://www.formula1.com/en/results.html/2020/races/1061/abu-dhabi/starting-grid.html,18,6,LAT,Nicholas Latifi,Williams Mercedes,1:38.443
2020,FORMULA 1 ETIHAD AIRWAYS ABU DHABI,1061,starting_grid,https://www.formula1.com/en/results.html/2020/races/1061/abu-dhabi/starting-grid.html,19,11,PER,Sergio Perez,Racing Point BWT Mercedes,
2020,FORMULA 1 ETIHAD AIRWAYS ABU DHABI,1061,starting_grid,https://www.formula1.com/en/results.html/2020/races/1061/abu-dhabi/starting-grid.html,20,20,MAG,Kevin Magnussen,Haas Ferrari,1:37.863
