year,race_name,race_id,result_type,url,position,driver_number,driver_code,driver_name,team,lap,time_of_day,lap_time,avg_speed
2024,FORMULA 1 GULF AIR BAHRAIN,1229,fastest_lap,https://www.formula1.com/en/results.html/2024/races/1229/bahrain/fastest-laps.html,1,1,VER,Max Verstappen,Red Bull Racing Honda RBPT,39,19:07:00,1:32.608,210.383
2024,FORMULA 1 GULF AIR BAHRAIN,1229,fastest_lap,https://www.formula1.com/en/results.html/2024/races/1229/bahrain/fastest-laps.html,2,16,LEC,Charles Leclerc,Ferrari,36,19:02:45,1:34.090,207.069
2024,FORMULA 1 GULF AIR BAHRAIN,1229,fastest_lap,https://www.formula1.com/en/results.html/2024/races/1229/bahrain/fastest-laps.html,3,14,ALO,Fernando Alonso,Aston Martin Aramco Mercedes,48,19:22:26,1:34.199,206.830
2024,FORMULA 1 GULF AIR BAHRAIN,1229,fastest_lap,https://www.formula1.com/en/results.html/2024/races/1229/bahrain/fastest-laps.html,4,11,PER,Sergio Perez,Red Bull Racing Honda RBPT,40,19:08:53,1:34.364,206.468
2024,FORMULA 1 GULF AIR BAHRAIN,1229,fastest_lap,https://www.formula1.com/en/results.html/2024/races/1229/bahrain/fastest-laps.html,5,4,NOR,Lando Norris,McLaren Mercedes,35,19:01:12,1:34.476,206.223
2024,FORMULA 1 GULF AIR BAHRAIN,1229,fastest_lap,https://www.formula1.com/en/results.html/2024/races/1229/bahrain/fastest-laps.html,6,55,SAI,Carlos Sainz,Ferrari,44,19:15:15,1:34.507,206.156
2024,FORMULA 1 GULF AIR BAHRAIN,1229,fastest_lap,https://www.formula1.com/en/results.html/2024/races/1229/bahrain/fastest-laps.html,7,44,HAM,Lewis Hamilton,Mercedes,39,19:07:38,1:34.722,205.688
2024,FORMULA 1 GULF AIR BAHRAIN,1229,fastest_lap,https://www.formula1.com/en/results.html/2024/races/1229/bahrain/fastest-laps.html,8,2,SAR,Logan Sargeant,Williams Mercedes,42,19:14:58,1:34.735,205.659
2024,FORMULA 1 GULF AIR BAHRAIN,1229,fastest_lap,https://www.formula1.com/en/results.html/2024/races/1229/bahrain/fastest-laps.html,9,10,GAS,Pierre Gasly,Alpine Renault,45,19:18:28,1:34.805,205.508
2024,FORMULA 1 GULF AIR BAHRAIN,1229,fastest_lap,https://www.formula1.com/en/results.html/2024/races/1229/bahrain/fastest-laps.html,10,27,HUL,Nico Hulkenberg,Haas Ferrari,46,19:19:49,1:34.834,205.445
2024,FORMULA 1 GULF AIR BAHRAIN,1229,fastest_lap,https://www.formula1.com/en/results.html/2024/races/1229/bahrain/fastest-laps.html,11,81,PIA,Oscar Piastri,McLaren Mercedes,39,19:07:42,1:34.983,205.123
2024,FORMULA 1 GULF AIR BAHRAIN,1229,fastest_lap,https://www.formula1.com/en/results.html/2024/races/1229/bahrain/fastest-laps.html,12,63,RUS,George Russell,Mercedes,40,19:09:04,1:35.065,204.946
2024,FORMULA 1 GULF AIR BAHRAIN,1229,fastest_lap,https://www.formula1.com/en/results.html/2024/races/1229/bahrain/fastest-laps.html,13,3,RIC,Daniel Ricciardo,RB Honda RBPT,37,19:05:08,1:35.163,204.735
2024,FORMULA 1 GULF AIR BAHRAIN,1229,fastest_lap,https://www.formula1.com/en/results.html/2024/races/1229/bahrain/fastest-laps.html,14,24,ZHO,Zhou Guanyu,Kick Sauber Ferrari,30,18:53:34,1:35.458,204.102
2024,FORMULA 1 GULF AIR BAHRAIN,1229,fastest_lap,https://www.formula1.com/en/results.html/2024/races/1229/bahrain/fastest-laps.html,15,20,MAG,Kevin Magnussen,Haas Ferrari,34,19:00:11,1:35.570,203.863
2024,FORMULA 1 GULF AIR BAHRAIN,1229,fastest_lap,https://www.formula1.com/en/results.html/2024/races/1229/bahrain/fastest-laps.html,16,18,STR,Lance Stroll,Aston Martin Aramco Mercedes,30,18:53:35,1:35.632,203.730
2024,FORMULA 1 GULF AIR BAHRAIN,1229,fastest_lap,https://www.formula1.com/en/results.html/2024/races/1229/bahrain/fastest-laps.html,17,23,ALB,Alexander Albon,Williams Mercedes,40,19:09:57,1:35.723,203.537
2024,FORMULA 1 GULF AIR BAHRAIN,1229,fastest_lap,https://www.formula1.com/en/results.html/2024/races/1229/bahrain/fastest-laps.html,18,22,TSU,Yuki Tsunoda,RB Honda RBPT,37,19:04:59,1:35.833,203.303
2024,FORMULA 1 GULF AIR BAHRAIN,1229,fastest_lap,https://www.formula1.com/en/results.html/2024/races/1229/bahrain/fastest-laps.html,19,77,BOT,Valtteri Bottas,Kick Sauber Ferrari,33,18:59:37,1:36.202,202.523
2024,FORMULA 1 GULF AIR BAHRAIN,1229,fastest_lap,https://www.formula1.com/en/results.html/2024/races/1229/bahrain/fastest-laps.html,20,31,OCO,Esteban Ocon,Alpine Renault,34,19:00:21,1:36.226,202.473
2024,FORMULA 1 STC SAUDI ARABIAN,1230,fastest_lap,https://www.formula1.com/en/results.html/2024/races/1230/saudi-arabia/fastest-laps.html,1,16,LEC,Charles Leclerc,Ferrari,50,21:25:00,1:31.632,242.561
2024,FORMULA 1 STC SAUDI ARABIAN,1230,fastest_lap,https://www.formula1.com/en/results.html/2024/races/1230/saudi-arabia/fastest-laps.html,2,44,HAM,Lewis Hamilton,Mercedes,38,21:07:01,1:31.746,242.260
2024,FORMULA 1 STC SAUDI ARABIAN,1230,fastest_lap,https://www.formula1.com/en/results.html/2024/races/1230/saudi-arabia/fastest-laps.html,3,1,VER,Max Verstappen,Red Bull Racing Honda RBPT,50,21:24:42,1:31.773,242.188
2024,FORMULA 1 STC SAUDI ARABIAN,1230,fastest_lap,https://www.formula1.com/en/results.html/2024/races/1230/saudi-arabia/fastest-laps.html,4,4,NOR,Lando Norris,McLaren Mercedes,40,21:10:04,1:31.944,241.738
2024,FORMULA 1 STC SAUDI ARABIAN,1230,fastest_lap,https://www.formula1.com/en/results.html/2024/races/1230/saudi-arabia/fastest-laps.html,5,38,BEA,Oliver Bearman,Ferrari,50,21:25:24,1:32.186,241.103
2024,FORMULA 1 STC SAUDI ARABIAN,1230,fastest_lap,https://www.formula1.com/en/results.html/2024/races/1230/saudi-arabia/fastest-laps.html,6,24,ZHO,Zhou Guanyu,Kick Sauber Ferrari,49,21:25:11,1:32.208,241.046
2024,FORMULA 1 STC SAUDI ARABIAN,1230,fastest_lap,https://www.formula1.com/en/results.html/2024/races/1230/saudi-arabia/fastest-laps.html,7,63,RUS,George Russell,Mercedes,42,21:12:58,1:32.254,240.926
2024,FORMULA 1 STC SAUDI ARABIAN,1230,fastest_lap,https://www.formula1.com/en/results.html/2024/races/1230/saudi-arabia/fastest-laps.html,8,11,PER,Sergio Perez,Red Bull Racing Honda RBPT,37,21:04:47,1:32.273,240.876
2024,FORMULA 1 STC SAUDI ARABIAN,1230,fastest_lap,https://www.formula1.com/en/results.html/2024/races/1230/saudi-arabia/fastest-laps.html,9,23,ALB,Alexander Albon,Williams Mercedes,50,21:26:10,1:32.307,240.787
2024,FORMULA 1 STC SAUDI ARABIAN,1230,fastest_lap,https://www.formula1.com/en/results.html/2024/races/1230/saudi-arabia/fastest-laps.html,10,81,PIA,Oscar Piastri,McLaren Mercedes,45,21:17:31,1:32.310,240.779
2024,FORMULA 1 STC SAUDI ARABIAN,1230,fastest_lap,https://www.formula1.com/en/results.html/2024/races/1230/saudi-arabia/fastest-laps.html,11,20,MAG,Kevin Magnussen,Haas Ferrari,47,21:21:26,1:32.338,240.706
2024,FORMULA 1 STC SAUDI ARABIAN,1230,fastest_lap,https://www.formula1.com/en/results.html/2024/races/1230/saudi-arabia/fastest-laps.html,12,27,HUL,Nico Hulkenberg,Haas Ferrari,49,21:24:26,1:32.366,240.633
2024,FORMULA 1 STC SAUDI ARABIAN,1230,fastest_lap,https://www.formula1.com/en/results.html/2024/races/1230/saudi-arabia/fastest-laps.html,13,14,ALO,Fernando Alonso,Aston Martin Aramco Mercedes,43,21:14:30,1:32.387,240.579
2024,FORMULA 1 STC SAUDI ARABIAN,1230,fastest_lap,https://www.formula1.com/en/results.html/2024/races/1230/saudi-arabia/fastest-laps.html,14,77,BOT,Valtteri Bottas,Kick Sauber Ferrari,49,21:25:05,1:32.706,239.751
2024,FORMULA 1 STC SAUDI ARABIAN,1230,fastest_lap,https://www.formula1.com/en/results.html/2024/races/1230/saudi-arabia/fastest-laps.html,15,2,SAR,Logan Sargeant,Williams Mercedes,49,21:24:49,1:33.026,238.926
2024,FORMULA 1 STC SAUDI ARABIAN,1230,fastest_lap,https://www.formula1.com/en/results.html/2024/races/1230/saudi-arabia/fastest-laps.html,16,3,RIC,Daniel Ricciardo,RB Honda RBPT,47,21:21:43,1:33.323,238.166
2024,FORMULA 1 STC SAUDI ARABIAN,1230,fastest_lap,https://www.formula1.com/en/results.html/2024/races/1230/saudi-arabia/fastest-laps.html,17,31,OCO,Esteban Ocon,Alpine Renault,48,21:23:12,1:33.481,237.763
2024,FORMULA 1 STC SAUDI ARABIAN,1230,fastest_lap,https://www.formula1.com/en/results.html/2024/races/1230/saudi-arabia/fastest-laps.html,18,22,TSU,Yuki Tsunoda,RB Honda RBPT,44,21:16:58,1:33.523,237.657
2024,FORMULA 1 STC SAUDI ARABIAN,1230,fastest_lap,https://www.formula1.com/en/results.html/2024/races/1230/saudi-arabia/fastest-laps.html,19,18,STR,Lance Stroll,Aston Martin Aramco Mercedes,5,20:12:04,1:35.560,232.591
2024,FORMULA 1 ROLEX AUSTRALIAN,1231,fastest_lap,https://www.formula1.com/en/results.html/2024/races/1231/australia/fastest-laps.html,1,16,LEC,Charles Leclerc,Ferrari,56,16:20:30,1:19.813,238.066
2024,FORMULA 1 ROLEX AUSTRALIAN,1231,fastest_lap,https://www.formula1.com/en/results.html/2024/races/1231/australia/fastest-laps.html,2,4,NOR,Lando Norris,McLaren Mercedes,49,16:11:12,1:19.915,237.762
2024,FORMULA 1 ROLEX AUSTRALIAN,1231,fastest_lap,https://www.formula1.com/en/results.html/2024/races/1231/australia/fastest-laps.html,3,55,SAI,Carlos Sainz,Ferrari,48,16:09:42,1:20.031,237.418
2024,FORMULA 1 ROLEX AUSTRALIAN,1231,fastest_lap,https://www.formula1.com/en/results.html/2024/races/1231/australia/fastest-laps.html,4,81,PIA,Oscar Piastri,McLaren Mercedes,54,16:18:04,1:20.199,236.920
2024,FORMULA 1 ROLEX AUSTRALIAN,1231,fastest_lap,https://www.formula1.com/en/results.html/2024/races/1231/australia/fastest-laps.html,5,63,RUS,George Russell,Mercedes,53,16:17:14,1:20.284,236.669
2024,FORMULA 1 ROLEX AUSTRALIAN,1231,fastest_lap,https://www.formula1.com/en/results.html/2024/races/1231/australia/fastest-laps.html,6,11,PER,Sergio Perez,Red Bull Racing Honda RBPT,47,16:08:52,1:20.388,236.363
2024,FORMULA 1 ROLEX AUSTRALIAN,1231,fastest_lap,https://www.formula1.com/en/results.html/2024/races/1231/australia/fastest-laps.html,7,14,ALO,Fernando Alonso,Aston Martin Aramco Mercedes,52,16:15:52,1:20.493,236.055
2024,FORMULA 1 ROLEX AUSTRALIAN,1231,fastest_lap,https://www.formula1.com/en/results.html/2024/races/1231/australia/fastest-laps.html,8,18,STR,Lance Stroll,Aston Martin Aramco Mercedes,49,16:12:01,1:20.930,234.780
2024,FORMULA 1 ROLEX AUSTRALIAN,1231,fastest_lap,https://www.formula1.com/en/results.html/2024/races/1231/australia/fastest-laps.html,9,20,MAG,Kevin Magnussen,Haas Ferrari,44,16:05:23,1:21.082,234.340
2024,FORMULA 1 ROLEX AUSTRALIAN,1231,fastest_lap,https://www.formula1.com/en/results.html/2024/races/1231/australia/fastest-laps.html,10,10,GAS,Pierre Gasly,Alpine Renault,51,16:15:20,1:21.090,234.317
2024,FORMULA 1 ROLEX AUSTRALIAN,1231,fastest_lap,https://www.formula1.com/en/results.html/2024/races/1231/australia/fastest-laps.html,11,22,TSU,Yuki Tsunoda,RB Honda RBPT,46,16:08:01,1:21.134,234.190
2024,FORMULA 1 ROLEX AUSTRALIAN,1231,fastest_lap,https://www.formula1.com/en/results.html/2024/races/1231/australia/fastest-laps.html,12,27,HUL,Nico Hulkenberg,Haas Ferrari,46,16:08:02,1:21.145,234.158
2024,FORMULA 1 ROLEX AUSTRALIAN,1231,fastest_lap,https://www.formula1.com/en/results.html/2024/races/1231/australia/fastest-laps.html,13,3,RIC,Daniel Ricciardo,RB Honda RBPT,46,16:08:12,1:21.239,233.887
2024,FORMULA 1 ROLEX AUSTRALIAN,1231,fastest_lap,https://www.formula1.com/en/results.html/2024/races/1231/australia/fastest-laps.html,14,24,ZHO,Zhou Guanyu,Kick Sauber Ferrari,49,16:12:44,1:21.327,233.634
2024,FORMULA 1 ROLEX AUSTRALIAN,1231,fastest_lap,https://www.formula1.com/en/results.html/2024/races/1231/australia/fastest-laps.html,15,31,OCO,Esteban Ocon,Alpine Renault,45,16:07:18,1:21.354,233.557
2024,FORMULA 1 ROLEX AUSTRALIAN,1231,fastest_lap,https://www.formula1.com/en/results.html/2024/races/1231/australia/fastest-laps.html,16,77,BOT,Valtteri Bottas,Kick Sauber Ferrari,48,16:11:19,1:21.422,233.361
2024,FORMULA 1 ROLEX AUSTRALIAN,1231,fastest_lap,https://www.formula1.com/en/results.html/2024/races/1231/australia/fastest-laps.html,17,23,ALB,Alexander Albon,Williams Mercedes,46,16:08:08,1:21.618,232.801
2024,FORMULA 1 ROLEX AUSTRALIAN,1231,fastest_lap,https://www.formula1.com/en/results.html/2024/races/1231/australia/fastest-laps.html,18,44,HAM,Lewis Hamilton,Mercedes,11,15:18:57,1:22.444,230.469
2024,FORMULA 1 ROLEX AUSTRALIAN,1231,fastest_lap,https://www.formula1.com/en/results.html/2024/races/1231/australia/fastest-laps.html,19,1,VER,Max Verstappen,Red Bull Racing Honda RBPT,3,15:07:26,1:23.115,228.608
2024,FORMULA 1 MSC CRUISES JAPANESE,1232,fastest_lap,https://www.formula1.com/en/results.html/2024/races/1232/japan/fastest-laps.html,1,1,VER,Max Verstappen,Red Bull Racing Honda RBPT,50,15:53:20,1:33.706,223.093
2024,FORMULA 1 MSC CRUISES JAPANESE,1232,fastest_lap,https://www.formula1.com/en/results.html/2024/races/1232/japan/fastest-laps.html,2,55,SAI,Carlos Sainz,Ferrari,46,15:47:21,1:33.841,222.772
2024,FORMULA 1 MSC CRUISES JAPANESE,1232,fastest_lap,https://www.formula1.com/en/results.html/2024/races/1232/japan/fastest-laps.html,3,11,PER,Sergio Perez,Red Bull Racing Honda RBPT,35,15:29:48,1:33.945,222.525
2024,FORMULA 1 MSC CRUISES JAPANESE,1232,fastest_lap,https://www.formula1.com/en/results.html/2024/races/1232/japan/fastest-laps.html,4,44,HAM,Lewis Hamilton,Mercedes,41,15:39:55,1:33.952,222.509
2024,FORMULA 1 MSC CRUISES JAPANESE,1232,fastest_lap,https://www.formula1.com/en/results.html/2024/races/1232/japan/fastest-laps.html,5,63,RUS,George Russell,Mercedes,39,15:36:37,1:34.404,221.444
2024,FORMULA 1 MSC CRUISES JAPANESE,1232,fastest_lap,https://www.formula1.com/en/results.html/2024/races/1232/japan/fastest-laps.html,6,14,ALO,Fernando Alonso,Aston Martin Aramco Mercedes,53,15:58:49,1:34.726,220.691
2024,FORMULA 1 MSC CRUISES JAPANESE,1232,fastest_lap,https://www.formula1.com/en/results.html/2024/races/1232/japan/fastest-laps.html,7,81,PIA,Oscar Piastri,McLaren Mercedes,35,15:30:07,1:34.802,220.514
2024,FORMULA 1 MSC CRUISES JAPANESE,1232,fastest_lap,https://www.formula1.com/en/results.html/2024/races/1232/japan/fastest-laps.html,8,2,SAR,Logan Sargeant,Williams Mercedes,43,15:44:56,1:34.900,220.286
2024,FORMULA 1 MSC CRUISES JAPANESE,1232,fastest_lap,https://www.formula1.com/en/results.html/2024/races/1232/japan/fastest-laps.html,9,16,LEC,Charles Leclerc,Ferrari,53,15:58:31,1:35.044,219.952
2024,FORMULA 1 MSC CRUISES JAPANESE,1232,fastest_lap,https://www.formula1.com/en/results.html/2024/races/1232/japan/fastest-laps.html,10,4,NOR,Lando Norris,McLaren Mercedes,51,15:55:23,1:35.186,219.624
2024,FORMULA 1 MSC CRUISES JAPANESE,1232,fastest_lap,https://www.formula1.com/en/results.html/2024/races/1232/japan/fastest-laps.html,11,27,HUL,Nico Hulkenberg,Haas Ferrari,52,15:58:12,1:35.325,219.304
2024,FORMULA 1 MSC CRUISES JAPANESE,1232,fastest_lap,https://www.formula1.com/en/results.html/2024/races/1232/japan/fastest-laps.html,12,18,STR,Lance Stroll,Aston Martin Aramco Mercedes,41,15:40:30,1:35.798,218.221
2024,FORMULA 1 MSC CRUISES JAPANESE,1232,fastest_lap,https://www.formula1.com/en/results.html/2024/races/1232/japan/fastest-laps.html,13,31,OCO,Esteban Ocon,Alpine Renault,52,15:58:46,1:36.232,217.237
2024,FORMULA 1 MSC CRUISES JAPANESE,1232,fastest_lap,https://www.formula1.com/en/results.html/2024/races/1232/japan/fastest-laps.html,14,22,TSU,Yuki Tsunoda,RB Honda RBPT,51,15:56:28,1:36.342,216.989
2024,FORMULA 1 MSC CRUISES JAPANESE,1232,fastest_lap,https://www.formula1.com/en/results.html/2024/races/1232/japan/fastest-laps.html,15,77,BOT,Valtteri Bottas,Kick Sauber Ferrari,25,15:14:21,1:36.608,216.392
2024,FORMULA 1 MSC CRUISES JAPANESE,1232,fastest_lap,https://www.formula1.com/en/results.html/2024/races/1232/japan/fastest-laps.html,16,10,GAS,Pierre Gasly,Alpine Renault,48,15:52:25,1:36.642,216.315
2024,FORMULA 1 MSC CRUISES JAPANESE,1232,fastest_lap,https://www.formula1.com/en/results.html/2024/races/1232/japan/fastest-laps.html,17,20,MAG,Kevin Magnussen,Haas Ferrari,24,15:12:43,1:36.654,216.289
2024,FORMULA 1 MSC CRUISES JAPANESE,1232,fastest_lap,https://www.formula1.com/en/results.html/2024/races/1232/japan/fastest-laps.html,18,24,ZHO,Zhou Guanyu,Kick Sauber Ferrari,9,14:47:44,1:37.160,215.162
2024,FORMULA 1 LENOVO CHINESE,1233,fastest_lap,https://www.formula1.com/en/results.html/2024/races/1233/china/fastest-laps.html,1,14,ALO,Fernando Alonso,Aston Martin Aramco Mercedes,45,16:26:55,1:37.810,200.629
2024,FORMULA 1 LENOVO CHINESE,1233,fastest_lap,https://www.formula1.com/en/results.html/2024/races/1233/china/fastest-laps.html,2,1,VER,Max Verstappen,Red Bull Racing Honda RBPT,33,16:06:26,1:38.406,199.414
2024,FORMULA 1 LENOVO CHINESE,1233,fastest_lap,https://www.formula1.com/en/results.html/2024/races/1233/china/fastest-laps.html,3,24,ZHO,Zhou Guanyu,Kick Sauber Ferrari,42,16:22:15,1:38.633,198.955
2024,FORMULA 1 LENOVO CHINESE,1233,fastest_lap,https://www.formula1.com/en/results.html/2024/races/1233/china/fastest-laps.html,4,4,NOR,Lando Norris,McLaren Mercedes,33,16:06:27,1:38.751,198.717
2024,FORMULA 1 LENOVO CHINESE,1233,fastest_lap,https://www.formula1.com/en/results.html/2024/races/1233/china/fastest-laps.html,5,10,GAS,Pierre Gasly,Alpine Renault,40,16:18:50,1:39.198,197.822
2024,FORMULA 1 LENOVO CHINESE,1233,fastest_lap,https://www.formula1.com/en/results.html/2024/races/1233/china/fastest-laps.html,6,16,LEC,Charles Leclerc,Ferrari,33,16:06:29,1:39.384,197.452
2024,FORMULA 1 LENOVO CHINESE,1233,fastest_lap,https://www.formula1.com/en/results.html/2024/races/1233/china/fastest-laps.html,7,11,PER,Sergio Perez,Red Bull Racing Honda RBPT,33,16:06:30,1:39.388,197.444
2024,FORMULA 1 LENOVO CHINESE,1233,fastest_lap,https://www.formula1.com/en/results.html/2024/races/1233/china/fastest-laps.html,8,18,STR,Lance Stroll,Aston Martin Aramco Mercedes,37,16:14:01,1:39.444,197.333
2024,FORMULA 1 LENOVO CHINESE,1233,fastest_lap,https://www.formula1.com/en/results.html/2024/races/1233/china/fastest-laps.html,9,81,PIA,Oscar Piastri,McLaren Mercedes,18,15:34:44,1:39.739,196.749
2024,FORMULA 1 LENOVO CHINESE,1233,fastest_lap,https://www.formula1.com/en/results.html/2024/races/1233/china/fastest-laps.html,10,55,SAI,Carlos Sainz,Ferrari,19,15:36:29,1:39.764,196.700
2024,FORMULA 1 LENOVO CHINESE,1233,fastest_lap,https://www.formula1.com/en/results.html/2024/races/1233/china/fastest-laps.html,11,63,RUS,George Russell,Mercedes,39,16:16:37,1:40.112,196.016
2024,FORMULA 1 LENOVO CHINESE,1233,fastest_lap,https://www.formula1.com/en/results.html/2024/races/1233/china/fastest-laps.html,12,23,ALB,Alexander Albon,Williams Mercedes,34,16:08:20,1:40.790,194.697
2024,FORMULA 1 LENOVO CHINESE,1233,fastest_lap,https://www.formula1.com/en/results.html/2024/races/1233/china/fastest-laps.html,13,27,HUL,Nico Hulkenberg,Haas Ferrari,32,16:04:55,1:40.815,194.649
2024,FORMULA 1 LENOVO CHINESE,1233,fastest_lap,https://www.formula1.com/en/results.html/2024/races/1233/china/fastest-laps.html,14,44,HAM,Lewis Hamilton,Mercedes,34,16:08:18,1:40.835,194.610
2024,FORMULA 1 LENOVO CHINESE,1233,fastest_lap,https://www.formula1.com/en/results.html/2024/races/1233/china/fastest-laps.html,15,31,OCO,Esteban Ocon,Alpine Renault,33,16:06:38,1:40.937,194.414
2024,FORMULA 1 LENOVO CHINESE,1233,fastest_lap,https://www.formula1.com/en/results.html/2024/races/1233/china/fastest-laps.html,16,3,RIC,Daniel Ricciardo,RB Honda RBPT,16,15:31:36,1:40.994,194.304
2024,FORMULA 1 LENOVO CHINESE,1233,fastest_lap,https://www.formula1.com/en/results.html/2024/races/1233/china/fastest-laps.html,17,2,SAR,Logan Sargeant,Williams Mercedes,14,15:28:17,1:41.000,194.293
2024,FORMULA 1 LENOVO CHINESE,1233,fastest_lap,https://www.formula1.com/en/results.html/2024/races/1233/china/fastest-laps.html,18,20,MAG,Kevin Magnussen,Haas Ferrari,45,16:27:03,1:41.077,194.145
2024,FORMULA 1 LENOVO CHINESE,1233,fastest_lap,https://www.formula1.com/en/results.html/2024/races/1233/china/fastest-laps.html,19,77,BOT,Valtteri Bottas,Kick Sauber Ferrari,11,15:22:56,1:41.276,193.763
2024,FORMULA 1 LENOVO CHINESE,1233,fastest_lap,https://www.formula1.com/en/results.html/2024/races/1233/china/fastest-laps.html,20,22,TSU,Yuki Tsunoda,RB Honda RBPT,11,15:23:00,1:41.593,193.158
2024,COM MIAMI,1234,fastest_lap,https://www.formula1.com/en/results.html/2024/races/1234/miami/fastest-laps.html,1,81,PIA,Oscar Piastri,McLaren Mercedes,43,17:13:35,1:30.634,214.965
2024,COM MIAMI,1234,fastest_lap,https://www.formula1.com/en/results.html/2024/races/1234/miami/fastest-laps.html,2,23,ALB,Alexander Albon,Williams Mercedes,55,17:32:26,1:30.849,214.456
2024,COM MIAMI,1234,fastest_lap,https://www.formula1.com/en/results.html/2024/races/1234/miami/fastest-laps.html,3,11,PER,Sergio Perez,Red Bull Racing Honda RBPT,55,17:31:25,1:30.855,214.442
2024,COM MIAMI,1234,fastest_lap,https://www.formula1.com/en/results.html/2024/races/1234/miami/fastest-laps.html,4,55,SAI,Carlos Sainz,Ferrari,55,17:31:22,1:30.928,214.270
2024,COM MIAMI,1234,fastest_lap,https://www.formula1.com/en/results.html/2024/races/1234/miami/fastest-laps.html,5,4,NOR,Lando Norris,McLaren Mercedes,55,17:31:10,1:30.980,214.148
2024,COM MIAMI,1234,fastest_lap,https://www.formula1.com/en/results.html/2024/races/1234/miami/fastest-laps.html,6,16,LEC,Charles Leclerc,Ferrari,56,17:32:51,1:31.084,213.903
2024,COM MIAMI,1234,fastest_lap,https://www.formula1.com/en/results.html/2024/races/1234/miami/fastest-laps.html,7,44,HAM,Lewis Hamilton,Mercedes,54,17:29:55,1:31.233,213.554
2024,COM MIAMI,1234,fastest_lap,https://www.formula1.com/en/results.html/2024/races/1234/miami/fastest-laps.html,8,1,VER,Max Verstappen,Red Bull Racing Honda RBPT,48,17:20:37,1:31.261,213.488
2024,COM MIAMI,1234,fastest_lap,https://www.formula1.com/en/results.html/2024/races/1234/miami/fastest-laps.html,9,18,STR,Lance Stroll,Aston Martin Aramco Mercedes,57,17:34:58,1:31.588,212.726
2024,COM MIAMI,1234,fastest_lap,https://www.formula1.com/en/results.html/2024/races/1234/miami/fastest-laps.html,10,22,TSU,Yuki Tsunoda,RB Honda RBPT,55,17:31:35,1:31.682,212.508
2024,COM MIAMI,1234,fastest_lap,https://www.formula1.com/en/results.html/2024/races/1234/miami/fastest-laps.html,11,14,ALO,Fernando Alonso,Aston Martin Aramco Mercedes,55,17:31:46,1:31.727,212.404
2024,COM MIAMI,1234,fastest_lap,https://www.formula1.com/en/results.html/2024/races/1234/miami/fastest-laps.html,12,20,MAG,Kevin Magnussen,Haas Ferrari,33,16:58:09,1:31.774,212.295
2024,COM MIAMI,1234,fastest_lap,https://www.formula1.com/en/results.html/2024/races/1234/miami/fastest-laps.html,13,63,RUS,George Russell,Mercedes,43,17:13:13,1:31.921,211.955
2024,COM MIAMI,1234,fastest_lap,https://www.formula1.com/en/results.html/2024/races/1234/miami/fastest-laps.html,14,27,HUL,Nico Hulkenberg,Haas Ferrari,56,17:33:22,1:31.941,211.909
2024,COM MIAMI,1234,fastest_lap,https://www.formula1.com/en/results.html/2024/races/1234/miami/fastest-laps.html,15,24,ZHO,Zhou Guanyu,Kick Sauber Ferrari,56,17:33:30,1:31.991,211.794
2024,COM MIAMI,1234,fastest_lap,https://www.formula1.com/en/results.html/2024/races/1234/miami/fastest-laps.html,16,31,OCO,Esteban Ocon,Alpine Renault,51,17:25:39,1:32.037,211.688
2024,COM MIAMI,1234,fastest_lap,https://www.formula1.com/en/results.html/2024/races/1234/miami/fastest-laps.html,17,10,GAS,Pierre Gasly,Alpine Renault,56,17:33:26,1:32.055,211.647
2024,COM MIAMI,1234,fastest_lap,https://www.formula1.com/en/results.html/2024/races/1234/miami/fastest-laps.html,18,77,BOT,Valtteri Bottas,Kick Sauber Ferrari,55,17:32:00,1:32.098,211.548
2024,COM MIAMI,1234,fastest_lap,https://www.formula1.com/en/results.html/2024/races/1234/miami/fastest-laps.html,19,3,RIC,Daniel Ricciardo,RB Honda RBPT,57,17:35:04,1:32.122,211.493
2024,COM MIAMI,1234,fastest_lap,https://www.formula1.com/en/results.html/2024/races/1234/miami/fastest-laps.html,20,2,SAR,Logan Sargeant,Williams Mercedes,15,16:27:27,1:33.452,208.483
2024,EMILIA-ROMAGNA,1235,fastest_lap,https://www.formula1.com/en/results.html/2024/races/1235/emilia-romagna/fastest-laps.html,1,63,RUS,George Russell,Mercedes,54,16:17:28,1:18.589,224.871
2024,EMILIA-ROMAGNA,1235,fastest_lap,https://www.formula1.com/en/results.html/2024/races/1235/emilia-romagna/fastest-laps.html,2,14,ALO,Fernando Alonso,Aston Martin Aramco Mercedes,62,16:29:56,1:19.004,223.689
2024,EMILIA-ROMAGNA,1235,fastest_lap,https://www.formula1.com/en/results.html/2024/races/1235/emilia-romagna/fastest-laps.html,3,11,PER,Sergio Perez,Red Bull Racing Honda RBPT,52,16:14:50,1:19.686,221.775
2024,EMILIA-ROMAGNA,1235,fastest_lap,https://www.formula1.com/en/results.html/2024/races/1235/emilia-romagna/fastest-laps.html,4,81,PIA,Oscar Piastri,McLaren Mercedes,25,15:37:45,1:19.907,221.162
2024,EMILIA-ROMAGNA,1235,fastest_lap,https://www.formula1.com/en/results.html/2024/races/1235/emilia-romagna/fastest-laps.html,5,16,LEC,Charles Leclerc,Ferrari,27,15:40:25,1:19.935,221.084
2024,EMILIA-ROMAGNA,1235,fastest_lap,https://www.formula1.com/en/results.html/2024/races/1235/emilia-romagna/fastest-laps.html,6,4,NOR,Lando Norris,McLaren Mercedes,54,16:16:38,1:19.994,220.921
2024,EMILIA-ROMAGNA,1235,fastest_lap,https://www.formula1.com/en/results.html/2024/races/1235/emilia-romagna/fastest-laps.html,7,55,SAI,Carlos Sainz,Ferrari,63,16:29:04,1:20.220,220.299
2024,EMILIA-ROMAGNA,1235,fastest_lap,https://www.formula1.com/en/results.html/2024/races/1235/emilia-romagna/fastest-laps.html,8,44,HAM,Lewis Hamilton,Mercedes,43,16:02:17,1:20.331,219.994
2024,EMILIA-ROMAGNA,1235,fastest_lap,https://www.formula1.com/en/results.html/2024/races/1235/emilia-romagna/fastest-laps.html,9,1,VER,Max Verstappen,Red Bull Racing Honda RBPT,38,15:55:03,1:20.366,219.898
2024,EMILIA-ROMAGNA,1235,fastest_lap,https://www.formula1.com/en/results.html/2024/races/1235/emilia-romagna/fastest-laps.html,10,18,STR,Lance Stroll,Aston Martin Aramco Mercedes,58,16:23:11,1:20.570,219.342
2024,EMILIA-ROMAGNA,1235,fastest_lap,https://www.formula1.com/en/results.html/2024/races/1235/emilia-romagna/fastest-laps.html,11,22,TSU,Yuki Tsunoda,RB Honda RBPT,14,15:22:58,1:20.936,218.350
2024,EMILIA-ROMAGNA,1235,fastest_lap,https://www.formula1.com/en/results.html/2024/races/1235/emilia-romagna/fastest-laps.html,12,20,MAG,Kevin Magnussen,Haas Ferrari,58,16:23:41,1:21.009,218.153
2024,EMILIA-ROMAGNA,1235,fastest_lap,https://www.formula1.com/en/results.html/2024/races/1235/emilia-romagna/fastest-laps.html,13,24,ZHO,Zhou Guanyu,Kick Sauber Ferrari,37,15:55:04,1:21.016,218.134
2024,EMILIA-ROMAGNA,1235,fastest_lap,https://www.formula1.com/en/results.html/2024/races/1235/emilia-romagna/fastest-laps.html,14,2,SAR,Logan Sargeant,Williams Mercedes,55,16:19:52,1:21.229,217.562
2024,EMILIA-ROMAGNA,1235,fastest_lap,https://www.formula1.com/en/results.html/2024/races/1235/emilia-romagna/fastest-laps.html,15,23,ALB,Alexander Albon,Williams Mercedes,48,16:12:08,1:21.274,217.442
2024,EMILIA-ROMAGNA,1235,fastest_lap,https://www.formula1.com/en/results.html/2024/races/1235/emilia-romagna/fastest-laps.html,16,31,OCO,Esteban Ocon,Alpine Renault,37,15:54:52,1:21.304,217.361
2024,EMILIA-ROMAGNA,1235,fastest_lap,https://www.formula1.com/en/results.html/2024/races/1235/emilia-romagna/fastest-laps.html,17,10,GAS,Pierre Gasly,Alpine Renault,10,15:17:37,1:21.371,217.183
2024,EMILIA-ROMAGNA,1235,fastest_lap,https://www.formula1.com/en/results.html/2024/races/1235/emilia-romagna/fastest-laps.html,18,77,BOT,Valtteri Bottas,Kick Sauber Ferrari,11,15:19:01,1:21.455,216.959
2024,EMILIA-ROMAGNA,1235,fastest_lap,https://www.formula1.com/en/results.html/2024/races/1235/emilia-romagna/fastest-laps.html,19,3,RIC,Daniel Ricciardo,RB Honda RBPT,13,15:21:40,1:21.569,216.655
2024,EMILIA-ROMAGNA,1235,fastest_lap,https://www.formula1.com/en/results.html/2024/races/1235/emilia-romagna/fastest-laps.html,20,27,HUL,Nico Hulkenberg,Haas Ferrari,3,15:07:28,1:21.700,216.308
2024,FORMULA 1 GRAND PRIX DE MONACO,1236,fastest_lap,https://www.formula1.com/en/results.html/2024/races/1236/monaco/fastest-laps.html,1,44,HAM,Lewis Hamilton,Mercedes,63,17:07:47,1:14.165,161.979
2024,FORMULA 1 GRAND PRIX DE MONACO,1236,fastest_lap,https://www.formula1.com/en/results.html/2024/races/1236/monaco/fastest-laps.html,2,1,VER,Max Verstappen,Red Bull Racing Honda RBPT,58,17:01:25,1:14.569,161.101
2024,FORMULA 1 GRAND PRIX DE MONACO,1236,fastest_lap,https://www.formula1.com/en/results.html/2024/races/1236/monaco/fastest-laps.html,3,24,ZHO,Zhou Guanyu,Kick Sauber Ferrari,75,17:26:04,1:14.718,160.780
2024,FORMULA 1 GRAND PRIX DE MONACO,1236,fastest_lap,https://www.formula1.com/en/results.html/2024/races/1236/monaco/fastest-laps.html,4,22,TSU,Yuki Tsunoda,RB Honda RBPT,77,17:27:06,1:14.720,160.776
2024,FORMULA 1 GRAND PRIX DE MONACO,1236,fastest_lap,https://www.formula1.com/en/results.html/2024/races/1236/monaco/fastest-laps.html,5,55,SAI,Carlos Sainz,Ferrari,62,17:06:08,1:14.726,160.763
2024,FORMULA 1 GRAND PRIX DE MONACO,1236,fastest_lap,https://www.formula1.com/en/results.html/2024/races/1236/monaco/fastest-laps.html,6,16,LEC,Charles Leclerc,Ferrari,71,17:17:29,1:15.162,159.830
2024,FORMULA 1 GRAND PRIX DE MONACO,1236,fastest_lap,https://www.formula1.com/en/results.html/2024/races/1236/monaco/fastest-laps.html,7,63,RUS,George Russell,Mercedes,73,17:20:21,1:15.228,159.690
2024,FORMULA 1 GRAND PRIX DE MONACO,1236,fastest_lap,https://www.formula1.com/en/results.html/2024/races/1236/monaco/fastest-laps.html,8,2,SAR,Logan Sargeant,Williams Mercedes,62,17:08:29,1:15.525,159.062
2024,FORMULA 1 GRAND PRIX DE MONACO,1236,fastest_lap,https://www.formula1.com/en/results.html/2024/races/1236/monaco/fastest-laps.html,9,10,GAS,Pierre Gasly,Alpine Renault,77,17:27:26,1:15.625,158.852
2024,FORMULA 1 GRAND PRIX DE MONACO,1236,fastest_lap,https://www.formula1.com/en/results.html/2024/races/1236/monaco/fastest-laps.html,10,4,NOR,Lando Norris,McLaren Mercedes,64,17:08:42,1:15.742,158.606
2024,FORMULA 1 GRAND PRIX DE MONACO,1236,fastest_lap,https://www.formula1.com/en/results.html/2024/races/1236/monaco/fastest-laps.html,11,81,PIA,Oscar Piastri,McLaren Mercedes,73,17:20:10,1:16.281,157.486
2024,FORMULA 1 GRAND PRIX DE MONACO,1236,fastest_lap,https://www.formula1.com/en/results.html/2024/races/1236/monaco/fastest-laps.html,12,77,BOT,Valtteri Bottas,Kick Sauber Ferrari,17,16:07:57,1:16.561,156.910
2024,FORMULA 1 GRAND PRIX DE MONACO,1236,fastest_lap,https://www.formula1.com/en/results.html/2024/races/1236/monaco/fastest-laps.html,13,18,STR,Lance Stroll,Aston Martin Aramco Mercedes,59,17:04:16,1:16.710,156.605
2024,FORMULA 1 GRAND PRIX DE MONACO,1236,fastest_lap,https://www.formula1.com/en/results.html/2024/races/1236/monaco/fastest-laps.html,14,23,ALB,Alexander Albon,Williams Mercedes,77,17:27:20,1:17.060,155.894
2024,FORMULA 1 GRAND PRIX DE MONACO,1236,fastest_lap,https://www.formula1.com/en/results.html/2024/races/1236/monaco/fastest-laps.html,15,3,RIC,Daniel Ricciardo,RB Honda RBPT,46,16:46:52,1:17.172,155.667
2024,FORMULA 1 GRAND PRIX DE MONACO,1236,fastest_lap,https://www.formula1.com/en/results.html/2024/races/1236/monaco/fastest-laps.html,16,14,ALO,Fernando Alonso,Aston Martin Aramco Mercedes,68,17:16:00,1:17.939,154.135
2024,FORMULA 1 AWS GRAND PRIX DU CANADA,1237,fastest_lap,https://www.formula1.com/en/results.html/2024/races/1237/canada/fastest-laps.html,1,44,HAM,Lewis Hamilton,Mercedes,70,15:49:04,1:14.856,209.730
2024,FORMULA 1 AWS GRAND PRIX DU CANADA,1237,fastest_lap,https://www.formula1.com/en/results.html/2024/races/1237/canada/fastest-laps.html,2,63,RUS,George Russell,Mercedes,70,15:49:03,1:14.895,209.621
2024,FORMULA 1 AWS GRAND PRIX DU CANADA,1237,fastest_lap,https://www.formula1.com/en/results.html/2024/races/1237/canada/fastest-laps.html,3,4,NOR,Lando Norris,McLaren Mercedes,67,15:45:15,1:15.558,207.782
2024,FORMULA 1 AWS GRAND PRIX DU CANADA,1237,fastest_lap,https://www.formula1.com/en/results.html/2024/races/1237/canada/fastest-laps.html,4,1,VER,Max Verstappen,Red Bull Racing Honda RBPT,70,15:48:59,1:15.569,207.751
2024,FORMULA 1 AWS GRAND PRIX DU CANADA,1237,fastest_lap,https://www.formula1.com/en/results.html/2024/races/1237/canada/fastest-laps.html,5,81,PIA,Oscar Piastri,McLaren Mercedes,65,15:42:46,1:16.247,205.904
2024,FORMULA 1 AWS GRAND PRIX DU CANADA,1237,fastest_lap,https://www.formula1.com/en/results.html/2024/races/1237/canada/fastest-laps.html,6,14,ALO,Fernando Alonso,Aston Martin Aramco Mercedes,70,15:49:16,1:16.303,205.753
2024,FORMULA 1 AWS GRAND PRIX DU CANADA,1237,fastest_lap,https://www.formula1.com/en/results.html/2024/races/1237/canada/fastest-laps.html,7,20,MAG,Kevin Magnussen,Haas Ferrari,68,15:46:56,1:16.499,205.226
2024,FORMULA 1 AWS GRAND PRIX DU CANADA,1237,fastest_lap,https://www.formula1.com/en/results.html/2024/races/1237/canada/fastest-laps.html,8,27,HUL,Nico Hulkenberg,Haas Ferrari,67,15:45:39,1:16.683,204.733
2024,FORMULA 1 AWS GRAND PRIX DU CANADA,1237,fastest_lap,https://www.formula1.com/en/results.html/2024/races/1237/canada/fastest-laps.html,9,18,STR,Lance Stroll,Aston Martin Aramco Mercedes,70,15:49:23,1:16.762,204.523
2024,FORMULA 1 AWS GRAND PRIX DU CANADA,1237,fastest_lap,https://www.formula1.com/en/results.html/2024/races/1237/canada/fastest-laps.html,10,31,OCO,Esteban Ocon,Alpine Renault,70,15:49:29,1:17.012,203.859
2024,FORMULA 1 AWS GRAND PRIX DU CANADA,1237,fastest_lap,https://www.formula1.com/en/results.html/2024/races/1237/canada/fastest-laps.html,11,10,GAS,Pierre Gasly,Alpine Renault,70,15:49:29,1:17.013,203.856
2024,FORMULA 1 AWS GRAND PRIX DU CANADA,1237,fastest_lap,https://www.formula1.com/en/results.html/2024/races/1237/canada/fastest-laps.html,12,3,RIC,Daniel Ricciardo,RB Honda RBPT,68,15:46:53,1:17.076,203.689
2024,FORMULA 1 AWS GRAND PRIX DU CANADA,1237,fastest_lap,https://www.formula1.com/en/results.html/2024/races/1237/canada/fastest-laps.html,13,77,BOT,Valtteri Bottas,Kick Sauber Ferrari,65,15:43:03,1:17.250,203.231
2024,FORMULA 1 AWS GRAND PRIX DU CANADA,1237,fastest_lap,https://www.formula1.com/en/results.html/2024/races/1237/canada/fastest-laps.html,14,22,TSU,Yuki Tsunoda,RB Honda RBPT,70,15:49:52,1:17.309,203.075
2024,FORMULA 1 AWS GRAND PRIX DU CANADA,1237,fastest_lap,https://www.formula1.com/en/results.html/2024/races/1237/canada/fastest-laps.html,15,24,ZHO,Zhou Guanyu,Kick Sauber Ferrari,68,15:48:35,1:17.325,203.033
2024,FORMULA 1 AWS GRAND PRIX DU CANADA,1237,fastest_lap,https://www.formula1.com/en/results.html/2024/races/1237/canada/fastest-laps.html,16,11,PER,Sergio Perez,Red Bull Racing Honda RBPT,51,15:21:42,1:18.819,199.185
2024,FORMULA 1 AWS GRAND PRIX DU CANADA,1237,fastest_lap,https://www.formula1.com/en/results.html/2024/races/1237/canada/fastest-laps.html,17,55,SAI,Carlos Sainz,Ferrari,51,15:21:38,1:18.957,198.837
2024,FORMULA 1 AWS GRAND PRIX DU CANADA,1237,fastest_lap,https://www.formula1.com/en/results.html/2024/races/1237/canada/fastest-laps.html,18,23,ALB,Alexander Albon,Williams Mercedes,51,15:21:38,1:19.359,197.830
2024,FORMULA 1 AWS GRAND PRIX DU CANADA,1237,fastest_lap,https://www.formula1.com/en/results.html/2024/races/1237/canada/fastest-laps.html,19,16,LEC,Charles Leclerc,Ferrari,39,15:05:48,1:26.012,182.528
2024,FORMULA 1 AWS GRAND PRIX DU CANADA,1237,fastest_lap,https://www.formula1.com/en/results.html/2024/races/1237/canada/fastest-laps.html,20,2,SAR,Logan Sargeant,Williams Mercedes,19,14:33:21,1:26.484,181.531
2024,FORMULA 1 ARAMCO GRAN PREMIO DE ESPAÑA,1238,fastest_lap,https://www.formula1.com/en/results.html/2024/races/1238/spain/fastest-laps.html,1,4,NOR,Lando Norris,McLaren Mercedes,51,16:12:04,1:17.115,217.405
2024,FORMULA 1 ARAMCO GRAN PREMIO DE ESPAÑA,1238,fastest_lap,https://www.formula1.com/en/results.html/2024/races/1238/spain/fastest-laps.html,2,1,VER,Max Verstappen,Red Bull Racing Honda RBPT,54,16:15:52,1:17.776,215.557
2024,FORMULA 1 ARAMCO GRAN PREMIO DE ESPAÑA,1238,fastest_lap,https://www.formula1.com/en/results.html/2024/races/1238/spain/fastest-laps.html,3,11,PER,Sergio Perez,Red Bull Racing Honda RBPT,51,16:12:50,1:17.785,215.532
2024,FORMULA 1 ARAMCO GRAN PREMIO DE ESPAÑA,1238,fastest_lap,https://www.formula1.com/en/results.html/2024/races/1238/spain/fastest-laps.html,4,44,HAM,Lewis Hamilton,Mercedes,46,16:05:37,1:17.809,215.466
2024,FORMULA 1 ARAMCO GRAN PREMIO DE ESPAÑA,1238,fastest_lap,https://www.formula1.com/en/results.html/2024/races/1238/spain/fastest-laps.html,5,81,PIA,Oscar Piastri,McLaren Mercedes,56,16:19:02,1:17.874,215.286
2024,FORMULA 1 ARAMCO GRAN PREMIO DE ESPAÑA,1238,fastest_lap,https://www.formula1.com/en/results.html/2024/races/1238/spain/fastest-laps.html,6,16,LEC,Charles Leclerc,Ferrari,52,16:13:37,1:17.897,215.222
2024,FORMULA 1 ARAMCO GRAN PREMIO DE ESPAÑA,1238,fastest_lap,https://www.formula1.com/en/results.html/2024/races/1238/spain/fastest-laps.html,7,63,RUS,George Russell,Mercedes,50,16:10:50,1:18.290,214.142
2024,FORMULA 1 ARAMCO GRAN PREMIO DE ESPAÑA,1238,fastest_lap,https://www.formula1.com/en/results.html/2024/races/1238/spain/fastest-laps.html,8,14,ALO,Fernando Alonso,Aston Martin Aramco Mercedes,50,16:11:50,1:18.334,214.022
2024,FORMULA 1 ARAMCO GRAN PREMIO DE ESPAÑA,1238,fastest_lap,https://www.formula1.com/en/results.html/2024/races/1238/spain/fastest-laps.html,9,55,SAI,Carlos Sainz,Ferrari,39,15:56:24,1:18.539,213.463
2024,FORMULA 1 ARAMCO GRAN PREMIO DE ESPAÑA,1238,fastest_lap,https://www.formula1.com/en/results.html/2024/races/1238/spain/fastest-laps.html,10,27,HUL,Nico Hulkenberg,Haas Ferrari,49,16:10:15,1:18.609,213.273
2024,FORMULA 1 ARAMCO GRAN PREMIO DE ESPAÑA,1238,fastest_lap,https://www.formula1.com/en/results.html/2024/races/1238/spain/fastest-laps.html,11,24,ZHO,Zhou Guanyu,Kick Sauber Ferrari,50,16:11:49,1:18.771,212.834
2024,FORMULA 1 ARAMCO GRAN PREMIO DE ESPAÑA,1238,fastest_lap,https://www.formula1.com/en/results.html/2024/races/1238/spain/fastest-laps.html,12,31,OCO,Esteban Ocon,Alpine Renault,54,16:16:49,1:18.982,212.266
2024,FORMULA 1 ARAMCO GRAN PREMIO DE ESPAÑA,1238,fastest_lap,https://www.formula1.com/en/results.html/2024/races/1238/spain/fastest-laps.html,13,10,GAS,Pierre Gasly,Alpine Renault,51,16:12:41,1:19.045,212.096
2024,FORMULA 1 ARAMCO GRAN PREMIO DE ESPAÑA,1238,fastest_lap,https://www.formula1.com/en/results.html/2024/races/1238/spain/fastest-laps.html,14,23,ALB,Alexander Albon,Williams Mercedes,45,16:05:33,1:19.132,211.863
2024,FORMULA 1 ARAMCO GRAN PREMIO DE ESPAÑA,1238,fastest_lap,https://www.formula1.com/en/results.html/2024/races/1238/spain/fastest-laps.html,15,18,STR,Lance Stroll,Aston Martin Aramco Mercedes,50,16:11:54,1:19.318,211.366
2024,FORMULA 1 ARAMCO GRAN PREMIO DE ESPAÑA,1238,fastest_lap,https://www.formula1.com/en/results.html/2024/races/1238/spain/fastest-laps.html,16,22,TSU,Yuki Tsunoda,RB Honda RBPT,56,16:20:34,1:19.447,211.023
2024,FORMULA 1 ARAMCO GRAN PREMIO DE ESPAÑA,1238,fastest_lap,https://www.formula1.com/en/results.html/2024/races/1238/spain/fastest-laps.html,17,3,RIC,Daniel Ricciardo,RB Honda RBPT,61,16:26:59,1:19.450,211.015
2024,FORMULA 1 ARAMCO GRAN PREMIO DE ESPAÑA,1238,fastest_lap,https://www.formula1.com/en/results.html/2024/races/1238/spain/fastest-laps.html,18,77,BOT,Valtteri Bottas,Kick Sauber Ferrari,13,15:21:30,1:19.608,210.596
2024,FORMULA 1 ARAMCO GRAN PREMIO DE ESPAÑA,1238,fastest_lap,https://www.formula1.com/en/results.html/2024/races/1238/spain/fastest-laps.html,19,20,MAG,Kevin Magnussen,Haas Ferrari,33,15:49:12,1:19.805,210.077
2024,FORMULA 1 ARAMCO GRAN PREMIO DE ESPAÑA,1238,fastest_lap,https://www.formula1.com/en/results.html/2024/races/1238/spain/fastest-laps.html,20,2,SAR,Logan Sargeant,Williams Mercedes,38,15:56:13,1:20.172,209.115
2024,FORMULA 1 QATAR AIRWAYS AUSTRIAN,1239,fastest_lap,https://www.formula1.com/en/results.html/2024/races/1239/austria/fastest-laps.html,1,14,ALO,Fernando Alonso,Aston Martin Aramco Mercedes,70,16:28:12,1:07.694,229.633
2024,FORMULA 1 QATAR AIRWAYS AUSTRIAN,1239,fastest_lap,https://www.formula1.com/en/results.html/2024/races/1239/austria/fastest-laps.html,2,1,VER,Max Verstappen,Red Bull Racing Honda RBPT,68,16:24:27,1:07.719,229.548
2024,FORMULA 1 QATAR AIRWAYS AUSTRIAN,1239,fastest_lap,https://www.formula1.com/en/results.html/2024/races/1239/austria/fastest-laps.html,3,4,NOR,Lando Norris,McLaren Mercedes,53,16:05:58,1:08.016,228.546
2024,FORMULA 1 QATAR AIRWAYS AUSTRIAN,1239,fastest_lap,https://www.formula1.com/en/results.html/2024/races/1239/austria/fastest-laps.html,4,81,PIA,Oscar Piastri,McLaren Mercedes,56,16:09:45,1:08.697,226.280
2024,FORMULA 1 QATAR AIRWAYS AUSTRIAN,1239,fastest_lap,https://www.formula1.com/en/results.html/2024/races/1239/austria/fastest-laps.html,5,63,RUS,George Russell,Mercedes,48,16:00:20,1:09.164,224.752
2024,FORMULA 1 QATAR AIRWAYS AUSTRIAN,1239,fastest_lap,https://www.formula1.com/en/results.html/2024/races/1239/austria/fastest-laps.html,6,55,SAI,Carlos Sainz,Ferrari,56,16:09:41,1:09.282,224.369
2024,FORMULA 1 QATAR AIRWAYS AUSTRIAN,1239,fastest_lap,https://www.formula1.com/en/results.html/2024/races/1239/austria/fastest-laps.html,7,44,HAM,Lewis Hamilton,Mercedes,61,16:15:51,1:09.562,223.466
2024,FORMULA 1 QATAR AIRWAYS AUSTRIAN,1239,fastest_lap,https://www.formula1.com/en/results.html/2024/races/1239/austria/fastest-laps.html,8,16,LEC,Charles Leclerc,Ferrari,55,16:09:32,1:09.584,223.396
2024,FORMULA 1 QATAR AIRWAYS AUSTRIAN,1239,fastest_lap,https://www.formula1.com/en/results.html/2024/races/1239/austria/fastest-laps.html,9,10,GAS,Pierre Gasly,Alpine Renault,45,15:57:30,1:09.609,223.315
2024,FORMULA 1 QATAR AIRWAYS AUSTRIAN,1239,fastest_lap,https://www.formula1.com/en/results.html/2024/races/1239/austria/fastest-laps.html,10,31,OCO,Esteban Ocon,Alpine Renault,45,15:57:32,1:09.649,223.187
2024,FORMULA 1 QATAR AIRWAYS AUSTRIAN,1239,fastest_lap,https://www.formula1.com/en/results.html/2024/races/1239/austria/fastest-laps.html,11,11,PER,Sergio Perez,Red Bull Racing Honda RBPT,56,16:10:20,1:09.694,223.043
2024,FORMULA 1 QATAR AIRWAYS AUSTRIAN,1239,fastest_lap,https://www.formula1.com/en/results.html/2024/races/1239/austria/fastest-laps.html,12,20,MAG,Kevin Magnussen,Haas Ferrari,45,15:57:22,1:10.125,221.672
2024,FORMULA 1 QATAR AIRWAYS AUSTRIAN,1239,fastest_lap,https://www.formula1.com/en/results.html/2024/races/1239/austria/fastest-laps.html,13,18,STR,Lance Stroll,Aston Martin Aramco Mercedes,54,16:08:14,1:10.143,221.615
2024,FORMULA 1 QATAR AIRWAYS AUSTRIAN,1239,fastest_lap,https://www.formula1.com/en/results.html/2024/races/1239/austria/fastest-laps.html,14,27,HUL,Nico Hulkenberg,Haas Ferrari,51,16:04:25,1:10.215,221.388
2024,FORMULA 1 QATAR AIRWAYS AUSTRIAN,1239,fastest_lap,https://www.formula1.com/en/results.html/2024/races/1239/austria/fastest-laps.html,15,22,TSU,Yuki Tsunoda,RB Honda RBPT,54,16:08:20,1:10.318,221.064
2024,FORMULA 1 QATAR AIRWAYS AUSTRIAN,1239,fastest_lap,https://www.formula1.com/en/results.html/2024/races/1239/austria/fastest-laps.html,16,23,ALB,Alexander Albon,Williams Mercedes,41,15:52:53,1:10.364,220.919
2024,FORMULA 1 QATAR AIRWAYS AUSTRIAN,1239,fastest_lap,https://www.formula1.com/en/results.html/2024/races/1239/austria/fastest-laps.html,17,2,SAR,Logan Sargeant,Williams Mercedes,60,16:16:27,1:10.406,220.788
2024,FORMULA 1 QATAR AIRWAYS AUSTRIAN,1239,fastest_lap,https://www.formula1.com/en/results.html/2024/races/1239/austria/fastest-laps.html,18,3,RIC,Daniel Ricciardo,RB Honda RBPT,49,16:02:08,1:10.426,220.725
2024,FORMULA 1 QATAR AIRWAYS AUSTRIAN,1239,fastest_lap,https://www.formula1.com/en/results.html/2024/races/1239/austria/fastest-laps.html,19,77,BOT,Valtteri Bottas,Kick Sauber Ferrari,48,16:01:17,1:10.449,220.653
2024,FORMULA 1 QATAR AIRWAYS AUSTRIAN,1239,fastest_lap,https://www.formula1.com/en/results.html/2024/races/1239/austria/fastest-laps.html,20,24,ZHO,Zhou Guanyu,Kick Sauber Ferrari,54,16:08:56,1:10.470,220.587
2024,FORMULA 1 QATAR AIRWAYS BRITISH,1240,fastest_lap,https://www.formula1.com/en/results.html/2024/races/1240/great-britain/fastest-laps.html,1,55,SAI,Carlos Sainz,Ferrari,52,16:26:26,1:28.293,240.195
2024,FORMULA 1 QATAR AIRWAYS BRITISH,1240,fastest_lap,https://www.formula1.com/en/results.html/2024/races/1240/great-britain/fastest-laps.html,2,81,PIA,Oscar Piastri,McLaren Mercedes,51,16:24:22,1:28.748,238.964
2024,FORMULA 1 QATAR AIRWAYS BRITISH,1240,fastest_lap,https://www.formula1.com/en/results.html/2024/races/1240/great-britain/fastest-laps.html,3,1,VER,Max Verstappen,Red Bull Racing Honda RBPT,48,16:19:43,1:28.952,238.416
2024,FORMULA 1 QATAR AIRWAYS BRITISH,1240,fastest_lap,https://www.formula1.com/en/results.html/2024/races/1240/great-britain/fastest-laps.html,4,4,NOR,Lando Norris,McLaren Mercedes,43,16:12:14,1:29.262,237.588
2024,FORMULA 1 QATAR AIRWAYS BRITISH,1240,fastest_lap,https://www.formula1.com/en/results.html/2024/races/1240/great-britain/fastest-laps.html,5,44,HAM,Lewis Hamilton,Mercedes,45,16:15:11,1:29.438,237.120
2024,FORMULA 1 QATAR AIRWAYS BRITISH,1240,fastest_lap,https://www.formula1.com/en/results.html/2024/races/1240/great-britain/fastest-laps.html,6,11,PER,Sergio Perez,Red Bull Racing Honda RBPT,50,16:25:57,1:29.707,236.409
2024,FORMULA 1 QATAR AIRWAYS BRITISH,1240,fastest_lap,https://www.formula1.com/en/results.html/2024/races/1240/great-britain/fastest-laps.html,7,14,ALO,Fernando Alonso,Aston Martin Aramco Mercedes,47,16:19:09,1:29.710,236.401
2024,FORMULA 1 QATAR AIRWAYS BRITISH,1240,fastest_lap,https://www.formula1.com/en/results.html/2024/races/1240/great-britain/fastest-laps.html,8,23,ALB,Alexander Albon,Williams Mercedes,52,16:26:47,1:29.718,236.380
2024,FORMULA 1 QATAR AIRWAYS BRITISH,1240,fastest_lap,https://www.formula1.com/en/results.html/2024/races/1240/great-britain/fastest-laps.html,9,16,LEC,Charles Leclerc,Ferrari,43,16:14:16,1:29.748,236.301
2024,FORMULA 1 QATAR AIRWAYS BRITISH,1240,fastest_lap,https://www.formula1.com/en/results.html/2024/races/1240/great-britain/fastest-laps.html,10,27,HUL,Nico Hulkenberg,Haas Ferrari,43,16:13:02,1:29.836,236.070
2024,FORMULA 1 QATAR AIRWAYS BRITISH,1240,fastest_lap,https://www.formula1.com/en/results.html/2024/races/1240/great-britain/fastest-laps.html,11,18,STR,Lance Stroll,Aston Martin Aramco Mercedes,46,16:17:35,1:29.897,235.909
2024,FORMULA 1 QATAR AIRWAYS BRITISH,1240,fastest_lap,https://www.formula1.com/en/results.html/2024/races/1240/great-britain/fastest-laps.html,12,2,SAR,Logan Sargeant,Williams Mercedes,42,16:11:58,1:29.972,235.713
2024,FORMULA 1 QATAR AIRWAYS BRITISH,1240,fastest_lap,https://www.formula1.com/en/results.html/2024/races/1240/great-britain/fastest-laps.html,13,20,MAG,Kevin Magnussen,Haas Ferrari,42,16:11:57,1:30.093,235.396
2024,FORMULA 1 QATAR AIRWAYS BRITISH,1240,fastest_lap,https://www.formula1.com/en/results.html/2024/races/1240/great-britain/fastest-laps.html,14,22,TSU,Yuki Tsunoda,RB Honda RBPT,43,16:13:16,1:30.229,235.041
2024,FORMULA 1 QATAR AIRWAYS BRITISH,1240,fastest_lap,https://www.formula1.com/en/results.html/2024/races/1240/great-britain/fastest-laps.html,15,3,RIC,Daniel Ricciardo,RB Honda RBPT,47,16:19:36,1:30.735,233.731
2024,FORMULA 1 QATAR AIRWAYS BRITISH,1240,fastest_lap,https://www.formula1.com/en/results.html/2024/races/1240/great-britain/fastest-laps.html,16,31,OCO,Esteban Ocon,Alpine Renault,46,16:19:38,1:30.875,233.371
2024,FORMULA 1 QATAR AIRWAYS BRITISH,1240,fastest_lap,https://www.formula1.com/en/results.html/2024/races/1240/great-britain/fastest-laps.html,17,24,ZHO,Zhou Guanyu,Kick Sauber Ferrari,43,16:15:52,1:31.014,233.014
2024,FORMULA 1 QATAR AIRWAYS BRITISH,1240,fastest_lap,https://www.formula1.com/en/results.html/2024/races/1240/great-britain/fastest-laps.html,18,77,BOT,Valtteri Bottas,Kick Sauber Ferrari,44,16:15:37,1:31.277,232.343
2024,FORMULA 1 QATAR AIRWAYS BRITISH,1240,fastest_lap,https://www.formula1.com/en/results.html/2024/races/1240/great-britain/fastest-laps.html,19,63,RUS,George Russell,Mercedes,3,15:07:50,1:31.298,232.289
2024,FORMULA 1 HUNGARIAN,1241,fastest_lap,https://www.formula1.com/en/results.html/2024/races/1241/hungary/fastest-laps.html,1,63,RUS,George Russell,Mercedes,55,16:21:05,1:20.305,196.396
2024,FORMULA 1 HUNGARIAN,1241,fastest_lap,https://www.formula1.com/en/results.html/2024/races/1241/hungary/fastest-laps.html,2,2,SAR,Logan Sargeant,Williams Mercedes,65,16:36:24,1:20.561,195.772
2024,FORMULA 1 HUNGARIAN,1241,fastest_lap,https://www.formula1.com/en/results.html/2024/races/1241/hungary/fastest-laps.html,3,1,VER,Max Verstappen,Red Bull Racing Honda RBPT,51,16:15:04,1:20.908,194.932
2024,FORMULA 1 HUNGARIAN,1241,fastest_lap,https://www.formula1.com/en/results.html/2024/races/1241/hungary/fastest-laps.html,4,11,PER,Sergio Perez,Red Bull Racing Honda RBPT,49,16:12:48,1:21.096,194.480
2024,FORMULA 1 HUNGARIAN,1241,fastest_lap,https://www.formula1.com/en/results.html/2024/races/1241/hungary/fastest-laps.html,5,55,SAI,Carlos Sainz,Ferrari,53,16:17:55,1:21.441,193.656
2024,FORMULA 1 HUNGARIAN,1241,fastest_lap,https://www.formula1.com/en/results.html/2024/races/1241/hungary/fastest-laps.html,6,31,OCO,Esteban Ocon,Alpine Renault,66,16:37:51,1:21.610,193.255
2024,FORMULA 1 HUNGARIAN,1241,fastest_lap,https://www.formula1.com/en/results.html/2024/races/1241/hungary/fastest-laps.html,7,4,NOR,Lando Norris,McLaren Mercedes,50,16:13:28,1:21.712,193.014
2024,FORMULA 1 HUNGARIAN,1241,fastest_lap,https://www.formula1.com/en/results.html/2024/races/1241/hungary/fastest-laps.html,8,81,PIA,Oscar Piastri,McLaren Mercedes,51,16:14:54,1:21.716,193.005
2024,FORMULA 1 HUNGARIAN,1241,fastest_lap,https://www.formula1.com/en/results.html/2024/races/1241/hungary/fastest-laps.html,9,44,HAM,Lewis Hamilton,Mercedes,54,16:19:08,1:22.153,191.978
2024,FORMULA 1 HUNGARIAN,1241,fastest_lap,https://www.formula1.com/en/results.html/2024/races/1241/hungary/fastest-laps.html,10,16,LEC,Charles Leclerc,Ferrari,29,15:44:08,1:22.182,191.910
2024,FORMULA 1 HUNGARIAN,1241,fastest_lap,https://www.formula1.com/en/results.html/2024/races/1241/hungary/fastest-laps.html,11,18,STR,Lance Stroll,Aston Martin Aramco Mercedes,48,16:11:46,1:22.338,191.547
2024,FORMULA 1 HUNGARIAN,1241,fastest_lap,https://www.formula1.com/en/results.html/2024/races/1241/hungary/fastest-laps.html,12,3,RIC,Daniel Ricciardo,RB Honda RBPT,30,15:46:27,1:22.640,190.847
2024,FORMULA 1 HUNGARIAN,1241,fastest_lap,https://www.formula1.com/en/results.html/2024/races/1241/hungary/fastest-laps.html,13,77,BOT,Valtteri Bottas,Kick Sauber Ferrari,52,16:17:42,1:22.792,190.496
2024,FORMULA 1 HUNGARIAN,1241,fastest_lap,https://www.formula1.com/en/results.html/2024/races/1241/hungary/fastest-laps.html,14,14,ALO,Fernando Alonso,Aston Martin Aramco Mercedes,52,16:17:11,1:23.063,189.875
2024,FORMULA 1 HUNGARIAN,1241,fastest_lap,https://www.formula1.com/en/results.html/2024/races/1241/hungary/fastest-laps.html,15,10,GAS,Pierre Gasly,Alpine Renault,31,15:47:47,1:23.340,189.244
2024,FORMULA 1 HUNGARIAN,1241,fastest_lap,https://www.formula1.com/en/results.html/2024/races/1241/hungary/fastest-laps.html,16,27,HUL,Nico Hulkenberg,Haas Ferrari,54,16:20:11,1:23.461,188.969
2024,FORMULA 1 HUNGARIAN,1241,fastest_lap,https://www.formula1.com/en/results.html/2024/races/1241/hungary/fastest-laps.html,17,24,ZHO,Zhou Guanyu,Kick Sauber Ferrari,38,15:58:12,1:23.487,188.910
2024,FORMULA 1 HUNGARIAN,1241,fastest_lap,https://www.formula1.com/en/results.html/2024/races/1241/hungary/fastest-laps.html,18,22,TSU,Yuki Tsunoda,RB Honda RBPT,57,16:24:04,1:23.533,188.806
2024,FORMULA 1 HUNGARIAN,1241,fastest_lap,https://www.formula1.com/en/results.html/2024/races/1241/hungary/fastest-laps.html,19,20,MAG,Kevin Magnussen,Haas Ferrari,50,16:14:43,1:23.553,188.761
2024,FORMULA 1 HUNGARIAN,1241,fastest_lap,https://www.formula1.com/en/results.html/2024/races/1241/hungary/fastest-laps.html,20,23,ALB,Alexander Albon,Williams Mercedes,31,15:47:56,1:23.930,187.913
2024,FORMULA 1 ROLEX BELGIAN,1242,fastest_lap,https://www.formula1.com/en/results.html/2024/races/1242/belgium/fastest-laps.html,1,11,PER,Sergio Perez,Red Bull Racing Honda RBPT,44,16:24:32,1:44.701,240.822
2024,FORMULA 1 ROLEX BELGIAN,1242,fastest_lap,https://www.formula1.com/en/results.html/2024/races/1242/belgium/fastest-laps.html,2,4,NOR,Lando Norris,McLaren Mercedes,31,16:00:48,1:45.563,238.856
2024,FORMULA 1 ROLEX BELGIAN,1242,fastest_lap,https://www.formula1.com/en/results.html/2024/races/1242/belgium/fastest-laps.html,3,81,PIA,Oscar Piastri,McLaren Mercedes,32,16:02:30,1:45.840,238.231
2024,FORMULA 1 ROLEX BELGIAN,1242,fastest_lap,https://www.formula1.com/en/results.html/2024/races/1242/belgium/fastest-laps.html,4,1,VER,Max Verstappen,Red Bull Racing Honda RBPT,32,16:02:34,1:46.128,237.584
2024,FORMULA 1 ROLEX BELGIAN,1242,fastest_lap,https://www.formula1.com/en/results.html/2024/races/1242/belgium/fastest-laps.html,5,55,SAI,Carlos Sainz,Ferrari,44,16:24:09,1:46.364,237.057
2024,FORMULA 1 ROLEX BELGIAN,1242,fastest_lap,https://www.formula1.com/en/results.html/2024/races/1242/belgium/fastest-laps.html,6,44,HAM,Lewis Hamilton,Mercedes,33,16:04:12,1:46.653,236.415
2024,FORMULA 1 ROLEX BELGIAN,1242,fastest_lap,https://www.formula1.com/en/results.html/2024/races/1242/belgium/fastest-laps.html,7,31,OCO,Esteban Ocon,Alpine Renault,43,16:22:54,1:46.957,235.743
2024,FORMULA 1 ROLEX BELGIAN,1242,fastest_lap,https://www.formula1.com/en/results.html/2024/races/1242/belgium/fastest-laps.html,8,16,LEC,Charles Leclerc,Ferrari,33,16:04:15,1:47.013,235.619
2024,FORMULA 1 ROLEX BELGIAN,1242,fastest_lap,https://www.formula1.com/en/results.html/2024/races/1242/belgium/fastest-laps.html,9,77,BOT,Valtteri Bottas,Kick Sauber Ferrari,37,16:12:24,1:47.019,235.606
2024,FORMULA 1 ROLEX BELGIAN,1242,fastest_lap,https://www.formula1.com/en/results.html/2024/races/1242/belgium/fastest-laps.html,10,63,RUS,George Russell,Mercedes,44,16:23:49,1:47.113,235.399
2024,FORMULA 1 ROLEX BELGIAN,1242,fastest_lap,https://www.formula1.com/en/results.html/2024/races/1242/belgium/fastest-laps.html,11,10,GAS,Pierre Gasly,Alpine Renault,30,15:59:39,1:47.418,234.731
2024,FORMULA 1 ROLEX BELGIAN,1242,fastest_lap,https://www.formula1.com/en/results.html/2024/races/1242/belgium/fastest-laps.html,12,3,RIC,Daniel Ricciardo,RB Honda RBPT,37,16:12:09,1:47.435,234.694
2024,FORMULA 1 ROLEX BELGIAN,1242,fastest_lap,https://www.formula1.com/en/results.html/2024/races/1242/belgium/fastest-laps.html,13,2,SAR,Logan Sargeant,Williams Mercedes,43,16:23:27,1:47.490,234.574
2024,FORMULA 1 ROLEX BELGIAN,1242,fastest_lap,https://www.formula1.com/en/results.html/2024/races/1242/belgium/fastest-laps.html,14,20,MAG,Kevin Magnussen,Haas Ferrari,44,16:24:56,1:47.848,233.795
2024,FORMULA 1 ROLEX BELGIAN,1242,fastest_lap,https://www.formula1.com/en/results.html/2024/races/1242/belgium/fastest-laps.html,15,22,TSU,Yuki Tsunoda,RB Honda RBPT,44,16:25:06,1:47.969,233.533
2024,FORMULA 1 ROLEX BELGIAN,1242,fastest_lap,https://www.formula1.com/en/results.html/2024/races/1242/belgium/fastest-laps.html,16,23,ALB,Alexander Albon,Williams Mercedes,44,16:24:53,1:47.996,233.475
2024,FORMULA 1 ROLEX BELGIAN,1242,fastest_lap,https://www.formula1.com/en/results.html/2024/races/1242/belgium/fastest-laps.html,17,14,ALO,Fernando Alonso,Aston Martin Aramco Mercedes,42,16:21:03,1:48.051,233.356
2024,FORMULA 1 ROLEX BELGIAN,1242,fastest_lap,https://www.formula1.com/en/results.html/2024/races/1242/belgium/fastest-laps.html,18,18,STR,Lance Stroll,Aston Martin Aramco Mercedes,44,16:24:52,1:48.105,233.239
2024,FORMULA 1 ROLEX BELGIAN,1242,fastest_lap,https://www.formula1.com/en/results.html/2024/races/1242/belgium/fastest-laps.html,19,27,HUL,Nico Hulkenberg,Haas Ferrari,44,16:25:18,1:48.954,231.422
2024,FORMULA 1 ROLEX BELGIAN,1242,fastest_lap,https://www.formula1.com/en/results.html/2024/races/1242/belgium/fastest-laps.html,20,24,ZHO,Zhou Guanyu,Kick Sauber Ferrari,2,15:07:45,1:52.099,224.929
2024,FORMULA 1 HEINEKEN DUTCH,1243,fastest_lap,https://www.formula1.com/en/results.html/2024/races/1243/netherlands/fastest-laps.html,1,4,NOR,Lando Norris,McLaren Mercedes,72,16:33:57,1:13.817,207.708
2024,FORMULA 1 HEINEKEN DUTCH,1243,fastest_lap,https://www.formula1.com/en/results.html/2024/races/1243/netherlands/fastest-laps.html,2,44,HAM,Lewis Hamilton,Mercedes,62,16:22:19,1:13.878,207.536
2024,FORMULA 1 HEINEKEN DUTCH,1243,fastest_lap,https://www.formula1.com/en/results.html/2024/races/1243/netherlands/fastest-laps.html,3,63,RUS,George Russell,Mercedes,57,16:16:05,1:13.927,207.399
2024,FORMULA 1 HEINEKEN DUTCH,1243,fastest_lap,https://www.formula1.com/en/results.html/2024/races/1243/netherlands/fastest-laps.html,4,55,SAI,Carlos Sainz,Ferrari,40,15:54:32,1:14.117,206.867
2024,FORMULA 1 HEINEKEN DUTCH,1243,fastest_lap,https://www.formula1.com/en/results.html/2024/races/1243/netherlands/fastest-laps.html,5,81,PIA,Oscar Piastri,McLaren Mercedes,36,15:49:27,1:14.237,206.533
2024,FORMULA 1 HEINEKEN DUTCH,1243,fastest_lap,https://www.formula1.com/en/results.html/2024/races/1243/netherlands/fastest-laps.html,6,23,ALB,Alexander Albon,Williams Mercedes,71,16:34:38,1:14.434,205.986
2024,FORMULA 1 HEINEKEN DUTCH,1243,fastest_lap,https://www.formula1.com/en/results.html/2024/races/1243/netherlands/fastest-laps.html,7,16,LEC,Charles Leclerc,Ferrari,62,16:21:53,1:14.585,205.569
2024,FORMULA 1 HEINEKEN DUTCH,1243,fastest_lap,https://www.formula1.com/en/results.html/2024/races/1243/netherlands/fastest-laps.html,8,11,PER,Sergio Perez,Red Bull Racing Honda RBPT,69,16:30:52,1:14.587,205.563
2024,FORMULA 1 HEINEKEN DUTCH,1243,fastest_lap,https://www.formula1.com/en/results.html/2024/races/1243/netherlands/fastest-laps.html,9,1,VER,Max Verstappen,Red Bull Racing Honda RBPT,30,15:41:45,1:14.752,205.110
2024,FORMULA 1 HEINEKEN DUTCH,1243,fastest_lap,https://www.formula1.com/en/results.html/2024/races/1243/netherlands/fastest-laps.html,10,14,ALO,Fernando Alonso,Aston Martin Aramco Mercedes,34,15:47:27,1:14.758,205.093
2024,FORMULA 1 HEINEKEN DUTCH,1243,fastest_lap,https://www.formula1.com/en/results.html/2024/races/1243/netherlands/fastest-laps.html,11,10,GAS,Pierre Gasly,Alpine Renault,54,16:12:42,1:14.855,204.828
2024,FORMULA 1 HEINEKEN DUTCH,1243,fastest_lap,https://www.formula1.com/en/results.html/2024/races/1243/netherlands/fastest-laps.html,12,20,MAG,Kevin Magnussen,Haas Ferrari,42,15:58:02,1:14.954,204.557
2024,FORMULA 1 HEINEKEN DUTCH,1243,fastest_lap,https://www.formula1.com/en/results.html/2024/races/1243/netherlands/fastest-laps.html,13,3,RIC,Daniel Ricciardo,RB Honda RBPT,52,16:10:22,1:15.222,203.828
2024,FORMULA 1 HEINEKEN DUTCH,1243,fastest_lap,https://www.formula1.com/en/results.html/2024/races/1243/netherlands/fastest-laps.html,14,18,STR,Lance Stroll,Aston Martin Aramco Mercedes,51,16:09:02,1:15.255,203.739
2024,FORMULA 1 HEINEKEN DUTCH,1243,fastest_lap,https://www.formula1.com/en/results.html/2024/races/1243/netherlands/fastest-laps.html,15,31,OCO,Esteban Ocon,Alpine Renault,50,16:08:00,1:15.390,203.374
2024,FORMULA 1 HEINEKEN DUTCH,1243,fastest_lap,https://www.formula1.com/en/results.html/2024/races/1243/netherlands/fastest-laps.html,16,2,SAR,Logan Sargeant,Williams Mercedes,26,15:37:25,1:15.539,202.973
2024,FORMULA 1 HEINEKEN DUTCH,1243,fastest_lap,https://www.formula1.com/en/results.html/2024/races/1243/netherlands/fastest-laps.html,17,22,TSU,Yuki Tsunoda,RB Honda RBPT,16,15:24:20,1:15.552,202.938
2024,FORMULA 1 HEINEKEN DUTCH,1243,fastest_lap,https://www.formula1.com/en/results.html/2024/races/1243/netherlands/fastest-laps.html,18,27,HUL,Nico Hulkenberg,Haas Ferrari,59,16:18:59,1:15.657,202.656
2024,FORMULA 1 HEINEKEN DUTCH,1243,fastest_lap,https://www.formula1.com/en/results.html/2024/races/1243/netherlands/fastest-laps.html,19,24,ZHO,Zhou Guanyu,Kick Sauber Ferrari,67,16:30:44,1:15.724,202.477
2024,FORMULA 1 HEINEKEN DUTCH,1243,fastest_lap,https://www.formula1.com/en/results.html/2024/races/1243/netherlands/fastest-laps.html,20,77,BOT,Valtteri Bottas,Kick Sauber Ferrari,45,16:02:05,1:15.822,202.215
2024,ITALIA,1244,fastest_lap,https://www.formula1.com/en/results.html/2024/races/1244/italy/fastest-laps.html,1,4,NOR,Lando Norris,McLaren Mercedes,53,16:18:21,1:21.432,256.100
2024,ITALIA,1244,fastest_lap,https://www.formula1.com/en/results.html/2024/races/1244/italy/fastest-laps.html,2,44,HAM,Lewis Hamilton,Mercedes,53,16:18:37,1:21.512,255.849
2024,ITALIA,1244,fastest_lap,https://www.formula1.com/en/results.html/2024/races/1244/italy/fastest-laps.html,3,1,VER,Max Verstappen,Red Bull Racing Honda RBPT,43,16:05:04,1:21.745,255.120
2024,ITALIA,1244,fastest_lap,https://www.formula1.com/en/results.html/2024/races/1244/italy/fastest-laps.html,4,81,PIA,Oscar Piastri,McLaren Mercedes,53,16:18:17,1:21.943,254.503
2024,ITALIA,1244,fastest_lap,https://www.formula1.com/en/results.html/2024/races/1244/italy/fastest-laps.html,5,63,RUS,George Russell,Mercedes,49,16:13:25,1:22.036,254.215
2024,ITALIA,1244,fastest_lap,https://www.formula1.com/en/results.html/2024/races/1244/italy/fastest-laps.html,6,18,STR,Lance Stroll,Aston Martin Aramco Mercedes,52,16:18:58,1:22.232,253.609
2024,ITALIA,1244,fastest_lap,https://www.formula1.com/en/results.html/2024/races/1244/italy/fastest-laps.html,7,14,ALO,Fernando Alonso,Aston Martin Aramco Mercedes,46,16:09:39,1:22.944,251.432
2024,ITALIA,1244,fastest_lap,https://www.formula1.com/en/results.html/2024/races/1244/italy/fastest-laps.html,8,11,PER,Sergio Perez,Red Bull Racing Honda RBPT,47,16:10:46,1:22.971,251.350
2024,ITALIA,1244,fastest_lap,https://www.formula1.com/en/results.html/2024/races/1244/italy/fastest-laps.html,9,55,SAI,Carlos Sainz,Ferrari,53,16:18:30,1:23.219,250.601
2024,ITALIA,1244,fastest_lap,https://www.formula1.com/en/results.html/2024/races/1244/italy/fastest-laps.html,10,16,LEC,Charles Leclerc,Ferrari,33,15:50:23,1:23.226,250.580
2024,ITALIA,1244,fastest_lap,https://www.formula1.com/en/results.html/2024/races/1244/italy/fastest-laps.html,11,27,HUL,Nico Hulkenberg,Haas Ferrari,44,16:07:30,1:23.275,250.432
2024,ITALIA,1244,fastest_lap,https://www.formula1.com/en/results.html/2024/races/1244/italy/fastest-laps.html,12,20,MAG,Kevin Magnussen,Haas Ferrari,51,16:16:25,1:23.437,249.946
2024,ITALIA,1244,fastest_lap,https://www.formula1.com/en/results.html/2024/races/1244/italy/fastest-laps.html,13,77,BOT,Valtteri Bottas,Kick Sauber Ferrari,52,16:18:42,1:23.609,249.432
2024,ITALIA,1244,fastest_lap,https://www.formula1.com/en/results.html/2024/races/1244/italy/fastest-laps.html,14,43,COL,Franco Colapinto,Williams Mercedes,53,16:19:36,1:23.728,249.077
2024,ITALIA,1244,fastest_lap,https://www.formula1.com/en/results.html/2024/races/1244/italy/fastest-laps.html,15,10,GAS,Pierre Gasly,Alpine Renault,51,16:17:09,1:23.755,248.997
2024,ITALIA,1244,fastest_lap,https://www.formula1.com/en/results.html/2024/races/1244/italy/fastest-laps.html,16,23,ALB,Alexander Albon,Williams Mercedes,53,16:19:22,1:23.918,248.514
2024,ITALIA,1244,fastest_lap,https://www.formula1.com/en/results.html/2024/races/1244/italy/fastest-laps.html,17,3,RIC,Daniel Ricciardo,RB Honda RBPT,52,16:18:09,1:24.219,247.625
2024,ITALIA,1244,fastest_lap,https://www.formula1.com/en/results.html/2024/races/1244/italy/fastest-laps.html,18,31,OCO,Esteban Ocon,Alpine Renault,52,16:18:27,1:24.343,247.261
2024,ITALIA,1244,fastest_lap,https://www.formula1.com/en/results.html/2024/races/1244/italy/fastest-laps.html,19,24,ZHO,Zhou Guanyu,Kick Sauber Ferrari,17,15:28:46,1:25.092,245.085
2024,ITALIA,1244,fastest_lap,https://www.formula1.com/en/results.html/2024/races/1244/italy/fastest-laps.html,20,22,TSU,Yuki Tsunoda,RB Honda RBPT,4,15:09:30,1:26.198,241.940
2024,FORMULA 1 QATAR AIRWAYS AZERBAIJAN,1245,fastest_lap,https://www.formula1.com/en/results.html/2024/races/1245/azerbaijan/fastest-laps.html,1,4,NOR,Lando Norris,McLaren Mercedes,42,16:20:47,1:45.255,205.318
2024,FORMULA 1 QATAR AIRWAYS AZERBAIJAN,1245,fastest_lap,https://www.formula1.com/en/results.html/2024/races/1245/azerbaijan/fastest-laps.html,2,63,RUS,George Russell,Mercedes,45,16:25:56,1:46.628,202.674
2024,FORMULA 1 QATAR AIRWAYS AZERBAIJAN,1245,fastest_lap,https://www.formula1.com/en/results.html/2024/races/1245/azerbaijan/fastest-laps.html,3,1,VER,Max Verstappen,Red Bull Racing Honda RBPT,42,16:20:38,1:46.798,202.352
2024,FORMULA 1 QATAR AIRWAYS AZERBAIJAN,1245,fastest_lap,https://www.formula1.com/en/results.html/2024/races/1245/azerbaijan/fastest-laps.html,4,55,SAI,Carlos Sainz,Ferrari,46,16:27:29,1:46.866,202.223
2024,FORMULA 1 QATAR AIRWAYS AZERBAIJAN,1245,fastest_lap,https://www.formula1.com/en/results.html/2024/races/1245/azerbaijan/fastest-laps.html,5,23,ALB,Alexander Albon,Williams Mercedes,43,16:22:50,1:46.947,202.070
2024,FORMULA 1 QATAR AIRWAYS AZERBAIJAN,1245,fastest_lap,https://www.formula1.com/en/results.html/2024/races/1245/azerbaijan/fastest-laps.html,6,11,PER,Sergio Perez,Red Bull Racing Honda RBPT,46,16:27:27,1:47.013,201.945
2024,FORMULA 1 QATAR AIRWAYS AZERBAIJAN,1245,fastest_lap,https://www.formula1.com/en/results.html/2024/races/1245/azerbaijan/fastest-laps.html,7,50,BEA,Oliver Bearman,Haas Ferrari,47,16:30:11,1:47.048,201.879
2024,FORMULA 1 QATAR AIRWAYS AZERBAIJAN,1245,fastest_lap,https://www.formula1.com/en/results.html/2024/races/1245/azerbaijan/fastest-laps.html,8,14,ALO,Fernando Alonso,Aston Martin Aramco Mercedes,48,16:31:45,1:47.057,201.862
2024,FORMULA 1 QATAR AIRWAYS AZERBAIJAN,1245,fastest_lap,https://www.formula1.com/en/results.html/2024/races/1245/azerbaijan/fastest-laps.html,9,81,PIA,Oscar Piastri,McLaren Mercedes,47,16:29:13,1:47.060,201.856
2024,FORMULA 1 QATAR AIRWAYS AZERBAIJAN,1245,fastest_lap,https://www.formula1.com/en/results.html/2024/races/1245/azerbaijan/fastest-laps.html,10,16,LEC,Charles Leclerc,Ferrari,44,16:23:51,1:47.067,201.843
2024,FORMULA 1 QATAR AIRWAYS AZERBAIJAN,1245,fastest_lap,https://www.formula1.com/en/results.html/2024/races/1245/azerbaijan/fastest-laps.html,11,44,HAM,Lewis Hamilton,Mercedes,48,16:31:57,1:47.236,201.525
2024,FORMULA 1 QATAR AIRWAYS AZERBAIJAN,1245,fastest_lap,https://www.formula1.com/en/results.html/2024/races/1245/azerbaijan/fastest-laps.html,12,43,COL,Franco Colapinto,Williams Mercedes,44,16:24:46,1:47.274,201.454
2024,FORMULA 1 QATAR AIRWAYS AZERBAIJAN,1245,fastest_lap,https://www.formula1.com/en/results.html/2024/races/1245/azerbaijan/fastest-laps.html,13,24,ZHO,Zhou Guanyu,Kick Sauber Ferrari,43,16:23:44,1:47.644,200.761
2024,FORMULA 1 QATAR AIRWAYS AZERBAIJAN,1245,fastest_lap,https://www.formula1.com/en/results.html/2024/races/1245/azerbaijan/fastest-laps.html,14,27,HUL,Nico Hulkenberg,Haas Ferrari,42,16:21:06,1:47.691,200.674
2024,FORMULA 1 QATAR AIRWAYS AZERBAIJAN,1245,fastest_lap,https://www.formula1.com/en/results.html/2024/races/1245/azerbaijan/fastest-laps.html,15,10,GAS,Pierre Gasly,Alpine Renault,47,16:30:18,1:48.018,200.066
2024,FORMULA 1 QATAR AIRWAYS AZERBAIJAN,1245,fastest_lap,https://www.formula1.com/en/results.html/2024/races/1245/azerbaijan/fastest-laps.html,16,18,STR,Lance Stroll,Aston Martin Aramco Mercedes,31,16:01:53,1:48.148,199.826
2024,FORMULA 1 QATAR AIRWAYS AZERBAIJAN,1245,fastest_lap,https://www.formula1.com/en/results.html/2024/races/1245/azerbaijan/fastest-laps.html,17,3,RIC,Daniel Ricciardo,RB Honda RBPT,39,16:16:00,1:48.380,199.398
2024,FORMULA 1 QATAR AIRWAYS AZERBAIJAN,1245,fastest_lap,https://www.formula1.com/en/results.html/2024/races/1245/azerbaijan/fastest-laps.html,18,77,BOT,Valtteri Bottas,Kick Sauber Ferrari,41,16:20:05,1:48.418,199.328
2024,FORMULA 1 QATAR AIRWAYS AZERBAIJAN,1245,fastest_lap,https://www.formula1.com/en/results.html/2024/races/1245/azerbaijan/fastest-laps.html,19,31,OCO,Esteban Ocon,Alpine Renault,35,16:08:59,1:48.831,198.572
2024,FORMULA 1 QATAR AIRWAYS AZERBAIJAN,1245,fastest_lap,https://www.formula1.com/en/results.html/2024/races/1245/azerbaijan/fastest-laps.html,20,22,TSU,Yuki Tsunoda,RB Honda RBPT,8,15:19:19,1:50.887,194.890
2024,FORMULA 1 SINGAPORE AIRLINES SINGAPORE,1246,fastest_lap,https://www.formula1.com/en/results.html/2024/races/1246/singapore/fastest-laps.html,1,3,RIC,Daniel Ricciardo,RB Honda RBPT,60,21:44:39,1:34.486,188.218
2024,FORMULA 1 SINGAPORE AIRLINES SINGAPORE,1246,fastest_lap,https://www.formula1.com/en/results.html/2024/races/1246/singapore/fastest-laps.html,2,4,NOR,Lando Norris,McLaren Mercedes,48,21:22:12,1:34.925,187.347
2024,FORMULA 1 SINGAPORE AIRLINES SINGAPORE,1246,fastest_lap,https://www.formula1.com/en/results.html/2024/races/1246/singapore/fastest-laps.html,3,16,LEC,Charles Leclerc,Ferrari,46,21:20:00,1:35.371,186.471
2024,FORMULA 1 SINGAPORE AIRLINES SINGAPORE,1246,fastest_lap,https://www.formula1.com/en/results.html/2024/races/1246/singapore/fastest-laps.html,4,81,PIA,Oscar Piastri,McLaren Mercedes,48,21:22:55,1:35.745,185.743
2024,FORMULA 1 SINGAPORE AIRLINES SINGAPORE,1246,fastest_lap,https://www.formula1.com/en/results.html/2024/races/1246/singapore/fastest-laps.html,5,1,VER,Max Verstappen,Red Bull Racing Honda RBPT,59,21:40:21,1:35.967,185.313
2024,FORMULA 1 SINGAPORE AIRLINES SINGAPORE,1246,fastest_lap,https://www.formula1.com/en/results.html/2024/races/1246/singapore/fastest-laps.html,6,22,TSU,Yuki Tsunoda,RB Honda RBPT,53,21:31:58,1:36.393,184.494
2024,FORMULA 1 SINGAPORE AIRLINES SINGAPORE,1246,fastest_lap,https://www.formula1.com/en/results.html/2024/races/1246/singapore/fastest-laps.html,7,55,SAI,Carlos Sainz,Ferrari,15,20:29:18,1:36.561,184.173
2024,FORMULA 1 SINGAPORE AIRLINES SINGAPORE,1246,fastest_lap,https://www.formula1.com/en/results.html/2024/races/1246/singapore/fastest-laps.html,8,23,ALB,Alexander Albon,Williams Mercedes,13,20:26:05,1:36.888,183.552
2024,FORMULA 1 SINGAPORE AIRLINES SINGAPORE,1246,fastest_lap,https://www.formula1.com/en/results.html/2024/races/1246/singapore/fastest-laps.html,9,10,GAS,Pierre Gasly,Alpine Renault,46,21:21:13,1:36.927,183.478
2024,FORMULA 1 SINGAPORE AIRLINES SINGAPORE,1246,fastest_lap,https://www.formula1.com/en/results.html/2024/races/1246/singapore/fastest-laps.html,10,63,RUS,George Russell,Mercedes,30,20:53:41,1:37.047,183.251
2024,FORMULA 1 SINGAPORE AIRLINES SINGAPORE,1246,fastest_lap,https://www.formula1.com/en/results.html/2024/races/1246/singapore/fastest-laps.html,11,43,COL,Franco Colapinto,Williams Mercedes,35,21:02:23,1:37.262,182.846
2024,FORMULA 1 SINGAPORE AIRLINES SINGAPORE,1246,fastest_lap,https://www.formula1.com/en/results.html/2024/races/1246/singapore/fastest-laps.html,12,44,HAM,Lewis Hamilton,Mercedes,43,21:15:00,1:37.393,182.600
2024,FORMULA 1 SINGAPORE AIRLINES SINGAPORE,1246,fastest_lap,https://www.formula1.com/en/results.html/2024/races/1246/singapore/fastest-laps.html,13,20,MAG,Kevin Magnussen,Haas Ferrari,52,21:32:27,1:37.425,182.540
2024,FORMULA 1 SINGAPORE AIRLINES SINGAPORE,1246,fastest_lap,https://www.formula1.com/en/results.html/2024/races/1246/singapore/fastest-laps.html,14,24,ZHO,Zhou Guanyu,Kick Sauber Ferrari,47,21:22:47,1:37.461,182.472
2024,FORMULA 1 SINGAPORE AIRLINES SINGAPORE,1246,fastest_lap,https://www.formula1.com/en/results.html/2024/races/1246/singapore/fastest-laps.html,15,27,HUL,Nico Hulkenberg,Haas Ferrari,35,21:02:20,1:37.470,182.456
2024,FORMULA 1 SINGAPORE AIRLINES SINGAPORE,1246,fastest_lap,https://www.formula1.com/en/results.html/2024/races/1246/singapore/fastest-laps.html,16,11,PER,Sergio Perez,Red Bull Racing Honda RBPT,33,20:59:05,1:37.477,182.443
2024,FORMULA 1 SINGAPORE AIRLINES SINGAPORE,1246,fastest_lap,https://www.formula1.com/en/results.html/2024/races/1246/singapore/fastest-laps.html,17,77,BOT,Valtteri Bottas,Kick Sauber Ferrari,46,21:21:10,1:37.524,182.355
2024,FORMULA 1 SINGAPORE AIRLINES SINGAPORE,1246,fastest_lap,https://www.formula1.com/en/results.html/2024/races/1246/singapore/fastest-laps.html,18,14,ALO,Fernando Alonso,Aston Martin Aramco Mercedes,54,21:33:20,1:37.741,181.950
2024,FORMULA 1 SINGAPORE AIRLINES SINGAPORE,1246,fastest_lap,https://www.formula1.com/en/results.html/2024/races/1246/singapore/fastest-laps.html,19,18,STR,Lance Stroll,Aston Martin Aramco Mercedes,36,21:04:26,1:37.851,181.745
2024,FORMULA 1 SINGAPORE AIRLINES SINGAPORE,1246,fastest_lap,https://www.formula1.com/en/results.html/2024/races/1246/singapore/fastest-laps.html,20,31,OCO,Esteban Ocon,Alpine Renault,48,21:24:08,1:37.964,181.536
2024,FORMULA 1 PIRELLI UNITED STATES,1247,fastest_lap,https://www.formula1.com/en/results.html/2024/races/1247/united-states/fastest-laps.html,1,31,OCO,Esteban Ocon,Alpine Renault,53,15:36:20,1:37.330,203.912
2024,FORMULA 1 PIRELLI UNITED STATES,1247,fastest_lap,https://www.formula1.com/en/results.html/2024/races/1247/united-states/fastest-laps.html,2,43,COL,Franco Colapinto,Williams Mercedes,46,15:23:48,1:37.611,203.325
2024,FORMULA 1 PIRELLI UNITED STATES,1247,fastest_lap,https://www.formula1.com/en/results.html/2024/races/1247/united-states/fastest-laps.html,3,63,RUS,George Russell,Mercedes,42,15:16:59,1:37.656,203.231
2024,FORMULA 1 PIRELLI UNITED STATES,1247,fastest_lap,https://www.formula1.com/en/results.html/2024/races/1247/united-states/fastest-laps.html,4,4,NOR,Lando Norris,McLaren Mercedes,55,15:37:35,1:37.679,203.183
2024,FORMULA 1 PIRELLI UNITED STATES,1247,fastest_lap,https://www.formula1.com/en/results.html/2024/races/1247/united-states/fastest-laps.html,5,55,SAI,Carlos Sainz,Ferrari,42,15:16:06,1:37.763,203.009
2024,FORMULA 1 PIRELLI UNITED STATES,1247,fastest_lap,https://www.formula1.com/en/results.html/2024/races/1247/united-states/fastest-laps.html,6,16,LEC,Charles Leclerc,Ferrari,39,15:11:05,1:37.834,202.861
2024,FORMULA 1 PIRELLI UNITED STATES,1247,fastest_lap,https://www.formula1.com/en/results.html/2024/races/1247/united-states/fastest-laps.html,7,81,PIA,Oscar Piastri,McLaren Mercedes,42,15:16:23,1:37.883,202.760
2024,FORMULA 1 PIRELLI UNITED STATES,1247,fastest_lap,https://www.formula1.com/en/results.html/2024/races/1247/united-states/fastest-laps.html,8,30,LAW,Liam Lawson,RB Honda RBPT,54,15:36:50,1:38.091,202.330
2024,FORMULA 1 PIRELLI UNITED STATES,1247,fastest_lap,https://www.formula1.com/en/results.html/2024/races/1247/united-states/fastest-laps.html,9,1,VER,Max Verstappen,Red Bull Racing Honda RBPT,42,15:16:13,1:38.117,202.276
2024,FORMULA 1 PIRELLI UNITED STATES,1247,fastest_lap,https://www.formula1.com/en/results.html/2024/races/1247/united-states/fastest-laps.html,10,20,MAG,Kevin Magnussen,Haas Ferrari,56,15:40:17,1:38.210,202.085
2024,FORMULA 1 PIRELLI UNITED STATES,1247,fastest_lap,https://www.formula1.com/en/results.html/2024/races/1247/united-states/fastest-laps.html,11,10,GAS,Pierre Gasly,Alpine Renault,55,15:38:44,1:38.311,201.877
2024,FORMULA 1 PIRELLI UNITED STATES,1247,fastest_lap,https://www.formula1.com/en/results.html/2024/races/1247/united-states/fastest-laps.html,12,27,HUL,Nico Hulkenberg,Haas Ferrari,51,15:31:47,1:38.404,201.686
2024,FORMULA 1 PIRELLI UNITED STATES,1247,fastest_lap,https://www.formula1.com/en/results.html/2024/races/1247/united-states/fastest-laps.html,13,11,PER,Sergio Perez,Red Bull Racing Honda RBPT,45,15:21:47,1:38.514,201.461
2024,FORMULA 1 PIRELLI UNITED STATES,1247,fastest_lap,https://www.formula1.com/en/results.html/2024/races/1247/united-states/fastest-laps.html,14,23,ALB,Alexander Albon,Williams Mercedes,54,15:37:34,1:39.084,200.302
2024,FORMULA 1 PIRELLI UNITED STATES,1247,fastest_lap,https://www.formula1.com/en/results.html/2024/races/1247/united-states/fastest-laps.html,15,22,TSU,Yuki Tsunoda,RB Honda RBPT,54,15:37:21,1:39.193,200.082
2024,FORMULA 1 PIRELLI UNITED STATES,1247,fastest_lap,https://www.formula1.com/en/results.html/2024/races/1247/united-states/fastest-laps.html,16,18,STR,Lance Stroll,Aston Martin Aramco Mercedes,54,15:37:33,1:39.214,200.040
2024,FORMULA 1 PIRELLI UNITED STATES,1247,fastest_lap,https://www.formula1.com/en/results.html/2024/races/1247/united-states/fastest-laps.html,17,14,ALO,Fernando Alonso,Aston Martin Aramco Mercedes,52,15:33:58,1:39.261,199.945
2024,FORMULA 1 PIRELLI UNITED STATES,1247,fastest_lap,https://www.formula1.com/en/results.html/2024/races/1247/united-states/fastest-laps.html,18,24,ZHO,Zhou Guanyu,Kick Sauber Ferrari,53,15:36:27,1:39.272,199.923
2024,FORMULA 1 PIRELLI UNITED STATES,1247,fastest_lap,https://www.formula1.com/en/results.html/2024/races/1247/united-states/fastest-laps.html,19,77,BOT,Valtteri Bottas,Kick Sauber Ferrari,53,15:36:11,1:40.575,197.333
2024,FORMULA 1 GRAN PREMIO DE LA CIUDAD DE MÉXICO,1248,fastest_lap,https://www.formula1.com/en/results.html/2024/races/1248/mexico/fastest-laps.html,1,16,LEC,Charles Leclerc,Ferrari,71,15:45:04,1:18.336,197.794
2024,FORMULA 1 GRAN PREMIO DE LA CIUDAD DE MÉXICO,1248,fastest_lap,https://www.formula1.com/en/results.html/2024/races/1248/mexico/fastest-laps.html,2,11,PER,Sergio Perez,Red Bull Racing Honda RBPT,70,15:45:43,1:19.209,195.614
2024,FORMULA 1 GRAN PREMIO DE LA CIUDAD DE MÉXICO,1248,fastest_lap,https://www.formula1.com/en/results.html/2024/races/1248/mexico/fastest-laps.html,3,30,LAW,Liam Lawson,RB Honda RBPT,67,15:41:26,1:19.502,194.893
2024,FORMULA 1 GRAN PREMIO DE LA CIUDAD DE MÉXICO,1248,fastest_lap,https://www.formula1.com/en/results.html/2024/races/1248/mexico/fastest-laps.html,4,4,NOR,Lando Norris,McLaren Mercedes,68,15:40:35,1:19.691,194.430
2024,FORMULA 1 GRAN PREMIO DE LA CIUDAD DE MÉXICO,1248,fastest_lap,https://www.formula1.com/en/results.html/2024/races/1248/mexico/fastest-laps.html,5,81,PIA,Oscar Piastri,McLaren Mercedes,65,15:37:31,1:20.064,193.525
2024,FORMULA 1 GRAN PREMIO DE LA CIUDAD DE MÉXICO,1248,fastest_lap,https://www.formula1.com/en/results.html/2024/races/1248/mexico/fastest-laps.html,6,43,COL,Franco Colapinto,Williams Mercedes,50,15:17:48,1:20.090,193.462
2024,FORMULA 1 GRAN PREMIO DE LA CIUDAD DE MÉXICO,1248,fastest_lap,https://www.formula1.com/en/results.html/2024/races/1248/mexico/fastest-laps.html,7,55,SAI,Carlos Sainz,Ferrari,62,15:32:26,1:20.137,193.348
2024,FORMULA 1 GRAN PREMIO DE LA CIUDAD DE MÉXICO,1248,fastest_lap,https://www.formula1.com/en/results.html/2024/races/1248/mexico/fastest-laps.html,8,44,HAM,Lewis Hamilton,Mercedes,31,14:51:09,1:20.371,192.785
2024,FORMULA 1 GRAN PREMIO DE LA CIUDAD DE MÉXICO,1248,fastest_lap,https://www.formula1.com/en/results.html/2024/races/1248/mexico/fastest-laps.html,9,20,MAG,Kevin Magnussen,Haas Ferrari,61,15:32:03,1:20.637,192.150
2024,FORMULA 1 GRAN PREMIO DE LA CIUDAD DE MÉXICO,1248,fastest_lap,https://www.formula1.com/en/results.html/2024/races/1248/mexico/fastest-laps.html,10,31,OCO,Esteban Ocon,Alpine Renault,70,15:45:10,1:20.659,192.097
2024,FORMULA 1 GRAN PREMIO DE LA CIUDAD DE MÉXICO,1248,fastest_lap,https://www.formula1.com/en/results.html/2024/races/1248/mexico/fastest-laps.html,11,63,RUS,George Russell,Mercedes,63,15:34:26,1:20.731,191.926
2024,FORMULA 1 GRAN PREMIO DE LA CIUDAD DE MÉXICO,1248,fastest_lap,https://www.formula1.com/en/results.html/2024/races/1248/mexico/fastest-laps.html,12,27,HUL,Nico Hulkenberg,Haas Ferrari,69,15:43:07,1:20.748,191.885
2024,FORMULA 1 GRAN PREMIO DE LA CIUDAD DE MÉXICO,1248,fastest_lap,https://www.formula1.com/en/results.html/2024/races/1248/mexico/fastest-laps.html,13,1,VER,Max Verstappen,Red Bull Racing Honda RBPT,53,15:21:08,1:20.872,191.591
2024,FORMULA 1 GRAN PREMIO DE LA CIUDAD DE MÉXICO,1248,fastest_lap,https://www.formula1.com/en/results.html/2024/races/1248/mexico/fastest-laps.html,14,77,BOT,Valtteri Bottas,Kick Sauber Ferrari,57,15:27:30,1:21.085,191.088
2024,FORMULA 1 GRAN PREMIO DE LA CIUDAD DE MÉXICO,1248,fastest_lap,https://www.formula1.com/en/results.html/2024/races/1248/mexico/fastest-laps.html,15,10,GAS,Pierre Gasly,Alpine Renault,67,15:40:43,1:21.274,190.643
2024,FORMULA 1 GRAN PREMIO DE LA CIUDAD DE MÉXICO,1248,fastest_lap,https://www.formula1.com/en/results.html/2024/races/1248/mexico/fastest-laps.html,16,18,STR,Lance Stroll,Aston Martin Aramco Mercedes,55,15:24:28,1:21.311,190.557
2024,FORMULA 1 GRAN PREMIO DE LA CIUDAD DE MÉXICO,1248,fastest_lap,https://www.formula1.com/en/results.html/2024/races/1248/mexico/fastest-laps.html,17,24,ZHO,Zhou Guanyu,Kick Sauber Ferrari,56,15:26:18,1:21.553,189.991
2024,FORMULA 1 GRAN PREMIO DE LA CIUDAD DE MÉXICO,1248,fastest_lap,https://www.formula1.com/en/results.html/2024/races/1248/mexico/fastest-laps.html,18,14,ALO,Fernando Alonso,Aston Martin Aramco Mercedes,7,14:17:46,1:22.722,187.306
2024,FORMULA 1 LENOVO GRANDE PRÊMIO DE SÃO PAULO,1249,fastest_lap,https://www.formula1.com/en/results.html/2024/races/1249/brazil/fastest-laps.html,1,1,VER,Max Verstappen,Red Bull Racing Honda RBPT,67,14:54:08,1:20.472,192.767
2024,FORMULA 1 LENOVO GRANDE PRÊMIO DE SÃO PAULO,1249,fastest_lap,https://www.formula1.com/en/results.html/2024/races/1249/brazil/fastest-laps.html,2,4,NOR,Lando Norris,McLaren Mercedes,67,14:54:39,1:21.517,190.296
2024,FORMULA 1 LENOVO GRANDE PRÊMIO DE SÃO PAULO,1249,fastest_lap,https://www.formula1.com/en/results.html/2024/races/1249/brazil/fastest-laps.html,3,81,PIA,Oscar Piastri,McLaren Mercedes,69,14:57:26,1:21.532,190.261
2024,FORMULA 1 LENOVO GRANDE PRÊMIO DE SÃO PAULO,1249,fastest_lap,https://www.formula1.com/en/results.html/2024/races/1249/brazil/fastest-laps.html,4,16,LEC,Charles Leclerc,Ferrari,60,14:45:04,1:21.631,190.030
2024,FORMULA 1 LENOVO GRANDE PRÊMIO DE SÃO PAULO,1249,fastest_lap,https://www.formula1.com/en/results.html/2024/races/1249/brazil/fastest-laps.html,5,10,GAS,Pierre Gasly,Alpine Renault,66,14:53:08,1:21.645,189.998
2024,FORMULA 1 LENOVO GRANDE PRÊMIO DE SÃO PAULO,1249,fastest_lap,https://www.formula1.com/en/results.html/2024/races/1249/brazil/fastest-laps.html,6,63,RUS,George Russell,Mercedes,66,14:53:09,1:21.645,189.998
2024,FORMULA 1 LENOVO GRANDE PRÊMIO DE SÃO PAULO,1249,fastest_lap,https://www.formula1.com/en/results.html/2024/races/1249/brazil/fastest-laps.html,7,31,OCO,Esteban Ocon,Alpine Renault,64,14:50:21,1:21.771,189.705
2024,FORMULA 1 LENOVO GRANDE PRÊMIO DE SÃO PAULO,1249,fastest_lap,https://www.formula1.com/en/results.html/2024/races/1249/brazil/fastest-laps.html,8,22,TSU,Yuki Tsunoda,RB Honda RBPT,69,14:57:33,1:21.828,189.573
2024,FORMULA 1 LENOVO GRANDE PRÊMIO DE SÃO PAULO,1249,fastest_lap,https://www.formula1.com/en/results.html/2024/races/1249/brazil/fastest-laps.html,9,44,HAM,Lewis Hamilton,Mercedes,69,14:57:42,1:22.041,189.081
2024,FORMULA 1 LENOVO GRANDE PRÊMIO DE SÃO PAULO,1249,fastest_lap,https://www.formula1.com/en/results.html/2024/races/1249/brazil/fastest-laps.html,10,30,LAW,Liam Lawson,RB Honda RBPT,67,14:54:57,1:22.123,188.892
2024,FORMULA 1 LENOVO GRANDE PRÊMIO DE SÃO PAULO,1249,fastest_lap,https://www.formula1.com/en/results.html/2024/races/1249/brazil/fastest-laps.html,11,11,PER,Sergio Perez,Red Bull Racing Honda RBPT,67,14:54:58,1:22.143,188.846
2024,FORMULA 1 LENOVO GRANDE PRÊMIO DE SÃO PAULO,1249,fastest_lap,https://www.formula1.com/en/results.html/2024/races/1249/brazil/fastest-laps.html,12,14,ALO,Fernando Alonso,Aston Martin Aramco Mercedes,59,14:44:12,1:22.293,188.502
2024,FORMULA 1 LENOVO GRANDE PRÊMIO DE SÃO PAULO,1249,fastest_lap,https://www.formula1.com/en/results.html/2024/races/1249/brazil/fastest-laps.html,13,50,BEA,Oliver Bearman,Haas Ferrari,64,14:50:55,1:22.494,188.042
2024,FORMULA 1 LENOVO GRANDE PRÊMIO DE SÃO PAULO,1249,fastest_lap,https://www.formula1.com/en/results.html/2024/races/1249/brazil/fastest-laps.html,14,77,BOT,Valtteri Bottas,Kick Sauber Ferrari,67,14:55:09,1:22.877,187.173
2024,FORMULA 1 LENOVO GRANDE PRÊMIO DE SÃO PAULO,1249,fastest_lap,https://www.formula1.com/en/results.html/2024/races/1249/brazil/fastest-laps.html,15,24,ZHO,Zhou Guanyu,Kick Sauber Ferrari,65,14:52:37,1:23.058,186.765
2024,FORMULA 1 LENOVO GRANDE PRÊMIO DE SÃO PAULO,1249,fastest_lap,https://www.formula1.com/en/results.html/2024/races/1249/brazil/fastest-laps.html,16,27,HUL,Nico Hulkenberg,Haas Ferrari,21,13:20:03,1:23.764,185.191
2024,FORMULA 1 LENOVO GRANDE PRÊMIO DE SÃO PAULO,1249,fastest_lap,https://www.formula1.com/en/results.html/2024/races/1249/brazil/fastest-laps.html,17,55,SAI,Carlos Sainz,Ferrari,19,13:17:23,1:24.201,184.230
2024,FORMULA 1 LENOVO GRANDE PRÊMIO DE SÃO PAULO,1249,fastest_lap,https://www.formula1.com/en/results.html/2024/races/1249/brazil/fastest-laps.html,18,43,COL,Franco Colapinto,Williams Mercedes,21,13:20:12,1:24.296,184.022
2024,FORMULA 1 HEINEKEN SILVER LAS VEGAS,1250,fastest_lap,https://www.formula1.com/en/results.html/2024/races/1250/las-vegas/fastest-laps.html,1,4,NOR,Lando Norris,McLaren Mercedes,50,23:26:29,1:34.876,235.292
2024,FORMULA 1 HEINEKEN SILVER LAS VEGAS,1250,fastest_lap,https://www.formula1.com/en/results.html/2024/races/1250/las-vegas/fastest-laps.html,2,44,HAM,Lewis Hamilton,Mercedes,41,23:11:23,1:35.480,233.803
2024,FORMULA 1 HEINEKEN SILVER LAS VEGAS,1250,fastest_lap,https://www.formula1.com/en/results.html/2024/races/1250/las-vegas/fastest-laps.html,3,16,LEC,Charles Leclerc,Ferrari,40,23:09:55,1:35.674,233.329
2024,FORMULA 1 HEINEKEN SILVER LAS VEGAS,1250,fastest_lap,https://www.formula1.com/en/results.html/2024/races/1250/las-vegas/fastest-laps.html,4,63,RUS,George Russell,Mercedes,46,23:19:17,1:35.717,233.225
2024,FORMULA 1 HEINEKEN SILVER LAS VEGAS,1250,fastest_lap,https://www.formula1.com/en/results.html/2024/races/1250/las-vegas/fastest-laps.html,5,55,SAI,Carlos Sainz,Ferrari,44,23:16:20,1:35.875,232.840
2024,FORMULA 1 HEINEKEN SILVER LAS VEGAS,1250,fastest_lap,https://www.formula1.com/en/results.html/2024/races/1250/las-vegas/fastest-laps.html,6,1,VER,Max Verstappen,Red Bull Racing Honda RBPT,43,23:14:44,1:36.248,231.938
2024,FORMULA 1 HEINEKEN SILVER LAS VEGAS,1250,fastest_lap,https://www.formula1.com/en/results.html/2024/races/1250/las-vegas/fastest-laps.html,7,24,ZHO,Zhou Guanyu,Kick Sauber Ferrari,46,23:20:31,1:36.324,231.755
2024,FORMULA 1 HEINEKEN SILVER LAS VEGAS,1250,fastest_lap,https://www.formula1.com/en/results.html/2024/races/1250/las-vegas/fastest-laps.html,8,11,PER,Sergio Perez,Red Bull Racing Honda RBPT,42,23:13:52,1:36.326,231.750
2024,FORMULA 1 HEINEKEN SILVER LAS VEGAS,1250,fastest_lap,https://www.formula1.com/en/results.html/2024/races/1250/las-vegas/fastest-laps.html,9,31,OCO,Esteban Ocon,Alpine Renault,47,23:22:33,1:36.511,231.306
2024,FORMULA 1 HEINEKEN SILVER LAS VEGAS,1250,fastest_lap,https://www.formula1.com/en/results.html/2024/races/1250/las-vegas/fastest-laps.html,10,14,ALO,Fernando Alonso,Aston Martin Aramco Mercedes,39,23:08:57,1:36.553,231.205
2024,FORMULA 1 HEINEKEN SILVER LAS VEGAS,1250,fastest_lap,https://www.formula1.com/en/results.html/2024/races/1250/las-vegas/fastest-laps.html,11,20,MAG,Kevin Magnussen,Haas Ferrari,49,23:25:18,1:36.557,231.196
2024,FORMULA 1 HEINEKEN SILVER LAS VEGAS,1250,fastest_lap,https://www.formula1.com/en/results.html/2024/races/1250/las-vegas/fastest-laps.html,12,27,HUL,Nico Hulkenberg,Haas Ferrari,48,23:23:31,1:36.585,231.129
2024,FORMULA 1 HEINEKEN SILVER LAS VEGAS,1250,fastest_lap,https://www.formula1.com/en/results.html/2024/races/1250/las-vegas/fastest-laps.html,13,81,PIA,Oscar Piastri,McLaren Mercedes,44,23:16:52,1:36.598,231.097
2024,FORMULA 1 HEINEKEN SILVER LAS VEGAS,1250,fastest_lap,https://www.formula1.com/en/results.html/2024/races/1250/las-vegas/fastest-laps.html,14,77,BOT,Valtteri Bottas,Kick Sauber Ferrari,46,23:21:03,1:36.601,231.090
2024,FORMULA 1 HEINEKEN SILVER LAS VEGAS,1250,fastest_lap,https://www.formula1.com/en/results.html/2024/races/1250/las-vegas/fastest-laps.html,15,43,COL,Franco Colapinto,Williams Mercedes,37,23:05:48,1:36.867,230.456
2024,FORMULA 1 HEINEKEN SILVER LAS VEGAS,1250,fastest_lap,https://www.formula1.com/en/results.html/2024/races/1250/las-vegas/fastest-laps.html,16,22,TSU,Yuki Tsunoda,RB Honda RBPT,48,23:23:33,1:36.957,230.242
2024,FORMULA 1 HEINEKEN SILVER LAS VEGAS,1250,fastest_lap,https://www.formula1.com/en/results.html/2024/races/1250/las-vegas/fastest-laps.html,17,30,LAW,Liam Lawson,RB Honda RBPT,45,23:19:10,1:36.980,230.187
2024,FORMULA 1 HEINEKEN SILVER LAS VEGAS,1250,fastest_lap,https://www.formula1.com/en/results.html/2024/races/1250/las-vegas/fastest-laps.html,18,18,STR,Lance Stroll,Aston Martin Aramco Mercedes,43,23:15:46,1:37.179,229.716
2024,FORMULA 1 HEINEKEN SILVER LAS VEGAS,1250,fastest_lap,https://www.formula1.com/en/results.html/2024/races/1250/las-vegas/fastest-laps.html,19,23,ALB,Alexander Albon,Williams Mercedes,21,22:39:03,1:38.008,227.773
2024,FORMULA 1 HEINEKEN SILVER LAS VEGAS,1250,fastest_lap,https://www.formula1.com/en/results.html/2024/races/1250/las-vegas/fastest-laps.html,20,10,GAS,Pierre Gasly,Alpine Renault,13,22:25:45,1:38.314,227.064
2024,FORMULA 1 QATAR AIRWAYS QATAR,1251,fastest_lap,https://www.formula1.com/en/results.html/2024/races/1251/qatar/fastest-laps.html,1,4,NOR,Lando Norris,McLaren Mercedes,56,20:33:50,1:22.384,236.798
2024,FORMULA 1 QATAR AIRWAYS QATAR,1251,fastest_lap,https://www.formula1.com/en/results.html/2024/races/1251/qatar/fastest-laps.html,2,1,VER,Max Verstappen,Red Bull Racing Honda RBPT,55,20:31:51,1:22.905,235.310
2024,FORMULA 1 QATAR AIRWAYS QATAR,1251,fastest_lap,https://www.formula1.com/en/results.html/2024/races/1251/qatar/fastest-laps.html,3,81,PIA,Oscar Piastri,McLaren Mercedes,51,20:26:24,1:23.218,234.425
2024,FORMULA 1 QATAR AIRWAYS QATAR,1251,fastest_lap,https://www.formula1.com/en/results.html/2024/races/1251/qatar/fastest-laps.html,4,16,LEC,Charles Leclerc,Ferrari,53,20:29:10,1:23.242,234.357
2024,FORMULA 1 QATAR AIRWAYS QATAR,1251,fastest_lap,https://www.formula1.com/en/results.html/2024/races/1251/qatar/fastest-laps.html,5,63,RUS,George Russell,Mercedes,50,20:25:02,1:23.355,234.039
2024,FORMULA 1 QATAR AIRWAYS QATAR,1251,fastest_lap,https://www.formula1.com/en/results.html/2024/races/1251/qatar/fastest-laps.html,6,55,SAI,Carlos Sainz,Ferrari,52,20:27:56,1:23.465,233.731
2024,FORMULA 1 QATAR AIRWAYS QATAR,1251,fastest_lap,https://www.formula1.com/en/results.html/2024/races/1251/qatar/fastest-laps.html,7,14,ALO,Fernando Alonso,Aston Martin Aramco Mercedes,57,20:34:58,1:23.667,233.167
2024,FORMULA 1 QATAR AIRWAYS QATAR,1251,fastest_lap,https://www.formula1.com/en/results.html/2024/races/1251/qatar/fastest-laps.html,8,10,GAS,Pierre Gasly,Alpine Renault,56,20:33:31,1:23.705,233.061
2024,FORMULA 1 QATAR AIRWAYS QATAR,1251,fastest_lap,https://www.formula1.com/en/results.html/2024/races/1251/qatar/fastest-laps.html,9,44,HAM,Lewis Hamilton,Mercedes,52,20:28:29,1:23.865,232.616
2024,FORMULA 1 QATAR AIRWAYS QATAR,1251,fastest_lap,https://www.formula1.com/en/results.html/2024/races/1251/qatar/fastest-laps.html,10,24,ZHO,Zhou Guanyu,Kick Sauber Ferrari,57,20:35:03,1:23.889,232.550
2024,FORMULA 1 QATAR AIRWAYS QATAR,1251,fastest_lap,https://www.formula1.com/en/results.html/2024/races/1251/qatar/fastest-laps.html,11,20,MAG,Kevin Magnussen,Haas Ferrari,55,20:32:20,1:24.259,231.528
2024,FORMULA 1 QATAR AIRWAYS QATAR,1251,fastest_lap,https://www.formula1.com/en/results.html/2024/races/1251/qatar/fastest-laps.html,12,11,PER,Sergio Perez,Red Bull Racing Honda RBPT,31,19:51:30,1:25.288,228.735
2024,FORMULA 1 QATAR AIRWAYS QATAR,1251,fastest_lap,https://www.formula1.com/en/results.html/2024/races/1251/qatar/fastest-laps.html,13,77,BOT,Valtteri Bottas,Kick Sauber Ferrari,53,20:29:42,1:25.533,228.080
2024,FORMULA 1 QATAR AIRWAYS QATAR,1251,fastest_lap,https://www.formula1.com/en/results.html/2024/races/1251/qatar/fastest-laps.html,14,23,ALB,Alexander Albon,Williams Mercedes,47,20:21:03,1:25.559,228.011
2024,FORMULA 1 QATAR AIRWAYS QATAR,1251,fastest_lap,https://www.formula1.com/en/results.html/2024/races/1251/qatar/fastest-laps.html,15,27,HUL,Nico Hulkenberg,Haas Ferrari,33,19:55:25,1:25.767,227.458
2024,FORMULA 1 QATAR AIRWAYS QATAR,1251,fastest_lap,https://www.formula1.com/en/results.html/2024/races/1251/qatar/fastest-laps.html,16,30,LAW,Liam Lawson,RB Honda RBPT,46,20:19:42,1:26.076,226.641
2024,FORMULA 1 QATAR AIRWAYS QATAR,1251,fastest_lap,https://www.formula1.com/en/results.html/2024/races/1251/qatar/fastest-laps.html,17,22,TSU,Yuki Tsunoda,RB Honda RBPT,47,20:21:07,1:26.144,226.462
2024,FORMULA 1 QATAR AIRWAYS QATAR,1251,fastest_lap,https://www.formula1.com/en/results.html/2024/races/1251/qatar/fastest-laps.html,18,18,STR,Lance Stroll,Aston Martin Aramco Mercedes,6,19:15:47,1:30.935,214.531
2024,FORMULA 1 ETIHAD AIRWAYS ABU DHABI,1252,fastest_lap,https://www.formula1.com/en/results.html/2024/races/1252/abu-dhabi/fastest-laps.html,1,20,MAG,Kevin Magnussen,Haas Ferrari,57,18:31:25,1:25.637,222.002
2024,FORMULA 1 ETIHAD AIRWAYS ABU DHABI,1252,fastest_lap,https://www.formula1.com/en/results.html/2024/races/1252/abu-dhabi/fastest-laps.html,2,44,HAM,Lewis Hamilton,Mercedes,44,18:10:18,1:27.278,217.828
2024,FORMULA 1 ETIHAD AIRWAYS ABU DHABI,1252,fastest_lap,https://www.formula1.com/en/results.html/2024/races/1252/abu-dhabi/fastest-laps.html,3,4,NOR,Lando Norris,McLaren Mercedes,52,18:21:19,1:27.438,217.429
2024,FORMULA 1 ETIHAD AIRWAYS ABU DHABI,1252,fastest_lap,https://www.formula1.com/en/results.html/2024/races/1252/abu-dhabi/fastest-laps.html,4,81,PIA,Oscar Piastri,McLaren Mercedes,51,18:21:15,1:27.690,216.804
2024,FORMULA 1 ETIHAD AIRWAYS ABU DHABI,1252,fastest_lap,https://www.formula1.com/en/results.html/2024/races/1252/abu-dhabi/fastest-laps.html,5,55,SAI,Carlos Sainz,Ferrari,55,18:25:50,1:27.765,216.619
2024,FORMULA 1 ETIHAD AIRWAYS ABU DHABI,1252,fastest_lap,https://www.formula1.com/en/results.html/2024/races/1252/abu-dhabi/fastest-laps.html,6,1,VER,Max Verstappen,Red Bull Racing Honda RBPT,56,18:28:01,1:27.765,216.619
2024,FORMULA 1 ETIHAD AIRWAYS ABU DHABI,1252,fastest_lap,https://www.formula1.com/en/results.html/2024/races/1252/abu-dhabi/fastest-laps.html,7,14,ALO,Fernando Alonso,Aston Martin Aramco Mercedes,51,18:21:11,1:27.948,216.168
2024,FORMULA 1 ETIHAD AIRWAYS ABU DHABI,1252,fastest_lap,https://www.formula1.com/en/results.html/2024/races/1252/abu-dhabi/fastest-laps.html,8,24,ZHO,Zhou Guanyu,Kick Sauber Ferrari,56,18:28:57,1:27.982,216.085
2024,FORMULA 1 ETIHAD AIRWAYS ABU DHABI,1252,fastest_lap,https://www.formula1.com/en/results.html/2024/races/1252/abu-dhabi/fastest-laps.html,9,16,LEC,Charles Leclerc,Ferrari,51,18:20:19,1:28.018,215.996
2024,FORMULA 1 ETIHAD AIRWAYS ABU DHABI,1252,fastest_lap,https://www.formula1.com/en/results.html/2024/races/1252/abu-dhabi/fastest-laps.html,10,63,RUS,George Russell,Mercedes,56,18:27:47,1:28.195,215.563
2024,FORMULA 1 ETIHAD AIRWAYS ABU DHABI,1252,fastest_lap,https://www.formula1.com/en/results.html/2024/races/1252/abu-dhabi/fastest-laps.html,11,18,STR,Lance Stroll,Aston Martin Aramco Mercedes,42,18:08:02,1:28.604,214.568
2024,FORMULA 1 ETIHAD AIRWAYS ABU DHABI,1252,fastest_lap,https://www.formula1.com/en/results.html/2024/races/1252/abu-dhabi/fastest-laps.html,12,30,LAW,Liam Lawson,RB Honda RBPT,52,18:23:45,1:28.751,214.212
2024,FORMULA 1 ETIHAD AIRWAYS ABU DHABI,1252,fastest_lap,https://www.formula1.com/en/results.html/2024/races/1252/abu-dhabi/fastest-laps.html,13,61,DOO,Jack Doohan,Alpine Renault,56,18:29:05,1:29.121,213.323
2024,FORMULA 1 ETIHAD AIRWAYS ABU DHABI,1252,fastest_lap,https://www.formula1.com/en/results.html/2024/races/1252/abu-dhabi/fastest-laps.html,14,27,HUL,Nico Hulkenberg,Haas Ferrari,17,17:30:05,1:29.152,213.249
2024,FORMULA 1 ETIHAD AIRWAYS ABU DHABI,1252,fastest_lap,https://www.formula1.com/en/results.html/2024/races/1252/abu-dhabi/fastest-laps.html,15,22,TSU,Yuki Tsunoda,RB Honda RBPT,41,18:06:24,1:29.200,213.134
2024,FORMULA 1 ETIHAD AIRWAYS ABU DHABI,1252,fastest_lap,https://www.formula1.com/en/results.html/2024/races/1252/abu-dhabi/fastest-laps.html,16,10,GAS,Pierre Gasly,Alpine Renault,30,17:49:31,1:29.251,213.012
2024,FORMULA 1 ETIHAD AIRWAYS ABU DHABI,1252,fastest_lap,https://www.formula1.com/en/results.html/2024/races/1252/abu-dhabi/fastest-laps.html,17,43,COL,Franco Colapinto,Williams Mercedes,5,17:12:54,1:29.411,212.631
2024,FORMULA 1 ETIHAD AIRWAYS ABU DHABI,1252,fastest_lap,https://www.formula1.com/en/results.html/2024/races/1252/abu-dhabi/fastest-laps.html,18,23,ALB,Alexander Albon,Williams Mercedes,46,18:13:43,1:29.438,212.567
2024,FORMULA 1 ETIHAD AIRWAYS ABU DHABI,1252,fastest_lap,https://www.formula1.com/en/results.html/2024/races/1252/abu-dhabi/fastest-laps.html,19,77,BOT,Valtteri Bottas,Kick Sauber Ferrari,14,17:26:03,1:29.482,212.462
