year,race_name,race_id,result_type,url,position,driver_number,driver_code,driver_name,team,laps,time_or_retired,points
2021,FORMULA 1 GULF AIR BAHRAIN,1064,race,https://www.formula1.com/en/results.html/2021/races/1064/bahrain/race-result.html,1,44,HAM,Lewis Hamilton,Mercedes,56,1:32:03.897,25
2021,FORMULA 1 GULF AIR BAHRAIN,1064,race,https://www.formula1.com/en/results.html/2021/races/1064/bahrain/race-result.html,2,33,VER,Max Verstappen,Red Bull Racing Honda,56,+0.745s,18
2021,FORMULA 1 GULF AIR BAHRAIN,1064,race,https://www.formula1.com/en/results.html/2021/races/1064/bahrain/race-result.html,3,77,BOT,Valtteri Bottas,Mercedes,56,+37.383s,16
2021,FORMULA 1 GULF AIR BAHRAIN,1064,race,https://www.formula1.com/en/results.html/2021/races/1064/bahrain/race-result.html,4,4,NOR,Lando Norris,McLaren Mercedes,56,+46.466s,12
2021,FORMULA 1 GULF AIR BAHRAIN,1064,race,https://www.formula1.com/en/results.html/2021/races/1064/bahrain/race-result.html,5,11,PER,Sergio Perez,Red Bull Racing Honda,56,+52.047s,10
2021,FORMULA 1 GULF AIR BAHRAIN,1064,race,https://www.formula1.com/en/results.html/2021/races/1064/bahrain/race-result.html,6,16,LEC,Charles Leclerc,Ferrari,56,+59.090s,8
2021,FORMULA 1 GULF AIR BAHRAIN,1064,race,https://www.formula1.com/en/results.html/2021/races/1064/bahrain/race-result.html,7,3,RIC,Daniel Ricciardo,McLaren Mercedes,56,+66.004s,6
2021,FORMULA 1 GULF AIR BAHRAIN,1064,race,https://www.formula1.com/en/results.html/2021/races/1064/bahrain/race-result.html,8,55,SAI,Carlos Sainz,Ferrari,56,+67.100s,4
2021,FORMULA 1 GULF AIR BAHRAIN,1064,race,https://www.formula1.com/en/results.html/2021/races/1064/bahrain/race-result.html,9,22,TSU,Yuki Tsunoda,AlphaTauri Honda,56,+85.692s,2
2021,FORMULA 1 GULF AIR BAHRAIN,1064,race,https://www.formula1.com/en/results.html/2021/races/1064/bahrain/race-result.html,10,18,STR,Lance Stroll,Aston Martin Mercedes,56,+86.713s,1
2021,FORMULA 1 GULF AIR BAHRAIN,1064,race,https://www.formula1.com/en/results.html/2021/races/1064/bahrain/race-result.html,11,7,RAI,Kimi Räikkönen,Alfa Romeo Racing Ferrari,56,+88.864s,0
2021,FORMULA 1 GULF AIR BAHRAIN,1064,race,https://www.formula1.com/en/results.html/2021/races/1064/bahrain/race-result.html,12,99,GIO,Antonio Giovinazzi,Alfa Romeo Racing Ferrari,55,+1 lap,0
2021,FORMULA 1 GULF AIR BAHRAIN,1064,race,https://www.formula1.com/en/results.html/2021/races/1064/bahrain/race-result.html,13,31,OCO,Esteban Ocon,Alpine Renault,55,+1 lap,0
2021,FORMULA 1 GULF AIR BAHRAIN,1064,race,https://www.formula1.com/en/results.html/2021/races/1064/bahrain/race-result.html,14,63,RUS,George Russell,Williams Mercedes,55,+1 lap,0
2021,FORMULA 1 GULF AIR BAHRAIN,1064,race,https://www.formula1.com/en/results.html/2021/races/1064/bahrain/race-result.html,15,5,VET,Sebastian Vettel,Aston Martin Mercedes,55,+1 lap,0
2021,FORMULA 1 GULF AIR BAHRAIN,1064,race,https://www.formula1.com/en/results.html/2021/races/1064/bahrain/race-result.html,16,47,MSC,Mick Schumacher,Haas Ferrari,55,+1 lap,0
2021,FORMULA 1 GULF AIR BAHRAIN,1064,race,https://www.formula1.com/en/results.html/2021/races/1064/bahrain/race-result.html,17,10,GAS,Pierre Gasly,AlphaTauri Honda,52,DNF,0
2021,FORMULA 1 GULF AIR BAHRAIN,1064,race,https://www.formula1.com/en/results.html/2021/races/1064/bahrain/race-result.html,18,6,LAT,Nicholas Latifi,Williams Mercedes,51,DNF,0
2021,FORMULA 1 GULF AIR BAHRAIN,1064,race,https://www.formula1.com/en/results.html/2021/races/1064/bahrain/race-result.html,NC,14,ALO,Fernando Alonso,Alpine Renault,32,DNF,0
2021,FORMULA 1 GULF AIR BAHRAIN,1064,race,https://www.formula1.com/en/results.html/2021/races/1064/bahrain/race-result.html,NC,9,MAZ,Nikita Mazepin,Haas Ferrari,0,DNF,0
2021,EMILIA ROMAGNA,1065,race,https://www.formula1.com/en/results.html/2021/races/1065/emilia-romagna/race-result.html,1,33,VER,Max Verstappen,Red Bull Racing Honda,63,2:02:34.598,25
2021,EMILIA ROMAGNA,1065,race,https://www.formula1.com/en/results.html/2021/races/1065/emilia-romagna/race-result.html,2,44,HAM,Lewis Hamilton,Mercedes,63,+22.000s,19
2021,EMILIA ROMAGNA,1065,race,https://www.formula1.com/en/results.html/2021/races/1065/emilia-romagna/race-result.html,3,4,NOR,Lando Norris,McLaren Mercedes,63,+23.702s,15
2021,EMILIA ROMAGNA,1065,race,https://www.formula1.com/en/results.html/2021/races/1065/emilia-romagna/race-result.html,4,16,LEC,Charles Leclerc,Ferrari,63,+25.579s,12
2021,EMILIA ROMAGNA,1065,race,https://www.formula1.com/en/results.html/2021/races/1065/emilia-romagna/race-result.html,5,55,SAI,Carlos Sainz,Ferrari,63,+27.036s,10
2021,EMILIA ROMAGNA,1065,race,https://www.formula1.com/en/results.html/2021/races/1065/emilia-romagna/race-result.html,6,3,RIC,Daniel Ricciardo,McLaren Mercedes,63,+51.220s,8
2021,EMILIA ROMAGNA,1065,race,https://www.formula1.com/en/results.html/2021/races/1065/emilia-romagna/race-result.html,7,10,GAS,Pierre Gasly,AlphaTauri Honda,63,+52.818s,6
2021,EMILIA ROMAGNA,1065,race,https://www.formula1.com/en/results.html/2021/races/1065/emilia-romagna/race-result.html,8,18,STR,Lance Stroll,Aston Martin Mercedes,63,+56.909s,4
2021,EMILIA ROMAGNA,1065,race,https://www.formula1.com/en/results.html/2021/races/1065/emilia-romagna/race-result.html,9,31,OCO,Esteban Ocon,Alpine Renault,63,+65.704s,2
2021,EMILIA ROMAGNA,1065,race,https://www.formula1.com/en/results.html/2021/races/1065/emilia-romagna/race-result.html,10,14,ALO,Fernando Alonso,Alpine Renault,63,+66.561s,1
2021,EMILIA ROMAGNA,1065,race,https://www.formula1.com/en/results.html/2021/races/1065/emilia-romagna/race-result.html,11,11,PER,Sergio Perez,Red Bull Racing Honda,63,+67.151s,0
2021,EMILIA ROMAGNA,1065,race,https://www.formula1.com/en/results.html/2021/races/1065/emilia-romagna/race-result.html,12,22,TSU,Yuki Tsunoda,AlphaTauri Honda,63,+73.184s,0
2021,EMILIA ROMAGNA,1065,race,https://www.formula1.com/en/results.html/2021/races/1065/emilia-romagna/race-result.html,13,7,RAI,Kimi Räikkönen,Alfa Romeo Racing Ferrari,63,+94.773s,0
2021,EMILIA ROMAGNA,1065,race,https://www.formula1.com/en/results.html/2021/races/1065/emilia-romagna/race-result.html,14,99,GIO,Antonio Giovinazzi,Alfa Romeo Racing Ferrari,62,+1 lap,0
2021,EMILIA ROMAGNA,1065,race,https://www.formula1.com/en/results.html/2021/races/1065/emilia-romagna/race-result.html,15,5,VET,Sebastian Vettel,Aston Martin Mercedes,61,DNF,0
2021,EMILIA ROMAGNA,1065,race,https://www.formula1.com/en/results.html/2021/races/1065/emilia-romagna/race-result.html,16,47,MSC,Mick Schumacher,Haas Ferrari,61,+2 laps,0
2021,EMILIA ROMAGNA,1065,race,https://www.formula1.com/en/results.html/2021/races/1065/emilia-romagna/race-result.html,17,9,MAZ,Nikita Mazepin,Haas Ferrari,61,+2 laps,0
2021,EMILIA ROMAGNA,1065,race,https://www.formula1.com/en/results.html/2021/races/1065/emilia-romagna/race-result.html,NC,77,BOT,Valtteri Bottas,Mercedes,30,DNF,0
2021,EMILIA ROMAGNA,1065,race,https://www.formula1.com/en/results.html/2021/races/1065/emilia-romagna/race-result.html,NC,63,RUS,George Russell,Williams Mercedes,30,DNF,0
2021,EMILIA ROMAGNA,1065,race,https://www.formula1.com/en/results.html/2021/races/1065/emilia-romagna/race-result.html,NC,6,LAT,Nicholas Latifi,Williams Mercedes,0,DNF,0
2021,FORMULA 1 HEINEKEN GRANDE PRÉMIO DE PORTUGAL,1066,race,https://www.formula1.com/en/results.html/2021/races/1066/portugal/race-result.html,1,44,HAM,Lewis Hamilton,Mercedes,66,1:34:31.421,25
2021,FORMULA 1 HEINEKEN GRANDE PRÉMIO DE PORTUGAL,1066,race,https://www.formula1.com/en/results.html/2021/races/1066/portugal/race-result.html,2,33,VER,Max Verstappen,Red Bull Racing Honda,66,+29.148s,18
2021,FORMULA 1 HEINEKEN GRANDE PRÉMIO DE PORTUGAL,1066,race,https://www.formula1.com/en/results.html/2021/races/1066/portugal/race-result.html,3,77,BOT,Valtteri Bottas,Mercedes,66,+33.530s,16
2021,FORMULA 1 HEINEKEN GRANDE PRÉMIO DE PORTUGAL,1066,race,https://www.formula1.com/en/results.html/2021/races/1066/portugal/race-result.html,4,11,PER,Sergio Perez,Red Bull Racing Honda,66,+39.735s,12
2021,FORMULA 1 HEINEKEN GRANDE PRÉMIO DE PORTUGAL,1066,race,https://www.formula1.com/en/results.html/2021/races/1066/portugal/race-result.html,5,4,NOR,Lando Norris,McLaren Mercedes,66,+51.369s,10
2021,FORMULA 1 HEINEKEN GRANDE PRÉMIO DE PORTUGAL,1066,race,https://www.formula1.com/en/results.html/2021/races/1066/portugal/race-result.html,6,16,LEC,Charles Leclerc,Ferrari,66,+55.781s,8
2021,FORMULA 1 HEINEKEN GRANDE PRÉMIO DE PORTUGAL,1066,race,https://www.formula1.com/en/results.html/2021/races/1066/portugal/race-result.html,7,31,OCO,Esteban Ocon,Alpine Renault,66,+63.749s,6
2021,FORMULA 1 HEINEKEN GRANDE PRÉMIO DE PORTUGAL,1066,race,https://www.formula1.com/en/results.html/2021/races/1066/portugal/race-result.html,8,14,ALO,Fernando Alonso,Alpine Renault,66,+64.808s,4
2021,FORMULA 1 HEINEKEN GRANDE PRÉMIO DE PORTUGAL,1066,race,https://www.formula1.com/en/results.html/2021/races/1066/portugal/race-result.html,9,3,RIC,Daniel Ricciardo,McLaren Mercedes,66,+75.369s,2
2021,FORMULA 1 HEINEKEN GRANDE PRÉMIO DE PORTUGAL,1066,race,https://www.formula1.com/en/results.html/2021/races/1066/portugal/race-result.html,10,10,GAS,Pierre Gasly,AlphaTauri Honda,66,+76.463s,1
2021,FORMULA 1 HEINEKEN GRANDE PRÉMIO DE PORTUGAL,1066,race,https://www.formula1.com/en/results.html/2021/races/1066/portugal/race-result.html,11,55,SAI,Carlos Sainz,Ferrari,66,+78.955s,0
2021,FORMULA 1 HEINEKEN GRANDE PRÉMIO DE PORTUGAL,1066,race,https://www.formula1.com/en/results.html/2021/races/1066/portugal/race-result.html,12,99,GIO,Antonio Giovinazzi,Alfa Romeo Racing Ferrari,65,+1 lap,0
2021,FORMULA 1 HEINEKEN GRANDE PRÉMIO DE PORTUGAL,1066,race,https://www.formula1.com/en/results.html/2021/races/1066/portugal/race-result.html,13,5,VET,Sebastian Vettel,Aston Martin Mercedes,65,+1 lap,0
2021,FORMULA 1 HEINEKEN GRANDE PRÉMIO DE PORTUGAL,1066,race,https://www.formula1.com/en/results.html/2021/races/1066/portugal/race-result.html,14,18,STR,Lance Stroll,Aston Martin Mercedes,65,+1 lap,0
2021,FORMULA 1 HEINEKEN GRANDE PRÉMIO DE PORTUGAL,1066,race,https://www.formula1.com/en/results.html/2021/races/1066/portugal/race-result.html,15,22,TSU,Yuki Tsunoda,AlphaTauri Honda,65,+1 lap,0
2021,FORMULA 1 HEINEKEN GRANDE PRÉMIO DE PORTUGAL,1066,race,https://www.formula1.com/en/results.html/2021/races/1066/portugal/race-result.html,16,63,RUS,George Russell,Williams Mercedes,65,+1 lap,0
2021,FORMULA 1 HEINEKEN GRANDE PRÉMIO DE PORTUGAL,1066,race,https://www.formula1.com/en/results.html/2021/races/1066/portugal/race-result.html,17,47,MSC,Mick Schumacher,Haas Ferrari,64,+2 laps,0
2021,FORMULA 1 HEINEKEN GRANDE PRÉMIO DE PORTUGAL,1066,race,https://www.formula1.com/en/results.html/2021/races/1066/portugal/race-result.html,18,6,LAT,Nicholas Latifi,Williams Mercedes,64,+2 laps,0
2021,FORMULA 1 HEINEKEN GRANDE PRÉMIO DE PORTUGAL,1066,race,https://www.formula1.com/en/results.html/2021/races/1066/portugal/race-result.html,19,9,MAZ,Nikita Mazepin,Haas Ferrari,64,+2 laps,0
2021,FORMULA 1 HEINEKEN GRANDE PRÉMIO DE PORTUGAL,1066,race,https://www.formula1.com/en/results.html/2021/races/1066/portugal/race-result.html,NC,7,RAI,Kimi Räikkönen,Alfa Romeo Racing Ferrari,1,DNF,0
2021,FORMULA 1 GRAND PRIX DE MONACO,1067,race,https://www.formula1.com/en/results.html/2021/races/1067/monaco/race-result.html,1,33,VER,Max Verstappen,Red Bull Racing Honda,78,1:38:56.820,25
2021,FORMULA 1 GRAND PRIX DE MONACO,1067,race,https://www.formula1.com/en/results.html/2021/races/1067/monaco/race-result.html,2,55,SAI,Carlos Sainz,Ferrari,78,+8.968s,18
2021,FORMULA 1 GRAND PRIX DE MONACO,1067,race,https://www.formula1.com/en/results.html/2021/races/1067/monaco/race-result.html,3,4,NOR,Lando Norris,McLaren Mercedes,78,+19.427s,15
2021,FORMULA 1 GRAND PRIX DE MONACO,1067,race,https://www.formula1.com/en/results.html/2021/races/1067/monaco/race-result.html,4,11,PER,Sergio Perez,Red Bull Racing Honda,78,+20.490s,12
2021,FORMULA 1 GRAND PRIX DE MONACO,1067,race,https://www.formula1.com/en/results.html/2021/races/1067/monaco/race-result.html,5,5,VET,Sebastian Vettel,Aston Martin Mercedes,78,+52.591s,10
2021,FORMULA 1 GRAND PRIX DE MONACO,1067,race,https://www.formula1.com/en/results.html/2021/races/1067/monaco/race-result.html,6,10,GAS,Pierre Gasly,AlphaTauri Honda,78,+53.896s,8
2021,FORMULA 1 GRAND PRIX DE MONACO,1067,race,https://www.formula1.com/en/results.html/2021/races/1067/monaco/race-result.html,7,44,HAM,Lewis Hamilton,Mercedes,78,+68.231s,7
2021,FORMULA 1 GRAND PRIX DE MONACO,1067,race,https://www.formula1.com/en/results.html/2021/races/1067/monaco/race-result.html,8,18,STR,Lance Stroll,Aston Martin Mercedes,77,+1 lap,4
2021,FORMULA 1 GRAND PRIX DE MONACO,1067,race,https://www.formula1.com/en/results.html/2021/races/1067/monaco/race-result.html,9,31,OCO,Esteban Ocon,Alpine Renault,77,+1 lap,2
2021,FORMULA 1 GRAND PRIX DE MONACO,1067,race,https://www.formula1.com/en/results.html/2021/races/1067/monaco/race-result.html,10,99,GIO,Antonio Giovinazzi,Alfa Romeo Racing Ferrari,77,+1 lap,1
2021,FORMULA 1 GRAND PRIX DE MONACO,1067,race,https://www.formula1.com/en/results.html/2021/races/1067/monaco/race-result.html,11,7,RAI,Kimi Räikkönen,Alfa Romeo Racing Ferrari,77,+1 lap,0
2021,FORMULA 1 GRAND PRIX DE MONACO,1067,race,https://www.formula1.com/en/results.html/2021/races/1067/monaco/race-result.html,12,3,RIC,Daniel Ricciardo,McLaren Mercedes,77,+1 lap,0
2021,FORMULA 1 GRAND PRIX DE MONACO,1067,race,https://www.formula1.com/en/results.html/2021/races/1067/monaco/race-result.html,13,14,ALO,Fernando Alonso,Alpine Renault,77,+1 lap,0
2021,FORMULA 1 GRAND PRIX DE MONACO,1067,race,https://www.formula1.com/en/results.html/2021/races/1067/monaco/race-result.html,14,63,RUS,George Russell,Williams Mercedes,77,+1 lap,0
2021,FORMULA 1 GRAND PRIX DE MONACO,1067,race,https://www.formula1.com/en/results.html/2021/races/1067/monaco/race-result.html,15,6,LAT,Nicholas Latifi,Williams Mercedes,77,+1 lap,0
2021,FORMULA 1 GRAND PRIX DE MONACO,1067,race,https://www.formula1.com/en/results.html/2021/races/1067/monaco/race-result.html,16,22,TSU,Yuki Tsunoda,AlphaTauri Honda,77,+1 lap,0
2021,FORMULA 1 GRAND PRIX DE MONACO,1067,race,https://www.formula1.com/en/results.html/2021/races/1067/monaco/race-result.html,17,9,MAZ,Nikita Mazepin,Haas Ferrari,75,+3 laps,0
2021,FORMULA 1 GRAND PRIX DE MONACO,1067,race,https://www.formula1.com/en/results.html/2021/races/1067/monaco/race-result.html,18,47,MSC,Mick Schumacher,Haas Ferrari,75,+3 laps,0
2021,FORMULA 1 GRAND PRIX DE MONACO,1067,race,https://www.formula1.com/en/results.html/2021/races/1067/monaco/race-result.html,NC,77,BOT,Valtteri Bottas,Mercedes,29,DNF,0
2021,FORMULA 1 GRAND PRIX DE MONACO,1067,race,https://www.formula1.com/en/results.html/2021/races/1067/monaco/race-result.html,NC,16,LEC,Charles Leclerc,Ferrari,0,DNS,0
2021,FORMULA 1 AZERBAIJAN,1068,race,https://www.formula1.com/en/results.html/2021/races/1068/azerbaijan/race-result.html,1,11,PER,Sergio Perez,Red Bull Racing Honda,51,2:13:36.410,25
2021,FORMULA 1 AZERBAIJAN,1068,race,https://www.formula1.com/en/results.html/2021/races/1068/azerbaijan/race-result.html,2,5,VET,Sebastian Vettel,Aston Martin Mercedes,51,+1.385s,18
2021,FORMULA 1 AZERBAIJAN,1068,race,https://www.formula1.com/en/results.html/2021/races/1068/azerbaijan/race-result.html,3,10,GAS,Pierre Gasly,AlphaTauri Honda,51,+2.762s,15
2021,FORMULA 1 AZERBAIJAN,1068,race,https://www.formula1.com/en/results.html/2021/races/1068/azerbaijan/race-result.html,4,16,LEC,Charles Leclerc,Ferrari,51,+3.828s,12
2021,FORMULA 1 AZERBAIJAN,1068,race,https://www.formula1.com/en/results.html/2021/races/1068/azerbaijan/race-result.html,5,4,NOR,Lando Norris,McLaren Mercedes,51,+4.754s,10
2021,FORMULA 1 AZERBAIJAN,1068,race,https://www.formula1.com/en/results.html/2021/races/1068/azerbaijan/race-result.html,6,14,ALO,Fernando Alonso,Alpine Renault,51,+6.382s,8
2021,FORMULA 1 AZERBAIJAN,1068,race,https://www.formula1.com/en/results.html/2021/races/1068/azerbaijan/race-result.html,7,22,TSU,Yuki Tsunoda,AlphaTauri Honda,51,+6.624s,6
2021,FORMULA 1 AZERBAIJAN,1068,race,https://www.formula1.com/en/results.html/2021/races/1068/azerbaijan/race-result.html,8,55,SAI,Carlos Sainz,Ferrari,51,+7.709s,4
2021,FORMULA 1 AZERBAIJAN,1068,race,https://www.formula1.com/en/results.html/2021/races/1068/azerbaijan/race-result.html,9,3,RIC,Daniel Ricciardo,McLaren Mercedes,51,+8.874s,2
2021,FORMULA 1 AZERBAIJAN,1068,race,https://www.formula1.com/en/results.html/2021/races/1068/azerbaijan/race-result.html,10,7,RAI,Kimi Räikkönen,Alfa Romeo Racing Ferrari,51,+9.576s,1
2021,FORMULA 1 AZERBAIJAN,1068,race,https://www.formula1.com/en/results.html/2021/races/1068/azerbaijan/race-result.html,11,99,GIO,Antonio Giovinazzi,Alfa Romeo Racing Ferrari,51,+10.254s,0
2021,FORMULA 1 AZERBAIJAN,1068,race,https://www.formula1.com/en/results.html/2021/races/1068/azerbaijan/race-result.html,12,77,BOT,Valtteri Bottas,Mercedes,51,+11.264s,0
2021,FORMULA 1 AZERBAIJAN,1068,race,https://www.formula1.com/en/results.html/2021/races/1068/azerbaijan/race-result.html,13,47,MSC,Mick Schumacher,Haas Ferrari,51,+14.241s,0
2021,FORMULA 1 AZERBAIJAN,1068,race,https://www.formula1.com/en/results.html/2021/races/1068/azerbaijan/race-result.html,14,9,MAZ,Nikita Mazepin,Haas Ferrari,51,+14.315s,0
2021,FORMULA 1 AZERBAIJAN,1068,race,https://www.formula1.com/en/results.html/2021/races/1068/azerbaijan/race-result.html,15,44,HAM,Lewis Hamilton,Mercedes,51,+17.668s,0
2021,FORMULA 1 AZERBAIJAN,1068,race,https://www.formula1.com/en/results.html/2021/races/1068/azerbaijan/race-result.html,16,6,LAT,Nicholas Latifi,Williams Mercedes,51,+42.379s,0
2021,FORMULA 1 AZERBAIJAN,1068,race,https://www.formula1.com/en/results.html/2021/races/1068/azerbaijan/race-result.html,17,63,RUS,George Russell,Williams Mercedes,48,DNF,0
2021,FORMULA 1 AZERBAIJAN,1068,race,https://www.formula1.com/en/results.html/2021/races/1068/azerbaijan/race-result.html,18,33,VER,Max Verstappen,Red Bull Racing Honda,45,DNF,0
2021,FORMULA 1 AZERBAIJAN,1068,race,https://www.formula1.com/en/results.html/2021/races/1068/azerbaijan/race-result.html,NC,18,STR,Lance Stroll,Aston Martin Mercedes,29,DNF,0
2021,FORMULA 1 AZERBAIJAN,1068,race,https://www.formula1.com/en/results.html/2021/races/1068/azerbaijan/race-result.html,NC,31,OCO,Esteban Ocon,Alpine Renault,3,DNF,0
2021,FORMULA 1 EMIRATES GRAND PRIX DE FRANCE,1070,race,https://www.formula1.com/en/results.html/2021/races/1070/france/race-result.html,1,33,VER,Max Verstappen,Red Bull Racing Honda,53,1:27:25.770,26
2021,FORMULA 1 EMIRATES GRAND PRIX DE FRANCE,1070,race,https://www.formula1.com/en/results.html/2021/races/1070/france/race-result.html,2,44,HAM,Lewis Hamilton,Mercedes,53,+2.904s,18
2021,FORMULA 1 EMIRATES GRAND PRIX DE FRANCE,1070,race,https://www.formula1.com/en/results.html/2021/races/1070/france/race-result.html,3,11,PER,Sergio Perez,Red Bull Racing Honda,53,+8.811s,15
2021,FORMULA 1 EMIRATES GRAND PRIX DE FRANCE,1070,race,https://www.formula1.com/en/results.html/2021/races/1070/france/race-result.html,4,77,BOT,Valtteri Bottas,Mercedes,53,+14.618s,12
2021,FORMULA 1 EMIRATES GRAND PRIX DE FRANCE,1070,race,https://www.formula1.com/en/results.html/2021/races/1070/france/race-result.html,5,4,NOR,Lando Norris,McLaren Mercedes,53,+64.032s,10
2021,FORMULA 1 EMIRATES GRAND PRIX DE FRANCE,1070,race,https://www.formula1.com/en/results.html/2021/races/1070/france/race-result.html,6,3,RIC,Daniel Ricciardo,McLaren Mercedes,53,+75.857s,8
2021,FORMULA 1 EMIRATES GRAND PRIX DE FRANCE,1070,race,https://www.formula1.com/en/results.html/2021/races/1070/france/race-result.html,7,10,GAS,Pierre Gasly,AlphaTauri Honda,53,+76.596s,6
2021,FORMULA 1 EMIRATES GRAND PRIX DE FRANCE,1070,race,https://www.formula1.com/en/results.html/2021/races/1070/france/race-result.html,8,14,ALO,Fernando Alonso,Alpine Renault,53,+77.695s,4
2021,FORMULA 1 EMIRATES GRAND PRIX DE FRANCE,1070,race,https://www.formula1.com/en/results.html/2021/races/1070/france/race-result.html,9,5,VET,Sebastian Vettel,Aston Martin Mercedes,53,+79.666s,2
2021,FORMULA 1 EMIRATES GRAND PRIX DE FRANCE,1070,race,https://www.formula1.com/en/results.html/2021/races/1070/france/race-result.html,10,18,STR,Lance Stroll,Aston Martin Mercedes,53,+91.946s,1
2021,FORMULA 1 EMIRATES GRAND PRIX DE FRANCE,1070,race,https://www.formula1.com/en/results.html/2021/races/1070/france/race-result.html,11,55,SAI,Carlos Sainz,Ferrari,53,+99.337s,0
2021,FORMULA 1 EMIRATES GRAND PRIX DE FRANCE,1070,race,https://www.formula1.com/en/results.html/2021/races/1070/france/race-result.html,12,63,RUS,George Russell,Williams Mercedes,52,+1 lap,0
2021,FORMULA 1 EMIRATES GRAND PRIX DE FRANCE,1070,race,https://www.formula1.com/en/results.html/2021/races/1070/france/race-result.html,13,22,TSU,Yuki Tsunoda,AlphaTauri Honda,52,+1 lap,0
2021,FORMULA 1 EMIRATES GRAND PRIX DE FRANCE,1070,race,https://www.formula1.com/en/results.html/2021/races/1070/france/race-result.html,14,31,OCO,Esteban Ocon,Alpine Renault,52,+1 lap,0
2021,FORMULA 1 EMIRATES GRAND PRIX DE FRANCE,1070,race,https://www.formula1.com/en/results.html/2021/races/1070/france/race-result.html,15,99,GIO,Antonio Giovinazzi,Alfa Romeo Racing Ferrari,52,+1 lap,0
2021,FORMULA 1 EMIRATES GRAND PRIX DE FRANCE,1070,race,https://www.formula1.com/en/results.html/2021/races/1070/france/race-result.html,16,16,LEC,Charles Leclerc,Ferrari,52,+1 lap,0
2021,FORMULA 1 EMIRATES GRAND PRIX DE FRANCE,1070,race,https://www.formula1.com/en/results.html/2021/races/1070/france/race-result.html,17,7,RAI,Kimi Räikkönen,Alfa Romeo Racing Ferrari,52,+1 lap,0
2021,FORMULA 1 EMIRATES GRAND PRIX DE FRANCE,1070,race,https://www.formula1.com/en/results.html/2021/races/1070/france/race-result.html,18,6,LAT,Nicholas Latifi,Williams Mercedes,52,+1 lap,0
2021,FORMULA 1 EMIRATES GRAND PRIX DE FRANCE,1070,race,https://www.formula1.com/en/results.html/2021/races/1070/france/race-result.html,19,47,MSC,Mick Schumacher,Haas Ferrari,52,+1 lap,0
2021,FORMULA 1 EMIRATES GRAND PRIX DE FRANCE,1070,race,https://www.formula1.com/en/results.html/2021/races/1070/france/race-result.html,20,9,MAZ,Nikita Mazepin,Haas Ferrari,52,+1 lap,0
2021,FORMULA 1 BWT GROSSER PREIS VON ÖSTERREICH,1071,race,https://www.formula1.com/en/results.html/2021/races/1071/austria/race-result.html,1,33,VER,Max Verstappen,Red Bull Racing Honda,71,1:23:54.543,26
2021,FORMULA 1 BWT GROSSER PREIS VON ÖSTERREICH,1071,race,https://www.formula1.com/en/results.html/2021/races/1071/austria/race-result.html,2,77,BOT,Valtteri Bottas,Mercedes,71,+17.973s,18
2021,FORMULA 1 BWT GROSSER PREIS VON ÖSTERREICH,1071,race,https://www.formula1.com/en/results.html/2021/races/1071/austria/race-result.html,3,4,NOR,Lando Norris,McLaren Mercedes,71,+20.019s,15
2021,FORMULA 1 BWT GROSSER PREIS VON ÖSTERREICH,1071,race,https://www.formula1.com/en/results.html/2021/races/1071/austria/race-result.html,4,44,HAM,Lewis Hamilton,Mercedes,71,+46.452s,12
2021,FORMULA 1 BWT GROSSER PREIS VON ÖSTERREICH,1071,race,https://www.formula1.com/en/results.html/2021/races/1071/austria/race-result.html,5,55,SAI,Carlos Sainz,Ferrari,71,+57.144s,10
2021,FORMULA 1 BWT GROSSER PREIS VON ÖSTERREICH,1071,race,https://www.formula1.com/en/results.html/2021/races/1071/austria/race-result.html,6,11,PER,Sergio Perez,Red Bull Racing Honda,71,+57.915s,8
2021,FORMULA 1 BWT GROSSER PREIS VON ÖSTERREICH,1071,race,https://www.formula1.com/en/results.html/2021/races/1071/austria/race-result.html,7,3,RIC,Daniel Ricciardo,McLaren Mercedes,71,+60.395s,6
2021,FORMULA 1 BWT GROSSER PREIS VON ÖSTERREICH,1071,race,https://www.formula1.com/en/results.html/2021/races/1071/austria/race-result.html,8,16,LEC,Charles Leclerc,Ferrari,71,+61.195s,4
2021,FORMULA 1 BWT GROSSER PREIS VON ÖSTERREICH,1071,race,https://www.formula1.com/en/results.html/2021/races/1071/austria/race-result.html,9,10,GAS,Pierre Gasly,AlphaTauri Honda,71,+61.844s,2
2021,FORMULA 1 BWT GROSSER PREIS VON ÖSTERREICH,1071,race,https://www.formula1.com/en/results.html/2021/races/1071/austria/race-result.html,10,14,ALO,Fernando Alonso,Alpine Renault,70,+1 lap,1
2021,FORMULA 1 BWT GROSSER PREIS VON ÖSTERREICH,1071,race,https://www.formula1.com/en/results.html/2021/races/1071/austria/race-result.html,11,63,RUS,George Russell,Williams Mercedes,70,+1 lap,0
2021,FORMULA 1 BWT GROSSER PREIS VON ÖSTERREICH,1071,race,https://www.formula1.com/en/results.html/2021/races/1071/austria/race-result.html,12,22,TSU,Yuki Tsunoda,AlphaTauri Honda,70,+1 lap,0
2021,FORMULA 1 BWT GROSSER PREIS VON ÖSTERREICH,1071,race,https://www.formula1.com/en/results.html/2021/races/1071/austria/race-result.html,13,18,STR,Lance Stroll,Aston Martin Mercedes,70,+1 lap,0
2021,FORMULA 1 BWT GROSSER PREIS VON ÖSTERREICH,1071,race,https://www.formula1.com/en/results.html/2021/races/1071/austria/race-result.html,14,99,GIO,Antonio Giovinazzi,Alfa Romeo Racing Ferrari,70,+1 lap,0
2021,FORMULA 1 BWT GROSSER PREIS VON ÖSTERREICH,1071,race,https://www.formula1.com/en/results.html/2021/races/1071/austria/race-result.html,15,7,RAI,Kimi Räikkönen,Alfa Romeo Racing Ferrari,70,+1 lap,0
2021,FORMULA 1 BWT GROSSER PREIS VON ÖSTERREICH,1071,race,https://www.formula1.com/en/results.html/2021/races/1071/austria/race-result.html,16,6,LAT,Nicholas Latifi,Williams Mercedes,70,+1 lap,0
2021,FORMULA 1 BWT GROSSER PREIS VON ÖSTERREICH,1071,race,https://www.formula1.com/en/results.html/2021/races/1071/austria/race-result.html,17,5,VET,Sebastian Vettel,Aston Martin Mercedes,69,DNF,0
2021,FORMULA 1 BWT GROSSER PREIS VON ÖSTERREICH,1071,race,https://www.formula1.com/en/results.html/2021/races/1071/austria/race-result.html,18,47,MSC,Mick Schumacher,Haas Ferrari,69,+2 laps,0
2021,FORMULA 1 BWT GROSSER PREIS VON ÖSTERREICH,1071,race,https://www.formula1.com/en/results.html/2021/races/1071/austria/race-result.html,19,9,MAZ,Nikita Mazepin,Haas Ferrari,69,+2 laps,0
2021,FORMULA 1 BWT GROSSER PREIS VON ÖSTERREICH,1071,race,https://www.formula1.com/en/results.html/2021/races/1071/austria/race-result.html,NC,31,OCO,Esteban Ocon,Alpine Renault,0,DNF,0
2021,FORMULA 1 PIRELLI BRITISH,1072,race,https://www.formula1.com/en/results.html/2021/races/1072/great-britain/race-result.html,1,44,HAM,Lewis Hamilton,Mercedes,52,1:58:23.284,25
2021,FORMULA 1 PIRELLI BRITISH,1072,race,https://www.formula1.com/en/results.html/2021/races/1072/great-britain/race-result.html,2,16,LEC,Charles Leclerc,Ferrari,52,+3.871s,18
2021,FORMULA 1 PIRELLI BRITISH,1072,race,https://www.formula1.com/en/results.html/2021/races/1072/great-britain/race-result.html,3,77,BOT,Valtteri Bottas,Mercedes,52,+11.125s,15
2021,FORMULA 1 PIRELLI BRITISH,1072,race,https://www.formula1.com/en/results.html/2021/races/1072/great-britain/race-result.html,4,4,NOR,Lando Norris,McLaren Mercedes,52,+28.573s,12
2021,FORMULA 1 PIRELLI BRITISH,1072,race,https://www.formula1.com/en/results.html/2021/races/1072/great-britain/race-result.html,5,3,RIC,Daniel Ricciardo,McLaren Mercedes,52,+42.624s,10
2021,FORMULA 1 PIRELLI BRITISH,1072,race,https://www.formula1.com/en/results.html/2021/races/1072/great-britain/race-result.html,6,55,SAI,Carlos Sainz,Ferrari,52,+43.454s,8
2021,FORMULA 1 PIRELLI BRITISH,1072,race,https://www.formula1.com/en/results.html/2021/races/1072/great-britain/race-result.html,7,14,ALO,Fernando Alonso,Alpine Renault,52,+72.093s,6
2021,FORMULA 1 PIRELLI BRITISH,1072,race,https://www.formula1.com/en/results.html/2021/races/1072/great-britain/race-result.html,8,18,STR,Lance Stroll,Aston Martin Mercedes,52,+74.289s,4
2021,FORMULA 1 PIRELLI BRITISH,1072,race,https://www.formula1.com/en/results.html/2021/races/1072/great-britain/race-result.html,9,31,OCO,Esteban Ocon,Alpine Renault,52,+76.162s,2
2021,FORMULA 1 PIRELLI BRITISH,1072,race,https://www.formula1.com/en/results.html/2021/races/1072/great-britain/race-result.html,10,22,TSU,Yuki Tsunoda,AlphaTauri Honda,52,+82.065s,1
2021,FORMULA 1 PIRELLI BRITISH,1072,race,https://www.formula1.com/en/results.html/2021/races/1072/great-britain/race-result.html,11,10,GAS,Pierre Gasly,AlphaTauri Honda,52,+85.327s,0
2021,FORMULA 1 PIRELLI BRITISH,1072,race,https://www.formula1.com/en/results.html/2021/races/1072/great-britain/race-result.html,12,63,RUS,George Russell,Williams Mercedes,51,+1 lap,0
2021,FORMULA 1 PIRELLI BRITISH,1072,race,https://www.formula1.com/en/results.html/2021/races/1072/great-britain/race-result.html,13,99,GIO,Antonio Giovinazzi,Alfa Romeo Racing Ferrari,51,+1 lap,0
2021,FORMULA 1 PIRELLI BRITISH,1072,race,https://www.formula1.com/en/results.html/2021/races/1072/great-britain/race-result.html,14,6,LAT,Nicholas Latifi,Williams Mercedes,51,+1 lap,0
2021,FORMULA 1 PIRELLI BRITISH,1072,race,https://www.formula1.com/en/results.html/2021/races/1072/great-britain/race-result.html,15,7,RAI,Kimi Räikkönen,Alfa Romeo Racing Ferrari,51,+1 lap,0
2021,FORMULA 1 PIRELLI BRITISH,1072,race,https://www.formula1.com/en/results.html/2021/races/1072/great-britain/race-result.html,16,11,PER,Sergio Perez,Red Bull Racing Honda,51,+1 lap,0
2021,FORMULA 1 PIRELLI BRITISH,1072,race,https://www.formula1.com/en/results.html/2021/races/1072/great-britain/race-result.html,17,9,MAZ,Nikita Mazepin,Haas Ferrari,51,+1 lap,0
2021,FORMULA 1 PIRELLI BRITISH,1072,race,https://www.formula1.com/en/results.html/2021/races/1072/great-britain/race-result.html,18,47,MSC,Mick Schumacher,Haas Ferrari,51,+1 lap,0
2021,FORMULA 1 PIRELLI BRITISH,1072,race,https://www.formula1.com/en/results.html/2021/races/1072/great-britain/race-result.html,NC,5,VET,Sebastian Vettel,Aston Martin Mercedes,40,DNF,0
2021,FORMULA 1 PIRELLI BRITISH,1072,race,https://www.formula1.com/en/results.html/2021/races/1072/great-britain/race-result.html,NC,33,VER,Max Verstappen,Red Bull Racing Honda,0,DNF,0
2021,FORMULA 1 ROLEX MAGYAR NAGYDÍJ,1073,race,https://www.formula1.com/en/results.html/2021/races/1073/hungary/race-result.html,1,31,OCO,Esteban Ocon,Alpine Renault,70,2:04:43.199,25
2021,FORMULA 1 ROLEX MAGYAR NAGYDÍJ,1073,race,https://www.formula1.com/en/results.html/2021/races/1073/hungary/race-result.html,DQ,5,VET,Sebastian Vettel,Aston Martin Mercedes,70,+1.859s,0
2021,FORMULA 1 ROLEX MAGYAR NAGYDÍJ,1073,race,https://www.formula1.com/en/results.html/2021/races/1073/hungary/race-result.html,2,44,HAM,Lewis Hamilton,Mercedes,70,+2.736s,18
2021,FORMULA 1 ROLEX MAGYAR NAGYDÍJ,1073,race,https://www.formula1.com/en/results.html/2021/races/1073/hungary/race-result.html,3,55,SAI,Carlos Sainz,Ferrari,70,+15.018s,15
2021,FORMULA 1 ROLEX MAGYAR NAGYDÍJ,1073,race,https://www.formula1.com/en/results.html/2021/races/1073/hungary/race-result.html,4,14,ALO,Fernando Alonso,Alpine Renault,70,+15.651s,12
2021,FORMULA 1 ROLEX MAGYAR NAGYDÍJ,1073,race,https://www.formula1.com/en/results.html/2021/races/1073/hungary/race-result.html,5,10,GAS,Pierre Gasly,AlphaTauri Honda,70,+63.614s,11
2021,FORMULA 1 ROLEX MAGYAR NAGYDÍJ,1073,race,https://www.formula1.com/en/results.html/2021/races/1073/hungary/race-result.html,6,22,TSU,Yuki Tsunoda,AlphaTauri Honda,70,+75.803s,8
2021,FORMULA 1 ROLEX MAGYAR NAGYDÍJ,1073,race,https://www.formula1.com/en/results.html/2021/races/1073/hungary/race-result.html,7,6,LAT,Nicholas Latifi,Williams Mercedes,70,+77.910s,6
2021,FORMULA 1 ROLEX MAGYAR NAGYDÍJ,1073,race,https://www.formula1.com/en/results.html/2021/races/1073/hungary/race-result.html,8,63,RUS,George Russell,Williams Mercedes,70,+79.094s,4
2021,FORMULA 1 ROLEX MAGYAR NAGYDÍJ,1073,race,https://www.formula1.com/en/results.html/2021/races/1073/hungary/race-result.html,9,33,VER,Max Verstappen,Red Bull Racing Honda,70,+80.244s,2
2021,FORMULA 1 ROLEX MAGYAR NAGYDÍJ,1073,race,https://www.formula1.com/en/results.html/2021/races/1073/hungary/race-result.html,10,7,RAI,Kimi Räikkönen,Alfa Romeo Racing Ferrari,69,+1 lap,1
2021,FORMULA 1 ROLEX MAGYAR NAGYDÍJ,1073,race,https://www.formula1.com/en/results.html/2021/races/1073/hungary/race-result.html,11,3,RIC,Daniel Ricciardo,McLaren Mercedes,69,+1 lap,0
2021,FORMULA 1 ROLEX MAGYAR NAGYDÍJ,1073,race,https://www.formula1.com/en/results.html/2021/races/1073/hungary/race-result.html,12,47,MSC,Mick Schumacher,Haas Ferrari,69,+1 lap,0
2021,FORMULA 1 ROLEX MAGYAR NAGYDÍJ,1073,race,https://www.formula1.com/en/results.html/2021/races/1073/hungary/race-result.html,13,99,GIO,Antonio Giovinazzi,Alfa Romeo Racing Ferrari,69,+1 lap,0
2021,FORMULA 1 ROLEX MAGYAR NAGYDÍJ,1073,race,https://www.formula1.com/en/results.html/2021/races/1073/hungary/race-result.html,NC,9,MAZ,Nikita Mazepin,Haas Ferrari,3,DNF,0
2021,FORMULA 1 ROLEX MAGYAR NAGYDÍJ,1073,race,https://www.formula1.com/en/results.html/2021/races/1073/hungary/race-result.html,NC,4,NOR,Lando Norris,McLaren Mercedes,2,DNF,0
2021,FORMULA 1 ROLEX MAGYAR NAGYDÍJ,1073,race,https://www.formula1.com/en/results.html/2021/races/1073/hungary/race-result.html,NC,77,BOT,Valtteri Bottas,Mercedes,0,DNF,0
2021,FORMULA 1 ROLEX MAGYAR NAGYDÍJ,1073,race,https://www.formula1.com/en/results.html/2021/races/1073/hungary/race-result.html,NC,11,PER,Sergio Perez,Red Bull Racing Honda,0,DNF,0
2021,FORMULA 1 ROLEX MAGYAR NAGYDÍJ,1073,race,https://www.formula1.com/en/results.html/2021/races/1073/hungary/race-result.html,NC,16,LEC,Charles Leclerc,Ferrari,0,DNF,0
2021,FORMULA 1 ROLEX MAGYAR NAGYDÍJ,1073,race,https://www.formula1.com/en/results.html/2021/races/1073/hungary/race-result.html,NC,18,STR,Lance Stroll,Aston Martin Mercedes,0,DNF,0
2021,FORMULA 1 ROLEX BELGIAN,1074,race,https://www.formula1.com/en/results.html/2021/races/1074/belgium/race-result.html,1,33,VER,Max Verstappen,Red Bull Racing Honda,1,3:27.071,12.5
2021,FORMULA 1 ROLEX BELGIAN,1074,race,https://www.formula1.com/en/results.html/2021/races/1074/belgium/race-result.html,2,63,RUS,George Russell,Williams Mercedes,1,+1.995s,9
2021,FORMULA 1 ROLEX BELGIAN,1074,race,https://www.formula1.com/en/results.html/2021/races/1074/belgium/race-result.html,3,44,HAM,Lewis Hamilton,Mercedes,1,+2.601s,7.5
2021,FORMULA 1 ROLEX BELGIAN,1074,race,https://www.formula1.com/en/results.html/2021/races/1074/belgium/race-result.html,4,3,RIC,Daniel Ricciardo,McLaren Mercedes,1,+4.496s,6
2021,FORMULA 1 ROLEX BELGIAN,1074,race,https://www.formula1.com/en/results.html/2021/races/1074/belgium/race-result.html,5,5,VET,Sebastian Vettel,Aston Martin Mercedes,1,+7.479s,5
2021,FORMULA 1 ROLEX BELGIAN,1074,race,https://www.formula1.com/en/results.html/2021/races/1074/belgium/race-result.html,6,10,GAS,Pierre Gasly,AlphaTauri Honda,1,+10.177s,4
2021,FORMULA 1 ROLEX BELGIAN,1074,race,https://www.formula1.com/en/results.html/2021/races/1074/belgium/race-result.html,7,31,OCO,Esteban Ocon,Alpine Renault,1,+11.579s,3
2021,FORMULA 1 ROLEX BELGIAN,1074,race,https://www.formula1.com/en/results.html/2021/races/1074/belgium/race-result.html,8,16,LEC,Charles Leclerc,Ferrari,1,+12.608s,2
2021,FORMULA 1 ROLEX BELGIAN,1074,race,https://www.formula1.com/en/results.html/2021/races/1074/belgium/race-result.html,9,6,LAT,Nicholas Latifi,Williams Mercedes,1,+15.484s,1
2021,FORMULA 1 ROLEX BELGIAN,1074,race,https://www.formula1.com/en/results.html/2021/races/1074/belgium/race-result.html,10,55,SAI,Carlos Sainz,Ferrari,1,+16.166s,0.5
2021,FORMULA 1 ROLEX BELGIAN,1074,race,https://www.formula1.com/en/results.html/2021/races/1074/belgium/race-result.html,11,14,ALO,Fernando Alonso,Alpine Renault,1,+20.590s,0
2021,FORMULA 1 ROLEX BELGIAN,1074,race,https://www.formula1.com/en/results.html/2021/races/1074/belgium/race-result.html,12,77,BOT,Valtteri Bottas,Mercedes,1,+22.414s,0
2021,FORMULA 1 ROLEX BELGIAN,1074,race,https://www.formula1.com/en/results.html/2021/races/1074/belgium/race-result.html,13,99,GIO,Antonio Giovinazzi,Alfa Romeo Racing Ferrari,1,+24.163s,0
2021,FORMULA 1 ROLEX BELGIAN,1074,race,https://www.formula1.com/en/results.html/2021/races/1074/belgium/race-result.html,14,4,NOR,Lando Norris,McLaren Mercedes,1,+27.109s,0
2021,FORMULA 1 ROLEX BELGIAN,1074,race,https://www.formula1.com/en/results.html/2021/races/1074/belgium/race-result.html,15,22,TSU,Yuki Tsunoda,AlphaTauri Honda,1,+28.329s,0
2021,FORMULA 1 ROLEX BELGIAN,1074,race,https://www.formula1.com/en/results.html/2021/races/1074/belgium/race-result.html,16,47,MSC,Mick Schumacher,Haas Ferrari,1,+29.507s,0
2021,FORMULA 1 ROLEX BELGIAN,1074,race,https://www.formula1.com/en/results.html/2021/races/1074/belgium/race-result.html,17,9,MAZ,Nikita Mazepin,Haas Ferrari,1,+31.993s,0
2021,FORMULA 1 ROLEX BELGIAN,1074,race,https://www.formula1.com/en/results.html/2021/races/1074/belgium/race-result.html,18,7,RAI,Kimi Räikkönen,Alfa Romeo Racing Ferrari,1,+36.054s,0
2021,FORMULA 1 ROLEX BELGIAN,1074,race,https://www.formula1.com/en/results.html/2021/races/1074/belgium/race-result.html,19,11,PER,Sergio Perez,Red Bull Racing Honda,1,+38.205s,0
2021,FORMULA 1 ROLEX BELGIAN,1074,race,https://www.formula1.com/en/results.html/2021/races/1074/belgium/race-result.html,20,18,STR,Lance Stroll,Aston Martin Mercedes,1,+44.108s,0
2021,FORMULA 1 HEINEKEN DUTCH,1075,race,https://www.formula1.com/en/results.html/2021/races/1075/netherlands/race-result.html,1,33,VER,Max Verstappen,Red Bull Racing Honda,72,1:30:05.395,25
2021,FORMULA 1 HEINEKEN DUTCH,1075,race,https://www.formula1.com/en/results.html/2021/races/1075/netherlands/race-result.html,2,44,HAM,Lewis Hamilton,Mercedes,72,+20.932s,19
2021,FORMULA 1 HEINEKEN DUTCH,1075,race,https://www.formula1.com/en/results.html/2021/races/1075/netherlands/race-result.html,3,77,BOT,Valtteri Bottas,Mercedes,72,+56.460s,15
2021,FORMULA 1 HEINEKEN DUTCH,1075,race,https://www.formula1.com/en/results.html/2021/races/1075/netherlands/race-result.html,4,10,GAS,Pierre Gasly,AlphaTauri Honda,71,+1 lap,12
2021,FORMULA 1 HEINEKEN DUTCH,1075,race,https://www.formula1.com/en/results.html/2021/races/1075/netherlands/race-result.html,5,16,LEC,Charles Leclerc,Ferrari,71,+1 lap,10
2021,FORMULA 1 HEINEKEN DUTCH,1075,race,https://www.formula1.com/en/results.html/2021/races/1075/netherlands/race-result.html,6,14,ALO,Fernando Alonso,Alpine Renault,71,+1 lap,8
2021,FORMULA 1 HEINEKEN DUTCH,1075,race,https://www.formula1.com/en/results.html/2021/races/1075/netherlands/race-result.html,7,55,SAI,Carlos Sainz,Ferrari,71,+1 lap,6
2021,FORMULA 1 HEINEKEN DUTCH,1075,race,https://www.formula1.com/en/results.html/2021/races/1075/netherlands/race-result.html,8,11,PER,Sergio Perez,Red Bull Racing Honda,71,+1 lap,4
2021,FORMULA 1 HEINEKEN DUTCH,1075,race,https://www.formula1.com/en/results.html/2021/races/1075/netherlands/race-result.html,9,31,OCO,Esteban Ocon,Alpine Renault,71,+1 lap,2
2021,FORMULA 1 HEINEKEN DUTCH,1075,race,https://www.formula1.com/en/results.html/2021/races/1075/netherlands/race-result.html,10,4,NOR,Lando Norris,McLaren Mercedes,71,+1 lap,1
2021,FORMULA 1 HEINEKEN DUTCH,1075,race,https://www.formula1.com/en/results.html/2021/races/1075/netherlands/race-result.html,11,3,RIC,Daniel Ricciardo,McLaren Mercedes,71,+1 lap,0
2021,FORMULA 1 HEINEKEN DUTCH,1075,race,https://www.formula1.com/en/results.html/2021/races/1075/netherlands/race-result.html,12,18,STR,Lance Stroll,Aston Martin Mercedes,70,+2 laps,0
2021,FORMULA 1 HEINEKEN DUTCH,1075,race,https://www.formula1.com/en/results.html/2021/races/1075/netherlands/race-result.html,13,5,VET,Sebastian Vettel,Aston Martin Mercedes,70,+2 laps,0
2021,FORMULA 1 HEINEKEN DUTCH,1075,race,https://www.formula1.com/en/results.html/2021/races/1075/netherlands/race-result.html,14,99,GIO,Antonio Giovinazzi,Alfa Romeo Racing Ferrari,70,+2 laps,0
2021,FORMULA 1 HEINEKEN DUTCH,1075,race,https://www.formula1.com/en/results.html/2021/races/1075/netherlands/race-result.html,15,88,KUB,Robert Kubica,Alfa Romeo Racing Ferrari,70,+2 laps,0
2021,FORMULA 1 HEINEKEN DUTCH,1075,race,https://www.formula1.com/en/results.html/2021/races/1075/netherlands/race-result.html,16,6,LAT,Nicholas Latifi,Williams Mercedes,70,+2 laps,0
2021,FORMULA 1 HEINEKEN DUTCH,1075,race,https://www.formula1.com/en/results.html/2021/races/1075/netherlands/race-result.html,17,63,RUS,George Russell,Williams Mercedes,69,DNF,0
2021,FORMULA 1 HEINEKEN DUTCH,1075,race,https://www.formula1.com/en/results.html/2021/races/1075/netherlands/race-result.html,18,47,MSC,Mick Schumacher,Haas Ferrari,69,+3 laps,0
2021,FORMULA 1 HEINEKEN DUTCH,1075,race,https://www.formula1.com/en/results.html/2021/races/1075/netherlands/race-result.html,NC,22,TSU,Yuki Tsunoda,AlphaTauri Honda,48,DNF,0
2021,FORMULA 1 HEINEKEN DUTCH,1075,race,https://www.formula1.com/en/results.html/2021/races/1075/netherlands/race-result.html,NC,9,MAZ,Nikita Mazepin,Haas Ferrari,41,DNF,0
2021,ITALIA,1076,race,https://www.formula1.com/en/results.html/2021/races/1076/italy/race-result.html,1,3,RIC,Daniel Ricciardo,McLaren Mercedes,53,1:21:54.365,26
2021,ITALIA,1076,race,https://www.formula1.com/en/results.html/2021/races/1076/italy/race-result.html,2,4,NOR,Lando Norris,McLaren Mercedes,53,+1.747s,18
2021,ITALIA,1076,race,https://www.formula1.com/en/results.html/2021/races/1076/italy/race-result.html,3,77,BOT,Valtteri Bottas,Mercedes,53,+4.921s,15
2021,ITALIA,1076,race,https://www.formula1.com/en/results.html/2021/races/1076/italy/race-result.html,4,16,LEC,Charles Leclerc,Ferrari,53,+7.309s,12
2021,ITALIA,1076,race,https://www.formula1.com/en/results.html/2021/races/1076/italy/race-result.html,5,11,PER,Sergio Perez,Red Bull Racing Honda,53,+8.723s,10
2021,ITALIA,1076,race,https://www.formula1.com/en/results.html/2021/races/1076/italy/race-result.html,6,55,SAI,Carlos Sainz,Ferrari,53,+10.535s,8
2021,ITALIA,1076,race,https://www.formula1.com/en/results.html/2021/races/1076/italy/race-result.html,7,18,STR,Lance Stroll,Aston Martin Mercedes,53,+15.804s,6
2021,ITALIA,1076,race,https://www.formula1.com/en/results.html/2021/races/1076/italy/race-result.html,8,14,ALO,Fernando Alonso,Alpine Renault,53,+17.201s,4
2021,ITALIA,1076,race,https://www.formula1.com/en/results.html/2021/races/1076/italy/race-result.html,9,63,RUS,George Russell,Williams Mercedes,53,+19.742s,2
2021,ITALIA,1076,race,https://www.formula1.com/en/results.html/2021/races/1076/italy/race-result.html,10,31,OCO,Esteban Ocon,Alpine Renault,53,+20.868s,1
2021,ITALIA,1076,race,https://www.formula1.com/en/results.html/2021/races/1076/italy/race-result.html,11,6,LAT,Nicholas Latifi,Williams Mercedes,53,+23.743s,0
2021,ITALIA,1076,race,https://www.formula1.com/en/results.html/2021/races/1076/italy/race-result.html,12,5,VET,Sebastian Vettel,Aston Martin Mercedes,53,+24.621s,0
2021,ITALIA,1076,race,https://www.formula1.com/en/results.html/2021/races/1076/italy/race-result.html,13,99,GIO,Antonio Giovinazzi,Alfa Romeo Racing Ferrari,53,+27.216s,0
2021,ITALIA,1076,race,https://www.formula1.com/en/results.html/2021/races/1076/italy/race-result.html,14,88,KUB,Robert Kubica,Alfa Romeo Racing Ferrari,53,+29.769s,0
2021,ITALIA,1076,race,https://www.formula1.com/en/results.html/2021/races/1076/italy/race-result.html,15,47,MSC,Mick Schumacher,Haas Ferrari,53,+51.088s,0
2021,ITALIA,1076,race,https://www.formula1.com/en/results.html/2021/races/1076/italy/race-result.html,NC,9,MAZ,Nikita Mazepin,Haas Ferrari,41,DNF,0
2021,ITALIA,1076,race,https://www.formula1.com/en/results.html/2021/races/1076/italy/race-result.html,NC,44,HAM,Lewis Hamilton,Mercedes,25,DNF,0
2021,ITALIA,1076,race,https://www.formula1.com/en/results.html/2021/races/1076/italy/race-result.html,NC,33,VER,Max Verstappen,Red Bull Racing Honda,25,DNF,0
2021,ITALIA,1076,race,https://www.formula1.com/en/results.html/2021/races/1076/italy/race-result.html,NC,10,GAS,Pierre Gasly,AlphaTauri Honda,3,DNF,0
2021,ITALIA,1076,race,https://www.formula1.com/en/results.html/2021/races/1076/italy/race-result.html,NC,22,TSU,Yuki Tsunoda,AlphaTauri Honda,0,DNS,0
2021,FORMULA 1 VTB RUSSIAN,1077,race,https://www.formula1.com/en/results.html/2021/races/1077/russia/race-result.html,1,44,HAM,Lewis Hamilton,Mercedes,53,1:30:41.001,25
2021,FORMULA 1 VTB RUSSIAN,1077,race,https://www.formula1.com/en/results.html/2021/races/1077/russia/race-result.html,2,33,VER,Max Verstappen,Red Bull Racing Honda,53,+53.271s,18
2021,FORMULA 1 VTB RUSSIAN,1077,race,https://www.formula1.com/en/results.html/2021/races/1077/russia/race-result.html,3,55,SAI,Carlos Sainz,Ferrari,53,+62.475s,15
2021,FORMULA 1 VTB RUSSIAN,1077,race,https://www.formula1.com/en/results.html/2021/races/1077/russia/race-result.html,4,3,RIC,Daniel Ricciardo,McLaren Mercedes,53,+65.607s,12
2021,FORMULA 1 VTB RUSSIAN,1077,race,https://www.formula1.com/en/results.html/2021/races/1077/russia/race-result.html,5,77,BOT,Valtteri Bottas,Mercedes,53,+67.533s,10
2021,FORMULA 1 VTB RUSSIAN,1077,race,https://www.formula1.com/en/results.html/2021/races/1077/russia/race-result.html,6,14,ALO,Fernando Alonso,Alpine Renault,53,+81.321s,8
2021,FORMULA 1 VTB RUSSIAN,1077,race,https://www.formula1.com/en/results.html/2021/races/1077/russia/race-result.html,7,4,NOR,Lando Norris,McLaren Mercedes,53,+87.224s,7
2021,FORMULA 1 VTB RUSSIAN,1077,race,https://www.formula1.com/en/results.html/2021/races/1077/russia/race-result.html,8,7,RAI,Kimi Räikkönen,Alfa Romeo Racing Ferrari,53,+88.955s,4
2021,FORMULA 1 VTB RUSSIAN,1077,race,https://www.formula1.com/en/results.html/2021/races/1077/russia/race-result.html,9,11,PER,Sergio Perez,Red Bull Racing Honda,53,+90.076s,2
2021,FORMULA 1 VTB RUSSIAN,1077,race,https://www.formula1.com/en/results.html/2021/races/1077/russia/race-result.html,10,63,RUS,George Russell,Williams Mercedes,53,+100.551s,1
2021,FORMULA 1 VTB RUSSIAN,1077,race,https://www.formula1.com/en/results.html/2021/races/1077/russia/race-result.html,11,18,STR,Lance Stroll,Aston Martin Mercedes,53,+116.198s,0
2021,FORMULA 1 VTB RUSSIAN,1077,race,https://www.formula1.com/en/results.html/2021/races/1077/russia/race-result.html,12,5,VET,Sebastian Vettel,Aston Martin Mercedes,52,+1 lap,0
2021,FORMULA 1 VTB RUSSIAN,1077,race,https://www.formula1.com/en/results.html/2021/races/1077/russia/race-result.html,13,10,GAS,Pierre Gasly,AlphaTauri Honda,52,+1 lap,0
2021,FORMULA 1 VTB RUSSIAN,1077,race,https://www.formula1.com/en/results.html/2021/races/1077/russia/race-result.html,14,31,OCO,Esteban Ocon,Alpine Renault,52,+1 lap,0
2021,FORMULA 1 VTB RUSSIAN,1077,race,https://www.formula1.com/en/results.html/2021/races/1077/russia/race-result.html,15,16,LEC,Charles Leclerc,Ferrari,52,+1 lap,0
2021,FORMULA 1 VTB RUSSIAN,1077,race,https://www.formula1.com/en/results.html/2021/races/1077/russia/race-result.html,16,99,GIO,Antonio Giovinazzi,Alfa Romeo Racing Ferrari,52,+1 lap,0
2021,FORMULA 1 VTB RUSSIAN,1077,race,https://www.formula1.com/en/results.html/2021/races/1077/russia/race-result.html,17,22,TSU,Yuki Tsunoda,AlphaTauri Honda,52,+1 lap,0
2021,FORMULA 1 VTB RUSSIAN,1077,race,https://www.formula1.com/en/results.html/2021/races/1077/russia/race-result.html,18,9,MAZ,Nikita Mazepin,Haas Ferrari,51,+2 laps,0
2021,FORMULA 1 VTB RUSSIAN,1077,race,https://www.formula1.com/en/results.html/2021/races/1077/russia/race-result.html,19,6,LAT,Nicholas Latifi,Williams Mercedes,47,DNF,0
2021,FORMULA 1 VTB RUSSIAN,1077,race,https://www.formula1.com/en/results.html/2021/races/1077/russia/race-result.html,NC,47,MSC,Mick Schumacher,Haas Ferrari,32,DNF,0
2021,FORMULA 1 ROLEX TURKISH,1078,race,https://www.formula1.com/en/results.html/2021/races/1078/turkey/race-result.html,1,77,BOT,Valtteri Bottas,Mercedes,58,1:31:04.103,26
2021,FORMULA 1 ROLEX TURKISH,1078,race,https://www.formula1.com/en/results.html/2021/races/1078/turkey/race-result.html,2,33,VER,Max Verstappen,Red Bull Racing Honda,58,+14.584s,18
2021,FORMULA 1 ROLEX TURKISH,1078,race,https://www.formula1.com/en/results.html/2021/races/1078/turkey/race-result.html,3,11,PER,Sergio Perez,Red Bull Racing Honda,58,+33.471s,15
2021,FORMULA 1 ROLEX TURKISH,1078,race,https://www.formula1.com/en/results.html/2021/races/1078/turkey/race-result.html,4,16,LEC,Charles Leclerc,Ferrari,58,+37.814s,12
2021,FORMULA 1 ROLEX TURKISH,1078,race,https://www.formula1.com/en/results.html/2021/races/1078/turkey/race-result.html,5,44,HAM,Lewis Hamilton,Mercedes,58,+41.812s,10
2021,FORMULA 1 ROLEX TURKISH,1078,race,https://www.formula1.com/en/results.html/2021/races/1078/turkey/race-result.html,6,10,GAS,Pierre Gasly,AlphaTauri Honda,58,+44.292s,8
2021,FORMULA 1 ROLEX TURKISH,1078,race,https://www.formula1.com/en/results.html/2021/races/1078/turkey/race-result.html,7,4,NOR,Lando Norris,McLaren Mercedes,58,+47.213s,6
2021,FORMULA 1 ROLEX TURKISH,1078,race,https://www.formula1.com/en/results.html/2021/races/1078/turkey/race-result.html,8,55,SAI,Carlos Sainz,Ferrari,58,+51.526s,4
2021,FORMULA 1 ROLEX TURKISH,1078,race,https://www.formula1.com/en/results.html/2021/races/1078/turkey/race-result.html,9,18,STR,Lance Stroll,Aston Martin Mercedes,58,+82.018s,2
2021,FORMULA 1 ROLEX TURKISH,1078,race,https://www.formula1.com/en/results.html/2021/races/1078/turkey/race-result.html,10,31,OCO,Esteban Ocon,Alpine Renault,57,+1 lap,1
2021,FORMULA 1 ROLEX TURKISH,1078,race,https://www.formula1.com/en/results.html/2021/races/1078/turkey/race-result.html,11,99,GIO,Antonio Giovinazzi,Alfa Romeo Racing Ferrari,57,+1 lap,0
2021,FORMULA 1 ROLEX TURKISH,1078,race,https://www.formula1.com/en/results.html/2021/races/1078/turkey/race-result.html,12,7,RAI,Kimi Räikkönen,Alfa Romeo Racing Ferrari,57,+1 lap,0
2021,FORMULA 1 ROLEX TURKISH,1078,race,https://www.formula1.com/en/results.html/2021/races/1078/turkey/race-result.html,13,3,RIC,Daniel Ricciardo,McLaren Mercedes,57,+1 lap,0
2021,FORMULA 1 ROLEX TURKISH,1078,race,https://www.formula1.com/en/results.html/2021/races/1078/turkey/race-result.html,14,22,TSU,Yuki Tsunoda,AlphaTauri Honda,57,+1 lap,0
2021,FORMULA 1 ROLEX TURKISH,1078,race,https://www.formula1.com/en/results.html/2021/races/1078/turkey/race-result.html,15,63,RUS,George Russell,Williams Mercedes,57,+1 lap,0
2021,FORMULA 1 ROLEX TURKISH,1078,race,https://www.formula1.com/en/results.html/2021/races/1078/turkey/race-result.html,16,14,ALO,Fernando Alonso,Alpine Renault,57,+1 lap,0
2021,FORMULA 1 ROLEX TURKISH,1078,race,https://www.formula1.com/en/results.html/2021/races/1078/turkey/race-result.html,17,6,LAT,Nicholas Latifi,Williams Mercedes,57,+1 lap,0
2021,FORMULA 1 ROLEX TURKISH,1078,race,https://www.formula1.com/en/results.html/2021/races/1078/turkey/race-result.html,18,5,VET,Sebastian Vettel,Aston Martin Mercedes,57,+1 lap,0
2021,FORMULA 1 ROLEX TURKISH,1078,race,https://www.formula1.com/en/results.html/2021/races/1078/turkey/race-result.html,19,47,MSC,Mick Schumacher,Haas Ferrari,56,+2 laps,0
2021,FORMULA 1 ROLEX TURKISH,1078,race,https://www.formula1.com/en/results.html/2021/races/1078/turkey/race-result.html,20,9,MAZ,Nikita Mazepin,Haas Ferrari,56,+2 laps,0
2021,FORMULA 1 ARAMCO GRAN PREMIO DE ESPAÑA,1086,race,https://www.formula1.com/en/results.html/2021/races/1086/spain/race-result.html,1,44,HAM,Lewis Hamilton,Mercedes,66,1:33:07.680,25
2021,FORMULA 1 ARAMCO GRAN PREMIO DE ESPAÑA,1086,race,https://www.formula1.com/en/results.html/2021/races/1086/spain/race-result.html,2,33,VER,Max Verstappen,Red Bull Racing Honda,66,+15.841s,19
2021,FORMULA 1 ARAMCO GRAN PREMIO DE ESPAÑA,1086,race,https://www.formula1.com/en/results.html/2021/races/1086/spain/race-result.html,3,77,BOT,Valtteri Bottas,Mercedes,66,+26.610s,15
2021,FORMULA 1 ARAMCO GRAN PREMIO DE ESPAÑA,1086,race,https://www.formula1.com/en/results.html/2021/races/1086/spain/race-result.html,4,16,LEC,Charles Leclerc,Ferrari,66,+54.616s,12
2021,FORMULA 1 ARAMCO GRAN PREMIO DE ESPAÑA,1086,race,https://www.formula1.com/en/results.html/2021/races/1086/spain/race-result.html,5,11,PER,Sergio Perez,Red Bull Racing Honda,66,+63.671s,10
2021,FORMULA 1 ARAMCO GRAN PREMIO DE ESPAÑA,1086,race,https://www.formula1.com/en/results.html/2021/races/1086/spain/race-result.html,6,3,RIC,Daniel Ricciardo,McLaren Mercedes,66,+73.768s,8
2021,FORMULA 1 ARAMCO GRAN PREMIO DE ESPAÑA,1086,race,https://www.formula1.com/en/results.html/2021/races/1086/spain/race-result.html,7,55,SAI,Carlos Sainz,Ferrari,66,+74.670s,6
2021,FORMULA 1 ARAMCO GRAN PREMIO DE ESPAÑA,1086,race,https://www.formula1.com/en/results.html/2021/races/1086/spain/race-result.html,8,4,NOR,Lando Norris,McLaren Mercedes,65,+1 lap,4
2021,FORMULA 1 ARAMCO GRAN PREMIO DE ESPAÑA,1086,race,https://www.formula1.com/en/results.html/2021/races/1086/spain/race-result.html,9,31,OCO,Esteban Ocon,Alpine Renault,65,+1 lap,2
2021,FORMULA 1 ARAMCO GRAN PREMIO DE ESPAÑA,1086,race,https://www.formula1.com/en/results.html/2021/races/1086/spain/race-result.html,10,10,GAS,Pierre Gasly,AlphaTauri Honda,65,+1 lap,1
2021,FORMULA 1 ARAMCO GRAN PREMIO DE ESPAÑA,1086,race,https://www.formula1.com/en/results.html/2021/races/1086/spain/race-result.html,11,18,STR,Lance Stroll,Aston Martin Mercedes,65,+1 lap,0
2021,FORMULA 1 ARAMCO GRAN PREMIO DE ESPAÑA,1086,race,https://www.formula1.com/en/results.html/2021/races/1086/spain/race-result.html,12,7,RAI,Kimi Räikkönen,Alfa Romeo Racing Ferrari,65,+1 lap,0
2021,FORMULA 1 ARAMCO GRAN PREMIO DE ESPAÑA,1086,race,https://www.formula1.com/en/results.html/2021/races/1086/spain/race-result.html,13,5,VET,Sebastian Vettel,Aston Martin Mercedes,65,+1 lap,0
2021,FORMULA 1 ARAMCO GRAN PREMIO DE ESPAÑA,1086,race,https://www.formula1.com/en/results.html/2021/races/1086/spain/race-result.html,14,63,RUS,George Russell,Williams Mercedes,65,+1 lap,0
2021,FORMULA 1 ARAMCO GRAN PREMIO DE ESPAÑA,1086,race,https://www.formula1.com/en/results.html/2021/races/1086/spain/race-result.html,15,99,GIO,Antonio Giovinazzi,Alfa Romeo Racing Ferrari,65,+1 lap,0
2021,FORMULA 1 ARAMCO GRAN PREMIO DE ESPAÑA,1086,race,https://www.formula1.com/en/results.html/2021/races/1086/spain/race-result.html,16,6,LAT,Nicholas Latifi,Williams Mercedes,65,+1 lap,0
2021,FORMULA 1 ARAMCO GRAN PREMIO DE ESPAÑA,1086,race,https://www.formula1.com/en/results.html/2021/races/1086/spain/race-result.html,17,14,ALO,Fernando Alonso,Alpine Renault,65,+1 lap,0
2021,FORMULA 1 ARAMCO GRAN PREMIO DE ESPAÑA,1086,race,https://www.formula1.com/en/results.html/2021/races/1086/spain/race-result.html,18,47,MSC,Mick Schumacher,Haas Ferrari,64,+2 laps,0
2021,FORMULA 1 ARAMCO GRAN PREMIO DE ESPAÑA,1086,race,https://www.formula1.com/en/results.html/2021/races/1086/spain/race-result.html,19,9,MAZ,Nikita Mazepin,Haas Ferrari,64,+2 laps,0
2021,FORMULA 1 ARAMCO GRAN PREMIO DE ESPAÑA,1086,race,https://www.formula1.com/en/results.html/2021/races/1086/spain/race-result.html,NC,22,TSU,Yuki Tsunoda,AlphaTauri Honda,6,DNF,0
2021,FORMULA 1 BWT GROSSER PREIS DER STEIERMARK,1092,race,https://www.formula1.com/en/results.html/2021/races/1092/styria/race-result.html,1,33,VER,Max Verstappen,Red Bull Racing Honda,71,1:22:18.925,25
2021,FORMULA 1 BWT GROSSER PREIS DER STEIERMARK,1092,race,https://www.formula1.com/en/results.html/2021/races/1092/styria/race-result.html,2,44,HAM,Lewis Hamilton,Mercedes,71,+35.743s,19
2021,FORMULA 1 BWT GROSSER PREIS DER STEIERMARK,1092,race,https://www.formula1.com/en/results.html/2021/races/1092/styria/race-result.html,3,77,BOT,Valtteri Bottas,Mercedes,71,+46.907s,15
2021,FORMULA 1 BWT GROSSER PREIS DER STEIERMARK,1092,race,https://www.formula1.com/en/results.html/2021/races/1092/styria/race-result.html,4,11,PER,Sergio Perez,Red Bull Racing Honda,71,+47.434s,12
2021,FORMULA 1 BWT GROSSER PREIS DER STEIERMARK,1092,race,https://www.formula1.com/en/results.html/2021/races/1092/styria/race-result.html,5,4,NOR,Lando Norris,McLaren Mercedes,70,+1 lap,10
2021,FORMULA 1 BWT GROSSER PREIS DER STEIERMARK,1092,race,https://www.formula1.com/en/results.html/2021/races/1092/styria/race-result.html,6,55,SAI,Carlos Sainz,Ferrari,70,+1 lap,8
2021,FORMULA 1 BWT GROSSER PREIS DER STEIERMARK,1092,race,https://www.formula1.com/en/results.html/2021/races/1092/styria/race-result.html,7,16,LEC,Charles Leclerc,Ferrari,70,+1 lap,6
2021,FORMULA 1 BWT GROSSER PREIS DER STEIERMARK,1092,race,https://www.formula1.com/en/results.html/2021/races/1092/styria/race-result.html,8,18,STR,Lance Stroll,Aston Martin Mercedes,70,+1 lap,4
2021,FORMULA 1 BWT GROSSER PREIS DER STEIERMARK,1092,race,https://www.formula1.com/en/results.html/2021/races/1092/styria/race-result.html,9,14,ALO,Fernando Alonso,Alpine Renault,70,+1 lap,2
2021,FORMULA 1 BWT GROSSER PREIS DER STEIERMARK,1092,race,https://www.formula1.com/en/results.html/2021/races/1092/styria/race-result.html,10,22,TSU,Yuki Tsunoda,AlphaTauri Honda,70,+1 lap,1
2021,FORMULA 1 BWT GROSSER PREIS DER STEIERMARK,1092,race,https://www.formula1.com/en/results.html/2021/races/1092/styria/race-result.html,11,7,RAI,Kimi Räikkönen,Alfa Romeo Racing Ferrari,70,+1 lap,0
2021,FORMULA 1 BWT GROSSER PREIS DER STEIERMARK,1092,race,https://www.formula1.com/en/results.html/2021/races/1092/styria/race-result.html,12,5,VET,Sebastian Vettel,Aston Martin Mercedes,70,+1 lap,0
2021,FORMULA 1 BWT GROSSER PREIS DER STEIERMARK,1092,race,https://www.formula1.com/en/results.html/2021/races/1092/styria/race-result.html,13,3,RIC,Daniel Ricciardo,McLaren Mercedes,70,+1 lap,0
2021,FORMULA 1 BWT GROSSER PREIS DER STEIERMARK,1092,race,https://www.formula1.com/en/results.html/2021/races/1092/styria/race-result.html,14,31,OCO,Esteban Ocon,Alpine Renault,70,+1 lap,0
2021,FORMULA 1 BWT GROSSER PREIS DER STEIERMARK,1092,race,https://www.formula1.com/en/results.html/2021/races/1092/styria/race-result.html,15,99,GIO,Antonio Giovinazzi,Alfa Romeo Racing Ferrari,70,+1 lap,0
2021,FORMULA 1 BWT GROSSER PREIS DER STEIERMARK,1092,race,https://www.formula1.com/en/results.html/2021/races/1092/styria/race-result.html,16,47,MSC,Mick Schumacher,Haas Ferrari,69,+2 laps,0
2021,FORMULA 1 BWT GROSSER PREIS DER STEIERMARK,1092,race,https://www.formula1.com/en/results.html/2021/races/1092/styria/race-result.html,17,6,LAT,Nicholas Latifi,Williams Mercedes,68,+3 laps,0
2021,FORMULA 1 BWT GROSSER PREIS DER STEIERMARK,1092,race,https://www.formula1.com/en/results.html/2021/races/1092/styria/race-result.html,18,9,MAZ,Nikita Mazepin,Haas Ferrari,68,+3 laps,0
2021,FORMULA 1 BWT GROSSER PREIS DER STEIERMARK,1092,race,https://www.formula1.com/en/results.html/2021/races/1092/styria/race-result.html,NC,63,RUS,George Russell,Williams Mercedes,36,DNF,0
2021,FORMULA 1 BWT GROSSER PREIS DER STEIERMARK,1092,race,https://www.formula1.com/en/results.html/2021/races/1092/styria/race-result.html,NC,10,GAS,Pierre Gasly,AlphaTauri Honda,1,DNF,0
2021,FORMULA 1 ARAMCO UNITED STATES,1102,race,https://www.formula1.com/en/results.html/2021/races/1102/united-states/race-result.html,1,33,VER,Max Verstappen,Red Bull Racing Honda,56,1:34:36.552,25
2021,FORMULA 1 ARAMCO UNITED STATES,1102,race,https://www.formula1.com/en/results.html/2021/races/1102/united-states/race-result.html,2,44,HAM,Lewis Hamilton,Mercedes,56,+1.333s,19
2021,FORMULA 1 ARAMCO UNITED STATES,1102,race,https://www.formula1.com/en/results.html/2021/races/1102/united-states/race-result.html,3,11,PER,Sergio Perez,Red Bull Racing Honda,56,+42.223s,15
2021,FORMULA 1 ARAMCO UNITED STATES,1102,race,https://www.formula1.com/en/results.html/2021/races/1102/united-states/race-result.html,4,16,LEC,Charles Leclerc,Ferrari,56,+52.246s,12
2021,FORMULA 1 ARAMCO UNITED STATES,1102,race,https://www.formula1.com/en/results.html/2021/races/1102/united-states/race-result.html,5,3,RIC,Daniel Ricciardo,McLaren Mercedes,56,+76.854s,10
2021,FORMULA 1 ARAMCO UNITED STATES,1102,race,https://www.formula1.com/en/results.html/2021/races/1102/united-states/race-result.html,6,77,BOT,Valtteri Bottas,Mercedes,56,+80.128s,8
2021,FORMULA 1 ARAMCO UNITED STATES,1102,race,https://www.formula1.com/en/results.html/2021/races/1102/united-states/race-result.html,7,55,SAI,Carlos Sainz,Ferrari,56,+83.545s,6
2021,FORMULA 1 ARAMCO UNITED STATES,1102,race,https://www.formula1.com/en/results.html/2021/races/1102/united-states/race-result.html,8,4,NOR,Lando Norris,McLaren Mercedes,56,+84.395s,4
2021,FORMULA 1 ARAMCO UNITED STATES,1102,race,https://www.formula1.com/en/results.html/2021/races/1102/united-states/race-result.html,9,22,TSU,Yuki Tsunoda,AlphaTauri Honda,55,+1 lap,2
2021,FORMULA 1 ARAMCO UNITED STATES,1102,race,https://www.formula1.com/en/results.html/2021/races/1102/united-states/race-result.html,10,5,VET,Sebastian Vettel,Aston Martin Mercedes,55,+1 lap,1
2021,FORMULA 1 ARAMCO UNITED STATES,1102,race,https://www.formula1.com/en/results.html/2021/races/1102/united-states/race-result.html,11,99,GIO,Antonio Giovinazzi,Alfa Romeo Racing Ferrari,55,+1 lap,0
2021,FORMULA 1 ARAMCO UNITED STATES,1102,race,https://www.formula1.com/en/results.html/2021/races/1102/united-states/race-result.html,12,18,STR,Lance Stroll,Aston Martin Mercedes,55,+1 lap,0
2021,FORMULA 1 ARAMCO UNITED STATES,1102,race,https://www.formula1.com/en/results.html/2021/races/1102/united-states/race-result.html,13,7,RAI,Kimi Räikkönen,Alfa Romeo Racing Ferrari,55,+1 lap,0
2021,FORMULA 1 ARAMCO UNITED STATES,1102,race,https://www.formula1.com/en/results.html/2021/races/1102/united-states/race-result.html,14,63,RUS,George Russell,Williams Mercedes,55,+1 lap,0
2021,FORMULA 1 ARAMCO UNITED STATES,1102,race,https://www.formula1.com/en/results.html/2021/races/1102/united-states/race-result.html,15,6,LAT,Nicholas Latifi,Williams Mercedes,55,+1 lap,0
2021,FORMULA 1 ARAMCO UNITED STATES,1102,race,https://www.formula1.com/en/results.html/2021/races/1102/united-states/race-result.html,16,47,MSC,Mick Schumacher,Haas Ferrari,54,+2 laps,0
2021,FORMULA 1 ARAMCO UNITED STATES,1102,race,https://www.formula1.com/en/results.html/2021/races/1102/united-states/race-result.html,17,9,MAZ,Nikita Mazepin,Haas Ferrari,54,+2 laps,0
2021,FORMULA 1 ARAMCO UNITED STATES,1102,race,https://www.formula1.com/en/results.html/2021/races/1102/united-states/race-result.html,NC,14,ALO,Fernando Alonso,Alpine Renault,49,DNF,0
2021,FORMULA 1 ARAMCO UNITED STATES,1102,race,https://www.formula1.com/en/results.html/2021/races/1102/united-states/race-result.html,NC,31,OCO,Esteban Ocon,Alpine Renault,40,DNF,0
2021,FORMULA 1 ARAMCO UNITED STATES,1102,race,https://www.formula1.com/en/results.html/2021/races/1102/united-states/race-result.html,NC,10,GAS,Pierre Gasly,AlphaTauri Honda,14,DNF,0
2021,FORMULA 1 GRAN PREMIO DE LA CIUDAD DE MÉXICO,1103,race,https://www.formula1.com/en/results.html/2021/races/1103/mexico/race-result.html,1,33,VER,Max Verstappen,Red Bull Racing Honda,71,1:38:39.086,25
2021,FORMULA 1 GRAN PREMIO DE LA CIUDAD DE MÉXICO,1103,race,https://www.formula1.com/en/results.html/2021/races/1103/mexico/race-result.html,2,44,HAM,Lewis Hamilton,Mercedes,71,+16.555s,18
2021,FORMULA 1 GRAN PREMIO DE LA CIUDAD DE MÉXICO,1103,race,https://www.formula1.com/en/results.html/2021/races/1103/mexico/race-result.html,3,11,PER,Sergio Perez,Red Bull Racing Honda,71,+17.752s,15
2021,FORMULA 1 GRAN PREMIO DE LA CIUDAD DE MÉXICO,1103,race,https://www.formula1.com/en/results.html/2021/races/1103/mexico/race-result.html,4,10,GAS,Pierre Gasly,AlphaTauri Honda,71,+63.845s,12
2021,FORMULA 1 GRAN PREMIO DE LA CIUDAD DE MÉXICO,1103,race,https://www.formula1.com/en/results.html/2021/races/1103/mexico/race-result.html,5,16,LEC,Charles Leclerc,Ferrari,71,+81.037s,10
2021,FORMULA 1 GRAN PREMIO DE LA CIUDAD DE MÉXICO,1103,race,https://www.formula1.com/en/results.html/2021/races/1103/mexico/race-result.html,6,55,SAI,Carlos Sainz,Ferrari,70,+1 lap,8
2021,FORMULA 1 GRAN PREMIO DE LA CIUDAD DE MÉXICO,1103,race,https://www.formula1.com/en/results.html/2021/races/1103/mexico/race-result.html,7,5,VET,Sebastian Vettel,Aston Martin Mercedes,70,+1 lap,6
2021,FORMULA 1 GRAN PREMIO DE LA CIUDAD DE MÉXICO,1103,race,https://www.formula1.com/en/results.html/2021/races/1103/mexico/race-result.html,8,7,RAI,Kimi Räikkönen,Alfa Romeo Racing Ferrari,70,+1 lap,4
2021,FORMULA 1 GRAN PREMIO DE LA CIUDAD DE MÉXICO,1103,race,https://www.formula1.com/en/results.html/2021/races/1103/mexico/race-result.html,9,14,ALO,Fernando Alonso,Alpine Renault,70,+1 lap,2
2021,FORMULA 1 GRAN PREMIO DE LA CIUDAD DE MÉXICO,1103,race,https://www.formula1.com/en/results.html/2021/races/1103/mexico/race-result.html,10,4,NOR,Lando Norris,McLaren Mercedes,70,+1 lap,1
2021,FORMULA 1 GRAN PREMIO DE LA CIUDAD DE MÉXICO,1103,race,https://www.formula1.com/en/results.html/2021/races/1103/mexico/race-result.html,11,99,GIO,Antonio Giovinazzi,Alfa Romeo Racing Ferrari,70,+1 lap,0
2021,FORMULA 1 GRAN PREMIO DE LA CIUDAD DE MÉXICO,1103,race,https://www.formula1.com/en/results.html/2021/races/1103/mexico/race-result.html,12,3,RIC,Daniel Ricciardo,McLaren Mercedes,70,+1 lap,0
2021,FORMULA 1 GRAN PREMIO DE LA CIUDAD DE MÉXICO,1103,race,https://www.formula1.com/en/results.html/2021/races/1103/mexico/race-result.html,13,31,OCO,Esteban Ocon,Alpine Renault,70,+1 lap,0
2021,FORMULA 1 GRAN PREMIO DE LA CIUDAD DE MÉXICO,1103,race,https://www.formula1.com/en/results.html/2021/races/1103/mexico/race-result.html,14,18,STR,Lance Stroll,Aston Martin Mercedes,69,+2 laps,0
2021,FORMULA 1 GRAN PREMIO DE LA CIUDAD DE MÉXICO,1103,race,https://www.formula1.com/en/results.html/2021/races/1103/mexico/race-result.html,15,77,BOT,Valtteri Bottas,Mercedes,69,+2 laps,0
2021,FORMULA 1 GRAN PREMIO DE LA CIUDAD DE MÉXICO,1103,race,https://www.formula1.com/en/results.html/2021/races/1103/mexico/race-result.html,16,63,RUS,George Russell,Williams Mercedes,69,+2 laps,0
2021,FORMULA 1 GRAN PREMIO DE LA CIUDAD DE MÉXICO,1103,race,https://www.formula1.com/en/results.html/2021/races/1103/mexico/race-result.html,17,6,LAT,Nicholas Latifi,Williams Mercedes,69,+2 laps,0
2021,FORMULA 1 GRAN PREMIO DE LA CIUDAD DE MÉXICO,1103,race,https://www.formula1.com/en/results.html/2021/races/1103/mexico/race-result.html,18,9,MAZ,Nikita Mazepin,Haas Ferrari,68,+3 laps,0
2021,FORMULA 1 GRAN PREMIO DE LA CIUDAD DE MÉXICO,1103,race,https://www.formula1.com/en/results.html/2021/races/1103/mexico/race-result.html,NC,47,MSC,Mick Schumacher,Haas Ferrari,0,DNF,0
2021,FORMULA 1 GRAN PREMIO DE LA CIUDAD DE MÉXICO,1103,race,https://www.formula1.com/en/results.html/2021/races/1103/mexico/race-result.html,NC,22,TSU,Yuki Tsunoda,AlphaTauri Honda,0,DNF,0
2021,FORMULA 1 HEINEKEN GRANDE PRÊMIO DE SÃO PAULO,1104,race,https://www.formula1.com/en/results.html/2021/races/1104/brazil/race-result.html,1,44,HAM,Lewis Hamilton,Mercedes,71,1:32:22.851,25
2021,FORMULA 1 HEINEKEN GRANDE PRÊMIO DE SÃO PAULO,1104,race,https://www.formula1.com/en/results.html/2021/races/1104/brazil/race-result.html,2,33,VER,Max Verstappen,Red Bull Racing Honda,71,+10.496s,18
2021,FORMULA 1 HEINEKEN GRANDE PRÊMIO DE SÃO PAULO,1104,race,https://www.formula1.com/en/results.html/2021/races/1104/brazil/race-result.html,3,77,BOT,Valtteri Bottas,Mercedes,71,+13.576s,15
2021,FORMULA 1 HEINEKEN GRANDE PRÊMIO DE SÃO PAULO,1104,race,https://www.formula1.com/en/results.html/2021/races/1104/brazil/race-result.html,4,11,PER,Sergio Perez,Red Bull Racing Honda,71,+39.940s,13
2021,FORMULA 1 HEINEKEN GRANDE PRÊMIO DE SÃO PAULO,1104,race,https://www.formula1.com/en/results.html/2021/races/1104/brazil/race-result.html,5,16,LEC,Charles Leclerc,Ferrari,71,+49.517s,10
2021,FORMULA 1 HEINEKEN GRANDE PRÊMIO DE SÃO PAULO,1104,race,https://www.formula1.com/en/results.html/2021/races/1104/brazil/race-result.html,6,55,SAI,Carlos Sainz,Ferrari,71,+51.820s,8
2021,FORMULA 1 HEINEKEN GRANDE PRÊMIO DE SÃO PAULO,1104,race,https://www.formula1.com/en/results.html/2021/races/1104/brazil/race-result.html,7,10,GAS,Pierre Gasly,AlphaTauri Honda,70,+1 lap,6
2021,FORMULA 1 HEINEKEN GRANDE PRÊMIO DE SÃO PAULO,1104,race,https://www.formula1.com/en/results.html/2021/races/1104/brazil/race-result.html,8,31,OCO,Esteban Ocon,Alpine Renault,70,+1 lap,4
2021,FORMULA 1 HEINEKEN GRANDE PRÊMIO DE SÃO PAULO,1104,race,https://www.formula1.com/en/results.html/2021/races/1104/brazil/race-result.html,9,14,ALO,Fernando Alonso,Alpine Renault,70,+1 lap,2
2021,FORMULA 1 HEINEKEN GRANDE PRÊMIO DE SÃO PAULO,1104,race,https://www.formula1.com/en/results.html/2021/races/1104/brazil/race-result.html,10,4,NOR,Lando Norris,McLaren Mercedes,70,+1 lap,1
2021,FORMULA 1 HEINEKEN GRANDE PRÊMIO DE SÃO PAULO,1104,race,https://www.formula1.com/en/results.html/2021/races/1104/brazil/race-result.html,11,5,VET,Sebastian Vettel,Aston Martin Mercedes,70,+1 lap,0
2021,FORMULA 1 HEINEKEN GRANDE PRÊMIO DE SÃO PAULO,1104,race,https://www.formula1.com/en/results.html/2021/races/1104/brazil/race-result.html,12,7,RAI,Kimi Räikkönen,Alfa Romeo Racing Ferrari,70,+1 lap,0
2021,FORMULA 1 HEINEKEN GRANDE PRÊMIO DE SÃO PAULO,1104,race,https://www.formula1.com/en/results.html/2021/races/1104/brazil/race-result.html,13,63,RUS,George Russell,Williams Mercedes,70,+1 lap,0
2021,FORMULA 1 HEINEKEN GRANDE PRÊMIO DE SÃO PAULO,1104,race,https://www.formula1.com/en/results.html/2021/races/1104/brazil/race-result.html,14,99,GIO,Antonio Giovinazzi,Alfa Romeo Racing Ferrari,70,+1 lap,0
2021,FORMULA 1 HEINEKEN GRANDE PRÊMIO DE SÃO PAULO,1104,race,https://www.formula1.com/en/results.html/2021/races/1104/brazil/race-result.html,15,22,TSU,Yuki Tsunoda,AlphaTauri Honda,70,+1 lap,0
2021,FORMULA 1 HEINEKEN GRANDE PRÊMIO DE SÃO PAULO,1104,race,https://www.formula1.com/en/results.html/2021/races/1104/brazil/race-result.html,16,6,LAT,Nicholas Latifi,Williams Mercedes,70,+1 lap,0
2021,FORMULA 1 HEINEKEN GRANDE PRÊMIO DE SÃO PAULO,1104,race,https://www.formula1.com/en/results.html/2021/races/1104/brazil/race-result.html,17,9,MAZ,Nikita Mazepin,Haas Ferrari,69,+2 laps,0
2021,FORMULA 1 HEINEKEN GRANDE PRÊMIO DE SÃO PAULO,1104,race,https://www.formula1.com/en/results.html/2021/races/1104/brazil/race-result.html,18,47,MSC,Mick Schumacher,Haas Ferrari,69,+2 laps,0
2021,FORMULA 1 HEINEKEN GRANDE PRÊMIO DE SÃO PAULO,1104,race,https://www.formula1.com/en/results.html/2021/races/1104/brazil/race-result.html,NC,3,RIC,Daniel Ricciardo,McLaren Mercedes,49,DNF,0
2021,FORMULA 1 HEINEKEN GRANDE PRÊMIO DE SÃO PAULO,1104,race,https://www.formula1.com/en/results.html/2021/races/1104/brazil/race-result.html,NC,18,STR,Lance Stroll,Aston Martin Mercedes,47,DNF,0
2021,FORMULA 1 STC SAUDI ARABIAN,1106,race,https://www.formula1.com/en/results.html/2021/races/1106/saudi-arabia/race-result.html,1,44,HAM,Lewis Hamilton,Mercedes,50,2:06:15.118,26
2021,FORMULA 1 STC SAUDI ARABIAN,1106,race,https://www.formula1.com/en/results.html/2021/races/1106/saudi-arabia/race-result.html,2,33,VER,Max Verstappen,Red Bull Racing Honda,50,+21.825s,18
2021,FORMULA 1 STC SAUDI ARABIAN,1106,race,https://www.formula1.com/en/results.html/2021/races/1106/saudi-arabia/race-result.html,3,77,BOT,Valtteri Bottas,Mercedes,50,+27.531s,15
2021,FORMULA 1 STC SAUDI ARABIAN,1106,race,https://www.formula1.com/en/results.html/2021/races/1106/saudi-arabia/race-result.html,4,31,OCO,Esteban Ocon,Alpine Renault,50,+27.633s,12
2021,FORMULA 1 STC SAUDI ARABIAN,1106,race,https://www.formula1.com/en/results.html/2021/races/1106/saudi-arabia/race-result.html,5,3,RIC,Daniel Ricciardo,McLaren Mercedes,50,+40.121s,10
2021,FORMULA 1 STC SAUDI ARABIAN,1106,race,https://www.formula1.com/en/results.html/2021/races/1106/saudi-arabia/race-result.html,6,10,GAS,Pierre Gasly,AlphaTauri Honda,50,+41.613s,8
2021,FORMULA 1 STC SAUDI ARABIAN,1106,race,https://www.formula1.com/en/results.html/2021/races/1106/saudi-arabia/race-result.html,7,16,LEC,Charles Leclerc,Ferrari,50,+44.475s,6
2021,FORMULA 1 STC SAUDI ARABIAN,1106,race,https://www.formula1.com/en/results.html/2021/races/1106/saudi-arabia/race-result.html,8,55,SAI,Carlos Sainz,Ferrari,50,+46.606s,4
2021,FORMULA 1 STC SAUDI ARABIAN,1106,race,https://www.formula1.com/en/results.html/2021/races/1106/saudi-arabia/race-result.html,9,99,GIO,Antonio Giovinazzi,Alfa Romeo Racing Ferrari,50,+58.505s,2
2021,FORMULA 1 STC SAUDI ARABIAN,1106,race,https://www.formula1.com/en/results.html/2021/races/1106/saudi-arabia/race-result.html,10,4,NOR,Lando Norris,McLaren Mercedes,50,+61.358s,1
2021,FORMULA 1 STC SAUDI ARABIAN,1106,race,https://www.formula1.com/en/results.html/2021/races/1106/saudi-arabia/race-result.html,11,18,STR,Lance Stroll,Aston Martin Mercedes,50,+77.212s,0
2021,FORMULA 1 STC SAUDI ARABIAN,1106,race,https://www.formula1.com/en/results.html/2021/races/1106/saudi-arabia/race-result.html,12,6,LAT,Nicholas Latifi,Williams Mercedes,50,+83.249s,0
2021,FORMULA 1 STC SAUDI ARABIAN,1106,race,https://www.formula1.com/en/results.html/2021/races/1106/saudi-arabia/race-result.html,13,14,ALO,Fernando Alonso,Alpine Renault,49,+1 lap,0
2021,FORMULA 1 STC SAUDI ARABIAN,1106,race,https://www.formula1.com/en/results.html/2021/races/1106/saudi-arabia/race-result.html,14,22,TSU,Yuki Tsunoda,AlphaTauri Honda,49,+1 lap,0
2021,FORMULA 1 STC SAUDI ARABIAN,1106,race,https://www.formula1.com/en/results.html/2021/races/1106/saudi-arabia/race-result.html,15,7,RAI,Kimi Räikkönen,Alfa Romeo Racing Ferrari,49,+1 lap,0
2021,FORMULA 1 STC SAUDI ARABIAN,1106,race,https://www.formula1.com/en/results.html/2021/races/1106/saudi-arabia/race-result.html,NC,5,VET,Sebastian Vettel,Aston Martin Mercedes,44,DNF,0
2021,FORMULA 1 STC SAUDI ARABIAN,1106,race,https://www.formula1.com/en/results.html/2021/races/1106/saudi-arabia/race-result.html,NC,11,PER,Sergio Perez,Red Bull Racing Honda,14,DNF,0
2021,FORMULA 1 STC SAUDI ARABIAN,1106,race,https://www.formula1.com/en/results.html/2021/races/1106/saudi-arabia/race-result.html,NC,9,MAZ,Nikita Mazepin,Haas Ferrari,14,DNF,0
2021,FORMULA 1 STC SAUDI ARABIAN,1106,race,https://www.formula1.com/en/results.html/2021/races/1106/saudi-arabia/race-result.html,NC,63,RUS,George Russell,Williams Mercedes,14,DNF,0
2021,FORMULA 1 STC SAUDI ARABIAN,1106,race,https://www.formula1.com/en/results.html/2021/races/1106/saudi-arabia/race-result.html,NC,47,MSC,Mick Schumacher,Haas Ferrari,8,DNF,0
2021,FORMULA 1 ETIHAD AIRWAYS ABU DHABI,1107,race,https://www.formula1.com/en/results.html/2021/races/1107/abu-dhabi/race-result.html,1,33,VER,Max Verstappen,Red Bull Racing Honda,58,1:30:17.345,26
2021,FORMULA 1 ETIHAD AIRWAYS ABU DHABI,1107,race,https://www.formula1.com/en/results.html/2021/races/1107/abu-dhabi/race-result.html,2,44,HAM,Lewis Hamilton,Mercedes,58,+2.256s,18
2021,FORMULA 1 ETIHAD AIRWAYS ABU DHABI,1107,race,https://www.formula1.com/en/results.html/2021/races/1107/abu-dhabi/race-result.html,3,55,SAI,Carlos Sainz,Ferrari,58,+5.173s,15
2021,FORMULA 1 ETIHAD AIRWAYS ABU DHABI,1107,race,https://www.formula1.com/en/results.html/2021/races/1107/abu-dhabi/race-result.html,4,22,TSU,Yuki Tsunoda,AlphaTauri Honda,58,+5.692s,12
2021,FORMULA 1 ETIHAD AIRWAYS ABU DHABI,1107,race,https://www.formula1.com/en/results.html/2021/races/1107/abu-dhabi/race-result.html,5,10,GAS,Pierre Gasly,AlphaTauri Honda,58,+6.531s,10
2021,FORMULA 1 ETIHAD AIRWAYS ABU DHABI,1107,race,https://www.formula1.com/en/results.html/2021/races/1107/abu-dhabi/race-result.html,6,77,BOT,Valtteri Bottas,Mercedes,58,+7.463s,8
2021,FORMULA 1 ETIHAD AIRWAYS ABU DHABI,1107,race,https://www.formula1.com/en/results.html/2021/races/1107/abu-dhabi/race-result.html,7,4,NOR,Lando Norris,McLaren Mercedes,58,+59.200s,6
2021,FORMULA 1 ETIHAD AIRWAYS ABU DHABI,1107,race,https://www.formula1.com/en/results.html/2021/races/1107/abu-dhabi/race-result.html,8,14,ALO,Fernando Alonso,Alpine Renault,58,+61.708s,4
2021,FORMULA 1 ETIHAD AIRWAYS ABU DHABI,1107,race,https://www.formula1.com/en/results.html/2021/races/1107/abu-dhabi/race-result.html,9,31,OCO,Esteban Ocon,Alpine Renault,58,+64.026s,2
2021,FORMULA 1 ETIHAD AIRWAYS ABU DHABI,1107,race,https://www.formula1.com/en/results.html/2021/races/1107/abu-dhabi/race-result.html,10,16,LEC,Charles Leclerc,Ferrari,58,+66.057s,1
2021,FORMULA 1 ETIHAD AIRWAYS ABU DHABI,1107,race,https://www.formula1.com/en/results.html/2021/races/1107/abu-dhabi/race-result.html,11,5,VET,Sebastian Vettel,Aston Martin Mercedes,58,+67.527s,0
2021,FORMULA 1 ETIHAD AIRWAYS ABU DHABI,1107,race,https://www.formula1.com/en/results.html/2021/races/1107/abu-dhabi/race-result.html,12,3,RIC,Daniel Ricciardo,McLaren Mercedes,57,+1 lap,0
2021,FORMULA 1 ETIHAD AIRWAYS ABU DHABI,1107,race,https://www.formula1.com/en/results.html/2021/races/1107/abu-dhabi/race-result.html,13,18,STR,Lance Stroll,Aston Martin Mercedes,57,+1 lap,0
2021,FORMULA 1 ETIHAD AIRWAYS ABU DHABI,1107,race,https://www.formula1.com/en/results.html/2021/races/1107/abu-dhabi/race-result.html,14,47,MSC,Mick Schumacher,Haas Ferrari,57,+1 lap,0
2021,FORMULA 1 ETIHAD AIRWAYS ABU DHABI,1107,race,https://www.formula1.com/en/results.html/2021/races/1107/abu-dhabi/race-result.html,15,11,PER,Sergio Perez,Red Bull Racing Honda,55,DNF,0
2021,FORMULA 1 ETIHAD AIRWAYS ABU DHABI,1107,race,https://www.formula1.com/en/results.html/2021/races/1107/abu-dhabi/race-result.html,NC,6,LAT,Nicholas Latifi,Williams Mercedes,50,DNF,0
2021,FORMULA 1 ETIHAD AIRWAYS ABU DHABI,1107,race,https://www.formula1.com/en/results.html/2021/races/1107/abu-dhabi/race-result.html,NC,99,GIO,Antonio Giovinazzi,Alfa Romeo Racing Ferrari,33,DNF,0
2021,FORMULA 1 ETIHAD AIRWAYS ABU DHABI,1107,race,https://www.formula1.com/en/results.html/2021/races/1107/abu-dhabi/race-result.html,NC,63,RUS,George Russell,Williams Mercedes,26,DNF,0
2021,FORMULA 1 ETIHAD AIRWAYS ABU DHABI,1107,race,https://www.formula1.com/en/results.html/2021/races/1107/abu-dhabi/race-result.html,NC,7,RAI,Kimi Räikkönen,Alfa Romeo Racing Ferrari,25,DNF,0
