year,race_name,race_id,result_type,url,position,driver_number,driver_code,driver_name,team,lap,time_of_day,lap_time,avg_speed
2025,FORMULA 1 LOUIS VUITTON AUSTRALIAN,1254,fastest_lap,https://www.formula1.com/en/results.html/2025/races/1254/australia/fastest-laps.html,1,4,NOR,Lando Norris,McLaren Mercedes,43,16:35:25,1:22.167,231.246
2025,FORMULA 1 LOUIS VUITTON AUSTRALIAN,1254,fastest_lap,https://www.formula1.com/en/results.html/2025/races/1254/australia/fastest-laps.html,2,30,LAW,Liam Lawson,Red Bull Racing Honda RBPT,43,16:35:49,1:22.970,229.008
2025,FORMULA 1 LOUIS VUITTON AUSTRALIAN,1254,fastest_lap,https://www.formula1.com/en/results.html/2025/races/1254/australia/fastest-laps.html,3,1,VER,Max Verstappen,Red Bull Racing Honda RBPT,43,16:35:29,1:23.081,228.702
2025,FORMULA 1 LOUIS VUITTON AUSTRALIAN,1254,fastest_lap,https://www.formula1.com/en/results.html/2025/races/1254/australia/fastest-laps.html,4,81,PIA,Oscar Piastri,McLaren Mercedes,43,16:35:28,1:23.242,228.259
2025,FORMULA 1 LOUIS VUITTON AUSTRALIAN,1254,fastest_lap,https://www.formula1.com/en/results.html/2025/races/1254/australia/fastest-laps.html,5,5,BOR,Gabriel Bortoleto,Kick Sauber Ferrari,43,16:35:49,1:24.192,225.684
2025,FORMULA 1 LOUIS VUITTON AUSTRALIAN,1254,fastest_lap,https://www.formula1.com/en/results.html/2025/races/1254/australia/fastest-laps.html,6,22,TSU,Yuki Tsunoda,Racing Bulls Honda RBPT,43,16:35:34,1:24.194,225.678
2025,FORMULA 1 LOUIS VUITTON AUSTRALIAN,1254,fastest_lap,https://www.formula1.com/en/results.html/2025/races/1254/australia/fastest-laps.html,7,44,HAM,Lewis Hamilton,Ferrari,43,16:35:35,1:24.218,225.614
2025,FORMULA 1 LOUIS VUITTON AUSTRALIAN,1254,fastest_lap,https://www.formula1.com/en/results.html/2025/races/1254/australia/fastest-laps.html,8,23,ALB,Alexander Albon,Williams Mercedes,43,16:35:35,1:24.597,224.603
2025,FORMULA 1 LOUIS VUITTON AUSTRALIAN,1254,fastest_lap,https://www.formula1.com/en/results.html/2025/races/1254/australia/fastest-laps.html,9,12,ANT,Kimi Antonelli,Mercedes,43,16:35:37,1:24.901,223.799
2025,FORMULA 1 LOUIS VUITTON AUSTRALIAN,1254,fastest_lap,https://www.formula1.com/en/results.html/2025/races/1254/australia/fastest-laps.html,10,10,GAS,Pierre Gasly,Alpine Renault,43,16:35:37,1:25.020,223.486
2025,FORMULA 1 LOUIS VUITTON AUSTRALIAN,1254,fastest_lap,https://www.formula1.com/en/results.html/2025/races/1254/australia/fastest-laps.html,11,63,RUS,George Russell,Mercedes,43,16:35:33,1:25.065,223.368
2025,FORMULA 1 LOUIS VUITTON AUSTRALIAN,1254,fastest_lap,https://www.formula1.com/en/results.html/2025/races/1254/australia/fastest-laps.html,12,27,HUL,Nico Hulkenberg,Kick Sauber Ferrari,43,16:35:39,1:25.243,222.901
2025,FORMULA 1 LOUIS VUITTON AUSTRALIAN,1254,fastest_lap,https://www.formula1.com/en/results.html/2025/races/1254/australia/fastest-laps.html,13,16,LEC,Charles Leclerc,Ferrari,43,16:35:34,1:25.271,222.828
2025,FORMULA 1 LOUIS VUITTON AUSTRALIAN,1254,fastest_lap,https://www.formula1.com/en/results.html/2025/races/1254/australia/fastest-laps.html,14,18,STR,Lance Stroll,Aston Martin Aramco Mercedes,43,16:35:39,1:25.538,222.132
2025,FORMULA 1 LOUIS VUITTON AUSTRALIAN,1254,fastest_lap,https://www.formula1.com/en/results.html/2025/races/1254/australia/fastest-laps.html,15,31,OCO,Esteban Ocon,Haas Ferrari,42,16:34:54,1:26.764,218.994
2025,FORMULA 1 LOUIS VUITTON AUSTRALIAN,1254,fastest_lap,https://www.formula1.com/en/results.html/2025/races/1254/australia/fastest-laps.html,16,87,BEA,Oliver Bearman,Haas Ferrari,42,16:35:15,1:27.603,216.896
2025,FORMULA 1 LOUIS VUITTON AUSTRALIAN,1254,fastest_lap,https://www.formula1.com/en/results.html/2025/races/1254/australia/fastest-laps.html,17,14,ALO,Fernando Alonso,Aston Martin Aramco Mercedes,32,16:14:07,1:28.819,213.927
2025,FORMULA 1 HEINEKEN CHINESE,1255,fastest_lap,https://www.formula1.com/en/results.html/2025/races/1255/china/fastest-laps.html,1,4,NOR,Lando Norris,McLaren Mercedes,53,16:29:48,1:35.454,205.581
2025,FORMULA 1 HEINEKEN CHINESE,1255,fastest_lap,https://www.formula1.com/en/results.html/2025/races/1255/china/fastest-laps.html,2,1,VER,Max Verstappen,Red Bull Racing Honda RBPT,56,16:34:50,1:35.488,205.508
2025,FORMULA 1 HEINEKEN CHINESE,1255,fastest_lap,https://www.formula1.com/en/results.html/2025/races/1255/china/fastest-laps.html,3,81,PIA,Oscar Piastri,McLaren Mercedes,53,16:29:45,1:35.520,205.439
2025,FORMULA 1 HEINEKEN CHINESE,1255,fastest_lap,https://www.formula1.com/en/results.html/2025/races/1255/china/fastest-laps.html,4,31,OCO,Esteban Ocon,Haas Ferrari,56,16:35:23,1:35.740,204.967
2025,FORMULA 1 HEINEKEN CHINESE,1255,fastest_lap,https://www.formula1.com/en/results.html/2025/races/1255/china/fastest-laps.html,5,63,RUS,George Russell,Mercedes,55,16:33:08,1:35.816,204.805
2025,FORMULA 1 HEINEKEN CHINESE,1255,fastest_lap,https://www.formula1.com/en/results.html/2025/races/1255/china/fastest-laps.html,6,6,HAD,Isack Hadjar,Racing Bulls Honda RBPT,35,16:01:54,1:35.868,204.693
2025,FORMULA 1 HEINEKEN CHINESE,1255,fastest_lap,https://www.formula1.com/en/results.html/2025/races/1255/china/fastest-laps.html,7,22,TSU,Yuki Tsunoda,Racing Bulls Honda RBPT,49,16:25:16,1:35.871,204.687
2025,FORMULA 1 HEINEKEN CHINESE,1255,fastest_lap,https://www.formula1.com/en/results.html/2025/races/1255/china/fastest-laps.html,8,5,BOR,Gabriel Bortoleto,Kick Sauber Ferrari,28,15:50:56,1:35.874,204.681
2025,FORMULA 1 HEINEKEN CHINESE,1255,fastest_lap,https://www.formula1.com/en/results.html/2025/races/1255/china/fastest-laps.html,9,30,LAW,Liam Lawson,Red Bull Racing Honda RBPT,32,15:57:12,1:35.985,204.444
2025,FORMULA 1 HEINEKEN CHINESE,1255,fastest_lap,https://www.formula1.com/en/results.html/2025/races/1255/china/fastest-laps.html,10,18,STR,Lance Stroll,Aston Martin Aramco Mercedes,39,16:08:17,1:36.044,204.318
2025,FORMULA 1 HEINEKEN CHINESE,1255,fastest_lap,https://www.formula1.com/en/results.html/2025/races/1255/china/fastest-laps.html,11,12,ANT,Kimi Antonelli,Mercedes,56,16:35:27,1:36.046,204.314
2025,FORMULA 1 HEINEKEN CHINESE,1255,fastest_lap,https://www.formula1.com/en/results.html/2025/races/1255/china/fastest-laps.html,12,23,ALB,Alexander Albon,Williams Mercedes,52,16:29:03,1:36.254,203.873
2025,FORMULA 1 HEINEKEN CHINESE,1255,fastest_lap,https://www.formula1.com/en/results.html/2025/races/1255/china/fastest-laps.html,13,87,BEA,Oliver Bearman,Haas Ferrari,52,16:29:08,1:36.363,203.642
2025,FORMULA 1 HEINEKEN CHINESE,1255,fastest_lap,https://www.formula1.com/en/results.html/2025/races/1255/china/fastest-laps.html,14,7,DOO,Jack Doohan,Alpine Renault,52,16:29:23,1:36.424,203.513
2025,FORMULA 1 HEINEKEN CHINESE,1255,fastest_lap,https://www.formula1.com/en/results.html/2025/races/1255/china/fastest-laps.html,15,55,SAI,Carlos Sainz,Williams Mercedes,50,16:26:06,1:36.779,202.767
2025,FORMULA 1 HEINEKEN CHINESE,1255,fastest_lap,https://www.formula1.com/en/results.html/2025/races/1255/china/fastest-laps.html,16,27,HUL,Nico Hulkenberg,Kick Sauber Ferrari,35,16:02:07,1:37.275,201.733
2025,FORMULA 1 HEINEKEN CHINESE,1255,fastest_lap,https://www.formula1.com/en/results.html/2025/races/1255/china/fastest-laps.html,17,14,ALO,Fernando Alonso,Aston Martin Aramco Mercedes,3,15:08:43,1:39.256,197.706
2025,FORMULA 1 HEINEKEN CHINESE,1255,fastest_lap,https://www.formula1.com/en/results.html/2025/races/1255/china/fastest-laps.html,18,44,HAM,Lewis Hamilton,Ferrari,41,16:11:07,1:35.069,206.414
2025,FORMULA 1 HEINEKEN CHINESE,1255,fastest_lap,https://www.formula1.com/en/results.html/2025/races/1255/china/fastest-laps.html,19,16,LEC,Charles Leclerc,Ferrari,49,16:23:36,1:36.157,204.078
2025,FORMULA 1 HEINEKEN CHINESE,1255,fastest_lap,https://www.formula1.com/en/results.html/2025/races/1255/china/fastest-laps.html,20,10,GAS,Pierre Gasly,Alpine Renault,49,16:24:22,1:36.425,203.511
2025,FORMULA 1 LENOVO JAPANESE,1256,fastest_lap,https://www.formula1.com/en/results.html/2025/races/1256/japan/fastest-laps.html,1,12,ANT,Kimi Antonelli,Mercedes,50,15:21:38,1:30.965,229.815
2025,FORMULA 1 LENOVO JAPANESE,1256,fastest_lap,https://www.formula1.com/en/results.html/2025/races/1256/japan/fastest-laps.html,2,81,PIA,Oscar Piastri,McLaren Mercedes,53,15:25:56,1:31.039,229.629
2025,FORMULA 1 LENOVO JAPANESE,1256,fastest_lap,https://www.formula1.com/en/results.html/2025/races/1256/japan/fastest-laps.html,3,1,VER,Max Verstappen,Red Bull Racing Honda RBPT,52,15:24:22,1:31.041,229.624
2025,FORMULA 1 LENOVO JAPANESE,1256,fastest_lap,https://www.formula1.com/en/results.html/2025/races/1256/japan/fastest-laps.html,4,55,SAI,Carlos Sainz,Williams Mercedes,36,15:01:00,1:31.106,229.460
2025,FORMULA 1 LENOVO JAPANESE,1256,fastest_lap,https://www.formula1.com/en/results.html/2025/races/1256/japan/fastest-laps.html,5,4,NOR,Lando Norris,McLaren Mercedes,51,15:22:52,1:31.116,229.435
2025,FORMULA 1 LENOVO JAPANESE,1256,fastest_lap,https://www.formula1.com/en/results.html/2025/races/1256/japan/fastest-laps.html,6,23,ALB,Alexander Albon,Williams Mercedes,52,15:25:03,1:31.125,229.412
2025,FORMULA 1 LENOVO JAPANESE,1256,fastest_lap,https://www.formula1.com/en/results.html/2025/races/1256/japan/fastest-laps.html,7,6,HAD,Isack Hadjar,Racing Bulls Honda RBPT,52,15:24:59,1:31.317,228.929
2025,FORMULA 1 LENOVO JAPANESE,1256,fastest_lap,https://www.formula1.com/en/results.html/2025/races/1256/japan/fastest-laps.html,8,63,RUS,George Russell,Mercedes,51,15:23:08,1:31.357,228.829
2025,FORMULA 1 LENOVO JAPANESE,1256,fastest_lap,https://www.formula1.com/en/results.html/2025/races/1256/japan/fastest-laps.html,9,44,HAM,Lewis Hamilton,Ferrari,51,15:23:19,1:31.406,228.707
2025,FORMULA 1 LENOVO JAPANESE,1256,fastest_lap,https://www.formula1.com/en/results.html/2025/races/1256/japan/fastest-laps.html,10,16,LEC,Charles Leclerc,Ferrari,47,15:16:59,1:31.469,228.549
2025,FORMULA 1 LENOVO JAPANESE,1256,fastest_lap,https://www.formula1.com/en/results.html/2025/races/1256/japan/fastest-laps.html,11,14,ALO,Fernando Alonso,Aston Martin Aramco Mercedes,51,15:23:46,1:31.770,227.799
2025,FORMULA 1 LENOVO JAPANESE,1256,fastest_lap,https://www.formula1.com/en/results.html/2025/races/1256/japan/fastest-laps.html,12,10,GAS,Pierre Gasly,Alpine Renault,52,15:25:22,1:31.820,227.675
2025,FORMULA 1 LENOVO JAPANESE,1256,fastest_lap,https://www.formula1.com/en/results.html/2025/races/1256/japan/fastest-laps.html,13,22,TSU,Yuki Tsunoda,Red Bull Racing Honda RBPT,51,15:23:48,1:31.871,227.549
2025,FORMULA 1 LENOVO JAPANESE,1256,fastest_lap,https://www.formula1.com/en/results.html/2025/races/1256/japan/fastest-laps.html,14,31,OCO,Esteban Ocon,Haas Ferrari,48,15:19:33,1:31.967,227.311
2025,FORMULA 1 LENOVO JAPANESE,1256,fastest_lap,https://www.formula1.com/en/results.html/2025/races/1256/japan/fastest-laps.html,15,87,BEA,Oliver Bearman,Haas Ferrari,49,15:20:39,1:32.006,227.215
2025,FORMULA 1 LENOVO JAPANESE,1256,fastest_lap,https://www.formula1.com/en/results.html/2025/races/1256/japan/fastest-laps.html,16,5,BOR,Gabriel Bortoleto,Kick Sauber Ferrari,45,15:14:57,1:32.034,227.146
2025,FORMULA 1 LENOVO JAPANESE,1256,fastest_lap,https://www.formula1.com/en/results.html/2025/races/1256/japan/fastest-laps.html,17,30,LAW,Liam Lawson,Racing Bulls Honda RBPT,39,15:05:39,1:32.043,227.124
2025,FORMULA 1 LENOVO JAPANESE,1256,fastest_lap,https://www.formula1.com/en/results.html/2025/races/1256/japan/fastest-laps.html,18,18,STR,Lance Stroll,Aston Martin Aramco Mercedes,53,15:26:06,1:32.052,227.102
2025,FORMULA 1 LENOVO JAPANESE,1256,fastest_lap,https://www.formula1.com/en/results.html/2025/races/1256/japan/fastest-laps.html,19,27,HUL,Nico Hulkenberg,Kick Sauber Ferrari,31,14:53:08,1:32.572,225.826
2025,FORMULA 1 LENOVO JAPANESE,1256,fastest_lap,https://www.formula1.com/en/results.html/2025/races/1256/japan/fastest-laps.html,20,7,DOO,Jack Doohan,Alpine Renault,47,15:17:56,1:32.685,225.551
2025,FORMULA 1 GULF AIR BAHRAIN,1257,fastest_lap,https://www.formula1.com/en/results.html/2025/races/1257/bahrain/fastest-laps.html,1,81,PIA,Oscar Piastri,McLaren Mercedes,36,19:05:48,1:35.140,204.784
2025,FORMULA 1 GULF AIR BAHRAIN,1257,fastest_lap,https://www.formula1.com/en/results.html/2025/races/1257/bahrain/fastest-laps.html,2,63,RUS,George Russell,Mercedes,36,19:05:49,1:35.518,203.974
2025,FORMULA 1 GULF AIR BAHRAIN,1257,fastest_lap,https://www.formula1.com/en/results.html/2025/races/1257/bahrain/fastest-laps.html,3,4,NOR,Lando Norris,McLaren Mercedes,38,19:09:04,1:35.728,203.526
2025,FORMULA 1 GULF AIR BAHRAIN,1257,fastest_lap,https://www.formula1.com/en/results.html/2025/races/1257/bahrain/fastest-laps.html,4,16,LEC,Charles Leclerc,Ferrari,36,19:05:50,1:36.132,202.671
2025,FORMULA 1 GULF AIR BAHRAIN,1257,fastest_lap,https://www.formula1.com/en/results.html/2025/races/1257/bahrain/fastest-laps.html,5,1,VER,Max Verstappen,Red Bull Racing Honda RBPT,29,18:52:25,1:36.167,202.597
2025,FORMULA 1 GULF AIR BAHRAIN,1257,fastest_lap,https://www.formula1.com/en/results.html/2025/races/1257/bahrain/fastest-laps.html,6,44,HAM,Lewis Hamilton,Ferrari,37,19:07:28,1:36.235,202.454
2025,FORMULA 1 GULF AIR BAHRAIN,1257,fastest_lap,https://www.formula1.com/en/results.html/2025/races/1257/bahrain/fastest-laps.html,7,10,GAS,Pierre Gasly,Alpine Renault,39,19:10:43,1:36.531,201.833
2025,FORMULA 1 GULF AIR BAHRAIN,1257,fastest_lap,https://www.formula1.com/en/results.html/2025/races/1257/bahrain/fastest-laps.html,8,7,DOO,Jack Doohan,Alpine Renault,31,18:55:44,1:36.682,201.518
2025,FORMULA 1 GULF AIR BAHRAIN,1257,fastest_lap,https://www.formula1.com/en/results.html/2025/races/1257/bahrain/fastest-laps.html,9,12,ANT,Kimi Antonelli,Mercedes,29,18:52:24,1:36.690,201.501
2025,FORMULA 1 GULF AIR BAHRAIN,1257,fastest_lap,https://www.formula1.com/en/results.html/2025/races/1257/bahrain/fastest-laps.html,10,6,HAD,Isack Hadjar,Racing Bulls Honda RBPT,30,18:54:19,1:36.952,200.957
2025,FORMULA 1 GULF AIR BAHRAIN,1257,fastest_lap,https://www.formula1.com/en/results.html/2025/races/1257/bahrain/fastest-laps.html,11,55,SAI,Carlos Sainz,Williams Mercedes,16,18:30:48,1:36.954,200.953
2025,FORMULA 1 GULF AIR BAHRAIN,1257,fastest_lap,https://www.formula1.com/en/results.html/2025/races/1257/bahrain/fastest-laps.html,12,31,OCO,Esteban Ocon,Haas Ferrari,30,18:54:00,1:37.098,200.655
2025,FORMULA 1 GULF AIR BAHRAIN,1257,fastest_lap,https://www.formula1.com/en/results.html/2025/races/1257/bahrain/fastest-laps.html,13,23,ALB,Alexander Albon,Williams Mercedes,47,19:23:53,1:37.141,200.566
2025,FORMULA 1 GULF AIR BAHRAIN,1257,fastest_lap,https://www.formula1.com/en/results.html/2025/races/1257/bahrain/fastest-laps.html,14,22,TSU,Yuki Tsunoda,Red Bull Racing Honda RBPT,45,19:20:35,1:37.225,200.392
2025,FORMULA 1 GULF AIR BAHRAIN,1257,fastest_lap,https://www.formula1.com/en/results.html/2025/races/1257/bahrain/fastest-laps.html,15,87,BEA,Oliver Bearman,Haas Ferrari,40,19:12:27,1:37.303,200.232
2025,FORMULA 1 GULF AIR BAHRAIN,1257,fastest_lap,https://www.formula1.com/en/results.html/2025/races/1257/bahrain/fastest-laps.html,16,27,HUL,Nico Hulkenberg,Kick Sauber Ferrari,30,18:54:23,1:37.338,200.160
2025,FORMULA 1 GULF AIR BAHRAIN,1257,fastest_lap,https://www.formula1.com/en/results.html/2025/races/1257/bahrain/fastest-laps.html,17,30,LAW,Liam Lawson,Racing Bulls Honda RBPT,44,19:19:02,1:37.380,200.073
2025,FORMULA 1 GULF AIR BAHRAIN,1257,fastest_lap,https://www.formula1.com/en/results.html/2025/races/1257/bahrain/fastest-laps.html,18,14,ALO,Fernando Alonso,Aston Martin Aramco Mercedes,38,19:09:17,1:37.906,198.999
2025,FORMULA 1 GULF AIR BAHRAIN,1257,fastest_lap,https://www.formula1.com/en/results.html/2025/races/1257/bahrain/fastest-laps.html,19,5,BOR,Gabriel Bortoleto,Kick Sauber Ferrari,38,19:09:18,1:38.006,198.795
2025,FORMULA 1 GULF AIR BAHRAIN,1257,fastest_lap,https://www.formula1.com/en/results.html/2025/races/1257/bahrain/fastest-laps.html,20,18,STR,Lance Stroll,Aston Martin Aramco Mercedes,38,19:09:18,1:38.064,198.678
2025,FORMULA 1 STC SAUDI ARABIAN,1258,fastest_lap,https://www.formula1.com/en/results.html/2025/races/1258/saudi-arabia/fastest-laps.html,1,4,NOR,Lando Norris,McLaren Mercedes,41,21:11:22,1:31.778,242.175
2025,FORMULA 1 STC SAUDI ARABIAN,1258,fastest_lap,https://www.formula1.com/en/results.html/2025/races/1258/saudi-arabia/fastest-laps.html,2,16,LEC,Charles Leclerc,Ferrari,49,21:23:37,1:32.192,241.088
2025,FORMULA 1 STC SAUDI ARABIAN,1258,fastest_lap,https://www.formula1.com/en/results.html/2025/races/1258/saudi-arabia/fastest-laps.html,3,81,PIA,Oscar Piastri,McLaren Mercedes,50,21:25:02,1:32.228,240.994
2025,FORMULA 1 STC SAUDI ARABIAN,1258,fastest_lap,https://www.formula1.com/en/results.html/2025/races/1258/saudi-arabia/fastest-laps.html,4,1,VER,Max Verstappen,Red Bull Racing Honda RBPT,49,21:23:32,1:32.280,240.858
2025,FORMULA 1 STC SAUDI ARABIAN,1258,fastest_lap,https://www.formula1.com/en/results.html/2025/races/1258/saudi-arabia/fastest-laps.html,5,12,ANT,Kimi Antonelli,Mercedes,50,21:25:36,1:32.396,240.555
2025,FORMULA 1 STC SAUDI ARABIAN,1258,fastest_lap,https://www.formula1.com/en/results.html/2025/races/1258/saudi-arabia/fastest-laps.html,6,55,SAI,Carlos Sainz,Williams Mercedes,50,21:26:06,1:32.466,240.373
2025,FORMULA 1 STC SAUDI ARABIAN,1258,fastest_lap,https://www.formula1.com/en/results.html/2025/races/1258/saudi-arabia/fastest-laps.html,7,44,HAM,Lewis Hamilton,Ferrari,43,21:14:50,1:32.600,240.025
2025,FORMULA 1 STC SAUDI ARABIAN,1258,fastest_lap,https://www.formula1.com/en/results.html/2025/races/1258/saudi-arabia/fastest-laps.html,8,18,STR,Lance Stroll,Aston Martin Aramco Mercedes,44,21:17:16,1:32.745,239.650
2025,FORMULA 1 STC SAUDI ARABIAN,1258,fastest_lap,https://www.formula1.com/en/results.html/2025/races/1258/saudi-arabia/fastest-laps.html,9,63,RUS,George Russell,Mercedes,32,20:57:23,1:32.893,239.268
2025,FORMULA 1 STC SAUDI ARABIAN,1258,fastest_lap,https://www.formula1.com/en/results.html/2025/races/1258/saudi-arabia/fastest-laps.html,10,30,LAW,Liam Lawson,Racing Bulls Honda RBPT,43,21:15:17,1:32.998,238.998
2025,FORMULA 1 STC SAUDI ARABIAN,1258,fastest_lap,https://www.formula1.com/en/results.html/2025/races/1258/saudi-arabia/fastest-laps.html,11,14,ALO,Fernando Alonso,Aston Martin Aramco Mercedes,49,21:24:45,1:33.009,238.970
2025,FORMULA 1 STC SAUDI ARABIAN,1258,fastest_lap,https://www.formula1.com/en/results.html/2025/races/1258/saudi-arabia/fastest-laps.html,12,7,DOO,Jack Doohan,Alpine Renault,49,21:23:47,1:33.150,238.608
2025,FORMULA 1 STC SAUDI ARABIAN,1258,fastest_lap,https://www.formula1.com/en/results.html/2025/races/1258/saudi-arabia/fastest-laps.html,13,87,BEA,Oliver Bearman,Haas Ferrari,50,21:26:21,1:33.238,238.383
2025,FORMULA 1 STC SAUDI ARABIAN,1258,fastest_lap,https://www.formula1.com/en/results.html/2025/races/1258/saudi-arabia/fastest-laps.html,14,6,HAD,Isack Hadjar,Racing Bulls Honda RBPT,39,21:08:58,1:33.257,238.334
2025,FORMULA 1 STC SAUDI ARABIAN,1258,fastest_lap,https://www.formula1.com/en/results.html/2025/races/1258/saudi-arabia/fastest-laps.html,15,27,HUL,Nico Hulkenberg,Kick Sauber Ferrari,39,21:09:22,1:33.446,237.852
2025,FORMULA 1 STC SAUDI ARABIAN,1258,fastest_lap,https://www.formula1.com/en/results.html/2025/races/1258/saudi-arabia/fastest-laps.html,16,23,ALB,Alexander Albon,Williams Mercedes,47,21:21:27,1:33.477,237.773
2025,FORMULA 1 STC SAUDI ARABIAN,1258,fastest_lap,https://www.formula1.com/en/results.html/2025/races/1258/saudi-arabia/fastest-laps.html,17,31,OCO,Esteban Ocon,Haas Ferrari,47,21:21:50,1:34.309,235.676
2025,FORMULA 1 STC SAUDI ARABIAN,1258,fastest_lap,https://www.formula1.com/en/results.html/2025/races/1258/saudi-arabia/fastest-laps.html,18,5,BOR,Gabriel Bortoleto,Kick Sauber Ferrari,39,21:09:19,1:34.447,235.331
2025,COM MIAMI,1259,fastest_lap,https://www.formula1.com/en/results.html/2025/races/1259/miami/fastest-laps.html,1,4,NOR,Lando Norris,McLaren Mercedes,36,17:01:03,1:29.746,217.092
2025,COM MIAMI,1259,fastest_lap,https://www.formula1.com/en/results.html/2025/races/1259/miami/fastest-laps.html,2,81,PIA,Oscar Piastri,McLaren Mercedes,35,16:59:26,1:29.822,216.908
2025,COM MIAMI,1259,fastest_lap,https://www.formula1.com/en/results.html/2025/races/1259/miami/fastest-laps.html,3,63,RUS,George Russell,Mercedes,31,16:53:21,1:30.318,215.717
2025,COM MIAMI,1259,fastest_lap,https://www.formula1.com/en/results.html/2025/races/1259/miami/fastest-laps.html,4,16,LEC,Charles Leclerc,Ferrari,35,17:00:08,1:30.461,215.376
2025,COM MIAMI,1259,fastest_lap,https://www.formula1.com/en/results.html/2025/races/1259/miami/fastest-laps.html,5,1,VER,Max Verstappen,Red Bull Racing Honda RBPT,41,17:09:00,1:30.466,215.364
2025,COM MIAMI,1259,fastest_lap,https://www.formula1.com/en/results.html/2025/races/1259/miami/fastest-laps.html,6,23,ALB,Alexander Albon,Williams Mercedes,55,17:30:20,1:30.482,215.326
2025,COM MIAMI,1259,fastest_lap,https://www.formula1.com/en/results.html/2025/races/1259/miami/fastest-laps.html,7,44,HAM,Lewis Hamilton,Ferrari,35,17:00:09,1:30.562,215.136
2025,COM MIAMI,1259,fastest_lap,https://www.formula1.com/en/results.html/2025/races/1259/miami/fastest-laps.html,8,55,SAI,Carlos Sainz,Williams Mercedes,35,17:00:10,1:30.703,214.802
2025,COM MIAMI,1259,fastest_lap,https://www.formula1.com/en/results.html/2025/races/1259/miami/fastest-laps.html,9,12,ANT,Kimi Antonelli,Mercedes,27,16:46:42,1:30.795,214.584
2025,COM MIAMI,1259,fastest_lap,https://www.formula1.com/en/results.html/2025/races/1259/miami/fastest-laps.html,10,22,TSU,Yuki Tsunoda,Red Bull Racing Honda RBPT,55,17:30:40,1:30.964,214.185
2025,COM MIAMI,1259,fastest_lap,https://www.formula1.com/en/results.html/2025/races/1259/miami/fastest-laps.html,11,6,HAD,Isack Hadjar,Racing Bulls Honda RBPT,51,17:24:40,1:30.971,214.169
2025,COM MIAMI,1259,fastest_lap,https://www.formula1.com/en/results.html/2025/races/1259/miami/fastest-laps.html,12,27,HUL,Nico Hulkenberg,Kick Sauber Ferrari,43,17:12:46,1:31.015,214.065
2025,COM MIAMI,1259,fastest_lap,https://www.formula1.com/en/results.html/2025/races/1259/miami/fastest-laps.html,13,31,OCO,Esteban Ocon,Haas Ferrari,30,16:52:12,1:31.122,213.814
2025,COM MIAMI,1259,fastest_lap,https://www.formula1.com/en/results.html/2025/races/1259/miami/fastest-laps.html,14,10,GAS,Pierre Gasly,Alpine Renault,35,17:00:26,1:31.159,213.727
2025,COM MIAMI,1259,fastest_lap,https://www.formula1.com/en/results.html/2025/races/1259/miami/fastest-laps.html,15,14,ALO,Fernando Alonso,Aston Martin Aramco Mercedes,38,17:05:11,1:31.287,213.427
2025,COM MIAMI,1259,fastest_lap,https://www.formula1.com/en/results.html/2025/races/1259/miami/fastest-laps.html,16,18,STR,Lance Stroll,Aston Martin Aramco Mercedes,51,17:23:45,1:31.769,212.306
2025,COM MIAMI,1259,fastest_lap,https://www.formula1.com/en/results.html/2025/races/1259/miami/fastest-laps.html,17,30,LAW,Liam Lawson,Racing Bulls Honda RBPT,30,16:52:49,1:31.770,212.304
2025,COM MIAMI,1259,fastest_lap,https://www.formula1.com/en/results.html/2025/races/1259/miami/fastest-laps.html,18,5,BOR,Gabriel Bortoleto,Kick Sauber Ferrari,21,16:37:45,1:32.328,211.021
2025,COM MIAMI,1259,fastest_lap,https://www.formula1.com/en/results.html/2025/races/1259/miami/fastest-laps.html,19,87,BEA,Oliver Bearman,Haas Ferrari,24,16:42:12,1:32.680,210.220
2025,FORMULA 1 TAG HEUER GRAND PRIX DE MONACO,1261,fastest_lap,https://www.formula1.com/en/results.html/2025/races/1261/monaco/fastest-laps.html,1,4,NOR,Lando Norris,McLaren Mercedes,78,16:43:42,1:13.221,164.067
2025,FORMULA 1 TAG HEUER GRAND PRIX DE MONACO,1261,fastest_lap,https://www.formula1.com/en/results.html/2025/races/1261/monaco/fastest-laps.html,2,63,RUS,George Russell,Mercedes,76,16:41:48,1:13.405,163.656
2025,FORMULA 1 TAG HEUER GRAND PRIX DE MONACO,1261,fastest_lap,https://www.formula1.com/en/results.html/2025/races/1261/monaco/fastest-laps.html,3,12,ANT,Kimi Antonelli,Mercedes,77,16:42:36,1:13.518,163.404
2025,FORMULA 1 TAG HEUER GRAND PRIX DE MONACO,1261,fastest_lap,https://www.formula1.com/en/results.html/2025/races/1261/monaco/fastest-laps.html,4,81,PIA,Oscar Piastri,McLaren Mercedes,60,16:21:08,1:13.745,162.901
2025,FORMULA 1 TAG HEUER GRAND PRIX DE MONACO,1261,fastest_lap,https://www.formula1.com/en/results.html/2025/races/1261/monaco/fastest-laps.html,5,55,SAI,Carlos Sainz,Williams Mercedes,70,16:33:54,1:13.988,162.366
2025,FORMULA 1 TAG HEUER GRAND PRIX DE MONACO,1261,fastest_lap,https://www.formula1.com/en/results.html/2025/races/1261/monaco/fastest-laps.html,6,16,LEC,Charles Leclerc,Ferrari,36,15:50:50,1:14.055,162.219
2025,FORMULA 1 TAG HEUER GRAND PRIX DE MONACO,1261,fastest_lap,https://www.formula1.com/en/results.html/2025/races/1261/monaco/fastest-laps.html,7,44,HAM,Lewis Hamilton,Ferrari,73,16:38:12,1:14.090,162.143
2025,FORMULA 1 TAG HEUER GRAND PRIX DE MONACO,1261,fastest_lap,https://www.formula1.com/en/results.html/2025/races/1261/monaco/fastest-laps.html,8,1,VER,Max Verstappen,Red Bull Racing Honda RBPT,45,16:02:10,1:14.230,161.837
2025,FORMULA 1 TAG HEUER GRAND PRIX DE MONACO,1261,fastest_lap,https://www.formula1.com/en/results.html/2025/races/1261/monaco/fastest-laps.html,9,23,ALB,Alexander Albon,Williams Mercedes,76,16:41:25,1:14.597,161.041
2025,FORMULA 1 TAG HEUER GRAND PRIX DE MONACO,1261,fastest_lap,https://www.formula1.com/en/results.html/2025/races/1261/monaco/fastest-laps.html,10,87,BEA,Oliver Bearman,Haas Ferrari,6,15:13:02,1:14.855,160.486
2025,FORMULA 1 TAG HEUER GRAND PRIX DE MONACO,1261,fastest_lap,https://www.formula1.com/en/results.html/2025/races/1261/monaco/fastest-laps.html,11,18,STR,Lance Stroll,Aston Martin Aramco Mercedes,69,16:33:26,1:14.877,160.439
2025,FORMULA 1 TAG HEUER GRAND PRIX DE MONACO,1261,fastest_lap,https://www.formula1.com/en/results.html/2025/races/1261/monaco/fastest-laps.html,12,5,BOR,Gabriel Bortoleto,Kick Sauber Ferrari,38,15:54:04,1:14.884,160.424
2025,FORMULA 1 TAG HEUER GRAND PRIX DE MONACO,1261,fastest_lap,https://www.formula1.com/en/results.html/2025/races/1261/monaco/fastest-laps.html,13,22,TSU,Yuki Tsunoda,Red Bull Racing Honda RBPT,77,16:43:38,1:14.913,160.362
2025,FORMULA 1 TAG HEUER GRAND PRIX DE MONACO,1261,fastest_lap,https://www.formula1.com/en/results.html/2025/races/1261/monaco/fastest-laps.html,14,31,OCO,Esteban Ocon,Haas Ferrari,34,15:49:20,1:15.157,159.841
2025,FORMULA 1 TAG HEUER GRAND PRIX DE MONACO,1261,fastest_lap,https://www.formula1.com/en/results.html/2025/races/1261/monaco/fastest-laps.html,15,27,HUL,Nico Hulkenberg,Kick Sauber Ferrari,49,16:07:05,1:15.223,159.701
2025,FORMULA 1 TAG HEUER GRAND PRIX DE MONACO,1261,fastest_lap,https://www.formula1.com/en/results.html/2025/races/1261/monaco/fastest-laps.html,16,43,COL,Franco Colapinto,Alpine Renault,31,15:44:43,1:15.298,159.542
2025,FORMULA 1 TAG HEUER GRAND PRIX DE MONACO,1261,fastest_lap,https://www.formula1.com/en/results.html/2025/races/1261/monaco/fastest-laps.html,17,30,LAW,Liam Lawson,Racing Bulls Honda RBPT,55,16:15:20,1:15.321,159.493
2025,FORMULA 1 TAG HEUER GRAND PRIX DE MONACO,1261,fastest_lap,https://www.formula1.com/en/results.html/2025/races/1261/monaco/fastest-laps.html,18,14,ALO,Fernando Alonso,Aston Martin Aramco Mercedes,15,15:24:19,1:15.593,158.919
2025,FORMULA 1 TAG HEUER GRAND PRIX DE MONACO,1261,fastest_lap,https://www.formula1.com/en/results.html/2025/races/1261/monaco/fastest-laps.html,19,6,HAD,Isack Hadjar,Racing Bulls Honda RBPT,16,15:25:54,1:15.981,158.107
2025,FORMULA 1 TAG HEUER GRAND PRIX DE MONACO,1261,fastest_lap,https://www.formula1.com/en/results.html/2025/races/1261/monaco/fastest-laps.html,20,10,GAS,Pierre Gasly,Alpine Renault,6,15:12:47,1:18.054,153.908
2025,FORMULA 1 ARAMCO GRAN PREMIO DE ESPAÑA,1262,fastest_lap,https://www.formula1.com/en/results.html/2025/races/1262/spain/fastest-laps.html,1,81,PIA,Oscar Piastri,McLaren Mercedes,61,16:29:51,1:15.743,221.343
2025,FORMULA 1 ARAMCO GRAN PREMIO DE ESPAÑA,1262,fastest_lap,https://www.formula1.com/en/results.html/2025/races/1262/spain/fastest-laps.html,2,4,NOR,Lando Norris,McLaren Mercedes,61,16:29:52,1:16.187,220.053
2025,FORMULA 1 ARAMCO GRAN PREMIO DE ESPAÑA,1262,fastest_lap,https://www.formula1.com/en/results.html/2025/races/1262/spain/fastest-laps.html,3,1,VER,Max Verstappen,Red Bull Racing Honda RBPT,62,16:31:12,1:17.019,217.676
2025,FORMULA 1 ARAMCO GRAN PREMIO DE ESPAÑA,1262,fastest_lap,https://www.formula1.com/en/results.html/2025/races/1262/spain/fastest-laps.html,4,63,RUS,George Russell,Mercedes,62,16:31:13,1:17.244,217.042
2025,FORMULA 1 ARAMCO GRAN PREMIO DE ESPAÑA,1262,fastest_lap,https://www.formula1.com/en/results.html/2025/races/1262/spain/fastest-laps.html,5,16,LEC,Charles Leclerc,Ferrari,62,16:31:11,1:17.259,216.999
2025,FORMULA 1 ARAMCO GRAN PREMIO DE ESPAÑA,1262,fastest_lap,https://www.formula1.com/en/results.html/2025/races/1262/spain/fastest-laps.html,6,27,HUL,Nico Hulkenberg,Kick Sauber Ferrari,63,16:32:33,1:17.575,216.116
2025,FORMULA 1 ARAMCO GRAN PREMIO DE ESPAÑA,1262,fastest_lap,https://www.formula1.com/en/results.html/2025/races/1262/spain/fastest-laps.html,7,44,HAM,Lewis Hamilton,Ferrari,62,16:31:14,1:17.706,215.751
2025,FORMULA 1 ARAMCO GRAN PREMIO DE ESPAÑA,1262,fastest_lap,https://www.formula1.com/en/results.html/2025/races/1262/spain/fastest-laps.html,8,6,HAD,Isack Hadjar,Racing Bulls Honda RBPT,63,16:32:34,1:17.770,215.574
2025,FORMULA 1 ARAMCO GRAN PREMIO DE ESPAÑA,1262,fastest_lap,https://www.formula1.com/en/results.html/2025/races/1262/spain/fastest-laps.html,9,10,GAS,Pierre Gasly,Alpine Renault,63,16:32:35,1:17.896,215.225
2025,FORMULA 1 ARAMCO GRAN PREMIO DE ESPAÑA,1262,fastest_lap,https://www.formula1.com/en/results.html/2025/races/1262/spain/fastest-laps.html,10,22,TSU,Yuki Tsunoda,Red Bull Racing Honda RBPT,47,16:07:09,1:17.998,214.943
2025,FORMULA 1 ARAMCO GRAN PREMIO DE ESPAÑA,1262,fastest_lap,https://www.formula1.com/en/results.html/2025/races/1262/spain/fastest-laps.html,11,14,ALO,Fernando Alonso,Aston Martin Aramco Mercedes,66,16:36:36,1:18.128,214.586
2025,FORMULA 1 ARAMCO GRAN PREMIO DE ESPAÑA,1262,fastest_lap,https://www.formula1.com/en/results.html/2025/races/1262/spain/fastest-laps.html,12,12,ANT,Kimi Antonelli,Mercedes,52,16:14:28,1:18.255,214.238
2025,FORMULA 1 ARAMCO GRAN PREMIO DE ESPAÑA,1262,fastest_lap,https://www.formula1.com/en/results.html/2025/races/1262/spain/fastest-laps.html,13,5,BOR,Gabriel Bortoleto,Kick Sauber Ferrari,52,16:13:54,1:18.297,214.123
2025,FORMULA 1 ARAMCO GRAN PREMIO DE ESPAÑA,1262,fastest_lap,https://www.formula1.com/en/results.html/2025/races/1262/spain/fastest-laps.html,14,43,COL,Franco Colapinto,Alpine Renault,42,16:00:44,1:18.353,213.970
2025,FORMULA 1 ARAMCO GRAN PREMIO DE ESPAÑA,1262,fastest_lap,https://www.formula1.com/en/results.html/2025/races/1262/spain/fastest-laps.html,15,31,OCO,Esteban Ocon,Haas Ferrari,47,16:07:08,1:18.624,213.232
2025,FORMULA 1 ARAMCO GRAN PREMIO DE ESPAÑA,1262,fastest_lap,https://www.formula1.com/en/results.html/2025/races/1262/spain/fastest-laps.html,16,87,BEA,Oliver Bearman,Haas Ferrari,63,16:32:41,1:18.907,212.467
2025,FORMULA 1 ARAMCO GRAN PREMIO DE ESPAÑA,1262,fastest_lap,https://www.formula1.com/en/results.html/2025/races/1262/spain/fastest-laps.html,17,55,SAI,Carlos Sainz,Williams Mercedes,65,16:35:24,1:19.317,211.369
2025,FORMULA 1 ARAMCO GRAN PREMIO DE ESPAÑA,1262,fastest_lap,https://www.formula1.com/en/results.html/2025/races/1262/spain/fastest-laps.html,18,30,LAW,Liam Lawson,Racing Bulls Honda RBPT,62,16:31:19,1:19.424,211.084
2025,FORMULA 1 ARAMCO GRAN PREMIO DE ESPAÑA,1262,fastest_lap,https://www.formula1.com/en/results.html/2025/races/1262/spain/fastest-laps.html,19,23,ALB,Alexander Albon,Williams Mercedes,9,15:16:13,1:20.508,208.242
