year,race_name,race_id,result_type,url,position,driver_number,driver_code,driver_name,team,laps,lap_time,gap
2020,FORMULA 1 ROLEX GROSSER PREIS VON ÖSTERREICH,1045,practice_3,https://www.formula1.com/en/results.html/2020/races/1045/austria/practice-3.html,1,44,HAM,Lewis Hamilton,Mercedes,21,1:04.130,
2020,FORMULA 1 ROLEX GROSSER PREIS VON ÖSTERREICH,1045,practice_3,https://www.formula1.com/en/results.html/2020/races/1045/austria/practice-3.html,2,77,BOT,Valtteri Bottas,Mercedes,22,1:04.277,+0.147s
2020,FORMULA 1 ROLEX GROSSER PREIS VON ÖSTERREICH,1045,practice_3,https://www.formula1.com/en/results.html/2020/races/1045/austria/practice-3.html,3,33,VER,Max Verstappen,Red Bull Racing Honda,20,1:04.413,+0.283s
2020,FORMULA 1 ROLEX GROSSER PREIS VON ÖSTERREICH,1045,practice_3,https://www.formula1.com/en/results.html/2020/races/1045/austria/practice-3.html,4,11,PER,Sergio Perez,Racing Point BWT Mercedes,19,1:04.605,+0.475s
2020,FORMULA 1 ROLEX GROSSER PREIS VON ÖSTERREICH,1045,practice_3,https://www.formula1.com/en/results.html/2020/races/1045/austria/practice-3.html,5,16,LEC,Charles Leclerc,Ferrari,19,1:04.703,+0.573s
2020,FORMULA 1 ROLEX GROSSER PREIS VON ÖSTERREICH,1045,practice_3,https://www.formula1.com/en/results.html/2020/races/1045/austria/practice-3.html,6,23,ALB,Alexander Albon,Red Bull Racing Honda,22,1:04.725,+0.595s
2020,FORMULA 1 ROLEX GROSSER PREIS VON ÖSTERREICH,1045,practice_3,https://www.formula1.com/en/results.html/2020/races/1045/austria/practice-3.html,7,5,VET,Sebastian Vettel,Ferrari,20,1:04.851,+0.721s
2020,FORMULA 1 ROLEX GROSSER PREIS VON ÖSTERREICH,1045,practice_3,https://www.formula1.com/en/results.html/2020/races/1045/austria/practice-3.html,8,18,STR,Lance Stroll,Racing Point BWT Mercedes,18,1:04.918,+0.788s
2020,FORMULA 1 ROLEX GROSSER PREIS VON ÖSTERREICH,1045,practice_3,https://www.formula1.com/en/results.html/2020/races/1045/austria/practice-3.html,9,10,GAS,Pierre Gasly,AlphaTauri Honda,19,1:04.949,+0.819s
2020,FORMULA 1 ROLEX GROSSER PREIS VON ÖSTERREICH,1045,practice_3,https://www.formula1.com/en/results.html/2020/races/1045/austria/practice-3.html,10,4,NOR,Lando Norris,McLaren Renault,22,1:04.950,+0.820s
2020,FORMULA 1 ROLEX GROSSER PREIS VON ÖSTERREICH,1045,practice_3,https://www.formula1.com/en/results.html/2020/races/1045/austria/practice-3.html,11,31,OCO,Esteban Ocon,Renault,11,1:05.037,+0.907s
2020,FORMULA 1 ROLEX GROSSER PREIS VON ÖSTERREICH,1045,practice_3,https://www.formula1.com/en/results.html/2020/races/1045/austria/practice-3.html,12,3,RIC,Daniel Ricciardo,Renault,13,1:05.088,+0.958s
2020,FORMULA 1 ROLEX GROSSER PREIS VON ÖSTERREICH,1045,practice_3,https://www.formula1.com/en/results.html/2020/races/1045/austria/practice-3.html,13,55,SAI,Carlos Sainz,McLaren Renault,24,1:05.177,+1.047s
2020,FORMULA 1 ROLEX GROSSER PREIS VON ÖSTERREICH,1045,practice_3,https://www.formula1.com/en/results.html/2020/races/1045/austria/practice-3.html,14,26,KVY,Daniil Kvyat,AlphaTauri Honda,24,1:05.290,+1.160s
2020,FORMULA 1 ROLEX GROSSER PREIS VON ÖSTERREICH,1045,practice_3,https://www.formula1.com/en/results.html/2020/races/1045/austria/practice-3.html,15,8,GRO,Romain Grosjean,Haas Ferrari,18,1:05.363,+1.233s
2020,FORMULA 1 ROLEX GROSSER PREIS VON ÖSTERREICH,1045,practice_3,https://www.formula1.com/en/results.html/2020/races/1045/austria/practice-3.html,16,63,RUS,George Russell,Williams Mercedes,21,1:05.565,+1.435s
2020,FORMULA 1 ROLEX GROSSER PREIS VON ÖSTERREICH,1045,practice_3,https://www.formula1.com/en/results.html/2020/races/1045/austria/practice-3.html,17,20,MAG,Kevin Magnussen,Haas Ferrari,18,1:05.648,+1.518s
2020,FORMULA 1 ROLEX GROSSER PREIS VON ÖSTERREICH,1045,practice_3,https://www.formula1.com/en/results.html/2020/races/1045/austria/practice-3.html,18,99,GIO,Antonio Giovinazzi,Alfa Romeo Racing Ferrari,16,1:05.654,+1.524s
2020,FORMULA 1 ROLEX GROSSER PREIS VON ÖSTERREICH,1045,practice_3,https://www.formula1.com/en/results.html/2020/races/1045/austria/practice-3.html,19,7,RAI,Kimi Räikkönen,Alfa Romeo Racing Ferrari,19,1:05.773,+1.643s
2020,FORMULA 1 ROLEX GROSSER PREIS VON ÖSTERREICH,1045,practice_3,https://www.formula1.com/en/results.html/2020/races/1045/austria/practice-3.html,20,6,LAT,Nicholas Latifi,Williams Mercedes,6,1:07.049,+2.919s
2020,FORMULA 1 ARAMCO MAGYAR NAGYDÍJ,1047,practice_3,https://www.formula1.com/en/results.html/2020/races/1047/hungary/practice-3.html,1,77,BOT,Valtteri Bottas,Mercedes,18,1:15.437,
2020,FORMULA 1 ARAMCO MAGYAR NAGYDÍJ,1047,practice_3,https://www.formula1.com/en/results.html/2020/races/1047/hungary/practice-3.html,2,44,HAM,Lewis Hamilton,Mercedes,20,1:15.479,+0.042s
2020,FORMULA 1 ARAMCO MAGYAR NAGYDÍJ,1047,practice_3,https://www.formula1.com/en/results.html/2020/races/1047/hungary/practice-3.html,3,11,PER,Sergio Perez,Racing Point BWT Mercedes,16,1:15.598,+0.161s
2020,FORMULA 1 ARAMCO MAGYAR NAGYDÍJ,1047,practice_3,https://www.formula1.com/en/results.html/2020/races/1047/hungary/practice-3.html,4,16,LEC,Charles Leclerc,Ferrari,19,1:15.781,+0.344s
2020,FORMULA 1 ARAMCO MAGYAR NAGYDÍJ,1047,practice_3,https://www.formula1.com/en/results.html/2020/races/1047/hungary/practice-3.html,5,18,STR,Lance Stroll,Racing Point BWT Mercedes,15,1:16.033,+0.596s
2020,FORMULA 1 ARAMCO MAGYAR NAGYDÍJ,1047,practice_3,https://www.formula1.com/en/results.html/2020/races/1047/hungary/practice-3.html,6,33,VER,Max Verstappen,Red Bull Racing Honda,18,1:16.084,+0.647s
2020,FORMULA 1 ARAMCO MAGYAR NAGYDÍJ,1047,practice_3,https://www.formula1.com/en/results.html/2020/races/1047/hungary/practice-3.html,7,4,NOR,Lando Norris,McLaren Renault,18,1:16.193,+0.756s
2020,FORMULA 1 ARAMCO MAGYAR NAGYDÍJ,1047,practice_3,https://www.formula1.com/en/results.html/2020/races/1047/hungary/practice-3.html,8,5,VET,Sebastian Vettel,Ferrari,18,1:16.351,+0.914s
2020,FORMULA 1 ARAMCO MAGYAR NAGYDÍJ,1047,practice_3,https://www.formula1.com/en/results.html/2020/races/1047/hungary/practice-3.html,9,10,GAS,Pierre Gasly,AlphaTauri Honda,20,1:16.453,+1.016s
2020,FORMULA 1 ARAMCO MAGYAR NAGYDÍJ,1047,practice_3,https://www.formula1.com/en/results.html/2020/races/1047/hungary/practice-3.html,10,3,RIC,Daniel Ricciardo,Renault,14,1:16.508,+1.071s
2020,FORMULA 1 ARAMCO MAGYAR NAGYDÍJ,1047,practice_3,https://www.formula1.com/en/results.html/2020/races/1047/hungary/practice-3.html,11,55,SAI,Carlos Sainz,McLaren Renault,21,1:16.545,+1.108s
2020,FORMULA 1 ARAMCO MAGYAR NAGYDÍJ,1047,practice_3,https://www.formula1.com/en/results.html/2020/races/1047/hungary/practice-3.html,12,23,ALB,Alexander Albon,Red Bull Racing Honda,19,1:16.582,+1.145s
2020,FORMULA 1 ARAMCO MAGYAR NAGYDÍJ,1047,practice_3,https://www.formula1.com/en/results.html/2020/races/1047/hungary/practice-3.html,13,31,OCO,Esteban Ocon,Renault,20,1:16.706,+1.269s
2020,FORMULA 1 ARAMCO MAGYAR NAGYDÍJ,1047,practice_3,https://www.formula1.com/en/results.html/2020/races/1047/hungary/practice-3.html,14,63,RUS,George Russell,Williams Mercedes,23,1:16.847,+1.410s
2020,FORMULA 1 ARAMCO MAGYAR NAGYDÍJ,1047,practice_3,https://www.formula1.com/en/results.html/2020/races/1047/hungary/practice-3.html,15,8,GRO,Romain Grosjean,Haas Ferrari,15,1:16.866,+1.429s
2020,FORMULA 1 ARAMCO MAGYAR NAGYDÍJ,1047,practice_3,https://www.formula1.com/en/results.html/2020/races/1047/hungary/practice-3.html,16,20,MAG,Kevin Magnussen,Haas Ferrari,14,1:17.086,+1.649s
2020,FORMULA 1 ARAMCO MAGYAR NAGYDÍJ,1047,practice_3,https://www.formula1.com/en/results.html/2020/races/1047/hungary/practice-3.html,17,26,KVY,Daniil Kvyat,AlphaTauri Honda,15,1:17.292,+1.855s
2020,FORMULA 1 ARAMCO MAGYAR NAGYDÍJ,1047,practice_3,https://www.formula1.com/en/results.html/2020/races/1047/hungary/practice-3.html,18,99,GIO,Antonio Giovinazzi,Alfa Romeo Racing Ferrari,20,1:17.496,+2.059s
2020,FORMULA 1 ARAMCO MAGYAR NAGYDÍJ,1047,practice_3,https://www.formula1.com/en/results.html/2020/races/1047/hungary/practice-3.html,19,7,RAI,Kimi Räikkönen,Alfa Romeo Racing Ferrari,25,1:17.527,+2.090s
2020,FORMULA 1 ARAMCO MAGYAR NAGYDÍJ,1047,practice_3,https://www.formula1.com/en/results.html/2020/races/1047/hungary/practice-3.html,20,6,LAT,Nicholas Latifi,Williams Mercedes,17,1:17.650,+2.213s
2020,FORMULA 1 PIRELLI BRITISH,1048,practice_3,https://www.formula1.com/en/results.html/2020/races/1048/great-britain/practice-3.html,1,77,BOT,Valtteri Bottas,Mercedes,19,1:25.873,
2020,FORMULA 1 PIRELLI BRITISH,1048,practice_3,https://www.formula1.com/en/results.html/2020/races/1048/great-britain/practice-3.html,2,44,HAM,Lewis Hamilton,Mercedes,22,1:26.011,+0.138s
2020,FORMULA 1 PIRELLI BRITISH,1048,practice_3,https://www.formula1.com/en/results.html/2020/races/1048/great-britain/practice-3.html,3,33,VER,Max Verstappen,Red Bull Racing Honda,15,1:26.173,+0.300s
2020,FORMULA 1 PIRELLI BRITISH,1048,practice_3,https://www.formula1.com/en/results.html/2020/races/1048/great-britain/practice-3.html,4,18,STR,Lance Stroll,Racing Point BWT Mercedes,14,1:26.576,+0.703s
2020,FORMULA 1 PIRELLI BRITISH,1048,practice_3,https://www.formula1.com/en/results.html/2020/races/1048/great-britain/practice-3.html,5,55,SAI,Carlos Sainz,McLaren Renault,22,1:26.664,+0.791s
2020,FORMULA 1 PIRELLI BRITISH,1048,practice_3,https://www.formula1.com/en/results.html/2020/races/1048/great-britain/practice-3.html,6,16,LEC,Charles Leclerc,Ferrari,19,1:26.771,+0.898s
2020,FORMULA 1 PIRELLI BRITISH,1048,practice_3,https://www.formula1.com/en/results.html/2020/races/1048/great-britain/practice-3.html,7,4,NOR,Lando Norris,McLaren Renault,23,1:26.798,+0.925s
2020,FORMULA 1 PIRELLI BRITISH,1048,practice_3,https://www.formula1.com/en/results.html/2020/races/1048/great-britain/practice-3.html,8,3,RIC,Daniel Ricciardo,Renault,15,1:26.841,+0.968s
2020,FORMULA 1 PIRELLI BRITISH,1048,practice_3,https://www.formula1.com/en/results.html/2020/races/1048/great-britain/practice-3.html,9,27,HUL,Nico Hulkenberg,Racing Point BWT Mercedes,15,1:26.872,+0.999s
2020,FORMULA 1 PIRELLI BRITISH,1048,practice_3,https://www.formula1.com/en/results.html/2020/races/1048/great-britain/practice-3.html,10,10,GAS,Pierre Gasly,AlphaTauri Honda,20,1:27.046,+1.173s
2020,FORMULA 1 PIRELLI BRITISH,1048,practice_3,https://www.formula1.com/en/results.html/2020/races/1048/great-britain/practice-3.html,11,26,KVY,Daniil Kvyat,AlphaTauri Honda,18,1:27.076,+1.203s
2020,FORMULA 1 PIRELLI BRITISH,1048,practice_3,https://www.formula1.com/en/results.html/2020/races/1048/great-britain/practice-3.html,12,31,OCO,Esteban Ocon,Renault,16,1:27.158,+1.285s
2020,FORMULA 1 PIRELLI BRITISH,1048,practice_3,https://www.formula1.com/en/results.html/2020/races/1048/great-britain/practice-3.html,13,23,ALB,Alexander Albon,Red Bull Racing Honda,10,1:27.178,+1.305s
2020,FORMULA 1 PIRELLI BRITISH,1048,practice_3,https://www.formula1.com/en/results.html/2020/races/1048/great-britain/practice-3.html,14,5,VET,Sebastian Vettel,Ferrari,21,1:27.251,+1.378s
2020,FORMULA 1 PIRELLI BRITISH,1048,practice_3,https://www.formula1.com/en/results.html/2020/races/1048/great-britain/practice-3.html,15,8,GRO,Romain Grosjean,Haas Ferrari,18,1:27.537,+1.664s
2020,FORMULA 1 PIRELLI BRITISH,1048,practice_3,https://www.formula1.com/en/results.html/2020/races/1048/great-britain/practice-3.html,16,63,RUS,George Russell,Williams Mercedes,17,1:27.738,+1.865s
2020,FORMULA 1 PIRELLI BRITISH,1048,practice_3,https://www.formula1.com/en/results.html/2020/races/1048/great-britain/practice-3.html,17,99,GIO,Antonio Giovinazzi,Alfa Romeo Racing Ferrari,16,1:27.825,+1.952s
2020,FORMULA 1 PIRELLI BRITISH,1048,practice_3,https://www.formula1.com/en/results.html/2020/races/1048/great-britain/practice-3.html,18,20,MAG,Kevin Magnussen,Haas Ferrari,15,1:27.860,+1.987s
2020,FORMULA 1 PIRELLI BRITISH,1048,practice_3,https://www.formula1.com/en/results.html/2020/races/1048/great-britain/practice-3.html,19,7,RAI,Kimi Räikkönen,Alfa Romeo Racing Ferrari,20,1:27.976,+2.103s
2020,FORMULA 1 PIRELLI BRITISH,1048,practice_3,https://www.formula1.com/en/results.html/2020/races/1048/great-britain/practice-3.html,20,6,LAT,Nicholas Latifi,Williams Mercedes,16,1:28.112,+2.239s
2020,EMIRATES FORMULA 1 70TH ANNIVERSARY,1049,practice_3,https://www.formula1.com/en/results.html/2020/races/1049/70th-anniversary/practice-3.html,1,44,HAM,Lewis Hamilton,Mercedes,15,1:26.621,
2020,EMIRATES FORMULA 1 70TH ANNIVERSARY,1049,practice_3,https://www.formula1.com/en/results.html/2020/races/1049/70th-anniversary/practice-3.html,2,77,BOT,Valtteri Bottas,Mercedes,16,1:26.784,+0.163s
2020,EMIRATES FORMULA 1 70TH ANNIVERSARY,1049,practice_3,https://www.formula1.com/en/results.html/2020/races/1049/70th-anniversary/practice-3.html,3,4,NOR,Lando Norris,McLaren Renault,20,1:27.202,+0.581s
2020,EMIRATES FORMULA 1 70TH ANNIVERSARY,1049,practice_3,https://www.formula1.com/en/results.html/2020/races/1049/70th-anniversary/practice-3.html,4,27,HUL,Nico Hulkenberg,Racing Point BWT Mercedes,16,1:27.256,+0.635s
2020,EMIRATES FORMULA 1 70TH ANNIVERSARY,1049,practice_3,https://www.formula1.com/en/results.html/2020/races/1049/70th-anniversary/practice-3.html,5,18,STR,Lance Stroll,Racing Point BWT Mercedes,15,1:27.263,+0.642s
2020,EMIRATES FORMULA 1 70TH ANNIVERSARY,1049,practice_3,https://www.formula1.com/en/results.html/2020/races/1049/70th-anniversary/practice-3.html,6,16,LEC,Charles Leclerc,Ferrari,18,1:27.328,+0.707s
2020,EMIRATES FORMULA 1 70TH ANNIVERSARY,1049,practice_3,https://www.formula1.com/en/results.html/2020/races/1049/70th-anniversary/practice-3.html,7,33,VER,Max Verstappen,Red Bull Racing Honda,12,1:27.455,+0.834s
2020,EMIRATES FORMULA 1 70TH ANNIVERSARY,1049,practice_3,https://www.formula1.com/en/results.html/2020/races/1049/70th-anniversary/practice-3.html,8,23,ALB,Alexander Albon,Red Bull Racing Honda,15,1:27.474,+0.853s
2020,EMIRATES FORMULA 1 70TH ANNIVERSARY,1049,practice_3,https://www.formula1.com/en/results.html/2020/races/1049/70th-anniversary/practice-3.html,9,31,OCO,Esteban Ocon,Renault,15,1:27.496,+0.875s
2020,EMIRATES FORMULA 1 70TH ANNIVERSARY,1049,practice_3,https://www.formula1.com/en/results.html/2020/races/1049/70th-anniversary/practice-3.html,10,55,SAI,Carlos Sainz,McLaren Renault,22,1:27.627,+1.006s
2020,EMIRATES FORMULA 1 70TH ANNIVERSARY,1049,practice_3,https://www.formula1.com/en/results.html/2020/races/1049/70th-anniversary/practice-3.html,11,10,GAS,Pierre Gasly,AlphaTauri Honda,15,1:27.659,+1.038s
2020,EMIRATES FORMULA 1 70TH ANNIVERSARY,1049,practice_3,https://www.formula1.com/en/results.html/2020/races/1049/70th-anniversary/practice-3.html,12,26,KVY,Daniil Kvyat,AlphaTauri Honda,18,1:27.754,+1.133s
2020,EMIRATES FORMULA 1 70TH ANNIVERSARY,1049,practice_3,https://www.formula1.com/en/results.html/2020/races/1049/70th-anniversary/practice-3.html,13,5,VET,Sebastian Vettel,Ferrari,20,1:27.811,+1.190s
2020,EMIRATES FORMULA 1 70TH ANNIVERSARY,1049,practice_3,https://www.formula1.com/en/results.html/2020/races/1049/70th-anniversary/practice-3.html,14,3,RIC,Daniel Ricciardo,Renault,12,1:27.815,+1.194s
2020,EMIRATES FORMULA 1 70TH ANNIVERSARY,1049,practice_3,https://www.formula1.com/en/results.html/2020/races/1049/70th-anniversary/practice-3.html,15,8,GRO,Romain Grosjean,Haas Ferrari,15,1:28.076,+1.455s
2020,EMIRATES FORMULA 1 70TH ANNIVERSARY,1049,practice_3,https://www.formula1.com/en/results.html/2020/races/1049/70th-anniversary/practice-3.html,16,6,LAT,Nicholas Latifi,Williams Mercedes,14,1:28.125,+1.504s
2020,EMIRATES FORMULA 1 70TH ANNIVERSARY,1049,practice_3,https://www.formula1.com/en/results.html/2020/races/1049/70th-anniversary/practice-3.html,17,63,RUS,George Russell,Williams Mercedes,17,1:28.349,+1.728s
2020,EMIRATES FORMULA 1 70TH ANNIVERSARY,1049,practice_3,https://www.formula1.com/en/results.html/2020/races/1049/70th-anniversary/practice-3.html,18,99,GIO,Antonio Giovinazzi,Alfa Romeo Racing Ferrari,13,1:28.468,+1.847s
2020,EMIRATES FORMULA 1 70TH ANNIVERSARY,1049,practice_3,https://www.formula1.com/en/results.html/2020/races/1049/70th-anniversary/practice-3.html,19,7,RAI,Kimi Räikkönen,Alfa Romeo Racing Ferrari,12,1:28.538,+1.917s
2020,EMIRATES FORMULA 1 70TH ANNIVERSARY,1049,practice_3,https://www.formula1.com/en/results.html/2020/races/1049/70th-anniversary/practice-3.html,20,20,MAG,Kevin Magnussen,Haas Ferrari,16,1:28.763,+2.142s
2020,FORMULA 1 ARAMCO GRAN PREMIO DE ESPAÑA,1050,practice_3,https://www.formula1.com/en/results.html/2020/races/1050/spain/practice-3.html,1,44,HAM,Lewis Hamilton,Mercedes,12,1:17.222,
2020,FORMULA 1 ARAMCO GRAN PREMIO DE ESPAÑA,1050,practice_3,https://www.formula1.com/en/results.html/2020/races/1050/spain/practice-3.html,2,77,BOT,Valtteri Bottas,Mercedes,13,1:17.373,+0.151s
2020,FORMULA 1 ARAMCO GRAN PREMIO DE ESPAÑA,1050,practice_3,https://www.formula1.com/en/results.html/2020/races/1050/spain/practice-3.html,3,33,VER,Max Verstappen,Red Bull Racing Honda,10,1:17.737,+0.515s
2020,FORMULA 1 ARAMCO GRAN PREMIO DE ESPAÑA,1050,practice_3,https://www.formula1.com/en/results.html/2020/races/1050/spain/practice-3.html,4,55,SAI,Carlos Sainz,McLaren Renault,18,1:18.046,+0.824s
2020,FORMULA 1 ARAMCO GRAN PREMIO DE ESPAÑA,1050,practice_3,https://www.formula1.com/en/results.html/2020/races/1050/spain/practice-3.html,5,11,PER,Sergio Perez,Racing Point BWT Mercedes,16,1:18.096,+0.874s
2020,FORMULA 1 ARAMCO GRAN PREMIO DE ESPAÑA,1050,practice_3,https://www.formula1.com/en/results.html/2020/races/1050/spain/practice-3.html,6,16,LEC,Charles Leclerc,Ferrari,15,1:18.193,+0.971s
2020,FORMULA 1 ARAMCO GRAN PREMIO DE ESPAÑA,1050,practice_3,https://www.formula1.com/en/results.html/2020/races/1050/spain/practice-3.html,7,10,GAS,Pierre Gasly,AlphaTauri Honda,13,1:18.211,+0.989s
2020,FORMULA 1 ARAMCO GRAN PREMIO DE ESPAÑA,1050,practice_3,https://www.formula1.com/en/results.html/2020/races/1050/spain/practice-3.html,8,18,STR,Lance Stroll,Racing Point BWT Mercedes,16,1:18.309,+1.087s
2020,FORMULA 1 ARAMCO GRAN PREMIO DE ESPAÑA,1050,practice_3,https://www.formula1.com/en/results.html/2020/races/1050/spain/practice-3.html,9,23,ALB,Alexander Albon,Red Bull Racing Honda,13,1:18.371,+1.149s
2020,FORMULA 1 ARAMCO GRAN PREMIO DE ESPAÑA,1050,practice_3,https://www.formula1.com/en/results.html/2020/races/1050/spain/practice-3.html,10,3,RIC,Daniel Ricciardo,Renault,12,1:18.384,+1.162s
2020,FORMULA 1 ARAMCO GRAN PREMIO DE ESPAÑA,1050,practice_3,https://www.formula1.com/en/results.html/2020/races/1050/spain/practice-3.html,11,31,OCO,Esteban Ocon,Renault,18,1:18.602,+1.380s
2020,FORMULA 1 ARAMCO GRAN PREMIO DE ESPAÑA,1050,practice_3,https://www.formula1.com/en/results.html/2020/races/1050/spain/practice-3.html,12,5,VET,Sebastian Vettel,Ferrari,15,1:18.707,+1.485s
2020,FORMULA 1 ARAMCO GRAN PREMIO DE ESPAÑA,1050,practice_3,https://www.formula1.com/en/results.html/2020/races/1050/spain/practice-3.html,13,8,GRO,Romain Grosjean,Haas Ferrari,14,1:18.710,+1.488s
2020,FORMULA 1 ARAMCO GRAN PREMIO DE ESPAÑA,1050,practice_3,https://www.formula1.com/en/results.html/2020/races/1050/spain/practice-3.html,14,7,RAI,Kimi Räikkönen,Alfa Romeo Racing Ferrari,11,1:18.721,+1.499s
2020,FORMULA 1 ARAMCO GRAN PREMIO DE ESPAÑA,1050,practice_3,https://www.formula1.com/en/results.html/2020/races/1050/spain/practice-3.html,15,4,NOR,Lando Norris,McLaren Renault,23,1:18.803,+1.581s
2020,FORMULA 1 ARAMCO GRAN PREMIO DE ESPAÑA,1050,practice_3,https://www.formula1.com/en/results.html/2020/races/1050/spain/practice-3.html,16,26,KVY,Daniil Kvyat,AlphaTauri Honda,15,1:18.852,+1.630s
2020,FORMULA 1 ARAMCO GRAN PREMIO DE ESPAÑA,1050,practice_3,https://www.formula1.com/en/results.html/2020/races/1050/spain/practice-3.html,17,20,MAG,Kevin Magnussen,Haas Ferrari,15,1:18.940,+1.718s
2020,FORMULA 1 ARAMCO GRAN PREMIO DE ESPAÑA,1050,practice_3,https://www.formula1.com/en/results.html/2020/races/1050/spain/practice-3.html,18,99,GIO,Antonio Giovinazzi,Alfa Romeo Racing Ferrari,13,1:19.175,+1.953s
2020,FORMULA 1 ARAMCO GRAN PREMIO DE ESPAÑA,1050,practice_3,https://www.formula1.com/en/results.html/2020/races/1050/spain/practice-3.html,19,63,RUS,George Russell,Williams Mercedes,16,1:19.297,+2.075s
2020,FORMULA 1 ARAMCO GRAN PREMIO DE ESPAÑA,1050,practice_3,https://www.formula1.com/en/results.html/2020/races/1050/spain/practice-3.html,20,6,LAT,Nicholas Latifi,Williams Mercedes,16,1:19.764,+2.542s
2020,FORMULA 1 ROLEX BELGIAN,1051,practice_3,https://www.formula1.com/en/results.html/2020/races/1051/belgium/practice-3.html,1,44,HAM,Lewis Hamilton,Mercedes,9,1:43.255,
2020,FORMULA 1 ROLEX BELGIAN,1051,practice_3,https://www.formula1.com/en/results.html/2020/races/1051/belgium/practice-3.html,2,31,OCO,Esteban Ocon,Renault,9,1:43.485,+0.230s
2020,FORMULA 1 ROLEX BELGIAN,1051,practice_3,https://www.formula1.com/en/results.html/2020/races/1051/belgium/practice-3.html,3,4,NOR,Lando Norris,McLaren Renault,12,1:43.641,+0.386s
2020,FORMULA 1 ROLEX BELGIAN,1051,practice_3,https://www.formula1.com/en/results.html/2020/races/1051/belgium/practice-3.html,4,23,ALB,Alexander Albon,Red Bull Racing Honda,13,1:43.731,+0.476s
2020,FORMULA 1 ROLEX BELGIAN,1051,practice_3,https://www.formula1.com/en/results.html/2020/races/1051/belgium/practice-3.html,5,77,BOT,Valtteri Bottas,Mercedes,9,1:43.813,+0.558s
2020,FORMULA 1 ROLEX BELGIAN,1051,practice_3,https://www.formula1.com/en/results.html/2020/races/1051/belgium/practice-3.html,6,33,VER,Max Verstappen,Red Bull Racing Honda,10,1:43.896,+0.641s
2020,FORMULA 1 ROLEX BELGIAN,1051,practice_3,https://www.formula1.com/en/results.html/2020/races/1051/belgium/practice-3.html,7,3,RIC,Daniel Ricciardo,Renault,8,1:43.973,+0.718s
2020,FORMULA 1 ROLEX BELGIAN,1051,practice_3,https://www.formula1.com/en/results.html/2020/races/1051/belgium/practice-3.html,8,18,STR,Lance Stroll,Racing Point BWT Mercedes,12,1:43.988,+0.733s
2020,FORMULA 1 ROLEX BELGIAN,1051,practice_3,https://www.formula1.com/en/results.html/2020/races/1051/belgium/practice-3.html,9,55,SAI,Carlos Sainz,McLaren Renault,13,1:44.006,+0.751s
2020,FORMULA 1 ROLEX BELGIAN,1051,practice_3,https://www.formula1.com/en/results.html/2020/races/1051/belgium/practice-3.html,10,11,PER,Sergio Perez,Racing Point BWT Mercedes,12,1:44.180,+0.925s
2020,FORMULA 1 ROLEX BELGIAN,1051,practice_3,https://www.formula1.com/en/results.html/2020/races/1051/belgium/practice-3.html,11,10,GAS,Pierre Gasly,AlphaTauri Honda,14,1:44.508,+1.253s
2020,FORMULA 1 ROLEX BELGIAN,1051,practice_3,https://www.formula1.com/en/results.html/2020/races/1051/belgium/practice-3.html,12,26,KVY,Daniil Kvyat,AlphaTauri Honda,14,1:44.543,+1.288s
2020,FORMULA 1 ROLEX BELGIAN,1051,practice_3,https://www.formula1.com/en/results.html/2020/races/1051/belgium/practice-3.html,13,6,LAT,Nicholas Latifi,Williams Mercedes,11,1:44.771,+1.516s
2020,FORMULA 1 ROLEX BELGIAN,1051,practice_3,https://www.formula1.com/en/results.html/2020/races/1051/belgium/practice-3.html,14,20,MAG,Kevin Magnussen,Haas Ferrari,10,1:44.841,+1.586s
2020,FORMULA 1 ROLEX BELGIAN,1051,practice_3,https://www.formula1.com/en/results.html/2020/races/1051/belgium/practice-3.html,15,8,GRO,Romain Grosjean,Haas Ferrari,16,1:44.844,+1.589s
2020,FORMULA 1 ROLEX BELGIAN,1051,practice_3,https://www.formula1.com/en/results.html/2020/races/1051/belgium/practice-3.html,16,7,RAI,Kimi Räikkönen,Alfa Romeo Racing Ferrari,11,1:44.932,+1.677s
2020,FORMULA 1 ROLEX BELGIAN,1051,practice_3,https://www.formula1.com/en/results.html/2020/races/1051/belgium/practice-3.html,17,16,LEC,Charles Leclerc,Ferrari,12,1:45.147,+1.892s
2020,FORMULA 1 ROLEX BELGIAN,1051,practice_3,https://www.formula1.com/en/results.html/2020/races/1051/belgium/practice-3.html,18,63,RUS,George Russell,Williams Mercedes,11,1:45.157,+1.902s
2020,FORMULA 1 ROLEX BELGIAN,1051,practice_3,https://www.formula1.com/en/results.html/2020/races/1051/belgium/practice-3.html,19,99,GIO,Antonio Giovinazzi,Alfa Romeo Racing Ferrari,13,1:45.190,+1.935s
2020,FORMULA 1 ROLEX BELGIAN,1051,practice_3,https://www.formula1.com/en/results.html/2020/races/1051/belgium/practice-3.html,20,5,VET,Sebastian Vettel,Ferrari,12,1:45.420,+2.165s
2020,ITALIA,1052,practice_3,https://www.formula1.com/en/results.html/2020/races/1052/italy/practice-3.html,1,77,BOT,Valtteri Bottas,Mercedes,14,1:20.089,
2020,ITALIA,1052,practice_3,https://www.formula1.com/en/results.html/2020/races/1052/italy/practice-3.html,2,55,SAI,Carlos Sainz,McLaren Renault,14,1:20.318,+0.229s
2020,ITALIA,1052,practice_3,https://www.formula1.com/en/results.html/2020/races/1052/italy/practice-3.html,3,4,NOR,Lando Norris,McLaren Renault,15,1:20.412,+0.323s
2020,ITALIA,1052,practice_3,https://www.formula1.com/en/results.html/2020/races/1052/italy/practice-3.html,4,3,RIC,Daniel Ricciardo,Renault,9,1:20.419,+0.330s
2020,ITALIA,1052,practice_3,https://www.formula1.com/en/results.html/2020/races/1052/italy/practice-3.html,5,44,HAM,Lewis Hamilton,Mercedes,11,1:20.439,+0.350s
2020,ITALIA,1052,practice_3,https://www.formula1.com/en/results.html/2020/races/1052/italy/practice-3.html,6,33,VER,Max Verstappen,Red Bull Racing Honda,15,1:20.456,+0.367s
2020,ITALIA,1052,practice_3,https://www.formula1.com/en/results.html/2020/races/1052/italy/practice-3.html,7,23,ALB,Alexander Albon,Red Bull Racing Honda,15,1:20.563,+0.474s
2020,ITALIA,1052,practice_3,https://www.formula1.com/en/results.html/2020/races/1052/italy/practice-3.html,8,31,OCO,Esteban Ocon,Renault,13,1:20.693,+0.604s
2020,ITALIA,1052,practice_3,https://www.formula1.com/en/results.html/2020/races/1052/italy/practice-3.html,9,18,STR,Lance Stroll,Racing Point BWT Mercedes,14,1:20.804,+0.715s
2020,ITALIA,1052,practice_3,https://www.formula1.com/en/results.html/2020/races/1052/italy/practice-3.html,10,11,PER,Sergio Perez,Racing Point BWT Mercedes,13,1:20.897,+0.808s
2020,ITALIA,1052,practice_3,https://www.formula1.com/en/results.html/2020/races/1052/italy/practice-3.html,11,16,LEC,Charles Leclerc,Ferrari,11,1:20.917,+0.828s
2020,ITALIA,1052,practice_3,https://www.formula1.com/en/results.html/2020/races/1052/italy/practice-3.html,12,10,GAS,Pierre Gasly,AlphaTauri Honda,14,1:20.936,+0.847s
2020,ITALIA,1052,practice_3,https://www.formula1.com/en/results.html/2020/races/1052/italy/practice-3.html,13,26,KVY,Daniil Kvyat,AlphaTauri Honda,13,1:20.953,+0.864s
2020,ITALIA,1052,practice_3,https://www.formula1.com/en/results.html/2020/races/1052/italy/practice-3.html,14,8,GRO,Romain Grosjean,Haas Ferrari,14,1:21.205,+1.116s
2020,ITALIA,1052,practice_3,https://www.formula1.com/en/results.html/2020/races/1052/italy/practice-3.html,15,5,VET,Sebastian Vettel,Ferrari,13,1:21.263,+1.174s
2020,ITALIA,1052,practice_3,https://www.formula1.com/en/results.html/2020/races/1052/italy/practice-3.html,16,20,MAG,Kevin Magnussen,Haas Ferrari,15,1:21.436,+1.347s
2020,ITALIA,1052,practice_3,https://www.formula1.com/en/results.html/2020/races/1052/italy/practice-3.html,17,7,RAI,Kimi Räikkönen,Alfa Romeo Racing Ferrari,15,1:21.459,+1.370s
2020,ITALIA,1052,practice_3,https://www.formula1.com/en/results.html/2020/races/1052/italy/practice-3.html,18,63,RUS,George Russell,Williams Mercedes,16,1:21.677,+1.588s
2020,ITALIA,1052,practice_3,https://www.formula1.com/en/results.html/2020/races/1052/italy/practice-3.html,19,6,LAT,Nicholas Latifi,Williams Mercedes,15,1:21.764,+1.675s
2020,ITALIA,1052,practice_3,https://www.formula1.com/en/results.html/2020/races/1052/italy/practice-3.html,20,99,GIO,Antonio Giovinazzi,Alfa Romeo Racing Ferrari,15,1:22.090,+2.001s
1000,FORMULA 1 PIRELLI GRAN PREMIO DELLA TOSCANA FERRARI,1053,practice_3,https://www.formula1.com/en/results.html/2020/races/1053/tuscany/practice-3.html,1,77,BOT,Valtteri Bottas,Mercedes,17,1:16.530,
1000,FORMULA 1 PIRELLI GRAN PREMIO DELLA TOSCANA FERRARI,1053,practice_3,https://www.formula1.com/en/results.html/2020/races/1053/tuscany/practice-3.html,2,33,VER,Max Verstappen,Red Bull Racing Honda,10,1:16.547,+0.017s
1000,FORMULA 1 PIRELLI GRAN PREMIO DELLA TOSCANA FERRARI,1053,practice_3,https://www.formula1.com/en/results.html/2020/races/1053/tuscany/practice-3.html,3,44,HAM,Lewis Hamilton,Mercedes,14,1:16.613,+0.083s
1000,FORMULA 1 PIRELLI GRAN PREMIO DELLA TOSCANA FERRARI,1053,practice_3,https://www.formula1.com/en/results.html/2020/races/1053/tuscany/practice-3.html,4,18,STR,Lance Stroll,Racing Point BWT Mercedes,10,1:17.112,+0.582s
1000,FORMULA 1 PIRELLI GRAN PREMIO DELLA TOSCANA FERRARI,1053,practice_3,https://www.formula1.com/en/results.html/2020/races/1053/tuscany/practice-3.html,5,10,GAS,Pierre Gasly,AlphaTauri Honda,14,1:17.226,+0.696s
1000,FORMULA 1 PIRELLI GRAN PREMIO DELLA TOSCANA FERRARI,1053,practice_3,https://www.formula1.com/en/results.html/2020/races/1053/tuscany/practice-3.html,6,11,PER,Sergio Perez,Racing Point BWT Mercedes,14,1:17.341,+0.811s
1000,FORMULA 1 PIRELLI GRAN PREMIO DELLA TOSCANA FERRARI,1053,practice_3,https://www.formula1.com/en/results.html/2020/races/1053/tuscany/practice-3.html,7,16,LEC,Charles Leclerc,Ferrari,15,1:17.488,+0.958s
1000,FORMULA 1 PIRELLI GRAN PREMIO DELLA TOSCANA FERRARI,1053,practice_3,https://www.formula1.com/en/results.html/2020/races/1053/tuscany/practice-3.html,8,23,ALB,Alexander Albon,Red Bull Racing Honda,11,1:17.538,+1.008s
1000,FORMULA 1 PIRELLI GRAN PREMIO DELLA TOSCANA FERRARI,1053,practice_3,https://www.formula1.com/en/results.html/2020/races/1053/tuscany/practice-3.html,9,26,KVY,Daniil Kvyat,AlphaTauri Honda,17,1:17.627,+1.097s
1000,FORMULA 1 PIRELLI GRAN PREMIO DELLA TOSCANA FERRARI,1053,practice_3,https://www.formula1.com/en/results.html/2020/races/1053/tuscany/practice-3.html,10,8,GRO,Romain Grosjean,Haas Ferrari,19,1:17.635,+1.105s
1000,FORMULA 1 PIRELLI GRAN PREMIO DELLA TOSCANA FERRARI,1053,practice_3,https://www.formula1.com/en/results.html/2020/races/1053/tuscany/practice-3.html,11,31,OCO,Esteban Ocon,Renault,13,1:17.746,+1.216s
1000,FORMULA 1 PIRELLI GRAN PREMIO DELLA TOSCANA FERRARI,1053,practice_3,https://www.formula1.com/en/results.html/2020/races/1053/tuscany/practice-3.html,12,55,SAI,Carlos Sainz,McLaren Renault,19,1:17.768,+1.238s
1000,FORMULA 1 PIRELLI GRAN PREMIO DELLA TOSCANA FERRARI,1053,practice_3,https://www.formula1.com/en/results.html/2020/races/1053/tuscany/practice-3.html,13,99,GIO,Antonio Giovinazzi,Alfa Romeo Racing Ferrari,15,1:17.812,+1.282s
1000,FORMULA 1 PIRELLI GRAN PREMIO DELLA TOSCANA FERRARI,1053,practice_3,https://www.formula1.com/en/results.html/2020/races/1053/tuscany/practice-3.html,14,7,RAI,Kimi Räikkönen,Alfa Romeo Racing Ferrari,17,1:17.843,+1.313s
1000,FORMULA 1 PIRELLI GRAN PREMIO DELLA TOSCANA FERRARI,1053,practice_3,https://www.formula1.com/en/results.html/2020/races/1053/tuscany/practice-3.html,15,20,MAG,Kevin Magnussen,Haas Ferrari,17,1:18.039,+1.509s
1000,FORMULA 1 PIRELLI GRAN PREMIO DELLA TOSCANA FERRARI,1053,practice_3,https://www.formula1.com/en/results.html/2020/races/1053/tuscany/practice-3.html,16,6,LAT,Nicholas Latifi,Williams Mercedes,16,1:18.072,+1.542s
1000,FORMULA 1 PIRELLI GRAN PREMIO DELLA TOSCANA FERRARI,1053,practice_3,https://www.formula1.com/en/results.html/2020/races/1053/tuscany/practice-3.html,17,3,RIC,Daniel Ricciardo,Renault,12,1:18.142,+1.612s
1000,FORMULA 1 PIRELLI GRAN PREMIO DELLA TOSCANA FERRARI,1053,practice_3,https://www.formula1.com/en/results.html/2020/races/1053/tuscany/practice-3.html,18,5,VET,Sebastian Vettel,Ferrari,15,1:18.186,+1.656s
1000,FORMULA 1 PIRELLI GRAN PREMIO DELLA TOSCANA FERRARI,1053,practice_3,https://www.formula1.com/en/results.html/2020/races/1053/tuscany/practice-3.html,19,4,NOR,Lando Norris,McLaren Renault,19,1:18.826,+2.296s
1000,FORMULA 1 PIRELLI GRAN PREMIO DELLA TOSCANA FERRARI,1053,practice_3,https://www.formula1.com/en/results.html/2020/races/1053/tuscany/practice-3.html,20,63,RUS,George Russell,Williams Mercedes,1,,
2020,FORMULA 1 VTB RUSSIAN,1054,practice_3,https://www.formula1.com/en/results.html/2020/races/1054/russia/practice-3.html,1,44,HAM,Lewis Hamilton,Mercedes,16,1:33.279,
2020,FORMULA 1 VTB RUSSIAN,1054,practice_3,https://www.formula1.com/en/results.html/2020/races/1054/russia/practice-3.html,2,77,BOT,Valtteri Bottas,Mercedes,19,1:34.055,+0.776s
2020,FORMULA 1 VTB RUSSIAN,1054,practice_3,https://www.formula1.com/en/results.html/2020/races/1054/russia/practice-3.html,3,55,SAI,Carlos Sainz,McLaren Renault,17,1:34.096,+0.817s
2020,FORMULA 1 VTB RUSSIAN,1054,practice_3,https://www.formula1.com/en/results.html/2020/races/1054/russia/practice-3.html,4,31,OCO,Esteban Ocon,Renault,13,1:34.239,+0.960s
2020,FORMULA 1 VTB RUSSIAN,1054,practice_3,https://www.formula1.com/en/results.html/2020/races/1054/russia/practice-3.html,5,11,PER,Sergio Perez,Racing Point BWT Mercedes,14,1:34.252,+0.973s
2020,FORMULA 1 VTB RUSSIAN,1054,practice_3,https://www.formula1.com/en/results.html/2020/races/1054/russia/practice-3.html,6,33,VER,Max Verstappen,Red Bull Racing Honda,11,1:34.306,+1.027s
2020,FORMULA 1 VTB RUSSIAN,1054,practice_3,https://www.formula1.com/en/results.html/2020/races/1054/russia/practice-3.html,7,5,VET,Sebastian Vettel,Ferrari,14,1:34.594,+1.315s
2020,FORMULA 1 VTB RUSSIAN,1054,practice_3,https://www.formula1.com/en/results.html/2020/races/1054/russia/practice-3.html,8,18,STR,Lance Stroll,Racing Point BWT Mercedes,13,1:34.732,+1.453s
2020,FORMULA 1 VTB RUSSIAN,1054,practice_3,https://www.formula1.com/en/results.html/2020/races/1054/russia/practice-3.html,9,26,KVY,Daniil Kvyat,AlphaTauri Honda,14,1:34.768,+1.489s
2020,FORMULA 1 VTB RUSSIAN,1054,practice_3,https://www.formula1.com/en/results.html/2020/races/1054/russia/practice-3.html,10,3,RIC,Daniel Ricciardo,Renault,12,1:34.787,+1.508s
2020,FORMULA 1 VTB RUSSIAN,1054,practice_3,https://www.formula1.com/en/results.html/2020/races/1054/russia/practice-3.html,11,10,GAS,Pierre Gasly,AlphaTauri Honda,12,1:34.792,+1.513s
2020,FORMULA 1 VTB RUSSIAN,1054,practice_3,https://www.formula1.com/en/results.html/2020/races/1054/russia/practice-3.html,12,16,LEC,Charles Leclerc,Ferrari,14,1:34.806,+1.527s
2020,FORMULA 1 VTB RUSSIAN,1054,practice_3,https://www.formula1.com/en/results.html/2020/races/1054/russia/practice-3.html,13,63,RUS,George Russell,Williams Mercedes,16,1:34.979,+1.700s
2020,FORMULA 1 VTB RUSSIAN,1054,practice_3,https://www.formula1.com/en/results.html/2020/races/1054/russia/practice-3.html,14,8,GRO,Romain Grosjean,Haas Ferrari,14,1:35.257,+1.978s
2020,FORMULA 1 VTB RUSSIAN,1054,practice_3,https://www.formula1.com/en/results.html/2020/races/1054/russia/practice-3.html,15,6,LAT,Nicholas Latifi,Williams Mercedes,14,1:35.292,+2.013s
2020,FORMULA 1 VTB RUSSIAN,1054,practice_3,https://www.formula1.com/en/results.html/2020/races/1054/russia/practice-3.html,16,20,MAG,Kevin Magnussen,Haas Ferrari,14,1:35.451,+2.172s
2020,FORMULA 1 VTB RUSSIAN,1054,practice_3,https://www.formula1.com/en/results.html/2020/races/1054/russia/practice-3.html,17,99,GIO,Antonio Giovinazzi,Alfa Romeo Racing Ferrari,15,1:35.590,+2.311s
2020,FORMULA 1 VTB RUSSIAN,1054,practice_3,https://www.formula1.com/en/results.html/2020/races/1054/russia/practice-3.html,18,7,RAI,Kimi Räikkönen,Alfa Romeo Racing Ferrari,15,1:35.599,+2.320s
2020,FORMULA 1 VTB RUSSIAN,1054,practice_3,https://www.formula1.com/en/results.html/2020/races/1054/russia/practice-3.html,19,23,ALB,Alexander Albon,Red Bull Racing Honda,14,1:35.603,+2.324s
2020,FORMULA 1 VTB RUSSIAN,1054,practice_3,https://www.formula1.com/en/results.html/2020/races/1054/russia/practice-3.html,20,4,NOR,Lando Norris,McLaren Renault,17,1:35.981,+2.702s
2020,FORMULA 1 ARAMCO GROSSER PREIS DER EIFEL,1055,practice_3,https://www.formula1.com/en/results.html/2020/races/1055/eifel/practice-3.html,1,77,BOT,Valtteri Bottas,Mercedes,25,1:26.225,
2020,FORMULA 1 ARAMCO GROSSER PREIS DER EIFEL,1055,practice_3,https://www.formula1.com/en/results.html/2020/races/1055/eifel/practice-3.html,2,44,HAM,Lewis Hamilton,Mercedes,27,1:26.361,+0.136s
2020,FORMULA 1 ARAMCO GROSSER PREIS DER EIFEL,1055,practice_3,https://www.formula1.com/en/results.html/2020/races/1055/eifel/practice-3.html,3,16,LEC,Charles Leclerc,Ferrari,25,1:26.681,+0.456s
2020,FORMULA 1 ARAMCO GROSSER PREIS DER EIFEL,1055,practice_3,https://www.formula1.com/en/results.html/2020/races/1055/eifel/practice-3.html,4,33,VER,Max Verstappen,Red Bull Racing Honda,24,1:26.896,+0.671s
2020,FORMULA 1 ARAMCO GROSSER PREIS DER EIFEL,1055,practice_3,https://www.formula1.com/en/results.html/2020/races/1055/eifel/practice-3.html,5,5,VET,Sebastian Vettel,Ferrari,25,1:27.038,+0.813s
2020,FORMULA 1 ARAMCO GROSSER PREIS DER EIFEL,1055,practice_3,https://www.formula1.com/en/results.html/2020/races/1055/eifel/practice-3.html,6,4,NOR,Lando Norris,McLaren Renault,29,1:27.167,+0.942s
2020,FORMULA 1 ARAMCO GROSSER PREIS DER EIFEL,1055,practice_3,https://www.formula1.com/en/results.html/2020/races/1055/eifel/practice-3.html,7,11,PER,Sergio Perez,Racing Point BWT Mercedes,25,1:27.245,+1.020s
2020,FORMULA 1 ARAMCO GROSSER PREIS DER EIFEL,1055,practice_3,https://www.formula1.com/en/results.html/2020/races/1055/eifel/practice-3.html,8,3,RIC,Daniel Ricciardo,Renault,23,1:27.392,+1.167s
2020,FORMULA 1 ARAMCO GROSSER PREIS DER EIFEL,1055,practice_3,https://www.formula1.com/en/results.html/2020/races/1055/eifel/practice-3.html,9,23,ALB,Alexander Albon,Red Bull Racing Honda,23,1:27.449,+1.224s
2020,FORMULA 1 ARAMCO GROSSER PREIS DER EIFEL,1055,practice_3,https://www.formula1.com/en/results.html/2020/races/1055/eifel/practice-3.html,10,10,GAS,Pierre Gasly,AlphaTauri Honda,28,1:27.528,+1.303s
2020,FORMULA 1 ARAMCO GROSSER PREIS DER EIFEL,1055,practice_3,https://www.formula1.com/en/results.html/2020/races/1055/eifel/practice-3.html,11,31,OCO,Esteban Ocon,Renault,27,1:27.634,+1.409s
2020,FORMULA 1 ARAMCO GROSSER PREIS DER EIFEL,1055,practice_3,https://www.formula1.com/en/results.html/2020/races/1055/eifel/practice-3.html,12,26,KVY,Daniil Kvyat,AlphaTauri Honda,26,1:27.795,+1.570s
2020,FORMULA 1 ARAMCO GROSSER PREIS DER EIFEL,1055,practice_3,https://www.formula1.com/en/results.html/2020/races/1055/eifel/practice-3.html,13,55,SAI,Carlos Sainz,McLaren Renault,29,1:27.924,+1.699s
2020,FORMULA 1 ARAMCO GROSSER PREIS DER EIFEL,1055,practice_3,https://www.formula1.com/en/results.html/2020/races/1055/eifel/practice-3.html,14,7,RAI,Kimi Räikkönen,Alfa Romeo Racing Ferrari,25,1:27.956,+1.731s
2020,FORMULA 1 ARAMCO GROSSER PREIS DER EIFEL,1055,practice_3,https://www.formula1.com/en/results.html/2020/races/1055/eifel/practice-3.html,15,8,GRO,Romain Grosjean,Haas Ferrari,27,1:28.115,+1.890s
2020,FORMULA 1 ARAMCO GROSSER PREIS DER EIFEL,1055,practice_3,https://www.formula1.com/en/results.html/2020/races/1055/eifel/practice-3.html,16,20,MAG,Kevin Magnussen,Haas Ferrari,27,1:28.293,+2.068s
2020,FORMULA 1 ARAMCO GROSSER PREIS DER EIFEL,1055,practice_3,https://www.formula1.com/en/results.html/2020/races/1055/eifel/practice-3.html,17,63,RUS,George Russell,Williams Mercedes,30,1:28.343,+2.118s
2020,FORMULA 1 ARAMCO GROSSER PREIS DER EIFEL,1055,practice_3,https://www.formula1.com/en/results.html/2020/races/1055/eifel/practice-3.html,18,99,GIO,Antonio Giovinazzi,Alfa Romeo Racing Ferrari,25,1:28.370,+2.145s
2020,FORMULA 1 ARAMCO GROSSER PREIS DER EIFEL,1055,practice_3,https://www.formula1.com/en/results.html/2020/races/1055/eifel/practice-3.html,19,6,LAT,Nicholas Latifi,Williams Mercedes,26,1:28.941,+2.716s
2020,FORMULA 1 HEINEKEN GRANDE PRÉMIO DE PORTUGAL,1056,practice_3,https://www.formula1.com/en/results.html/2020/races/1056/portugal/practice-3.html,1,77,BOT,Valtteri Bottas,Mercedes,27,1:16.654,
2020,FORMULA 1 HEINEKEN GRANDE PRÉMIO DE PORTUGAL,1056,practice_3,https://www.formula1.com/en/results.html/2020/races/1056/portugal/practice-3.html,2,44,HAM,Lewis Hamilton,Mercedes,23,1:16.680,+0.026s
2020,FORMULA 1 HEINEKEN GRANDE PRÉMIO DE PORTUGAL,1056,practice_3,https://www.formula1.com/en/results.html/2020/races/1056/portugal/practice-3.html,3,33,VER,Max Verstappen,Red Bull Racing Honda,21,1:16.812,+0.158s
2020,FORMULA 1 HEINEKEN GRANDE PRÉMIO DE PORTUGAL,1056,practice_3,https://www.formula1.com/en/results.html/2020/races/1056/portugal/practice-3.html,4,10,GAS,Pierre Gasly,AlphaTauri Honda,24,1:16.930,+0.276s
2020,FORMULA 1 HEINEKEN GRANDE PRÉMIO DE PORTUGAL,1056,practice_3,https://www.formula1.com/en/results.html/2020/races/1056/portugal/practice-3.html,5,23,ALB,Alexander Albon,Red Bull Racing Honda,25,1:17.117,+0.463s
2020,FORMULA 1 HEINEKEN GRANDE PRÉMIO DE PORTUGAL,1056,practice_3,https://www.formula1.com/en/results.html/2020/races/1056/portugal/practice-3.html,6,16,LEC,Charles Leclerc,Ferrari,20,1:17.229,+0.575s
2020,FORMULA 1 HEINEKEN GRANDE PRÉMIO DE PORTUGAL,1056,practice_3,https://www.formula1.com/en/results.html/2020/races/1056/portugal/practice-3.html,7,55,SAI,Carlos Sainz,McLaren Renault,24,1:17.238,+0.584s
2020,FORMULA 1 HEINEKEN GRANDE PRÉMIO DE PORTUGAL,1056,practice_3,https://www.formula1.com/en/results.html/2020/races/1056/portugal/practice-3.html,8,11,PER,Sergio Perez,Racing Point BWT Mercedes,17,1:17.297,+0.643s
2020,FORMULA 1 HEINEKEN GRANDE PRÉMIO DE PORTUGAL,1056,practice_3,https://www.formula1.com/en/results.html/2020/races/1056/portugal/practice-3.html,9,4,NOR,Lando Norris,McLaren Renault,22,1:17.478,+0.824s
2020,FORMULA 1 HEINEKEN GRANDE PRÉMIO DE PORTUGAL,1056,practice_3,https://www.formula1.com/en/results.html/2020/races/1056/portugal/practice-3.html,10,31,OCO,Esteban Ocon,Renault,20,1:17.666,+1.012s
2020,FORMULA 1 HEINEKEN GRANDE PRÉMIO DE PORTUGAL,1056,practice_3,https://www.formula1.com/en/results.html/2020/races/1056/portugal/practice-3.html,11,5,VET,Sebastian Vettel,Ferrari,24,1:17.685,+1.031s
2020,FORMULA 1 HEINEKEN GRANDE PRÉMIO DE PORTUGAL,1056,practice_3,https://www.formula1.com/en/results.html/2020/races/1056/portugal/practice-3.html,12,26,KVY,Daniil Kvyat,AlphaTauri Honda,29,1:17.720,+1.066s
2020,FORMULA 1 HEINEKEN GRANDE PRÉMIO DE PORTUGAL,1056,practice_3,https://www.formula1.com/en/results.html/2020/races/1056/portugal/practice-3.html,13,7,RAI,Kimi Räikkönen,Alfa Romeo Racing Ferrari,20,1:17.922,+1.268s
2020,FORMULA 1 HEINEKEN GRANDE PRÉMIO DE PORTUGAL,1056,practice_3,https://www.formula1.com/en/results.html/2020/races/1056/portugal/practice-3.html,14,3,RIC,Daniel Ricciardo,Renault,13,1:17.935,+1.281s
2020,FORMULA 1 HEINEKEN GRANDE PRÉMIO DE PORTUGAL,1056,practice_3,https://www.formula1.com/en/results.html/2020/races/1056/portugal/practice-3.html,15,63,RUS,George Russell,Williams Mercedes,20,1:18.032,+1.378s
2020,FORMULA 1 HEINEKEN GRANDE PRÉMIO DE PORTUGAL,1056,practice_3,https://www.formula1.com/en/results.html/2020/races/1056/portugal/practice-3.html,16,18,STR,Lance Stroll,Racing Point BWT Mercedes,17,1:18.100,+1.446s
2020,FORMULA 1 HEINEKEN GRANDE PRÉMIO DE PORTUGAL,1056,practice_3,https://www.formula1.com/en/results.html/2020/races/1056/portugal/practice-3.html,17,99,GIO,Antonio Giovinazzi,Alfa Romeo Racing Ferrari,20,1:18.201,+1.547s
2020,FORMULA 1 HEINEKEN GRANDE PRÉMIO DE PORTUGAL,1056,practice_3,https://www.formula1.com/en/results.html/2020/races/1056/portugal/practice-3.html,18,20,MAG,Kevin Magnussen,Haas Ferrari,13,1:18.287,+1.633s
2020,FORMULA 1 HEINEKEN GRANDE PRÉMIO DE PORTUGAL,1056,practice_3,https://www.formula1.com/en/results.html/2020/races/1056/portugal/practice-3.html,19,6,LAT,Nicholas Latifi,Williams Mercedes,20,1:18.397,+1.743s
2020,FORMULA 1 HEINEKEN GRANDE PRÉMIO DE PORTUGAL,1056,practice_3,https://www.formula1.com/en/results.html/2020/races/1056/portugal/practice-3.html,20,8,GRO,Romain Grosjean,Haas Ferrari,19,1:18.454,+1.800s
2020,FORMULA 1 DHL TURKISH,1058,practice_3,https://www.formula1.com/en/results.html/2020/races/1058/turkey/practice-3.html,1,33,VER,Max Verstappen,Red Bull Racing Honda,6,1:48.485,
2020,FORMULA 1 DHL TURKISH,1058,practice_3,https://www.formula1.com/en/results.html/2020/races/1058/turkey/practice-3.html,2,16,LEC,Charles Leclerc,Ferrari,9,1:49.430,+0.945s
2020,FORMULA 1 DHL TURKISH,1058,practice_3,https://www.formula1.com/en/results.html/2020/races/1058/turkey/practice-3.html,3,23,ALB,Alexander Albon,Red Bull Racing Honda,5,1:50.059,+1.574s
2020,FORMULA 1 DHL TURKISH,1058,practice_3,https://www.formula1.com/en/results.html/2020/races/1058/turkey/practice-3.html,4,31,OCO,Esteban Ocon,Renault,9,1:53.897,+5.412s
2020,FORMULA 1 DHL TURKISH,1058,practice_3,https://www.formula1.com/en/results.html/2020/races/1058/turkey/practice-3.html,5,4,NOR,Lando Norris,McLaren Renault,7,1:53.995,+5.510s
2020,FORMULA 1 DHL TURKISH,1058,practice_3,https://www.formula1.com/en/results.html/2020/races/1058/turkey/practice-3.html,6,5,VET,Sebastian Vettel,Ferrari,14,1:54.490,+6.005s
2020,FORMULA 1 DHL TURKISH,1058,practice_3,https://www.formula1.com/en/results.html/2020/races/1058/turkey/practice-3.html,7,11,PER,Sergio Perez,Racing Point BWT Mercedes,6,1:55.577,+7.092s
2020,FORMULA 1 DHL TURKISH,1058,practice_3,https://www.formula1.com/en/results.html/2020/races/1058/turkey/practice-3.html,8,77,BOT,Valtteri Bottas,Mercedes,4,1:55.666,+7.181s
2020,FORMULA 1 DHL TURKISH,1058,practice_3,https://www.formula1.com/en/results.html/2020/races/1058/turkey/practice-3.html,9,20,MAG,Kevin Magnussen,Haas Ferrari,4,1:55.878,+7.393s
2020,FORMULA 1 DHL TURKISH,1058,practice_3,https://www.formula1.com/en/results.html/2020/races/1058/turkey/practice-3.html,10,18,STR,Lance Stroll,Racing Point BWT Mercedes,5,1:56.824,+8.339s
2020,FORMULA 1 DHL TURKISH,1058,practice_3,https://www.formula1.com/en/results.html/2020/races/1058/turkey/practice-3.html,11,3,RIC,Daniel Ricciardo,Renault,6,1:58.475,+9.990s
2020,FORMULA 1 DHL TURKISH,1058,practice_3,https://www.formula1.com/en/results.html/2020/races/1058/turkey/practice-3.html,12,55,SAI,Carlos Sainz,McLaren Renault,7,1:59.548,+11.063s
2020,FORMULA 1 DHL TURKISH,1058,practice_3,https://www.formula1.com/en/results.html/2020/races/1058/turkey/practice-3.html,13,99,GIO,Antonio Giovinazzi,Alfa Romeo Racing Ferrari,10,2:02.325,+13.840s
2020,FORMULA 1 DHL TURKISH,1058,practice_3,https://www.formula1.com/en/results.html/2020/races/1058/turkey/practice-3.html,14,10,GAS,Pierre Gasly,AlphaTauri Honda,7,2:02.473,+13.988s
2020,FORMULA 1 DHL TURKISH,1058,practice_3,https://www.formula1.com/en/results.html/2020/races/1058/turkey/practice-3.html,15,8,GRO,Romain Grosjean,Haas Ferrari,5,2:04.748,+16.263s
2020,FORMULA 1 DHL TURKISH,1058,practice_3,https://www.formula1.com/en/results.html/2020/races/1058/turkey/practice-3.html,16,7,RAI,Kimi Räikkönen,Alfa Romeo Racing Ferrari,13,2:06.351,+17.866s
2020,FORMULA 1 DHL TURKISH,1058,practice_3,https://www.formula1.com/en/results.html/2020/races/1058/turkey/practice-3.html,17,26,KVY,Daniil Kvyat,AlphaTauri Honda,8,2:09.368,+20.883s
2020,FORMULA 1 DHL TURKISH,1058,practice_3,https://www.formula1.com/en/results.html/2020/races/1058/turkey/practice-3.html,18,63,RUS,George Russell,Williams Mercedes,1,,
2020,FORMULA 1 DHL TURKISH,1058,practice_3,https://www.formula1.com/en/results.html/2020/races/1058/turkey/practice-3.html,19,6,LAT,Nicholas Latifi,Williams Mercedes,1,,
2020,FORMULA 1 DHL TURKISH,1058,practice_3,https://www.formula1.com/en/results.html/2020/races/1058/turkey/practice-3.html,20,44,HAM,Lewis Hamilton,Mercedes,3,,
2020,FORMULA 1 GULF AIR BAHRAIN,1059,practice_3,https://www.formula1.com/en/results.html/2020/races/1059/bahrain/practice-3.html,1,33,VER,Max Verstappen,Red Bull Racing Honda,11,1:28.355,
2020,FORMULA 1 GULF AIR BAHRAIN,1059,practice_3,https://www.formula1.com/en/results.html/2020/races/1059/bahrain/practice-3.html,2,44,HAM,Lewis Hamilton,Mercedes,12,1:28.618,+0.263s
2020,FORMULA 1 GULF AIR BAHRAIN,1059,practice_3,https://www.formula1.com/en/results.html/2020/races/1059/bahrain/practice-3.html,3,77,BOT,Valtteri Bottas,Mercedes,14,1:28.721,+0.366s
2020,FORMULA 1 GULF AIR BAHRAIN,1059,practice_3,https://www.formula1.com/en/results.html/2020/races/1059/bahrain/practice-3.html,4,23,ALB,Alexander Albon,Red Bull Racing Honda,12,1:29.018,+0.663s
2020,FORMULA 1 GULF AIR BAHRAIN,1059,practice_3,https://www.formula1.com/en/results.html/2020/races/1059/bahrain/practice-3.html,5,55,SAI,Carlos Sainz,McLaren Renault,12,1:29.455,+1.100s
2020,FORMULA 1 GULF AIR BAHRAIN,1059,practice_3,https://www.formula1.com/en/results.html/2020/races/1059/bahrain/practice-3.html,6,10,GAS,Pierre Gasly,AlphaTauri Honda,16,1:29.472,+1.117s
2020,FORMULA 1 GULF AIR BAHRAIN,1059,practice_3,https://www.formula1.com/en/results.html/2020/races/1059/bahrain/practice-3.html,7,4,NOR,Lando Norris,McLaren Renault,8,1:29.567,+1.212s
2020,FORMULA 1 GULF AIR BAHRAIN,1059,practice_3,https://www.formula1.com/en/results.html/2020/races/1059/bahrain/practice-3.html,8,26,KVY,Daniil Kvyat,AlphaTauri Honda,17,1:29.585,+1.230s
2020,FORMULA 1 GULF AIR BAHRAIN,1059,practice_3,https://www.formula1.com/en/results.html/2020/races/1059/bahrain/practice-3.html,9,18,STR,Lance Stroll,Racing Point BWT Mercedes,13,1:29.660,+1.305s
2020,FORMULA 1 GULF AIR BAHRAIN,1059,practice_3,https://www.formula1.com/en/results.html/2020/races/1059/bahrain/practice-3.html,10,11,PER,Sergio Perez,Racing Point BWT Mercedes,12,1:29.672,+1.317s
2020,FORMULA 1 GULF AIR BAHRAIN,1059,practice_3,https://www.formula1.com/en/results.html/2020/races/1059/bahrain/practice-3.html,11,3,RIC,Daniel Ricciardo,Renault,9,1:29.684,+1.329s
2020,FORMULA 1 GULF AIR BAHRAIN,1059,practice_3,https://www.formula1.com/en/results.html/2020/races/1059/bahrain/practice-3.html,12,31,OCO,Esteban Ocon,Renault,11,1:29.691,+1.336s
2020,FORMULA 1 GULF AIR BAHRAIN,1059,practice_3,https://www.formula1.com/en/results.html/2020/races/1059/bahrain/practice-3.html,13,5,VET,Sebastian Vettel,Ferrari,15,1:29.859,+1.504s
2020,FORMULA 1 GULF AIR BAHRAIN,1059,practice_3,https://www.formula1.com/en/results.html/2020/races/1059/bahrain/practice-3.html,14,99,GIO,Antonio Giovinazzi,Alfa Romeo Racing Ferrari,10,1:29.970,+1.615s
2020,FORMULA 1 GULF AIR BAHRAIN,1059,practice_3,https://www.formula1.com/en/results.html/2020/races/1059/bahrain/practice-3.html,15,16,LEC,Charles Leclerc,Ferrari,14,1:30.183,+1.828s
2020,FORMULA 1 GULF AIR BAHRAIN,1059,practice_3,https://www.formula1.com/en/results.html/2020/races/1059/bahrain/practice-3.html,16,63,RUS,George Russell,Williams Mercedes,16,1:30.559,+2.204s
2020,FORMULA 1 GULF AIR BAHRAIN,1059,practice_3,https://www.formula1.com/en/results.html/2020/races/1059/bahrain/practice-3.html,17,8,GRO,Romain Grosjean,Haas Ferrari,16,1:30.652,+2.297s
2020,FORMULA 1 GULF AIR BAHRAIN,1059,practice_3,https://www.formula1.com/en/results.html/2020/races/1059/bahrain/practice-3.html,18,20,MAG,Kevin Magnussen,Haas Ferrari,12,1:30.759,+2.404s
2020,FORMULA 1 GULF AIR BAHRAIN,1059,practice_3,https://www.formula1.com/en/results.html/2020/races/1059/bahrain/practice-3.html,19,7,RAI,Kimi Räikkönen,Alfa Romeo Racing Ferrari,16,1:30.823,+2.468s
2020,FORMULA 1 GULF AIR BAHRAIN,1059,practice_3,https://www.formula1.com/en/results.html/2020/races/1059/bahrain/practice-3.html,20,6,LAT,Nicholas Latifi,Williams Mercedes,19,1:30.917,+2.562s
2020,FORMULA 1 ROLEX SAKHIR,1060,practice_3,https://www.formula1.com/en/results.html/2020/races/1060/sakhir/practice-3.html,1,33,VER,Max Verstappen,Red Bull Racing Honda,23,54.064,
2020,FORMULA 1 ROLEX SAKHIR,1060,practice_3,https://www.formula1.com/en/results.html/2020/races/1060/sakhir/practice-3.html,2,77,BOT,Valtteri Bottas,Mercedes,20,54.270,+0.206s
2020,FORMULA 1 ROLEX SAKHIR,1060,practice_3,https://www.formula1.com/en/results.html/2020/races/1060/sakhir/practice-3.html,3,10,GAS,Pierre Gasly,AlphaTauri Honda,24,54.427,+0.363s
2020,FORMULA 1 ROLEX SAKHIR,1060,practice_3,https://www.formula1.com/en/results.html/2020/races/1060/sakhir/practice-3.html,4,31,OCO,Esteban Ocon,Renault,21,54.453,+0.389s
2020,FORMULA 1 ROLEX SAKHIR,1060,practice_3,https://www.formula1.com/en/results.html/2020/races/1060/sakhir/practice-3.html,5,4,NOR,Lando Norris,McLaren Renault,15,54.606,+0.542s
2020,FORMULA 1 ROLEX SAKHIR,1060,practice_3,https://www.formula1.com/en/results.html/2020/races/1060/sakhir/practice-3.html,6,23,ALB,Alexander Albon,Red Bull Racing Honda,22,54.629,+0.565s
2020,FORMULA 1 ROLEX SAKHIR,1060,practice_3,https://www.formula1.com/en/results.html/2020/races/1060/sakhir/practice-3.html,7,63,RUS,George Russell,Mercedes,20,54.664,+0.600s
2020,FORMULA 1 ROLEX SAKHIR,1060,practice_3,https://www.formula1.com/en/results.html/2020/races/1060/sakhir/practice-3.html,8,11,PER,Sergio Perez,Racing Point BWT Mercedes,20,54.678,+0.614s
2020,FORMULA 1 ROLEX SAKHIR,1060,practice_3,https://www.formula1.com/en/results.html/2020/races/1060/sakhir/practice-3.html,9,18,STR,Lance Stroll,Racing Point BWT Mercedes,18,54.693,+0.629s
2020,FORMULA 1 ROLEX SAKHIR,1060,practice_3,https://www.formula1.com/en/results.html/2020/races/1060/sakhir/practice-3.html,10,55,SAI,Carlos Sainz,McLaren Renault,16,54.720,+0.656s
2020,FORMULA 1 ROLEX SAKHIR,1060,practice_3,https://www.formula1.com/en/results.html/2020/races/1060/sakhir/practice-3.html,11,99,GIO,Antonio Giovinazzi,Alfa Romeo Racing Ferrari,20,54.845,+0.781s
2020,FORMULA 1 ROLEX SAKHIR,1060,practice_3,https://www.formula1.com/en/results.html/2020/races/1060/sakhir/practice-3.html,12,26,KVY,Daniil Kvyat,AlphaTauri Honda,23,54.850,+0.786s
2020,FORMULA 1 ROLEX SAKHIR,1060,practice_3,https://www.formula1.com/en/results.html/2020/races/1060/sakhir/practice-3.html,13,16,LEC,Charles Leclerc,Ferrari,21,54.854,+0.790s
2020,FORMULA 1 ROLEX SAKHIR,1060,practice_3,https://www.formula1.com/en/results.html/2020/races/1060/sakhir/practice-3.html,14,3,RIC,Daniel Ricciardo,Renault,15,54.857,+0.793s
2020,FORMULA 1 ROLEX SAKHIR,1060,practice_3,https://www.formula1.com/en/results.html/2020/races/1060/sakhir/practice-3.html,15,5,VET,Sebastian Vettel,Ferrari,17,54.858,+0.794s
2020,FORMULA 1 ROLEX SAKHIR,1060,practice_3,https://www.formula1.com/en/results.html/2020/races/1060/sakhir/practice-3.html,16,7,RAI,Kimi Räikkönen,Alfa Romeo Racing Ferrari,20,55.171,+1.107s
2020,FORMULA 1 ROLEX SAKHIR,1060,practice_3,https://www.formula1.com/en/results.html/2020/races/1060/sakhir/practice-3.html,17,20,MAG,Kevin Magnussen,Haas Ferrari,19,55.347,+1.283s
2020,FORMULA 1 ROLEX SAKHIR,1060,practice_3,https://www.formula1.com/en/results.html/2020/races/1060/sakhir/practice-3.html,18,6,LAT,Nicholas Latifi,Williams Mercedes,21,55.493,+1.429s
2020,FORMULA 1 ROLEX SAKHIR,1060,practice_3,https://www.formula1.com/en/results.html/2020/races/1060/sakhir/practice-3.html,19,51,FIT,Pietro Fittipaldi,Haas Ferrari,21,55.666,+1.602s
2020,FORMULA 1 ROLEX SAKHIR,1060,practice_3,https://www.formula1.com/en/results.html/2020/races/1060/sakhir/practice-3.html,20,89,AIT,Jack Aitken,Williams Mercedes,23,55.670,+1.606s
2020,FORMULA 1 ETIHAD AIRWAYS ABU DHABI,1061,practice_3,https://www.formula1.com/en/results.html/2020/races/1061/abu-dhabi/practice-3.html,1,33,VER,Max Verstappen,Red Bull Racing Honda,16,1:36.251,
2020,FORMULA 1 ETIHAD AIRWAYS ABU DHABI,1061,practice_3,https://www.formula1.com/en/results.html/2020/races/1061/abu-dhabi/practice-3.html,2,23,ALB,Alexander Albon,Red Bull Racing Honda,15,1:36.752,+0.501s
2020,FORMULA 1 ETIHAD AIRWAYS ABU DHABI,1061,practice_3,https://www.formula1.com/en/results.html/2020/races/1061/abu-dhabi/practice-3.html,3,3,RIC,Daniel Ricciardo,Renault,12,1:36.877,+0.626s
2020,FORMULA 1 ETIHAD AIRWAYS ABU DHABI,1061,practice_3,https://www.formula1.com/en/results.html/2020/races/1061/abu-dhabi/practice-3.html,4,31,OCO,Esteban Ocon,Renault,15,1:36.899,+0.648s
2020,FORMULA 1 ETIHAD AIRWAYS ABU DHABI,1061,practice_3,https://www.formula1.com/en/results.html/2020/races/1061/abu-dhabi/practice-3.html,5,4,NOR,Lando Norris,McLaren Renault,13,1:36.994,+0.743s
2020,FORMULA 1 ETIHAD AIRWAYS ABU DHABI,1061,practice_3,https://www.formula1.com/en/results.html/2020/races/1061/abu-dhabi/practice-3.html,6,44,HAM,Lewis Hamilton,Mercedes,16,1:37.012,+0.761s
2020,FORMULA 1 ETIHAD AIRWAYS ABU DHABI,1061,practice_3,https://www.formula1.com/en/results.html/2020/races/1061/abu-dhabi/practice-3.html,7,18,STR,Lance Stroll,Racing Point BWT Mercedes,16,1:37.030,+0.779s
2020,FORMULA 1 ETIHAD AIRWAYS ABU DHABI,1061,practice_3,https://www.formula1.com/en/results.html/2020/races/1061/abu-dhabi/practice-3.html,8,55,SAI,Carlos Sainz,McLaren Renault,12,1:37.068,+0.817s
2020,FORMULA 1 ETIHAD AIRWAYS ABU DHABI,1061,practice_3,https://www.formula1.com/en/results.html/2020/races/1061/abu-dhabi/practice-3.html,9,77,BOT,Valtteri Bottas,Mercedes,16,1:37.085,+0.834s
2020,FORMULA 1 ETIHAD AIRWAYS ABU DHABI,1061,practice_3,https://www.formula1.com/en/results.html/2020/races/1061/abu-dhabi/practice-3.html,10,11,PER,Sergio Perez,Racing Point BWT Mercedes,13,1:37.227,+0.976s
2020,FORMULA 1 ETIHAD AIRWAYS ABU DHABI,1061,practice_3,https://www.formula1.com/en/results.html/2020/races/1061/abu-dhabi/practice-3.html,11,26,KVY,Daniil Kvyat,AlphaTauri Honda,17,1:37.266,+1.015s
2020,FORMULA 1 ETIHAD AIRWAYS ABU DHABI,1061,practice_3,https://www.formula1.com/en/results.html/2020/races/1061/abu-dhabi/practice-3.html,12,16,LEC,Charles Leclerc,Ferrari,14,1:37.270,+1.019s
2020,FORMULA 1 ETIHAD AIRWAYS ABU DHABI,1061,practice_3,https://www.formula1.com/en/results.html/2020/races/1061/abu-dhabi/practice-3.html,13,10,GAS,Pierre Gasly,AlphaTauri Honda,18,1:37.371,+1.120s
2020,FORMULA 1 ETIHAD AIRWAYS ABU DHABI,1061,practice_3,https://www.formula1.com/en/results.html/2020/races/1061/abu-dhabi/practice-3.html,14,5,VET,Sebastian Vettel,Ferrari,16,1:37.728,+1.477s
2020,FORMULA 1 ETIHAD AIRWAYS ABU DHABI,1061,practice_3,https://www.formula1.com/en/results.html/2020/races/1061/abu-dhabi/practice-3.html,15,63,RUS,George Russell,Williams Mercedes,16,1:37.886,+1.635s
2020,FORMULA 1 ETIHAD AIRWAYS ABU DHABI,1061,practice_3,https://www.formula1.com/en/results.html/2020/races/1061/abu-dhabi/practice-3.html,16,99,GIO,Antonio Giovinazzi,Alfa Romeo Racing Ferrari,16,1:37.900,+1.649s
2020,FORMULA 1 ETIHAD AIRWAYS ABU DHABI,1061,practice_3,https://www.formula1.com/en/results.html/2020/races/1061/abu-dhabi/practice-3.html,17,7,RAI,Kimi Räikkönen,Alfa Romeo Racing Ferrari,16,1:38.269,+2.018s
2020,FORMULA 1 ETIHAD AIRWAYS ABU DHABI,1061,practice_3,https://www.formula1.com/en/results.html/2020/races/1061/abu-dhabi/practice-3.html,18,20,MAG,Kevin Magnussen,Haas Ferrari,14,1:38.457,+2.206s
2020,FORMULA 1 ETIHAD AIRWAYS ABU DHABI,1061,practice_3,https://www.formula1.com/en/results.html/2020/races/1061/abu-dhabi/practice-3.html,19,6,LAT,Nicholas Latifi,Williams Mercedes,17,1:38.765,+2.514s
2020,FORMULA 1 ETIHAD AIRWAYS ABU DHABI,1061,practice_3,https://www.formula1.com/en/results.html/2020/races/1061/abu-dhabi/practice-3.html,20,51,FIT,Pietro Fittipaldi,Haas Ferrari,15,1:39.159,+2.908s
